[2026-04-03 14:22:36] [hamibot] [ERROR]:[ERROR] [createLogs]: createLogs error { [JavaException: java.net.ConnectException: Failed to connect to /10.10.30.129:3000]
  fileName: 'file:///android_asset/modules/__http__.js',
  lineNumber: 49 }
[2026-04-03 14:22:36] [hamibot] [INFO]:[INFO] [Anonymous functions]: Configuration loaded {"APP_ENV":"development","USER_ID":"6723480da777ba4dbbb4bfe9","ROBOT_ID":"67242f26e2fed0e6e3d11b91","SCRIPT_ID":"69c892b6992c1948e94a51a6","TIMESTAMP":"2026-04-03 11:35:50"}
[2026-04-03 14:22:36] [hamibot] [INFO]:[INFO] [Anonymous functions]: Verifying configurations
[2026-04-03 14:22:37] [hamibot] [INFO]:[INFO] [Anonymous functions]: Start running script
[2026-04-03 14:22:37] [hamibot] [INFO]:[INFO] [getElementCache]: getElementCache 加载成功，共 18 条 (第1次)
[2026-04-03 14:22:37] [hamibot] [DEBUG]:[DEBUG] [init]: Accessibility permissions enabled
[2026-04-03 14:22:37] [hamibot] [DEBUG]:[DEBUG] [init]: Screen size: 2400 x 1080
[2026-04-03 14:22:37] [hamibot] [INFO]:[INFO] [saveElementCache]: saveElementCache 服务端共 18 条 (本次新增/更新 18 条)
[2026-04-03 14:22:37] [hamibot] [INFO]:[INFO] [flushElementCache]: 已触发异步刷新元素查找缓存
[2026-04-03 14:22:37] [hamibot] [INFO]:[INFO] [closeApp]: openHamibot true
[2026-04-03 14:22:40] [hamibot] [INFO]:[INFO] [tryClickNode]: tryClickNode com.stardust.automator.UiObject@29fd4; boundsInParent: Rect(0, 0 - 240, 240); boundsInScreen: Rect(420, 2057 - 660, 2297); packageName: com.miui.home; className: android.view.View; text: null; contentDescription: 本机共有12.0 G内存，当前6.2 G可用，双击清理全部任务; viewId: com.miui.home:id/clearAnimView; checkable: false; checked: false; focusable: true; focused: false; selected: false; clickable: true; longClickable: true; enabled: true; password: false; scrollable: false; [ACTION_FOCUS, ACTION_SELECT, ACTION_CLEAR_SELECTION, ACTION_CLICK, ACTION_LONG_CLICK, ACTION_ACCESSIBILITY_FOCUS, ACTION_NEXT_AT_MOVEMENT_GRANULARITY, ACTION_PREVIOUS_AT_MOVEMENT_GRANULARITY, ACTION_SET_SELECTION]
[2026-04-03 14:22:40] [hamibot] [ LOG ]:[ LOG ] [tryClickNode]: tryClickNode: 开始尝试点击节点 com.stardust.automator.UiObject@29fd4; boundsInParent: Rect(0, 0 - 240, 240); boundsInScreen: Rect(420, 2057 - 660, 2297); packageName: com.miui.home; className: android.view.View; text: null; contentDescription: 本机共有12.0 G内存，当前6.2 G可用，双击清理全部任务; viewId: com.miui.home:id/clearAnimView; checkable: false; checked: false; focusable: true; focused: false; selected: false; clickable: true; longClickable: true; enabled: true; password: false; scrollable: false; [ACTION_FOCUS, ACTION_SELECT, ACTION_CLEAR_SELECTION, ACTION_CLICK, ACTION_LONG_CLICK, ACTION_ACCESSIBILITY_FOCUS, ACTION_NEXT_AT_MOVEMENT_GRANULARITY, ACTION_PREVIOUS_AT_MOVEMENT_GRANULARITY, ACTION_SET_SELECTION]
[2026-04-03 14:22:40] [hamibot] [ LOG ]:[ LOG ] [tryClickNode]: tryClickNode: 节点clickable值: function clickable() {/*
boolean clickable()
*/}

[2026-04-03 14:22:40] [hamibot] [ LOG ]:[ LOG ] [tryClickNode]: tryClickNode: 节点clickable toString: function clickable() {/*
boolean clickable()
*/}

[2026-04-03 14:22:40] [hamibot] [ LOG ]:[ LOG ] [tryClickNode]: tryClickNode: 解析后的clickable值: true
[2026-04-03 14:22:40] [hamibot] [ LOG ]:[ LOG ] [tryClickNode]: tryClickNode: 节点本身可点击，执行直接点击
[2026-04-03 14:22:40] [hamibot] [ LOG ]:[ LOG ] [tryClickNode]: tryClickNode: 直接点击结果: true
[2026-04-03 14:22:41] [hamibot] [INFO]:[INFO] [closeApp]: 已通过最近任务页‘关闭全部’关闭应用
[2026-04-03 14:22:42] [hamibot] [INFO]:[INFO] [Outer]: 开始查找商品详情
[2026-04-03 14:22:44] [hamibot] [INFO]:[INFO] [Outer]: 找到商品数量: 0
[2026-04-03 14:22:45] [hamibot] [INFO]:[INFO] [fetchPendingTasks]: fetchPendingTasks raw[331]: {"code":0,"data":[{"id":"5ae34585-ab37-4ca4-87d6-9c1fe90f0a38","type":"ai_task","status":"pending","
[2026-04-03 14:22:45] [hamibot] [INFO]:[INFO] [Outer]: aiExecutor opTaskId=ai_20260403_142245_c1126de8
[2026-04-03 14:22:47] [hamibot] [WARN]:[WARN] [captureScreenshotBase64]: captureScreenshotBase64: JavaException: java.lang.SecurityException: No screen capture permission
[2026-04-03 14:23:12] [hamibot] [WARN]:[WARN] [captureScreenshotBase64]: captureScreenshotBase64: JavaException: java.lang.SecurityException: No screen capture permission
[2026-04-03 14:23:42] [hamibot] [WARN]:[WARN] [captureScreenshotBase64]: captureScreenshotBase64: JavaException: java.lang.SecurityException: No screen capture permission
[2026-04-03 14:25:54] [hamibot] [ERROR]:[ERROR] [Outer]: aiDecide error { [JavaException: java.net.SocketTimeoutException: timeout]
  fileName: 'file:///android_asset/modules/__http__.js',
  lineNumber: 49 }
[2026-04-03 14:25:54] [hamibot] [ERROR]:[ERROR] [Outer]: createLogs error { [JavaException: java.net.SocketTimeoutException: timeout]
  fileName: 'file:///android_asset/modules/__http__.js',
  lineNumber: 49 }
[2026-04-03 14:25:54] [hamibot] [ERROR]:[ERROR] [Outer]: aiDecide 失败 null
[2026-04-03 14:26:00] [hamibot] [INFO]:[INFO] [fetchPendingTasks]: fetchPendingTasks raw[30]: {"code":0,"data":[],"total":0}
[2026-04-03 14:26:15] [hamibot] [INFO]:[INFO] [fetchPendingTasks]: fetchPendingTasks raw[30]: {"code":0,"data":[],"total":0}
[2026-04-03 14:26:30] [hamibot] [INFO]:[INFO] [fetchPendingTasks]: fetchPendingTasks raw[30]: {"code":0,"data":[],"total":0}
[2026-04-03 14:26:45] [hamibot] [INFO]:[INFO] [fetchPendingTasks]: fetchPendingTasks raw[30]: {"code":0,"data":[],"total":0}
[2026-04-03 14:27:01] [hamibot] [INFO]:[INFO] [fetchPendingTasks]: fetchPendingTasks raw[30]: {"code":0,"data":[],"total":0}
[2026-04-03 14:27:16] [hamibot] [INFO]:[INFO] [fetchPendingTasks]: fetchPendingTasks raw[30]: {"code":0,"data":[],"total":0}
[2026-04-03 14:27:18] [hamibot] [INFO]:[INFO] [Outer]: Exit...
[2026-04-03 14:48:15] [hamibot] [INFO]:[INFO] [Anonymous functions]: Launching...

	Current script version: 1.0.4

[2026-04-03 14:48:16] [hamibot] [INFO]:[INFO] [Anonymous functions]: Configuration loaded {"APP_ENV":"development","USER_ID":"6723480da777ba4dbbb4bfe9","ROBOT_ID":"67242f26e2fed0e6e3d11b91","SCRIPT_ID":"69c892b6992c1948e94a51a6","TIMESTAMP":"2026-04-03 14:48:15"}
[2026-04-03 14:48:16] [hamibot] [INFO]:[INFO] [Anonymous functions]: Verifying configurations
[2026-04-03 14:48:17] [hamibot] [INFO]:[INFO] [Anonymous functions]: Start running script
[2026-04-03 14:48:17] [hamibot] [INFO]:[INFO] [getElementCache]: getElementCache 加载成功，共 18 条 (第1次)
[2026-04-03 14:48:18] [hamibot] [DEBUG]:[DEBUG] [init]: Accessibility permissions enabled
[2026-04-03 14:48:18] [hamibot] [DEBUG]:[DEBUG] [init]: Screen size: 2400 x 1080
[2026-04-03 14:48:18] [hamibot] [INFO]:[INFO] [saveElementCache]: saveElementCache 服务端共 18 条 (本次新增/更新 18 条)
[2026-04-03 14:48:18] [hamibot] [INFO]:[INFO] [flushElementCache]: 已触发异步刷新元素查找缓存
[2026-04-03 14:48:18] [hamibot] [INFO]:[INFO] [closeApp]: openHamibot true
[2026-04-03 14:48:37] [hamibot] [WARN]:[WARN] [closeApp]: 关闭应用未确认成功: com.taobao.idlefish
[2026-04-03 14:48:39] [hamibot] [INFO]:[INFO] [Outer]: 开始查找商品详情
[2026-04-03 14:58:40] [hamibot] [INFO]:[INFO] [Anonymous functions]: Launching...

	Current script version: 1.0.4

[2026-04-03 14:58:40] [hamibot] [INFO]:[INFO] [Anonymous functions]: Configuration loaded {"APP_ENV":"development","USER_ID":"6723480da777ba4dbbb4bfe9","ROBOT_ID":"67242f26e2fed0e6e3d11b91","SCRIPT_ID":"69c892b6992c1948e94a51a6","TIMESTAMP":"2026-04-03 14:58:39"}
[2026-04-03 14:58:40] [hamibot] [INFO]:[INFO] [Anonymous functions]: Verifying configurations
[2026-04-03 14:58:40] [hamibot] [INFO]:[INFO] [Anonymous functions]: Start running script
[2026-04-03 14:58:40] [hamibot] [INFO]:[INFO] [getElementCache]: getElementCache 加载成功，共 18 条 (第1次)
[2026-04-03 14:58:40] [hamibot] [DEBUG]:[DEBUG] [init]: Accessibility permissions enabled
[2026-04-03 14:58:40] [hamibot] [DEBUG]:[DEBUG] [init]: Screen size: 2400 x 1080
[2026-04-03 14:58:40] [hamibot] [INFO]:[INFO] [saveElementCache]: saveElementCache 服务端共 18 条 (本次新增/更新 18 条)
[2026-04-03 14:58:41] [hamibot] [INFO]:[INFO] [flushElementCache]: 已触发异步刷新元素查找缓存
[2026-04-03 14:58:41] [hamibot] [INFO]:[INFO] [closeApp]: openHamibot true
[2026-04-03 14:58:44] [hamibot] [INFO]:[INFO] [tryClickNode]: tryClickNode com.stardust.automator.UiObject@2a006; boundsInParent: Rect(0, 0 - 240, 240); boundsInScreen: Rect(420, 2057 - 660, 2297); packageName: com.miui.home; className: android.view.View; text: null; contentDescription: 本机共有12.0 G内存，当前7.4 G可用，双击清理全部任务; viewId: com.miui.home:id/clearAnimView; checkable: false; checked: false; focusable: true; focused: false; selected: false; clickable: true; longClickable: true; enabled: true; password: false; scrollable: false; [ACTION_FOCUS, ACTION_SELECT, ACTION_CLEAR_SELECTION, ACTION_CLICK, ACTION_LONG_CLICK, ACTION_ACCESSIBILITY_FOCUS, ACTION_NEXT_AT_MOVEMENT_GRANULARITY, ACTION_PREVIOUS_AT_MOVEMENT_GRANULARITY, ACTION_SET_SELECTION]
[2026-04-03 14:58:44] [hamibot] [ LOG ]:[ LOG ] [tryClickNode]: tryClickNode: 开始尝试点击节点 com.stardust.automator.UiObject@2a006; boundsInParent: Rect(0, 0 - 240, 240); boundsInScreen: Rect(420, 2057 - 660, 2297); packageName: com.miui.home; className: android.view.View; text: null; contentDescription: 本机共有12.0 G内存，当前7.4 G可用，双击清理全部任务; viewId: com.miui.home:id/clearAnimView; checkable: false; checked: false; focusable: true; focused: false; selected: false; clickable: true; longClickable: true; enabled: true; password: false; scrollable: false; [ACTION_FOCUS, ACTION_SELECT, ACTION_CLEAR_SELECTION, ACTION_CLICK, ACTION_LONG_CLICK, ACTION_ACCESSIBILITY_FOCUS, ACTION_NEXT_AT_MOVEMENT_GRANULARITY, ACTION_PREVIOUS_AT_MOVEMENT_GRANULARITY, ACTION_SET_SELECTION]
[2026-04-03 14:58:44] [hamibot] [ LOG ]:[ LOG ] [tryClickNode]: tryClickNode: 节点clickable值: function clickable() {/*
boolean clickable()
*/}

[2026-04-03 14:58:44] [hamibot] [ LOG ]:[ LOG ] [tryClickNode]: tryClickNode: 节点clickable toString: function clickable() {/*
boolean clickable()
*/}

[2026-04-03 14:58:44] [hamibot] [ LOG ]:[ LOG ] [tryClickNode]: tryClickNode: 解析后的clickable值: true
[2026-04-03 14:58:44] [hamibot] [ LOG ]:[ LOG ] [tryClickNode]: tryClickNode: 节点本身可点击，执行直接点击
[2026-04-03 14:58:44] [hamibot] [ LOG ]:[ LOG ] [tryClickNode]: tryClickNode: 直接点击结果: true
[2026-04-03 14:58:45] [hamibot] [INFO]:[INFO] [closeApp]: 已通过最近任务页‘关闭全部’关闭应用
[2026-04-03 14:58:46] [hamibot] [INFO]:[INFO] [Outer]: 开始查找商品详情
[2026-04-03 14:58:49] [hamibot] [INFO]:[INFO] [Outer]: 找到商品数量: 0
[2026-04-03 14:58:49] [hamibot] [INFO]:[INFO] [fetchPendingTasks]: fetchPendingTasks raw[263]: {"code":0,"data":[{"id":"6f43af07-2a2d-45f0-bf55-10ff4179fd62","type":"goldCoin","status":"pending",
[2026-04-03 15:28:18] [hamibot] [INFO]:[INFO] [Anonymous functions]: Launching...

	Current script version: 1.0.4

[2026-04-03 15:28:18] [hamibot] [INFO]:[INFO] [Anonymous functions]: Configuration loaded {"APP_ENV":"development","USER_ID":"6723480da777ba4dbbb4bfe9","ROBOT_ID":"67242f26e2fed0e6e3d11b91","SCRIPT_ID":"69c892b6992c1948e94a51a6","TIMESTAMP":"2026-04-03 15:28:17"}
[2026-04-03 15:28:18] [hamibot] [INFO]:[INFO] [Anonymous functions]: Verifying configurations
[2026-04-03 15:28:18] [hamibot] [INFO]:[INFO] [Anonymous functions]: Start running script
[2026-04-03 15:28:18] [hamibot] [INFO]:[INFO] [getElementCache]: getElementCache 加载成功，共 18 条 (第1次)
[2026-04-03 15:28:19] [hamibot] [DEBUG]:[DEBUG] [init]: Accessibility permissions enabled
[2026-04-03 15:28:22] [hamibot] [DEBUG]:[DEBUG] [init]: Screen size: 2280 x 1080 (DisplayMetrics 或默认 1080×2400)
[2026-04-03 15:28:22] [hamibot] [INFO]:[INFO] [saveElementCache]: saveElementCache 服务端共 18 条 (本次新增/更新 18 条)
[2026-04-03 15:28:22] [hamibot] [INFO]:[INFO] [flushElementCache]: 已触发异步刷新元素查找缓存
[2026-04-03 15:28:22] [hamibot] [INFO]:[INFO] [closeApp]: openHamibot true
[2026-04-03 15:28:25] [hamibot] [INFO]:[INFO] [tryClickNode]: tryClickNode com.stardust.automator.UiObject@2a023; boundsInParent: Rect(0, 0 - 240, 240); boundsInScreen: Rect(420, 2057 - 660, 2297); packageName: com.miui.home; className: android.view.View; text: null; contentDescription: 本机共有12.0 G内存，当前6.9 G可用，双击清理全部任务; viewId: com.miui.home:id/clearAnimView; checkable: false; checked: false; focusable: true; focused: false; selected: false; clickable: true; longClickable: true; enabled: true; password: false; scrollable: false; [ACTION_FOCUS, ACTION_SELECT, ACTION_CLEAR_SELECTION, ACTION_CLICK, ACTION_LONG_CLICK, ACTION_ACCESSIBILITY_FOCUS, ACTION_NEXT_AT_MOVEMENT_GRANULARITY, ACTION_PREVIOUS_AT_MOVEMENT_GRANULARITY, ACTION_SET_SELECTION]
[2026-04-03 15:28:25] [hamibot] [ LOG ]:[ LOG ] [tryClickNode]: tryClickNode: 开始尝试点击节点 com.stardust.automator.UiObject@2a023; boundsInParent: Rect(0, 0 - 240, 240); boundsInScreen: Rect(420, 2057 - 660, 2297); packageName: com.miui.home; className: android.view.View; text: null; contentDescription: 本机共有12.0 G内存，当前6.9 G可用，双击清理全部任务; viewId: com.miui.home:id/clearAnimView; checkable: false; checked: false; focusable: true; focused: false; selected: false; clickable: true; longClickable: true; enabled: true; password: false; scrollable: false; [ACTION_FOCUS, ACTION_SELECT, ACTION_CLEAR_SELECTION, ACTION_CLICK, ACTION_LONG_CLICK, ACTION_ACCESSIBILITY_FOCUS, ACTION_NEXT_AT_MOVEMENT_GRANULARITY, ACTION_PREVIOUS_AT_MOVEMENT_GRANULARITY, ACTION_SET_SELECTION]
[2026-04-03 15:28:25] [hamibot] [ LOG ]:[ LOG ] [tryClickNode]: tryClickNode: 节点clickable值: function clickable() {/*
boolean clickable()
*/}

[2026-04-03 15:28:26] [hamibot] [ LOG ]:[ LOG ] [tryClickNode]: tryClickNode: 节点clickable toString: function clickable() {/*
boolean clickable()
*/}

[2026-04-03 15:28:26] [hamibot] [ LOG ]:[ LOG ] [tryClickNode]: tryClickNode: 解析后的clickable值: true
[2026-04-03 15:28:26] [hamibot] [ LOG ]:[ LOG ] [tryClickNode]: tryClickNode: 节点本身可点击，执行直接点击
[2026-04-03 15:28:26] [hamibot] [ LOG ]:[ LOG ] [tryClickNode]: tryClickNode: 直接点击结果: true
[2026-04-03 15:28:26] [hamibot] [INFO]:[INFO] [closeApp]: 已通过最近任务页‘关闭全部’关闭应用
[2026-04-03 15:28:28] [hamibot] [INFO]:[INFO] [Outer]: 开始查找商品详情
[2026-04-03 15:28:31] [hamibot] [INFO]:[INFO] [Outer]: 找到商品数量: 0
[2026-04-03 15:28:31] [hamibot] [INFO]:[INFO] [fetchPendingTasks]: fetchPendingTasks raw[263]: {"code":0,"data":[{"id":"7ebcae3e-e60b-4ca4-b7d0-76f7983856fb","type":"goldCoin","status":"pending",
[2026-04-03 15:28:43] [hamibot] [INFO]:[INFO] [findTargetElementWithCache]: [sel#1] coinExchangeMain/闲鱼币 缓存#3(1/1) ✓ 34ms
[2026-04-03 15:28:51] [hamibot] [INFO]:[INFO] [findTargetElementWithCache]: [sel#1] mainPopup/今天 缓存[9] 全部✗ 剩余errorTime=36 7613ms
[2026-04-03 15:28:55] [hamibot] [INFO]:[INFO] [findTargetElementWithCache]: [sel#2] mainPopup/今天 缓存#9(1/1) ✓ 3122ms
[2026-04-03 15:28:56] [hamibot] [INFO]:[INFO] [findTargetElementWithCache]: [sel#2] coinExchangeMain/闲鱼币 缓存#3(1/1) ✓ 426ms
[2026-04-03 15:29:00] [hamibot] [INFO]:[INFO] [findTargetElementWithCache]: [sel#3] mainPopup/今天 缓存#9(1/1) ✓ 3508ms
[2026-04-03 15:29:12] [hamibot] [INFO]:[INFO] [findTargetElementList]: [sel-list#1] mainPopup/领取奖励 缓存#3(1/1) ✓ 1个 11040ms
[2026-04-03 15:29:12] [hamibot] [INFO]:[INFO] [checkGetGold]: checkGetGold: click reward without row match #1
[2026-04-03 15:29:13] [hamibot] [INFO]:[INFO] [Anonymous functions]: 浏览指定频道好物: hasRun=false
[2026-04-03 15:29:13] [hamibot] [INFO]:[INFO] [Anonymous functions]: 搜一搜喜欢的商品: hasRun=false
[2026-04-03 15:29:13] [hamibot] [INFO]:[INFO] [Anonymous functions]: 去浏览全新好物: hasRun=false
[2026-04-03 15:29:13] [hamibot] [INFO]:[INFO] [Anonymous functions]: 浏览推荐的国补商品: hasRun=false
[2026-04-03 15:29:13] [hamibot] [INFO]:[INFO] [Anonymous functions]: 去蚂蚁森林逛一逛: hasRun=undefined
[2026-04-03 15:29:13] [hamibot] [INFO]:[INFO] [Anonymous functions]: 去支付宝农场领水果: hasRun=false
[2026-04-03 15:29:13] [hamibot] [INFO]:[INFO] [Anonymous functions]: 去淘宝签到领红包: hasRun=false
[2026-04-03 15:29:13] [hamibot] [INFO]:[INFO] [Anonymous functions]: 去蚂蚁森林逛一逛: hasRun=false
[2026-04-03 15:29:13] [hamibot] [INFO]:[INFO] [Anonymous functions]: 去蚂蚁庄园逛一逛: hasRun=false
[2026-04-03 15:29:13] [hamibot] [INFO]:[INFO] [Anonymous functions]: 去支付宝领积分: hasRun=false
[2026-04-03 15:29:13] [hamibot] [INFO]:[INFO] [Anonymous functions]: 浏览鱼小铺工作台: hasRun=false
[2026-04-03 15:29:13] [hamibot] [INFO]:[INFO] [Anonymous functions]: 搜一搜推荐商品: hasRun=false
[2026-04-03 15:29:13] [hamibot] [INFO]:[INFO] [Anonymous functions]: 领至高20元外卖红包: hasRun=false
[2026-04-03 15:29:13] [hamibot] [INFO]:[INFO] [Anonymous functions]: 看视频奖励100币: hasRun=false
[2026-04-03 15:29:13] [hamibot] [INFO]:[INFO] [Anonymous functions]: 看视频奖励100币: hasRun=false
[2026-04-03 15:29:13] [hamibot] [INFO]:[INFO] [Anonymous functions]: 看视频奖励100币: hasRun=false
[2026-04-03 15:29:13] [hamibot] [INFO]:[INFO] [Anonymous functions]: 看视频奖励100币: hasRun=false
[2026-04-03 15:29:13] [hamibot] [INFO]:[INFO] [Anonymous functions]: 发布一件新宝贝: hasRun=false
[2026-04-03 15:29:18] [hamibot] [INFO]:[INFO] [findTargetElementWithCacheStrict]: [sel-strict#1] mainPopup/签到 缓存[3] errorTime耗尽，降级串行 4942ms
[2026-04-03 15:29:18] [hamibot] [INFO]:[INFO] [findTargetElementWithCacheStrict]: [sel-strict#1] mainPopup/签到 串行启动 12 条策略
[2026-04-03 15:30:37] [hamibot] [ERROR]:[ERROR] [findTargetElementWithCacheStrict]: [sel-strict#1] mainPopup/签到 串行全部✗ 串行78118ms 总83083ms
[2026-04-03 15:30:42] [hamibot] [INFO]:[INFO] [findTargetElementWithCacheStrict]: [sel-strict#1] mainPopup/浏览指定频道好物 缓存#3(1/1) ✓ 5461ms
[2026-04-03 15:30:49] [hamibot] [INFO]:[INFO] [findTargetElementWithCacheStrict]: [sel-strict#2] mainPopup/浏览指定频道好物 缓存#3(1/1) ✓ 6547ms
[2026-04-03 15:31:01] [hamibot] [INFO]:[INFO] [findTargetElementList]: [sel-list#1] mainPopup/去完成 缓存#3(1/1) ✓ 24个 11564ms
[2026-04-03 15:31:01] [hamibot] [INFO]:[INFO] [findBtn_1]: sysReact, 去完成 bounds: Rect(866, 2089 - 973, 2139)
[2026-04-03 15:31:02] [hamibot] [INFO]:[INFO] [findBtn_1]: 运行++浏览指定频道好物
[2026-04-03 15:31:02] [hamibot] [INFO]:[INFO] [findTargetElementWithCache]: [sel#1] browseGoodsInSpecifiedChannel/点击领取 串行启动 12 条策略
[2026-04-03 15:31:04] [hamibot] [INFO]:[INFO] [findTargetElementWithCache]: [sel#1] browseGoodsInSpecifiedChannel/点击领取 串行全部✗ 串行1752ms 总1752ms
[2026-04-03 15:31:30] [hamibot] [INFO]:[INFO] [findTargetElementWithCache]: [sel#1] browseGoodsInSpecifiedChannel/任务完成 串行启动 12 条策略
[2026-04-03 15:31:31] [hamibot] [INFO]:[INFO] [findTargetElementWithCache]: [sel#1] browseGoodsInSpecifiedChannel/任务完成 串行全部✗ 串行1541ms 总1541ms
[2026-04-03 15:31:33] [hamibot] [INFO]:[INFO] [findTargetElementWithCache]: [sel#2] browseGoodsInSpecifiedChannel/任务完成 串行启动 12 条策略
[2026-04-03 15:31:35] [hamibot] [INFO]:[INFO] [findTargetElementWithCache]: [sel#2] browseGoodsInSpecifiedChannel/任务完成 串行全部✗ 串行1805ms 总1805ms
[2026-04-03 15:31:37] [hamibot] [INFO]:[INFO] [findTargetElementWithCache]: [sel#3] browseGoodsInSpecifiedChannel/任务完成 串行启动 12 条策略
[2026-04-03 15:31:38] [hamibot] [INFO]:[INFO] [findTargetElementWithCache]: [sel#3] browseGoodsInSpecifiedChannel/任务完成 串行全部✗ 串行1947ms 总1948ms
[2026-04-03 15:31:40] [hamibot] [INFO]:[INFO] [findTargetElementWithCache]: [sel#4] browseGoodsInSpecifiedChannel/任务完成 串行启动 12 条策略
[2026-04-03 15:31:41] [hamibot] [INFO]:[INFO] [findTargetElementWithCache]: [sel#4] browseGoodsInSpecifiedChannel/任务完成 串行全部✗ 串行1361ms 总1361ms
[2026-04-03 15:31:43] [hamibot] [INFO]:[INFO] [findBtn_1]: mainPopupFn 浏览指定频道好物 任务流已执行，hasRun 仅在 checkGetGold 领取后设置
[2026-04-03 15:31:43] [hamibot] [INFO]:[INFO] [findTargetElementWithCacheStrict]: [sel-strict#1] mainPopup/搜一搜喜欢的商品 串行启动 12 条策略
[2026-04-03 15:31:43] [hamibot] [ERROR]:[ERROR] [findTargetElementWithCacheStrict]: [sel-strict#1] mainPopup/搜一搜喜欢的商品 串行全部✗ 串行524ms 总524ms
[2026-04-03 15:31:44] [hamibot] [INFO]:[INFO] [findTargetElementWithCache]: [sel#4] mainPopup/今天 缓存[9] 全部✗ 剩余errorTime=39 112ms
[2026-04-03 15:31:44] [hamibot] [INFO]:[INFO] [findTargetElementWithCache]: [sel#5] mainPopup/今天 缓存[9] 全部✗ 剩余errorTime=38 104ms
[2026-04-03 15:31:44] [hamibot] [INFO]:[INFO] [findTargetElementWithCache]: [sel#1] coinExchangeMain/闲鱼币抵扣 缓存#3(1/2) ✓ 8ms
[2026-04-03 15:31:44] [hamibot] [ERROR]:[ERROR] [backMainPage]: 死循环了， 关闭app
[2026-04-03 15:31:44] [hamibot] [INFO]:[INFO] [saveElementCache]: saveElementCache 服务端共 18 条 (本次新增/更新 18 条)
[2026-04-03 15:31:44] [hamibot] [INFO]:[INFO] [flushElementCache]: 已触发异步刷新元素查找缓存
[2026-04-03 15:31:44] [hamibot] [INFO]:[INFO] [closeApp]: openHamibot true
[2026-04-03 15:31:47] [hamibot] [INFO]:[INFO] [tryClickNode]: tryClickNode com.stardust.automator.UiObject@2a023; boundsInParent: Rect(0, 0 - 240, 240); boundsInScreen: Rect(420, 2057 - 660, 2297); packageName: com.miui.home; className: android.view.View; text: null; contentDescription: 本机共有12.0 G内存，当前7.4 G可用，双击清理全部任务; viewId: com.miui.home:id/clearAnimView; checkable: false; checked: false; focusable: true; focused: false; selected: false; clickable: true; longClickable: true; enabled: true; password: false; scrollable: false; [ACTION_FOCUS, ACTION_SELECT, ACTION_CLEAR_SELECTION, ACTION_CLICK, ACTION_LONG_CLICK, ACTION_ACCESSIBILITY_FOCUS, ACTION_NEXT_AT_MOVEMENT_GRANULARITY, ACTION_PREVIOUS_AT_MOVEMENT_GRANULARITY, ACTION_SET_SELECTION]
[2026-04-03 15:31:47] [hamibot] [ LOG ]:[ LOG ] [tryClickNode]: tryClickNode: 开始尝试点击节点 com.stardust.automator.UiObject@2a023; boundsInParent: Rect(0, 0 - 240, 240); boundsInScreen: Rect(420, 2057 - 660, 2297); packageName: com.miui.home; className: android.view.View; text: null; contentDescription: 本机共有12.0 G内存，当前7.4 G可用，双击清理全部任务; viewId: com.miui.home:id/clearAnimView; checkable: false; checked: false; focusable: true; focused: false; selected: false; clickable: true; longClickable: true; enabled: true; password: false; scrollable: false; [ACTION_FOCUS, ACTION_SELECT, ACTION_CLEAR_SELECTION, ACTION_CLICK, ACTION_LONG_CLICK, ACTION_ACCESSIBILITY_FOCUS, ACTION_NEXT_AT_MOVEMENT_GRANULARITY, ACTION_PREVIOUS_AT_MOVEMENT_GRANULARITY, ACTION_SET_SELECTION]
[2026-04-03 15:31:47] [hamibot] [ LOG ]:[ LOG ] [tryClickNode]: tryClickNode: 节点clickable值: function clickable() {/*
boolean clickable()
*/}

[2026-04-03 15:31:47] [hamibot] [ LOG ]:[ LOG ] [tryClickNode]: tryClickNode: 节点clickable toString: function clickable() {/*
boolean clickable()
*/}

[2026-04-03 15:31:47] [hamibot] [ LOG ]:[ LOG ] [tryClickNode]: tryClickNode: 解析后的clickable值: true
[2026-04-03 15:31:47] [hamibot] [ LOG ]:[ LOG ] [tryClickNode]: tryClickNode: 节点本身可点击，执行直接点击
[2026-04-03 15:31:47] [hamibot] [ LOG ]:[ LOG ] [tryClickNode]: tryClickNode: 直接点击结果: true
[2026-04-03 15:31:48] [hamibot] [INFO]:[INFO] [closeApp]: 已通过最近任务页‘关闭全部’关闭应用
[2026-04-03 15:32:04] [hamibot] [INFO]:[INFO] [findTargetElementWithCache]: [sel#3] coinExchangeMain/闲鱼币 缓存#3(1/1) ✓ 634ms
[2026-04-03 15:32:11] [hamibot] [INFO]:[INFO] [findTargetElementWithCache]: [sel#6] mainPopup/今天 缓存[9] 全部✗ 剩余errorTime=37 7920ms
[2026-04-03 15:32:16] [hamibot] [INFO]:[INFO] [findTargetElementWithCache]: [sel#7] mainPopup/今天 缓存[9] 全部✗ 剩余errorTime=36 3534ms
[2026-04-03 15:32:17] [hamibot] [INFO]:[INFO] [findTargetElementWithCache]: [sel#4] coinExchangeMain/闲鱼币 缓存#3(1/1) ✓ 78ms
[2026-04-03 15:32:23] [hamibot] [INFO]:[INFO] [findTargetElementWithCache]: [sel#8] mainPopup/今天 缓存[9] 全部✗ 剩余errorTime=35 5778ms
[2026-04-03 15:32:28] [hamibot] [INFO]:[INFO] [findTargetElementWithCache]: [sel#9] mainPopup/今天 缓存[9] 全部✗ 剩余errorTime=34 4975ms
[2026-04-03 15:32:30] [hamibot] [INFO]:[INFO] [findTargetElementWithCache]: [sel#5] coinExchangeMain/闲鱼币 缓存#3(1/1) ✓ 300ms
[2026-04-03 15:32:38] [hamibot] [INFO]:[INFO] [findTargetElementWithCache]: [sel#10] mainPopup/今天 缓存[9] 全部✗ 剩余errorTime=33 8455ms
[2026-04-03 15:32:46] [hamibot] [INFO]:[INFO] [findTargetElementWithCache]: [sel#11] mainPopup/今天 缓存[9] 全部✗ 剩余errorTime=32 6894ms
[2026-04-03 15:32:48] [hamibot] [INFO]:[INFO] [findTargetElementWithCache]: [sel#6] coinExchangeMain/闲鱼币 缓存#3(1/1) ✓ 858ms
[2026-04-03 15:32:55] [hamibot] [INFO]:[INFO] [findTargetElementWithCache]: [sel#12] mainPopup/今天 缓存[9] 全部✗ 剩余errorTime=31 7044ms
[2026-04-03 15:33:03] [hamibot] [INFO]:[INFO] [findTargetElementWithCache]: [sel#13] mainPopup/今天 缓存[9] 全部✗ 剩余errorTime=30 7046ms
[2026-04-03 15:33:04] [hamibot] [INFO]:[INFO] [findTargetElementWithCache]: [sel#7] coinExchangeMain/闲鱼币 缓存#3(1/1) ✓ 289ms
[2026-04-03 15:33:11] [hamibot] [INFO]:[INFO] [findTargetElementWithCache]: [sel#14] mainPopup/今天 缓存[9] 全部✗ 剩余errorTime=29 7194ms
[2026-04-03 15:33:18] [hamibot] [INFO]:[INFO] [findTargetElementWithCache]: [sel#15] mainPopup/今天 缓存[9] 全部✗ 剩余errorTime=28 6220ms
[2026-04-03 15:33:19] [hamibot] [INFO]:[INFO] [findTargetElementWithCache]: [sel#8] coinExchangeMain/闲鱼币 缓存#3(1/1) ✓ 157ms
[2026-04-03 15:33:27] [hamibot] [INFO]:[INFO] [findTargetElementWithCache]: [sel#16] mainPopup/今天 缓存[9] 全部✗ 剩余errorTime=27 7336ms
[2026-04-03 15:33:34] [hamibot] [INFO]:[INFO] [findTargetElementWithCache]: [sel#17] mainPopup/今天 缓存[9] 全部✗ 剩余errorTime=26 6368ms
[2026-04-03 15:33:36] [hamibot] [INFO]:[INFO] [findTargetElementWithCache]: [sel#9] coinExchangeMain/闲鱼币 缓存#3(1/1) ✓ 334ms
[2026-04-03 15:33:42] [hamibot] [INFO]:[INFO] [findTargetElementWithCache]: [sel#18] mainPopup/今天 缓存[9] 全部✗ 剩余errorTime=25 6717ms
[2026-04-03 15:33:50] [hamibot] [INFO]:[INFO] [findTargetElementWithCache]: [sel#19] mainPopup/今天 缓存[9] 全部✗ 剩余errorTime=24 6697ms
[2026-04-03 15:33:51] [hamibot] [INFO]:[INFO] [findTargetElementWithCache]: [sel#10] coinExchangeMain/闲鱼币 缓存#3(1/1) ✓ 288ms
[2026-04-03 15:33:59] [hamibot] [INFO]:[INFO] [findTargetElementWithCache]: [sel#20] mainPopup/今天 缓存[9] 全部✗ 剩余errorTime=23 8560ms
[2026-04-03 15:34:04] [hamibot] [INFO]:[INFO] [findTargetElementWithCache]: [sel#21] mainPopup/今天 缓存[9] 全部✗ 剩余errorTime=22 4052ms
[2026-04-03 15:34:05] [hamibot] [INFO]:[INFO] [findTargetElementWithCache]: [sel#11] coinExchangeMain/闲鱼币 缓存#3(1/1) ✓ 190ms
[2026-04-03 15:34:11] [hamibot] [INFO]:[INFO] [findTargetElementWithCache]: [sel#22] mainPopup/今天 缓存[9] 全部✗ 剩余errorTime=21 6172ms
[2026-04-03 15:34:20] [hamibot] [INFO]:[INFO] [findTargetElementWithCache]: [sel#23] mainPopup/今天 缓存[9] 全部✗ 剩余errorTime=20 7767ms
[2026-04-03 15:34:21] [hamibot] [INFO]:[INFO] [findTargetElementWithCache]: [sel#12] coinExchangeMain/闲鱼币 缓存#3(1/1) ✓ 501ms
[2026-04-03 15:34:28] [hamibot] [INFO]:[INFO] [findTargetElementWithCache]: [sel#24] mainPopup/今天 缓存[9] 全部✗ 剩余errorTime=19 6697ms
[2026-04-03 15:34:35] [hamibot] [INFO]:[INFO] [findTargetElementWithCache]: [sel#25] mainPopup/今天 缓存[9] 全部✗ 剩余errorTime=18 5738ms
[2026-04-03 15:34:36] [hamibot] [INFO]:[INFO] [findTargetElementWithCache]: [sel#13] coinExchangeMain/闲鱼币 缓存#3(1/1) ✓ 201ms
[2026-04-03 15:34:42] [hamibot] [INFO]:[INFO] [findTargetElementWithCache]: [sel#26] mainPopup/今天 缓存[9] 全部✗ 剩余errorTime=17 6553ms
[2026-04-03 15:34:48] [hamibot] [INFO]:[INFO] [findTargetElementWithCache]: [sel#27] mainPopup/今天 缓存[9] 全部✗ 剩余errorTime=16 5379ms
[2026-04-03 15:34:49] [hamibot] [INFO]:[INFO] [findTargetElementWithCache]: [sel#14] coinExchangeMain/闲鱼币 缓存#3(1/1) ✓ 242ms
[2026-04-03 15:34:56] [hamibot] [INFO]:[INFO] [findTargetElementWithCache]: [sel#28] mainPopup/今天 缓存[9] 全部✗ 剩余errorTime=15 6528ms
[2026-04-03 15:35:00] [hamibot] [INFO]:[INFO] [findTargetElementWithCache]: [sel#29] mainPopup/今天 缓存[9] 全部✗ 剩余errorTime=14 3361ms
[2026-04-03 15:35:02] [hamibot] [INFO]:[INFO] [findTargetElementWithCache]: [sel#15] coinExchangeMain/闲鱼币 缓存#3(1/1) ✓ 513ms
[2026-04-03 15:35:09] [hamibot] [INFO]:[INFO] [findTargetElementWithCache]: [sel#30] mainPopup/今天 缓存[9] 全部✗ 剩余errorTime=13 7618ms
[2026-04-03 15:35:17] [hamibot] [INFO]:[INFO] [findTargetElementWithCache]: [sel#31] mainPopup/今天 缓存[9] 全部✗ 剩余errorTime=12 7195ms
[2026-04-03 15:35:19] [hamibot] [INFO]:[INFO] [findTargetElementWithCache]: [sel#16] coinExchangeMain/闲鱼币 缓存#3(1/1) ✓ 480ms
[2026-04-03 15:35:26] [hamibot] [INFO]:[INFO] [findTargetElementWithCache]: [sel#32] mainPopup/今天 缓存[9] 全部✗ 剩余errorTime=11 7630ms
[2026-04-03 15:35:32] [hamibot] [INFO]:[INFO] [findTargetElementWithCache]: [sel#33] mainPopup/今天 缓存[9] 全部✗ 剩余errorTime=10 5405ms
[2026-04-03 15:35:34] [hamibot] [INFO]:[INFO] [findTargetElementWithCache]: [sel#17] coinExchangeMain/闲鱼币 缓存#3(1/1) ✓ 452ms
[2026-04-03 15:35:40] [hamibot] [INFO]:[INFO] [findTargetElementWithCache]: [sel#34] mainPopup/今天 缓存[9] 全部✗ 剩余errorTime=9 5789ms
[2026-04-03 15:35:44] [hamibot] [INFO]:[INFO] [findTargetElementWithCache]: [sel#35] mainPopup/今天 缓存[9] 全部✗ 剩余errorTime=8 3546ms
[2026-04-03 15:35:45] [hamibot] [INFO]:[INFO] [findTargetElementWithCache]: [sel#18] coinExchangeMain/闲鱼币 缓存#3(1/1) ✓ 366ms
[2026-04-03 15:35:53] [hamibot] [INFO]:[INFO] [findTargetElementWithCache]: [sel#36] mainPopup/今天 缓存[9] 全部✗ 剩余errorTime=7 8077ms
[2026-04-03 15:36:01] [hamibot] [INFO]:[INFO] [findTargetElementWithCache]: [sel#37] mainPopup/今天 缓存[9] 全部✗ 剩余errorTime=6 6977ms
[2026-04-03 15:36:02] [hamibot] [INFO]:[INFO] [findTargetElementWithCache]: [sel#19] coinExchangeMain/闲鱼币 缓存#3(1/1) ✓ 305ms
[2026-04-03 15:36:07] [hamibot] [INFO]:[INFO] [findTargetElementWithCache]: [sel#38] mainPopup/今天 缓存[9] 全部✗ 剩余errorTime=5 4900ms
[2026-04-03 15:36:13] [hamibot] [INFO]:[INFO] [findTargetElementWithCache]: [sel#39] mainPopup/今天 缓存[9] 全部✗ 剩余errorTime=4 5589ms
[2026-04-03 15:36:15] [hamibot] [INFO]:[INFO] [findTargetElementWithCache]: [sel#20] coinExchangeMain/闲鱼币 缓存#3(1/1) ✓ 524ms
[2026-04-03 15:36:19] [hamibot] [INFO]:[INFO] [findTargetElementWithCache]: [sel#40] mainPopup/今天 缓存[9] 全部✗ 剩余errorTime=3 4557ms
[2026-04-03 15:36:26] [hamibot] [INFO]:[INFO] [findTargetElementWithCache]: [sel#41] mainPopup/今天 缓存[9] 全部✗ 剩余errorTime=2 6183ms
[2026-04-03 15:36:27] [hamibot] [INFO]:[INFO] [findTargetElementWithCache]: [sel#21] coinExchangeMain/闲鱼币 缓存#3(1/1) ✓ 486ms
[2026-04-03 15:36:32] [hamibot] [INFO]:[INFO] [findTargetElementWithCache]: [sel#42] mainPopup/今天 缓存[9] 全部✗ 剩余errorTime=1 4995ms
[2026-04-03 15:36:39] [hamibot] [INFO]:[INFO] [findTargetElementWithCache]: [sel#43] mainPopup/今天 缓存[9] 全部✗ 剩余errorTime=0 5755ms
[2026-04-03 15:36:40] [hamibot] [INFO]:[INFO] [findTargetElementWithCache]: [sel#22] coinExchangeMain/闲鱼币 缓存#3(1/1) ✓ 194ms
[2026-04-03 15:36:48] [hamibot] [INFO]:[INFO] [findTargetElementWithCache]: [sel#44] mainPopup/今天 缓存[9] 全部✗ 剩余errorTime=-1 7622ms
[2026-04-03 15:36:53] [hamibot] [INFO]:[INFO] [findTargetElementWithCache]: [sel#45] mainPopup/今天 缓存[9] errorTime耗尽，降级串行 5024ms
[2026-04-03 15:36:53] [hamibot] [INFO]:[INFO] [findTargetElementWithCache]: [sel#45] mainPopup/今天 串行启动 12 条策略
[2026-04-03 15:38:18] [hamibot] [INFO]:[INFO] [findTargetElementWithCache]: [sel#45] mainPopup/今天 串行全部✗ 串行85128ms 总90176ms
[2026-04-03 15:38:20] [hamibot] [INFO]:[INFO] [findTargetElementWithCache]: [sel#23] coinExchangeMain/闲鱼币 缓存#3(1/1) ✓ 504ms
[2026-04-03 15:38:26] [hamibot] [INFO]:[INFO] [findTargetElementWithCache]: [sel#46] mainPopup/今天 缓存[9] errorTime耗尽，降级串行 6798ms
[2026-04-03 15:38:26] [hamibot] [INFO]:[INFO] [findTargetElementWithCache]: [sel#46] mainPopup/今天 串行启动 12 条策略
[2026-04-03 15:39:39] [hamibot] [INFO]:[INFO] [findTargetElementWithCache]: [sel#46] mainPopup/今天 串行全部✗ 串行72384ms 总79209ms
[2026-04-03 15:39:46] [hamibot] [INFO]:[INFO] [findTargetElementWithCache]: [sel#47] mainPopup/今天 缓存[9] errorTime耗尽，降级串行 6601ms
[2026-04-03 15:39:47] [hamibot] [INFO]:[INFO] [findTargetElementWithCache]: [sel#47] mainPopup/今天 串行启动 12 条策略
[2026-04-03 15:41:13] [hamibot] [INFO]:[INFO] [findTargetElementWithCache]: [sel#47] mainPopup/今天 串行全部✗ 串行86376ms 总93005ms
[2026-04-03 15:41:14] [hamibot] [INFO]:[INFO] [findTargetElementWithCache]: [sel#24] coinExchangeMain/闲鱼币 缓存#3(1/1) ✓ 285ms
[2026-04-03 15:41:21] [hamibot] [INFO]:[INFO] [findTargetElementWithCache]: [sel#48] mainPopup/今天 缓存[9] errorTime耗尽，降级串行 6835ms
[2026-04-03 15:41:21] [hamibot] [INFO]:[INFO] [findTargetElementWithCache]: [sel#48] mainPopup/今天 串行启动 12 条策略
[2026-04-03 15:42:51] [hamibot] [INFO]:[INFO] [findTargetElementWithCache]: [sel#48] mainPopup/今天 串行全部✗ 串行89647ms 总96507ms
[2026-04-03 15:42:57] [hamibot] [INFO]:[INFO] [findTargetElementWithCache]: [sel#49] mainPopup/今天 缓存[9] errorTime耗尽，降级串行 5724ms
[2026-04-03 15:42:57] [hamibot] [INFO]:[INFO] [findTargetElementWithCache]: [sel#49] mainPopup/今天 串行启动 12 条策略
[2026-04-03 15:44:30] [hamibot] [INFO]:[INFO] [findTargetElementWithCache]: [sel#49] mainPopup/今天 串行全部✗ 串行92617ms 总98406ms
[2026-04-03 15:44:31] [hamibot] [INFO]:[INFO] [findTargetElementWithCache]: [sel#25] coinExchangeMain/闲鱼币 缓存#3(1/1) ✓ 383ms
[2026-04-03 15:44:38] [hamibot] [INFO]:[INFO] [findTargetElementWithCache]: [sel#50] mainPopup/今天 缓存[9] errorTime耗尽，降级串行 6663ms
[2026-04-03 15:44:38] [hamibot] [INFO]:[INFO] [findTargetElementWithCache]: [sel#50] mainPopup/今天 串行启动 12 条策略
[2026-04-03 15:46:03] [hamibot] [INFO]:[INFO] [findTargetElementWithCache]: [sel#50] mainPopup/今天 串行全部✗ 串行84776ms 总91476ms
[2026-04-03 15:46:08] [hamibot] [INFO]:[INFO] [findTargetElementWithCache]: [sel#51] mainPopup/今天 缓存[9] errorTime耗尽，降级串行 4996ms
[2026-04-03 15:46:09] [hamibot] [INFO]:[INFO] [findTargetElementWithCache]: [sel#51] mainPopup/今天 串行启动 12 条策略
[2026-04-03 15:47:29] [hamibot] [INFO]:[INFO] [findTargetElementWithCache]: [sel#51] mainPopup/今天 串行全部✗ 串行80467ms 总85491ms
[2026-04-03 15:47:30] [hamibot] [INFO]:[INFO] [findTargetElementWithCache]: [sel#26] coinExchangeMain/闲鱼币 缓存#3(1/1) ✓ 477ms
[2026-04-03 15:47:39] [hamibot] [INFO]:[INFO] [findTargetElementWithCache]: [sel#52] mainPopup/今天 缓存[9] errorTime耗尽，降级串行 8723ms
[2026-04-03 15:47:39] [hamibot] [INFO]:[INFO] [findTargetElementWithCache]: [sel#52] mainPopup/今天 串行启动 12 条策略
[2026-04-03 15:48:57] [hamibot] [INFO]:[INFO] [findTargetElementWithCache]: [sel#52] mainPopup/今天 串行全部✗ 串行78248ms 总86996ms
[2026-04-03 15:49:03] [hamibot] [INFO]:[INFO] [findTargetElementWithCache]: [sel#53] mainPopup/今天 缓存[9] errorTime耗尽，降级串行 5033ms
[2026-04-03 15:49:03] [hamibot] [INFO]:[INFO] [findTargetElementWithCache]: [sel#53] mainPopup/今天 串行启动 12 条策略
[2026-04-03 15:50:25] [hamibot] [INFO]:[INFO] [findTargetElementWithCache]: [sel#53] mainPopup/今天 串行全部✗ 串行81793ms 总86869ms
[2026-04-03 15:50:26] [hamibot] [INFO]:[INFO] [findTargetElementWithCache]: [sel#27] coinExchangeMain/闲鱼币 缓存#3(1/1) ✓ 205ms
[2026-04-03 15:50:33] [hamibot] [INFO]:[INFO] [findTargetElementWithCache]: [sel#54] mainPopup/今天 缓存[9] errorTime耗尽，降级串行 6507ms
[2026-04-03 15:50:33] [hamibot] [INFO]:[INFO] [findTargetElementWithCache]: [sel#54] mainPopup/今天 串行启动 12 条策略
[2026-04-03 15:51:50] [hamibot] [INFO]:[INFO] [findTargetElementWithCache]: [sel#54] mainPopup/今天 串行全部✗ 串行77620ms 总84142ms
[2026-04-03 15:51:57] [hamibot] [INFO]:[INFO] [findTargetElementWithCache]: [sel#55] mainPopup/今天 缓存[9] errorTime耗尽，降级串行 5460ms
[2026-04-03 15:51:57] [hamibot] [INFO]:[INFO] [findTargetElementWithCache]: [sel#55] mainPopup/今天 串行启动 12 条策略
[2026-04-03 15:53:25] [hamibot] [INFO]:[INFO] [findTargetElementWithCache]: [sel#55] mainPopup/今天 串行全部✗ 串行88554ms 总94086ms
[2026-04-03 15:53:27] [hamibot] [INFO]:[INFO] [findTargetElementWithCache]: [sel#28] coinExchangeMain/闲鱼币 缓存#3(1/1) ✓ 403ms
[2026-04-03 15:53:32] [hamibot] [INFO]:[INFO] [findTargetElementWithCache]: [sel#56] mainPopup/今天 缓存[9] errorTime耗尽，降级串行 5221ms
[2026-04-03 15:53:32] [hamibot] [INFO]:[INFO] [findTargetElementWithCache]: [sel#56] mainPopup/今天 串行启动 12 条策略
[2026-04-03 15:54:50] [hamibot] [INFO]:[INFO] [findTargetElementWithCache]: [sel#56] mainPopup/今天 串行全部✗ 串行78328ms 总83579ms
[2026-04-03 15:54:58] [hamibot] [INFO]:[INFO] [findTargetElementWithCache]: [sel#57] mainPopup/今天 缓存[9] errorTime耗尽，降级串行 6699ms
[2026-04-03 15:54:58] [hamibot] [INFO]:[INFO] [findTargetElementWithCache]: [sel#57] mainPopup/今天 串行启动 12 条策略
[2026-04-03 15:56:25] [hamibot] [INFO]:[INFO] [findTargetElementWithCache]: [sel#57] mainPopup/今天 串行全部✗ 串行87348ms 总94080ms
[2026-04-03 15:56:26] [hamibot] [INFO]:[INFO] [findTargetElementWithCache]: [sel#29] coinExchangeMain/闲鱼币 缓存#3(1/1) ✓ 355ms
[2026-04-03 15:56:27] [hamibot] [INFO]:[INFO] [findTargetElementWithCache]: [sel#58] mainPopup/今天 缓存[9] errorTime耗尽，降级串行 806ms
[2026-04-03 15:56:27] [hamibot] [INFO]:[INFO] [findTargetElementWithCache]: [sel#58] mainPopup/今天 串行启动 12 条策略
[2026-04-03 15:57:58] [hamibot] [INFO]:[INFO] [findTargetElementWithCache]: [sel#58] mainPopup/今天 串行全部✗ 串行91124ms 总91964ms
[2026-04-03 15:58:06] [hamibot] [INFO]:[INFO] [findTargetElementWithCache]: [sel#59] mainPopup/今天 缓存[9] errorTime耗尽，降级串行 6320ms
[2026-04-03 15:58:06] [hamibot] [INFO]:[INFO] [findTargetElementWithCache]: [sel#59] mainPopup/今天 串行启动 12 条策略
[2026-04-03 15:59:19] [hamibot] [INFO]:[INFO] [findTargetElementWithCache]: [sel#59] mainPopup/今天 串行全部✗ 串行73228ms 总79589ms
[2026-04-03 15:59:21] [hamibot] [INFO]:[INFO] [findTargetElementWithCache]: [sel#30] coinExchangeMain/闲鱼币 缓存#3(1/1) ✓ 417ms
[2026-04-03 15:59:29] [hamibot] [INFO]:[INFO] [findTargetElementWithCache]: [sel#60] mainPopup/今天 缓存[9] errorTime耗尽，降级串行 7633ms
[2026-04-03 15:59:29] [hamibot] [INFO]:[INFO] [findTargetElementWithCache]: [sel#60] mainPopup/今天 串行启动 12 条策略
[2026-04-03 16:00:56] [hamibot] [INFO]:[INFO] [findTargetElementWithCache]: [sel#60] mainPopup/今天 串行全部✗ 串行87620ms 总95335ms
[2026-04-03 16:00:59] [hamibot] [INFO]:[INFO] [findTargetElementWithCache]: [sel#61] mainPopup/今天 缓存[9] errorTime耗尽，降级串行 1571ms
[2026-04-03 16:00:59] [hamibot] [INFO]:[INFO] [findTargetElementWithCache]: [sel#61] mainPopup/今天 串行启动 12 条策略
[2026-04-03 16:02:20] [hamibot] [INFO]:[INFO] [findTargetElementWithCache]: [sel#61] mainPopup/今天 串行全部✗ 串行81302ms 总82910ms
[2026-04-03 16:02:21] [hamibot] [INFO]:[INFO] [findTargetElementWithCache]: [sel#31] coinExchangeMain/闲鱼币 缓存#3(1/1) ✓ 305ms
[2026-04-03 16:02:29] [hamibot] [INFO]:[INFO] [findTargetElementWithCache]: [sel#62] mainPopup/今天 缓存[9] errorTime耗尽，降级串行 7195ms
[2026-04-03 16:02:29] [hamibot] [INFO]:[INFO] [findTargetElementWithCache]: [sel#62] mainPopup/今天 串行启动 12 条策略
[2026-04-03 16:03:47] [hamibot] [INFO]:[INFO] [findTargetElementWithCache]: [sel#62] mainPopup/今天 串行全部✗ 串行77615ms 总85217ms
[2026-04-03 16:03:53] [hamibot] [INFO]:[INFO] [findTargetElementWithCache]: [sel#63] mainPopup/今天 缓存[9] errorTime耗尽，降级串行 5608ms
[2026-04-03 16:03:53] [hamibot] [INFO]:[INFO] [findTargetElementWithCache]: [sel#63] mainPopup/今天 串行启动 12 条策略
[2026-04-03 16:04:59] [hamibot] [INFO]:[INFO] [findTargetElementWithCache]: [sel#63] mainPopup/今天 串行#9 ✓ 串行66367ms 总72033ms
[2026-04-03 16:04:59] [hamibot] [INFO]:[INFO] [saveElementCache]: saveElementCache 服务端共 18 条 (本次新增/更新 18 条)
[2026-04-03 16:05:00] [hamibot] [INFO]:[INFO] [findTargetElementWithCache]: [sel#32] coinExchangeMain/闲鱼币 缓存#3(1/1) ✓ 183ms
[2026-04-03 16:05:01] [hamibot] [INFO]:[INFO] [findTargetElementWithCache]: [sel#64] mainPopup/今天 缓存#9(1/1) ✓ 306ms
[2026-04-03 16:05:13] [hamibot] [INFO]:[INFO] [findTargetElementList]: [sel-list#2] mainPopup/领取奖励 缓存#3(1/1) ✓ 2个 11596ms
[2026-04-03 16:05:19] [hamibot] [INFO]:[INFO] [findTargetElementWithCacheStrict]: [sel-strict#3] mainPopup/浏览指定频道好物 缓存#3(1/1) ✓ 5329ms
[2026-04-03 16:05:19] [hamibot] [INFO]:[INFO] [checkGetGold]: checkGetGold: click reward for taskList 浏览指定频道好物
[2026-04-03 16:05:20] [hamibot] [INFO]:[INFO] [checkGetGold]: checkGetGold: click reward without row match #2
[2026-04-03 16:05:21] [hamibot] [INFO]:[INFO] [Anonymous functions]: 浏览指定频道好物: hasRun=true
[2026-04-03 16:05:21] [hamibot] [INFO]:[INFO] [Anonymous functions]: 搜一搜喜欢的商品: hasRun=false
[2026-04-03 16:05:21] [hamibot] [INFO]:[INFO] [Anonymous functions]: 去浏览全新好物: hasRun=false
[2026-04-03 16:05:21] [hamibot] [INFO]:[INFO] [Anonymous functions]: 浏览推荐的国补商品: hasRun=false
[2026-04-03 16:05:21] [hamibot] [INFO]:[INFO] [Anonymous functions]: 去蚂蚁森林逛一逛: hasRun=undefined
[2026-04-03 16:05:22] [hamibot] [INFO]:[INFO] [Anonymous functions]: 去支付宝农场领水果: hasRun=false
[2026-04-03 16:05:22] [hamibot] [INFO]:[INFO] [Anonymous functions]: 去淘宝签到领红包: hasRun=false
[2026-04-03 16:05:22] [hamibot] [INFO]:[INFO] [Anonymous functions]: 去蚂蚁森林逛一逛: hasRun=false
[2026-04-03 16:05:22] [hamibot] [INFO]:[INFO] [Anonymous functions]: 去蚂蚁庄园逛一逛: hasRun=false
[2026-04-03 16:05:22] [hamibot] [INFO]:[INFO] [Anonymous functions]: 去支付宝领积分: hasRun=false
[2026-04-03 16:05:22] [hamibot] [INFO]:[INFO] [Anonymous functions]: 浏览鱼小铺工作台: hasRun=false
[2026-04-03 16:05:22] [hamibot] [INFO]:[INFO] [Anonymous functions]: 搜一搜推荐商品: hasRun=false
[2026-04-03 16:05:22] [hamibot] [INFO]:[INFO] [Anonymous functions]: 领至高20元外卖红包: hasRun=false
[2026-04-03 16:05:22] [hamibot] [INFO]:[INFO] [Anonymous functions]: 看视频奖励100币: hasRun=false
[2026-04-03 16:05:23] [hamibot] [INFO]:[INFO] [Anonymous functions]: 看视频奖励100币: hasRun=false
[2026-04-03 16:05:23] [hamibot] [INFO]:[INFO] [Anonymous functions]: 看视频奖励100币: hasRun=false
[2026-04-03 16:05:23] [hamibot] [INFO]:[INFO] [Anonymous functions]: 看视频奖励100币: hasRun=false
[2026-04-03 16:05:23] [hamibot] [INFO]:[INFO] [Anonymous functions]: 发布一件新宝贝: hasRun=false
[2026-04-03 16:05:31] [hamibot] [INFO]:[INFO] [findTargetElementWithCacheStrict]: [sel-strict#2] mainPopup/签到 缓存[3] errorTime耗尽，降级串行 7988ms
[2026-04-03 16:05:31] [hamibot] [INFO]:[INFO] [findTargetElementWithCacheStrict]: [sel-strict#2] mainPopup/签到 串行启动 12 条策略
[2026-04-03 16:06:54] [hamibot] [ERROR]:[ERROR] [findTargetElementWithCacheStrict]: [sel-strict#2] mainPopup/签到 串行全部✗ 串行83122ms 总91142ms
[2026-04-03 16:06:54] [hamibot] [INFO]:[INFO] [findTargetElementWithCacheStrict]: [sel-strict#2] mainPopup/搜一搜喜欢的商品 串行启动 12 条策略
[2026-04-03 16:08:17] [hamibot] [ERROR]:[ERROR] [findTargetElementWithCacheStrict]: [sel-strict#2] mainPopup/搜一搜喜欢的商品 串行全部✗ 串行83403ms 总83403ms
[2026-04-03 16:08:20] [hamibot] [INFO]:[INFO] [findTargetElementWithCache]: [sel#65] mainPopup/今天 缓存#9(1/1) ✓ 3127ms
[2026-04-03 16:08:21] [hamibot] [INFO]:[INFO] [mainPopupFn]: 没有找到搜一搜喜欢的商品， awaitingRewardClaim
[2026-04-03 16:08:28] [hamibot] [INFO]:[INFO] [findTargetElementWithCacheStrict]: [sel-strict#1] mainPopup/去浏览全新好物 缓存#3(1/1) ✓ 7390ms
[2026-04-03 16:08:36] [hamibot] [INFO]:[INFO] [findTargetElementWithCacheStrict]: [sel-strict#2] mainPopup/去浏览全新好物 缓存#3(1/1) ✓ 7395ms
[2026-04-03 16:08:49] [hamibot] [INFO]:[INFO] [findTargetElementList]: [sel-list#2] mainPopup/去完成 缓存#3(1/1) ✓ 23个 12675ms
[2026-04-03 16:08:49] [hamibot] [INFO]:[INFO] [findBtn_1]: sysReact, 去完成 bounds: Rect(866, 2089 - 973, 2139)
[2026-04-03 16:08:50] [hamibot] [INFO]:[INFO] [findBtn_1]: 运行++去浏览全新好物
[2026-04-03 16:08:50] [hamibot] [INFO]:[INFO] [findTargetElementWithCache]: [sel#1] scrollPage/滑动浏览 缓存#3(1/2) ✓ 28ms
[2026-04-03 16:09:27] [hamibot] [INFO]:[INFO] [findTargetElementWithCache]: [sel#2] scrollPage/滑动浏览 缓存[3,7] 全部✗ 剩余errorTime=2 739ms
[2026-04-03 16:09:27] [hamibot] [INFO]:[INFO] [findTargetElementWithCache]: [sel#66] mainPopup/今天 缓存[9] 全部✗ 剩余errorTime=39 229ms
[2026-04-03 16:09:28] [hamibot] [INFO]:[INFO] [findTargetElementWithCache]: [sel#2] coinExchangeMain/闲鱼币抵扣 缓存[3,6] 全部✗ 剩余errorTime=19 446ms
[2026-04-03 16:09:29] [hamibot] [INFO]:[INFO] [findTargetElementWithCache]: [sel#67] mainPopup/今天 缓存[9] 全部✗ 剩余errorTime=38 359ms
[2026-04-03 16:09:30] [hamibot] [INFO]:[INFO] [findTargetElementWithCache]: [sel#3] coinExchangeMain/闲鱼币抵扣 缓存[3,6] 全部✗ 剩余errorTime=18 730ms
[2026-04-03 16:09:31] [hamibot] [INFO]:[INFO] [findTargetElementWithCache]: [sel#68] mainPopup/今天 缓存[9] 全部✗ 剩余errorTime=37 351ms
[2026-04-03 16:09:32] [hamibot] [INFO]:[INFO] [findTargetElementWithCache]: [sel#4] coinExchangeMain/闲鱼币抵扣 缓存[3,6] 全部✗ 剩余errorTime=17 746ms
[2026-04-03 16:09:34] [hamibot] [INFO]:[INFO] [findTargetElementWithCache]: [sel#69] mainPopup/今天 缓存[9] 全部✗ 剩余errorTime=36 375ms
[2026-04-03 16:09:34] [hamibot] [INFO]:[INFO] [findTargetElementWithCache]: [sel#5] coinExchangeMain/闲鱼币抵扣 缓存[3,6] 全部✗ 剩余errorTime=16 827ms
[2026-04-03 16:09:36] [hamibot] [INFO]:[INFO] [findTargetElementWithCache]: [sel#70] mainPopup/今天 缓存[9] 全部✗ 剩余errorTime=35 487ms
[2026-04-03 16:09:37] [hamibot] [INFO]:[INFO] [findTargetElementWithCache]: [sel#6] coinExchangeMain/闲鱼币抵扣 缓存[3,6] 全部✗ 剩余errorTime=15 719ms
[2026-04-03 16:09:38] [hamibot] [INFO]:[INFO] [findTargetElementWithCache]: [sel#71] mainPopup/今天 缓存[9] 全部✗ 剩余errorTime=34 332ms
[2026-04-03 16:09:39] [hamibot] [INFO]:[INFO] [findTargetElementWithCache]: [sel#7] coinExchangeMain/闲鱼币抵扣 缓存[3,6] 全部✗ 剩余errorTime=14 992ms
[2026-04-03 16:09:40] [hamibot] [ERROR]:[ERROR] [backMainPage]: 死循环了， 关闭app
[2026-04-03 16:09:41] [hamibot] [INFO]:[INFO] [saveElementCache]: saveElementCache 服务端共 18 条 (本次新增/更新 18 条)
[2026-04-03 16:09:41] [hamibot] [INFO]:[INFO] [flushElementCache]: 已触发异步刷新元素查找缓存
[2026-04-03 16:09:41] [hamibot] [INFO]:[INFO] [closeApp]: openHamibot true
[2026-04-03 16:09:43] [hamibot] [INFO]:[INFO] [tryClickNode]: tryClickNode com.stardust.automator.UiObject@2a023; boundsInParent: Rect(0, 0 - 240, 240); boundsInScreen: Rect(420, 2057 - 660, 2297); packageName: com.miui.home; className: android.view.View; text: null; contentDescription: 本机共有12.0 G内存，当前7.2 G可用，双击清理全部任务; viewId: com.miui.home:id/clearAnimView; checkable: false; checked: false; focusable: true; focused: false; selected: false; clickable: true; longClickable: true; enabled: true; password: false; scrollable: false; [ACTION_FOCUS, ACTION_SELECT, ACTION_CLEAR_SELECTION, ACTION_CLICK, ACTION_LONG_CLICK, ACTION_ACCESSIBILITY_FOCUS, ACTION_NEXT_AT_MOVEMENT_GRANULARITY, ACTION_PREVIOUS_AT_MOVEMENT_GRANULARITY, ACTION_SET_SELECTION]
[2026-04-03 16:09:43] [hamibot] [ LOG ]:[ LOG ] [tryClickNode]: tryClickNode: 开始尝试点击节点 com.stardust.automator.UiObject@2a023; boundsInParent: Rect(0, 0 - 240, 240); boundsInScreen: Rect(420, 2057 - 660, 2297); packageName: com.miui.home; className: android.view.View; text: null; contentDescription: 本机共有12.0 G内存，当前7.2 G可用，双击清理全部任务; viewId: com.miui.home:id/clearAnimView; checkable: false; checked: false; focusable: true; focused: false; selected: false; clickable: true; longClickable: true; enabled: true; password: false; scrollable: false; [ACTION_FOCUS, ACTION_SELECT, ACTION_CLEAR_SELECTION, ACTION_CLICK, ACTION_LONG_CLICK, ACTION_ACCESSIBILITY_FOCUS, ACTION_NEXT_AT_MOVEMENT_GRANULARITY, ACTION_PREVIOUS_AT_MOVEMENT_GRANULARITY, ACTION_SET_SELECTION]
[2026-04-03 16:09:43] [hamibot] [ LOG ]:[ LOG ] [tryClickNode]: tryClickNode: 节点clickable值: function clickable() {/*
boolean clickable()
*/}

[2026-04-03 16:09:43] [hamibot] [ LOG ]:[ LOG ] [tryClickNode]: tryClickNode: 节点clickable toString: function clickable() {/*
boolean clickable()
*/}

[2026-04-03 16:09:44] [hamibot] [ LOG ]:[ LOG ] [tryClickNode]: tryClickNode: 解析后的clickable值: true
[2026-04-03 16:09:44] [hamibot] [ LOG ]:[ LOG ] [tryClickNode]: tryClickNode: 节点本身可点击，执行直接点击
[2026-04-03 16:09:44] [hamibot] [ LOG ]:[ LOG ] [tryClickNode]: tryClickNode: 直接点击结果: true
[2026-04-03 16:09:44] [hamibot] [INFO]:[INFO] [closeApp]: 已通过最近任务页‘关闭全部’关闭应用
[2026-04-03 16:10:00] [hamibot] [INFO]:[INFO] [findTargetElementWithCache]: [sel#33] coinExchangeMain/闲鱼币 缓存#3(1/1) ✓ 412ms
[2026-04-03 16:10:06] [hamibot] [INFO]:[INFO] [findTargetElementWithCache]: [sel#72] mainPopup/今天 缓存[9] 全部✗ 剩余errorTime=33 5762ms
[2026-04-03 16:10:08] [hamibot] [INFO]:[INFO] [findTargetElementWithCache]: [sel#73] mainPopup/今天 缓存[9] 全部✗ 剩余errorTime=32 1529ms
[2026-04-03 16:10:09] [hamibot] [INFO]:[INFO] [findTargetElementWithCache]: [sel#34] coinExchangeMain/闲鱼币 缓存#3(1/1) ✓ 360ms
[2026-04-03 16:10:10] [hamibot] [INFO]:[INFO] [findTargetElementWithCache]: [sel#74] mainPopup/今天 缓存[9] 全部✗ 剩余errorTime=31 1178ms
[2026-04-03 16:10:12] [hamibot] [INFO]:[INFO] [findTargetElementWithCache]: [sel#75] mainPopup/今天 缓存[9] 全部✗ 剩余errorTime=30 1211ms
[2026-04-03 16:10:13] [hamibot] [INFO]:[INFO] [findTargetElementWithCache]: [sel#35] coinExchangeMain/闲鱼币 缓存#3(1/1) ✓ 184ms
[2026-04-03 16:10:14] [hamibot] [INFO]:[INFO] [findTargetElementWithCache]: [sel#76] mainPopup/今天 缓存[9] 全部✗ 剩余errorTime=29 718ms
[2026-04-03 16:10:15] [hamibot] [INFO]:[INFO] [findTargetElementWithCache]: [sel#77] mainPopup/今天 缓存[9] 全部✗ 剩余errorTime=28 443ms
[2026-04-03 16:10:16] [hamibot] [INFO]:[INFO] [findTargetElementWithCache]: [sel#36] coinExchangeMain/闲鱼币 缓存#3(1/1) ✓ 161ms
[2026-04-03 16:10:21] [hamibot] [INFO]:[INFO] [findTargetElementWithCache]: [sel#78] mainPopup/今天 缓存#9(1/1) ✓ 5259ms
[2026-04-03 16:10:32] [hamibot] [INFO]:[INFO] [findTargetElementList]: [sel-list#3] mainPopup/领取奖励 缓存#3(1/1) ✓ 1个 10118ms
[2026-04-03 16:10:33] [hamibot] [INFO]:[INFO] [findTargetElementWithCacheStrict]: [sel-strict#3] mainPopup/搜一搜喜欢的商品 串行启动 12 条策略
[2026-04-03 16:11:44] [hamibot] [ERROR]:[ERROR] [findTargetElementWithCacheStrict]: [sel-strict#3] mainPopup/搜一搜喜欢的商品 串行全部✗ 串行71422ms 总71422ms
[2026-04-03 16:11:44] [hamibot] [INFO]:[INFO] [checkGetGold]: checkGetGold: click reward without row match #1
[2026-04-03 16:11:45] [hamibot] [INFO]:[INFO] [Anonymous functions]: 浏览指定频道好物: hasRun=true
[2026-04-03 16:11:45] [hamibot] [INFO]:[INFO] [Anonymous functions]: 搜一搜喜欢的商品: hasRun=true
[2026-04-03 16:11:45] [hamibot] [INFO]:[INFO] [Anonymous functions]: 去浏览全新好物: hasRun=false
[2026-04-03 16:11:45] [hamibot] [INFO]:[INFO] [Anonymous functions]: 浏览推荐的国补商品: hasRun=false
[2026-04-03 16:11:45] [hamibot] [INFO]:[INFO] [Anonymous functions]: 去蚂蚁森林逛一逛: hasRun=undefined
[2026-04-03 16:11:46] [hamibot] [INFO]:[INFO] [Anonymous functions]: 去支付宝农场领水果: hasRun=false
[2026-04-03 16:11:46] [hamibot] [INFO]:[INFO] [Anonymous functions]: 去淘宝签到领红包: hasRun=false
[2026-04-03 16:11:46] [hamibot] [INFO]:[INFO] [Anonymous functions]: 去蚂蚁森林逛一逛: hasRun=false
[2026-04-03 16:11:46] [hamibot] [INFO]:[INFO] [Anonymous functions]: 去蚂蚁庄园逛一逛: hasRun=false
[2026-04-03 16:11:47] [hamibot] [INFO]:[INFO] [Anonymous functions]: 去支付宝领积分: hasRun=false
[2026-04-03 16:11:47] [hamibot] [INFO]:[INFO] [Anonymous functions]: 浏览鱼小铺工作台: hasRun=false
[2026-04-03 16:11:47] [hamibot] [INFO]:[INFO] [Anonymous functions]: 搜一搜推荐商品: hasRun=false
[2026-04-03 16:11:48] [hamibot] [INFO]:[INFO] [Anonymous functions]: 领至高20元外卖红包: hasRun=false
[2026-04-03 16:11:48] [hamibot] [INFO]:[INFO] [Anonymous functions]: 看视频奖励100币: hasRun=false
[2026-04-03 16:11:48] [hamibot] [INFO]:[INFO] [Anonymous functions]: 看视频奖励100币: hasRun=false
[2026-04-03 16:11:49] [hamibot] [INFO]:[INFO] [Anonymous functions]: 看视频奖励100币: hasRun=false
[2026-04-03 16:11:49] [hamibot] [INFO]:[INFO] [Anonymous functions]: 看视频奖励100币: hasRun=false
[2026-04-03 16:11:49] [hamibot] [INFO]:[INFO] [Anonymous functions]: 发布一件新宝贝: hasRun=false
[2026-04-03 16:11:54] [hamibot] [INFO]:[INFO] [findTargetElementWithCacheStrict]: [sel-strict#3] mainPopup/签到 缓存[3] errorTime耗尽，降级串行 5643ms
[2026-04-03 16:11:54] [hamibot] [INFO]:[INFO] [findTargetElementWithCacheStrict]: [sel-strict#3] mainPopup/签到 串行启动 12 条策略
[2026-04-03 16:13:09] [hamibot] [ERROR]:[ERROR] [findTargetElementWithCacheStrict]: [sel-strict#3] mainPopup/签到 串行全部✗ 串行74940ms 总80610ms
[2026-04-03 16:13:15] [hamibot] [INFO]:[INFO] [findTargetElementWithCacheStrict]: [sel-strict#3] mainPopup/去浏览全新好物 缓存[3] 全部✗ 剩余errorTime=2 5827ms
[2026-04-03 16:13:18] [hamibot] [INFO]:[INFO] [findTargetElementWithCache]: [sel#79] mainPopup/今天 缓存#9(1/1) ✓ 2468ms
[2026-04-03 16:13:18] [hamibot] [INFO]:[INFO] [mainPopupFn]: 没有找到去浏览全新好物， awaitingRewardClaim
[2026-04-03 16:13:24] [hamibot] [INFO]:[INFO] [findTargetElementWithCacheStrict]: [sel-strict#1] mainPopup/浏览推荐的国补商品 缓存#3(1/1) ✓ 6675ms
[2026-04-03 16:13:30] [hamibot] [INFO]:[INFO] [findTargetElementWithCacheStrict]: [sel-strict#2] mainPopup/浏览推荐的国补商品 缓存#3(1/1) ✓ 4963ms
[2026-04-03 16:13:39] [hamibot] [INFO]:[INFO] [findTargetElementWithCacheStrict]: [sel-strict#3] mainPopup/浏览推荐的国补商品 缓存#3(1/1) ✓ 8105ms
[2026-04-03 16:13:51] [hamibot] [INFO]:[INFO] [findTargetElementList]: [sel-list#3] mainPopup/去完成 缓存#3(1/1) ✓ 23个 12144ms
[2026-04-03 16:13:51] [hamibot] [INFO]:[INFO] [findBtn_1]: sysReact, 去完成 bounds: Rect(866, 1480 - 973, 1530)
[2026-04-03 16:13:52] [hamibot] [INFO]:[INFO] [findBtn_1]: 运行++浏览推荐的国补商品
[2026-04-03 16:13:52] [hamibot] [INFO]:[INFO] [findTargetElementWithCache]: [sel#3] scrollPage/滑动浏览 缓存[3,7] 全部✗ 剩余errorTime=1 133ms
[2026-04-03 16:13:52] [hamibot] [INFO]:[INFO] [findTargetElementWithCache]: [sel#80] mainPopup/今天 缓存[9] 全部✗ 剩余errorTime=39 72ms
[2026-04-03 16:13:53] [hamibot] [INFO]:[INFO] [findTargetElementWithCache]: [sel#8] coinExchangeMain/闲鱼币抵扣 缓存[3,6] 全部✗ 剩余errorTime=13 109ms
[2026-04-03 16:13:54] [hamibot] [INFO]:[INFO] [findTargetElementWithCache]: [sel#81] mainPopup/今天 缓存[9] 全部✗ 剩余errorTime=38 99ms
[2026-04-03 16:13:54] [hamibot] [INFO]:[INFO] [findTargetElementWithCache]: [sel#9] coinExchangeMain/闲鱼币抵扣 缓存[3,6] 全部✗ 剩余errorTime=12 129ms
[2026-04-03 16:13:54] [hamibot] [INFO]:[INFO] [backMainPage]: 当前app不是闲鱼，直接回退 com.taobao.taobao
[2026-04-03 16:13:55] [hamibot] [INFO]:[INFO] [findTargetElementWithCache]: [sel#82] mainPopup/今天 缓存[9] 全部✗ 剩余errorTime=37 275ms
[2026-04-03 16:13:56] [hamibot] [INFO]:[INFO] [findTargetElementWithCache]: [sel#10] coinExchangeMain/闲鱼币抵扣 缓存[3,6] 全部✗ 剩余errorTime=11 327ms
[2026-04-03 16:13:56] [hamibot] [INFO]:[INFO] [backMainPage]: 当前app不是闲鱼，直接回退 com.taobao.taobao
[2026-04-03 16:13:56] [hamibot] [INFO]:[INFO] [findTargetElementWithCache]: [sel#83] mainPopup/今天 缓存[9] 全部✗ 剩余errorTime=36 229ms
[2026-04-03 16:13:57] [hamibot] [INFO]:[INFO] [findTargetElementWithCache]: [sel#11] coinExchangeMain/闲鱼币抵扣 缓存[3,6] 全部✗ 剩余errorTime=10 164ms
[2026-04-03 16:13:57] [hamibot] [INFO]:[INFO] [backMainPage]: 当前app不是闲鱼，直接回退 com.taobao.taobao
[2026-04-03 16:13:57] [hamibot] [ERROR]:[ERROR] [backMainPage]: 死循环了， 关闭app
[2026-04-03 16:13:57] [hamibot] [INFO]:[INFO] [saveElementCache]: saveElementCache 服务端共 18 条 (本次新增/更新 18 条)
[2026-04-03 16:13:57] [hamibot] [INFO]:[INFO] [flushElementCache]: 已触发异步刷新元素查找缓存
[2026-04-03 16:13:58] [hamibot] [INFO]:[INFO] [closeApp]: openHamibot true
[2026-04-03 16:14:00] [hamibot] [INFO]:[INFO] [tryClickNode]: tryClickNode com.stardust.automator.UiObject@2a023; boundsInParent: Rect(0, 0 - 240, 240); boundsInScreen: Rect(420, 2057 - 660, 2297); packageName: com.miui.home; className: android.view.View; text: null; contentDescription: 本机共有12.0 G内存，当前6.5 G可用，双击清理全部任务; viewId: com.miui.home:id/clearAnimView; checkable: false; checked: false; focusable: true; focused: false; selected: false; clickable: true; longClickable: true; enabled: true; password: false; scrollable: false; [ACTION_FOCUS, ACTION_SELECT, ACTION_CLEAR_SELECTION, ACTION_CLICK, ACTION_LONG_CLICK, ACTION_ACCESSIBILITY_FOCUS, ACTION_NEXT_AT_MOVEMENT_GRANULARITY, ACTION_PREVIOUS_AT_MOVEMENT_GRANULARITY, ACTION_SET_SELECTION]
[2026-04-03 16:14:00] [hamibot] [ LOG ]:[ LOG ] [tryClickNode]: tryClickNode: 开始尝试点击节点 com.stardust.automator.UiObject@2a023; boundsInParent: Rect(0, 0 - 240, 240); boundsInScreen: Rect(420, 2057 - 660, 2297); packageName: com.miui.home; className: android.view.View; text: null; contentDescription: 本机共有12.0 G内存，当前6.5 G可用，双击清理全部任务; viewId: com.miui.home:id/clearAnimView; checkable: false; checked: false; focusable: true; focused: false; selected: false; clickable: true; longClickable: true; enabled: true; password: false; scrollable: false; [ACTION_FOCUS, ACTION_SELECT, ACTION_CLEAR_SELECTION, ACTION_CLICK, ACTION_LONG_CLICK, ACTION_ACCESSIBILITY_FOCUS, ACTION_NEXT_AT_MOVEMENT_GRANULARITY, ACTION_PREVIOUS_AT_MOVEMENT_GRANULARITY, ACTION_SET_SELECTION]
[2026-04-03 16:14:00] [hamibot] [ LOG ]:[ LOG ] [tryClickNode]: tryClickNode: 节点clickable值: function clickable() {/*
boolean clickable()
*/}

[2026-04-03 16:14:00] [hamibot] [ LOG ]:[ LOG ] [tryClickNode]: tryClickNode: 节点clickable toString: function clickable() {/*
boolean clickable()
*/}

[2026-04-03 16:14:00] [hamibot] [ LOG ]:[ LOG ] [tryClickNode]: tryClickNode: 解析后的clickable值: true
[2026-04-03 16:14:00] [hamibot] [ LOG ]:[ LOG ] [tryClickNode]: tryClickNode: 节点本身可点击，执行直接点击
[2026-04-03 16:14:00] [hamibot] [ LOG ]:[ LOG ] [tryClickNode]: tryClickNode: 直接点击结果: true
[2026-04-03 16:14:01] [hamibot] [INFO]:[INFO] [closeApp]: 已通过最近任务页‘关闭全部’关闭应用
[2026-04-03 16:14:17] [hamibot] [INFO]:[INFO] [findTargetElementWithCache]: [sel#37] coinExchangeMain/闲鱼币 缓存#3(1/1) ✓ 142ms
[2026-04-03 16:14:17] [hamibot] [INFO]:[INFO] [findTargetElementWithCache]: [sel#84] mainPopup/今天 缓存[9] 全部✗ 剩余errorTime=35 334ms
[2026-04-03 16:14:21] [hamibot] [INFO]:[INFO] [findTargetElementWithCache]: [sel#85] mainPopup/今天 缓存[9] 全部✗ 剩余errorTime=34 3102ms
[2026-04-03 16:14:22] [hamibot] [INFO]:[INFO] [findTargetElementWithCache]: [sel#38] coinExchangeMain/闲鱼币 缓存#3(1/1) ✓ 299ms
[2026-04-03 16:14:23] [hamibot] [INFO]:[INFO] [findTargetElementWithCache]: [sel#86] mainPopup/今天 缓存[9] 全部✗ 剩余errorTime=33 903ms
[2026-04-03 16:14:27] [hamibot] [INFO]:[INFO] [findTargetElementWithCache]: [sel#87] mainPopup/今天 缓存#9(1/1) ✓ 3362ms
[2026-04-03 16:14:28] [hamibot] [INFO]:[INFO] [findTargetElementWithCache]: [sel#39] coinExchangeMain/闲鱼币 缓存#3(1/1) ✓ 288ms
[2026-04-03 16:14:29] [hamibot] [INFO]:[INFO] [findTargetElementWithCache]: [sel#88] mainPopup/今天 缓存#9(1/1) ✓ 1232ms
[2026-04-03 16:14:36] [hamibot] [INFO]:[INFO] [findTargetElementList]: [sel-list#4] mainPopup/领取奖励 缓存[3] 全部✗ 剩余errorTime=19 6073ms
[2026-04-03 16:14:37] [hamibot] [INFO]:[INFO] [Anonymous functions]: 浏览指定频道好物: hasRun=true
[2026-04-03 16:14:37] [hamibot] [INFO]:[INFO] [Anonymous functions]: 搜一搜喜欢的商品: hasRun=true
[2026-04-03 16:14:37] [hamibot] [INFO]:[INFO] [Anonymous functions]: 去浏览全新好物: hasRun=false
[2026-04-03 16:14:37] [hamibot] [INFO]:[INFO] [Anonymous functions]: 浏览推荐的国补商品: hasRun=false
[2026-04-03 16:14:37] [hamibot] [INFO]:[INFO] [Anonymous functions]: 去蚂蚁森林逛一逛: hasRun=undefined
[2026-04-03 16:14:37] [hamibot] [INFO]:[INFO] [Anonymous functions]: 去支付宝农场领水果: hasRun=false
[2026-04-03 16:14:37] [hamibot] [INFO]:[INFO] [Anonymous functions]: 去淘宝签到领红包: hasRun=false
[2026-04-03 16:14:37] [hamibot] [INFO]:[INFO] [Anonymous functions]: 去蚂蚁森林逛一逛: hasRun=false
[2026-04-03 16:14:37] [hamibot] [INFO]:[INFO] [Anonymous functions]: 去蚂蚁庄园逛一逛: hasRun=false
[2026-04-03 16:14:37] [hamibot] [INFO]:[INFO] [Anonymous functions]: 去支付宝领积分: hasRun=false
[2026-04-03 16:14:37] [hamibot] [INFO]:[INFO] [Anonymous functions]: 浏览鱼小铺工作台: hasRun=false
[2026-04-03 16:14:37] [hamibot] [INFO]:[INFO] [Anonymous functions]: 搜一搜推荐商品: hasRun=false
[2026-04-03 16:14:37] [hamibot] [INFO]:[INFO] [Anonymous functions]: 领至高20元外卖红包: hasRun=false
[2026-04-03 16:14:37] [hamibot] [INFO]:[INFO] [Anonymous functions]: 看视频奖励100币: hasRun=false
[2026-04-03 16:14:37] [hamibot] [INFO]:[INFO] [Anonymous functions]: 看视频奖励100币: hasRun=false
[2026-04-03 16:14:37] [hamibot] [INFO]:[INFO] [Anonymous functions]: 看视频奖励100币: hasRun=false
[2026-04-03 16:14:37] [hamibot] [INFO]:[INFO] [Anonymous functions]: 看视频奖励100币: hasRun=false
[2026-04-03 16:14:37] [hamibot] [INFO]:[INFO] [Anonymous functions]: 发布一件新宝贝: hasRun=false
[2026-04-03 16:14:44] [hamibot] [INFO]:[INFO] [findTargetElementWithCacheStrict]: [sel-strict#4] mainPopup/签到 缓存[3] errorTime耗尽，降级串行 6440ms
[2026-04-03 16:14:44] [hamibot] [INFO]:[INFO] [findTargetElementWithCacheStrict]: [sel-strict#4] mainPopup/签到 串行启动 12 条策略
[2026-04-03 16:16:01] [hamibot] [ERROR]:[ERROR] [findTargetElementWithCacheStrict]: [sel-strict#4] mainPopup/签到 串行全部✗ 串行77420ms 总83903ms
[2026-04-03 16:16:07] [hamibot] [INFO]:[INFO] [findTargetElementWithCacheStrict]: [sel-strict#4] mainPopup/浏览推荐的国补商品 缓存#3(1/1) ✓ 5555ms
[2026-04-03 16:16:12] [hamibot] [INFO]:[INFO] [findTargetElementWithCacheStrict]: [sel-strict#5] mainPopup/浏览推荐的国补商品 缓存#3(1/1) ✓ 3904ms
[2026-04-03 16:16:20] [hamibot] [INFO]:[INFO] [findTargetElementWithCacheStrict]: [sel-strict#6] mainPopup/浏览推荐的国补商品 缓存#3(1/1) ✓ 7754ms
[2026-04-03 16:16:30] [hamibot] [INFO]:[INFO] [findTargetElementList]: [sel-list#4] mainPopup/去完成 缓存#3(1/1) ✓ 23个 9963ms
[2026-04-03 16:16:31] [hamibot] [INFO]:[INFO] [findBtn_1]: sysReact, 去完成 bounds: Rect(866, 1480 - 973, 1530)
[2026-04-03 16:16:32] [hamibot] [INFO]:[INFO] [findBtn_1]: 运行++浏览推荐的国补商品
[2026-04-03 16:16:32] [hamibot] [INFO]:[INFO] [findTargetElementWithCache]: [sel#4] scrollPage/滑动浏览 缓存[3,7] 全部✗ 剩余errorTime=0 139ms
[2026-04-03 16:16:33] [hamibot] [INFO]:[INFO] [findTargetElementWithCache]: [sel#89] mainPopup/今天 缓存[9] 全部✗ 剩余errorTime=39 193ms
[2026-04-03 16:16:33] [hamibot] [INFO]:[INFO] [findTargetElementWithCache]: [sel#12] coinExchangeMain/闲鱼币抵扣 缓存[3,6] 全部✗ 剩余errorTime=9 169ms
[2026-04-03 16:16:34] [hamibot] [INFO]:[INFO] [backMainPage]: 当前app不是闲鱼，直接回退 com.taobao.taobao
[2026-04-03 16:16:35] [hamibot] [INFO]:[INFO] [findTargetElementWithCache]: [sel#90] mainPopup/今天 缓存[9] 全部✗ 剩余errorTime=38 286ms
[2026-04-03 16:16:35] [hamibot] [INFO]:[INFO] [findTargetElementWithCache]: [sel#13] coinExchangeMain/闲鱼币抵扣 缓存[3,6] 全部✗ 剩余errorTime=8 143ms
[2026-04-03 16:16:39] [hamibot] [INFO]:[INFO] [findTargetElementWithCache]: [sel#91] mainPopup/今天 缓存#9(1/1) ✓ 3110ms
[2026-04-03 16:16:40] [hamibot] [INFO]:[INFO] [findTargetElementWithCache]: [sel#14] coinExchangeMain/闲鱼币抵扣 缓存#3(1/2) ✓ 392ms
[2026-04-03 16:16:40] [hamibot] [INFO]:[INFO] [backMainPage]: 回到主弹框页面!
[2026-04-03 16:16:42] [hamibot] [INFO]:[INFO] [findBtn_1]: mainPopupFn 浏览推荐的国补商品 任务流已执行，hasRun 仅在 checkGetGold 领取后设置
[2026-04-03 16:16:49] [hamibot] [INFO]:[INFO] [findTargetElementWithCacheStrict]: [sel-strict#1] mainPopup/去蚂蚁森林逛一逛 缓存#3(1/1) ✓ 6609ms
[2026-04-03 16:16:55] [hamibot] [INFO]:[INFO] [findTargetElementWithCacheStrict]: [sel-strict#2] mainPopup/去蚂蚁森林逛一逛 缓存#3(1/1) ✓ 5088ms
[2026-04-03 16:17:03] [hamibot] [INFO]:[INFO] [findTargetElementWithCacheStrict]: [sel-strict#3] mainPopup/去蚂蚁森林逛一逛 缓存#3(1/1) ✓ 7295ms
[2026-04-03 16:17:14] [hamibot] [INFO]:[INFO] [findTargetElementList]: [sel-list#5] mainPopup/去完成 缓存#3(1/1) ✓ 23个 10739ms
[2026-04-03 16:17:14] [hamibot] [INFO]:[INFO] [findBtn_1]: sysReact, 去完成 bounds: Rect(863, 1535 - 971, 1585)
[2026-04-03 16:17:15] [hamibot] [INFO]:[INFO] [findBtn_1]: 运行++去蚂蚁森林逛一逛
[2026-04-03 16:17:22] [hamibot] [INFO]:[INFO] [findTargetElementWithCache]: [sel#92] mainPopup/今天 缓存[9] 全部✗ 剩余errorTime=2 106ms
[2026-04-03 16:17:22] [hamibot] [INFO]:[INFO] [findTargetElementWithCache]: [sel#15] coinExchangeMain/闲鱼币抵扣 缓存[3,6] 全部✗ 剩余errorTime=19 117ms
[2026-04-03 16:17:22] [hamibot] [INFO]:[INFO] [backMainPage]: 当前app不是闲鱼，直接回退 com.eg.android.AlipayGphone
[2026-04-03 16:17:26] [hamibot] [INFO]:[INFO] [findTargetElementWithCache]: [sel#93] mainPopup/今天 缓存#9(1/1) ✓ 3421ms
[2026-04-03 16:17:26] [hamibot] [INFO]:[INFO] [findTargetElementWithCache]: [sel#16] coinExchangeMain/闲鱼币抵扣 缓存#3(1/2) ✓ 466ms
[2026-04-03 16:17:26] [hamibot] [INFO]:[INFO] [backMainPage]: 回到主弹框页面!
[2026-04-03 16:17:28] [hamibot] [INFO]:[INFO] [findBtn_1]: mainPopupFn 去蚂蚁森林逛一逛 任务流已执行，hasRun 仅在 checkGetGold 领取后设置
[2026-04-03 16:17:35] [hamibot] [INFO]:[INFO] [findTargetElementWithCacheStrict]: [sel-strict#1] mainPopup/去支付宝农场领水果 缓存[3] 全部✗ 剩余errorTime=2 7367ms
[2026-04-03 16:17:37] [hamibot] [INFO]:[INFO] [findTargetElementWithCache]: [sel#94] mainPopup/今天 缓存#9(1/1) ✓ 1976ms
[2026-04-03 16:17:37] [hamibot] [INFO]:[INFO] [mainPopupFn]: 没有找到去支付宝农场领水果， awaitingRewardClaim
[2026-04-03 16:17:44] [hamibot] [INFO]:[INFO] [findTargetElementWithCacheStrict]: [sel-strict#1] mainPopup/去淘宝签到领红包 缓存#3(1/1) ✓ 6802ms
[2026-04-03 16:17:50] [hamibot] [INFO]:[INFO] [findTargetElementWithCacheStrict]: [sel-strict#2] mainPopup/去淘宝签到领红包 缓存#3(1/1) ✓ 5505ms
[2026-04-03 16:17:59] [hamibot] [INFO]:[INFO] [findTargetElementWithCacheStrict]: [sel-strict#3] mainPopup/去淘宝签到领红包 缓存#3(1/1) ✓ 7954ms
[2026-04-03 16:18:07] [hamibot] [INFO]:[INFO] [findTargetElementWithCacheStrict]: [sel-strict#4] mainPopup/去淘宝签到领红包 缓存#3(1/1) ✓ 8021ms
[2026-04-03 16:18:16] [hamibot] [INFO]:[INFO] [findTargetElementWithCacheStrict]: [sel-strict#5] mainPopup/去淘宝签到领红包 缓存#3(1/1) ✓ 7729ms
[2026-04-03 16:18:27] [hamibot] [INFO]:[INFO] [findTargetElementList]: [sel-list#6] mainPopup/去完成 缓存#3(1/1) ✓ 23个 11462ms
[2026-04-03 16:18:28] [hamibot] [INFO]:[INFO] [findBtn_1]: sysReact, 去完成 bounds: Rect(866, 1367 - 973, 1417)
[2026-04-03 16:18:29] [hamibot] [INFO]:[INFO] [findBtn_1]: 运行++去淘宝签到领红包
[2026-04-03 16:18:35] [hamibot] [INFO]:[INFO] [findTargetElementWithCache]: [sel#95] mainPopup/今天 缓存[9] 全部✗ 剩余errorTime=39 181ms
[2026-04-03 16:18:35] [hamibot] [INFO]:[INFO] [findTargetElementWithCache]: [sel#17] coinExchangeMain/闲鱼币抵扣 缓存[3,6] 全部✗ 剩余errorTime=19 125ms
[2026-04-03 16:18:35] [hamibot] [INFO]:[INFO] [backMainPage]: 当前app不是闲鱼，直接回退 com.taobao.taobao
[2026-04-03 16:18:36] [hamibot] [INFO]:[INFO] [findTargetElementWithCache]: [sel#96] mainPopup/今天 缓存[9] 全部✗ 剩余errorTime=38 263ms
[2026-04-03 16:18:37] [hamibot] [INFO]:[INFO] [findTargetElementWithCache]: [sel#18] coinExchangeMain/闲鱼币抵扣 缓存[3,6] 全部✗ 剩余errorTime=18 207ms
[2026-04-03 16:18:37] [hamibot] [INFO]:[INFO] [backMainPage]: 当前app不是闲鱼，直接回退 com.taobao.taobao
[2026-04-03 16:18:37] [hamibot] [INFO]:[INFO] [findTargetElementWithCache]: [sel#97] mainPopup/今天 缓存[9] 全部✗ 剩余errorTime=37 77ms
[2026-04-03 16:18:37] [hamibot] [INFO]:[INFO] [findTargetElementWithCache]: [sel#19] coinExchangeMain/闲鱼币抵扣 缓存[3,6] 全部✗ 剩余errorTime=17 110ms
[2026-04-03 16:18:41] [hamibot] [INFO]:[INFO] [findTargetElementWithCache]: [sel#98] mainPopup/今天 缓存#9(1/1) ✓ 2321ms
[2026-04-03 16:18:41] [hamibot] [INFO]:[INFO] [findTargetElementWithCache]: [sel#20] coinExchangeMain/闲鱼币抵扣 缓存#3(1/2) ✓ 463ms
[2026-04-03 16:18:41] [hamibot] [INFO]:[INFO] [backMainPage]: 回到主弹框页面!
[2026-04-03 16:18:43] [hamibot] [INFO]:[INFO] [findBtn_1]: mainPopupFn 去淘宝签到领红包 任务流已执行，hasRun 仅在 checkGetGold 领取后设置
[2026-04-03 16:18:50] [hamibot] [INFO]:[INFO] [findTargetElementWithCacheStrict]: [sel-strict#4] mainPopup/去蚂蚁森林逛一逛 缓存#3(1/1) ✓ 7092ms
[2026-04-03 16:18:55] [hamibot] [INFO]:[INFO] [findTargetElementWithCacheStrict]: [sel-strict#5] mainPopup/去蚂蚁森林逛一逛 缓存#3(1/1) ✓ 5095ms
[2026-04-03 16:19:07] [hamibot] [INFO]:[INFO] [findTargetElementList]: [sel-list#7] mainPopup/去完成 缓存#3(1/1) ✓ 22个 11235ms
[2026-04-03 16:19:07] [hamibot] [INFO]:[INFO] [findBtn_1]: sysReact, 去完成 bounds: Rect(863, 1722 - 971, 1769)
[2026-04-03 16:19:08] [hamibot] [INFO]:[INFO] [findBtn_1]: 运行++去蚂蚁森林逛一逛
[2026-04-03 16:19:15] [hamibot] [INFO]:[INFO] [findTargetElementWithCache]: [sel#99] mainPopup/今天 缓存[9] 全部✗ 剩余errorTime=2 73ms
[2026-04-03 16:19:15] [hamibot] [INFO]:[INFO] [findTargetElementWithCache]: [sel#21] coinExchangeMain/闲鱼币抵扣 缓存[3,6] 全部✗ 剩余errorTime=19 128ms
[2026-04-03 16:19:15] [hamibot] [INFO]:[INFO] [backMainPage]: 当前app不是闲鱼，直接回退 com.eg.android.AlipayGphone
[2026-04-03 16:19:16] [hamibot] [INFO]:[INFO] [findTargetElementWithCache]: [sel#100] mainPopup/今天 缓存[9] 全部✗ 剩余errorTime=1 78ms
[2026-04-03 16:19:16] [hamibot] [INFO]:[INFO] [findTargetElementWithCache]: [sel#22] coinExchangeMain/闲鱼币抵扣 缓存[3,6] 全部✗ 剩余errorTime=18 120ms
[2026-04-03 16:19:16] [hamibot] [INFO]:[INFO] [backMainPage]: 当前app不是闲鱼，直接回退 com.eg.android.AlipayGphone
[2026-04-03 16:19:16] [hamibot] [INFO]:[INFO] [findTargetElementWithCache]: [sel#101] mainPopup/今天 缓存[9] 全部✗ 剩余errorTime=0 84ms
[2026-04-03 16:19:16] [hamibot] [INFO]:[INFO] [findTargetElementWithCache]: [sel#23] coinExchangeMain/闲鱼币抵扣 缓存[3,6] 全部✗ 剩余errorTime=17 116ms
[2026-04-03 16:19:16] [hamibot] [INFO]:[INFO] [backMainPage]: 当前app不是闲鱼，直接回退 com.eg.android.AlipayGphone
[2026-04-03 16:19:17] [hamibot] [ERROR]:[ERROR] [backMainPage]: 死循环了， 关闭app
[2026-04-03 16:19:17] [hamibot] [INFO]:[INFO] [saveElementCache]: saveElementCache 服务端共 18 条 (本次新增/更新 18 条)
[2026-04-03 16:19:17] [hamibot] [INFO]:[INFO] [flushElementCache]: 已触发异步刷新元素查找缓存
[2026-04-03 16:19:17] [hamibot] [INFO]:[INFO] [closeApp]: openHamibot true
[2026-04-03 16:19:20] [hamibot] [INFO]:[INFO] [tryClickNode]: tryClickNode com.stardust.automator.UiObject@2a023; boundsInParent: Rect(0, 0 - 240, 240); boundsInScreen: Rect(420, 2057 - 660, 2297); packageName: com.miui.home; className: android.view.View; text: null; contentDescription: 本机共有12.0 G内存，当前5.8 G可用，双击清理全部任务; viewId: com.miui.home:id/clearAnimView; checkable: false; checked: false; focusable: true; focused: false; selected: false; clickable: true; longClickable: true; enabled: true; password: false; scrollable: false; [ACTION_FOCUS, ACTION_SELECT, ACTION_CLEAR_SELECTION, ACTION_CLICK, ACTION_LONG_CLICK, ACTION_ACCESSIBILITY_FOCUS, ACTION_NEXT_AT_MOVEMENT_GRANULARITY, ACTION_PREVIOUS_AT_MOVEMENT_GRANULARITY, ACTION_SET_SELECTION]
[2026-04-03 16:19:20] [hamibot] [ LOG ]:[ LOG ] [tryClickNode]: tryClickNode: 开始尝试点击节点 com.stardust.automator.UiObject@2a023; boundsInParent: Rect(0, 0 - 240, 240); boundsInScreen: Rect(420, 2057 - 660, 2297); packageName: com.miui.home; className: android.view.View; text: null; contentDescription: 本机共有12.0 G内存，当前5.8 G可用，双击清理全部任务; viewId: com.miui.home:id/clearAnimView; checkable: false; checked: false; focusable: true; focused: false; selected: false; clickable: true; longClickable: true; enabled: true; password: false; scrollable: false; [ACTION_FOCUS, ACTION_SELECT, ACTION_CLEAR_SELECTION, ACTION_CLICK, ACTION_LONG_CLICK, ACTION_ACCESSIBILITY_FOCUS, ACTION_NEXT_AT_MOVEMENT_GRANULARITY, ACTION_PREVIOUS_AT_MOVEMENT_GRANULARITY, ACTION_SET_SELECTION]
[2026-04-03 16:19:20] [hamibot] [ LOG ]:[ LOG ] [tryClickNode]: tryClickNode: 节点clickable值: function clickable() {/*
boolean clickable()
*/}

[2026-04-03 16:19:20] [hamibot] [ LOG ]:[ LOG ] [tryClickNode]: tryClickNode: 节点clickable toString: function clickable() {/*
boolean clickable()
*/}

[2026-04-03 16:19:20] [hamibot] [ LOG ]:[ LOG ] [tryClickNode]: tryClickNode: 解析后的clickable值: true
[2026-04-03 16:19:20] [hamibot] [ LOG ]:[ LOG ] [tryClickNode]: tryClickNode: 节点本身可点击，执行直接点击
[2026-04-03 16:19:20] [hamibot] [ LOG ]:[ LOG ] [tryClickNode]: tryClickNode: 直接点击结果: true
[2026-04-03 16:19:20] [hamibot] [INFO]:[INFO] [closeApp]: 已通过最近任务页‘关闭全部’关闭应用
[2026-04-03 16:19:36] [hamibot] [INFO]:[INFO] [findTargetElementWithCache]: [sel#40] coinExchangeMain/闲鱼币 缓存#3(1/1) ✓ 460ms
[2026-04-03 16:19:44] [hamibot] [INFO]:[INFO] [findTargetElementWithCache]: [sel#102] mainPopup/今天 缓存[9] 全部✗ 剩余errorTime=-1 7267ms
[2026-04-03 16:19:49] [hamibot] [INFO]:[INFO] [findTargetElementWithCache]: [sel#103] mainPopup/今天 缓存#9(1/1) ✓ 5225ms
[2026-04-03 16:19:50] [hamibot] [INFO]:[INFO] [findTargetElementWithCache]: [sel#41] coinExchangeMain/闲鱼币 缓存#3(1/1) ✓ 194ms
[2026-04-03 16:19:53] [hamibot] [INFO]:[INFO] [findTargetElementWithCache]: [sel#104] mainPopup/今天 缓存#9(1/1) ✓ 2866ms
[2026-04-03 16:20:07] [hamibot] [INFO]:[INFO] [findTargetElementList]: [sel-list#5] mainPopup/领取奖励 缓存#3(1/1) ✓ 1个 12193ms
[2026-04-03 16:20:12] [hamibot] [INFO]:[INFO] [findTargetElementWithCacheStrict]: [sel-strict#4] mainPopup/去浏览全新好物 缓存[3] 全部✗ 剩余errorTime=1 5685ms
[2026-04-03 16:20:18] [hamibot] [INFO]:[INFO] [findTargetElementWithCacheStrict]: [sel-strict#7] mainPopup/浏览推荐的国补商品 缓存#3(1/1) ✓ 5829ms
[2026-04-03 16:20:22] [hamibot] [INFO]:[INFO] [findTargetElementWithCacheStrict]: [sel-strict#6] mainPopup/去蚂蚁森林逛一逛 缓存#3(1/1) ✓ 3980ms
[2026-04-03 16:20:29] [hamibot] [INFO]:[INFO] [findTargetElementWithCacheStrict]: [sel-strict#2] mainPopup/去支付宝农场领水果 缓存[3] 全部✗ 剩余errorTime=1 6424ms
[2026-04-03 16:20:34] [hamibot] [INFO]:[INFO] [findTargetElementWithCacheStrict]: [sel-strict#6] mainPopup/去淘宝签到领红包 缓存#3(1/1) ✓ 5681ms
[2026-04-03 16:20:34] [hamibot] [INFO]:[INFO] [checkGetGold]: checkGetGold: click reward for taskList 去淘宝签到领红包
[2026-04-03 16:20:35] [hamibot] [INFO]:[INFO] [Anonymous functions]: 浏览指定频道好物: hasRun=true
[2026-04-03 16:20:36] [hamibot] [INFO]:[INFO] [Anonymous functions]: 搜一搜喜欢的商品: hasRun=true
[2026-04-03 16:20:36] [hamibot] [INFO]:[INFO] [Anonymous functions]: 去浏览全新好物: hasRun=false
[2026-04-03 16:20:36] [hamibot] [INFO]:[INFO] [Anonymous functions]: 浏览推荐的国补商品: hasRun=false
[2026-04-03 16:20:36] [hamibot] [INFO]:[INFO] [Anonymous functions]: 去蚂蚁森林逛一逛: hasRun=undefined
[2026-04-03 16:20:36] [hamibot] [INFO]:[INFO] [Anonymous functions]: 去支付宝农场领水果: hasRun=false
[2026-04-03 16:20:36] [hamibot] [INFO]:[INFO] [Anonymous functions]: 去淘宝签到领红包: hasRun=true
[2026-04-03 16:20:36] [hamibot] [INFO]:[INFO] [Anonymous functions]: 去蚂蚁森林逛一逛: hasRun=false
[2026-04-03 16:20:36] [hamibot] [INFO]:[INFO] [Anonymous functions]: 去蚂蚁庄园逛一逛: hasRun=false
[2026-04-03 16:20:36] [hamibot] [INFO]:[INFO] [Anonymous functions]: 去支付宝领积分: hasRun=false
[2026-04-03 16:20:36] [hamibot] [INFO]:[INFO] [Anonymous functions]: 浏览鱼小铺工作台: hasRun=false
[2026-04-03 16:20:36] [hamibot] [INFO]:[INFO] [Anonymous functions]: 搜一搜推荐商品: hasRun=false
[2026-04-03 16:20:36] [hamibot] [INFO]:[INFO] [Anonymous functions]: 领至高20元外卖红包: hasRun=false
[2026-04-03 16:20:36] [hamibot] [INFO]:[INFO] [Anonymous functions]: 看视频奖励100币: hasRun=false
[2026-04-03 16:20:36] [hamibot] [INFO]:[INFO] [Anonymous functions]: 看视频奖励100币: hasRun=false
[2026-04-03 16:20:37] [hamibot] [INFO]:[INFO] [Anonymous functions]: 看视频奖励100币: hasRun=false
[2026-04-03 16:20:37] [hamibot] [INFO]:[INFO] [Anonymous functions]: 看视频奖励100币: hasRun=false
[2026-04-03 16:20:37] [hamibot] [INFO]:[INFO] [Anonymous functions]: 发布一件新宝贝: hasRun=false
[2026-04-03 16:20:42] [hamibot] [INFO]:[INFO] [findTargetElementWithCacheStrict]: [sel-strict#5] mainPopup/签到 缓存[3] errorTime耗尽，降级串行 5832ms
[2026-04-03 16:20:43] [hamibot] [INFO]:[INFO] [findTargetElementWithCacheStrict]: [sel-strict#5] mainPopup/签到 串行启动 12 条策略
[2026-04-03 16:21:58] [hamibot] [ERROR]:[ERROR] [findTargetElementWithCacheStrict]: [sel-strict#5] mainPopup/签到 串行全部✗ 串行75365ms 总81233ms
[2026-04-03 16:22:04] [hamibot] [INFO]:[INFO] [findTargetElementWithCacheStrict]: [sel-strict#7] mainPopup/去蚂蚁森林逛一逛 缓存#3(1/1) ✓ 5775ms
[2026-04-03 16:22:10] [hamibot] [INFO]:[INFO] [findTargetElementWithCacheStrict]: [sel-strict#8] mainPopup/去蚂蚁森林逛一逛 缓存#3(1/1) ✓ 5473ms
[2026-04-03 16:22:20] [hamibot] [INFO]:[INFO] [findTargetElementList]: [sel-list#8] mainPopup/去完成 缓存#3(1/1) ✓ 23个 10134ms
[2026-04-03 16:22:20] [hamibot] [INFO]:[INFO] [findBtn_1]: sysReact, 去完成 bounds: Rect(863, 1535 - 971, 1585)
[2026-04-03 16:22:21] [hamibot] [INFO]:[INFO] [findBtn_1]: 运行++去蚂蚁森林逛一逛
[2026-04-03 16:22:27] [hamibot] [INFO]:[INFO] [findTargetElementWithCache]: [sel#105] mainPopup/今天 缓存[9] 全部✗ 剩余errorTime=39 79ms
[2026-04-03 16:22:28] [hamibot] [INFO]:[INFO] [findTargetElementWithCache]: [sel#24] coinExchangeMain/闲鱼币抵扣 缓存[3,6] 全部✗ 剩余errorTime=16 131ms
[2026-04-03 16:22:28] [hamibot] [INFO]:[INFO] [backMainPage]: 当前app不是闲鱼，直接回退 com.eg.android.AlipayGphone
[2026-04-03 16:22:29] [hamibot] [INFO]:[INFO] [findTargetElementWithCache]: [sel#106] mainPopup/今天 缓存[9] 全部✗ 剩余errorTime=38 94ms
[2026-04-03 16:22:29] [hamibot] [INFO]:[INFO] [findTargetElementWithCache]: [sel#25] coinExchangeMain/闲鱼币抵扣 缓存[3,6] 全部✗ 剩余errorTime=15 126ms
[2026-04-03 16:22:29] [hamibot] [INFO]:[INFO] [backMainPage]: 当前app不是闲鱼，直接回退 com.eg.android.AlipayGphone
[2026-04-03 16:22:29] [hamibot] [INFO]:[INFO] [findTargetElementWithCache]: [sel#107] mainPopup/今天 缓存[9] 全部✗ 剩余errorTime=37 91ms
[2026-04-03 16:22:29] [hamibot] [INFO]:[INFO] [findTargetElementWithCache]: [sel#26] coinExchangeMain/闲鱼币抵扣 缓存[3,6] 全部✗ 剩余errorTime=14 122ms
[2026-04-03 16:22:29] [hamibot] [INFO]:[INFO] [backMainPage]: 当前app不是闲鱼，直接回退 com.eg.android.AlipayGphone
[2026-04-03 16:22:30] [hamibot] [ERROR]:[ERROR] [backMainPage]: 死循环了， 关闭app
[2026-04-03 16:22:30] [hamibot] [INFO]:[INFO] [saveElementCache]: saveElementCache 服务端共 18 条 (本次新增/更新 18 条)
[2026-04-03 16:22:30] [hamibot] [INFO]:[INFO] [flushElementCache]: 已触发异步刷新元素查找缓存
[2026-04-03 16:22:30] [hamibot] [INFO]:[INFO] [closeApp]: openHamibot true
[2026-04-03 16:22:32] [hamibot] [INFO]:[INFO] [tryClickNode]: tryClickNode com.stardust.automator.UiObject@2a023; boundsInParent: Rect(0, 0 - 240, 240); boundsInScreen: Rect(420, 2057 - 660, 2297); packageName: com.miui.home; className: android.view.View; text: null; contentDescription: 本机共有12.0 G内存，当前5.3 G可用，双击清理全部任务; viewId: com.miui.home:id/clearAnimView; checkable: false; checked: false; focusable: true; focused: false; selected: false; clickable: true; longClickable: true; enabled: true; password: false; scrollable: false; [ACTION_FOCUS, ACTION_SELECT, ACTION_CLEAR_SELECTION, ACTION_CLICK, ACTION_LONG_CLICK, ACTION_ACCESSIBILITY_FOCUS, ACTION_NEXT_AT_MOVEMENT_GRANULARITY, ACTION_PREVIOUS_AT_MOVEMENT_GRANULARITY, ACTION_SET_SELECTION]
[2026-04-03 16:22:32] [hamibot] [ LOG ]:[ LOG ] [tryClickNode]: tryClickNode: 开始尝试点击节点 com.stardust.automator.UiObject@2a023; boundsInParent: Rect(0, 0 - 240, 240); boundsInScreen: Rect(420, 2057 - 660, 2297); packageName: com.miui.home; className: android.view.View; text: null; contentDescription: 本机共有12.0 G内存，当前5.3 G可用，双击清理全部任务; viewId: com.miui.home:id/clearAnimView; checkable: false; checked: false; focusable: true; focused: false; selected: false; clickable: true; longClickable: true; enabled: true; password: false; scrollable: false; [ACTION_FOCUS, ACTION_SELECT, ACTION_CLEAR_SELECTION, ACTION_CLICK, ACTION_LONG_CLICK, ACTION_ACCESSIBILITY_FOCUS, ACTION_NEXT_AT_MOVEMENT_GRANULARITY, ACTION_PREVIOUS_AT_MOVEMENT_GRANULARITY, ACTION_SET_SELECTION]
[2026-04-03 16:22:32] [hamibot] [ LOG ]:[ LOG ] [tryClickNode]: tryClickNode: 节点clickable值: function clickable() {/*
boolean clickable()
*/}

[2026-04-03 16:22:32] [hamibot] [ LOG ]:[ LOG ] [tryClickNode]: tryClickNode: 节点clickable toString: function clickable() {/*
boolean clickable()
*/}

[2026-04-03 16:22:33] [hamibot] [ LOG ]:[ LOG ] [tryClickNode]: tryClickNode: 解析后的clickable值: true
[2026-04-03 16:22:33] [hamibot] [ LOG ]:[ LOG ] [tryClickNode]: tryClickNode: 节点本身可点击，执行直接点击
[2026-04-03 16:22:33] [hamibot] [ LOG ]:[ LOG ] [tryClickNode]: tryClickNode: 直接点击结果: true
[2026-04-03 16:22:34] [hamibot] [INFO]:[INFO] [closeApp]: 已通过最近任务页‘关闭全部’关闭应用
[2026-04-03 16:22:50] [hamibot] [INFO]:[INFO] [findTargetElementWithCache]: [sel#42] coinExchangeMain/闲鱼币 缓存#3(1/1) ✓ 89ms
[2026-04-03 16:22:51] [hamibot] [INFO]:[INFO] [findTargetElementWithCache]: [sel#108] mainPopup/今天 缓存[9] 全部✗ 剩余errorTime=36 897ms
[2026-04-03 16:22:54] [hamibot] [INFO]:[INFO] [findTargetElementWithCache]: [sel#109] mainPopup/今天 缓存[9] 全部✗ 剩余errorTime=35 2403ms
[2026-04-03 16:22:55] [hamibot] [INFO]:[INFO] [findTargetElementWithCache]: [sel#43] coinExchangeMain/闲鱼币 缓存#3(1/1) ✓ 289ms
[2026-04-03 16:22:56] [hamibot] [INFO]:[INFO] [findTargetElementWithCache]: [sel#110] mainPopup/今天 缓存[9] 全部✗ 剩余errorTime=34 1217ms
[2026-04-03 16:22:58] [hamibot] [INFO]:[INFO] [findTargetElementWithCache]: [sel#111] mainPopup/今天 缓存[9] 全部✗ 剩余errorTime=33 1250ms
[2026-04-03 16:22:59] [hamibot] [INFO]:[INFO] [findTargetElementWithCache]: [sel#112] mainPopup/今天 缓存[9] 全部✗ 剩余errorTime=32 96ms
[2026-04-03 16:23:00] [hamibot] [INFO]:[INFO] [findTargetElementWithCache]: [sel#27] coinExchangeMain/闲鱼币抵扣 缓存[3,6] 全部✗ 剩余errorTime=13 227ms
[2026-04-03 16:23:01] [hamibot] [INFO]:[INFO] [findTargetElementWithCache]: [sel#113] mainPopup/今天 缓存[9] 全部✗ 剩余errorTime=31 321ms
[2026-04-03 16:23:01] [hamibot] [INFO]:[INFO] [findTargetElementWithCache]: [sel#28] coinExchangeMain/闲鱼币抵扣 缓存[3,6] 全部✗ 剩余errorTime=12 321ms
[2026-04-03 16:23:05] [hamibot] [INFO]:[INFO] [findTargetElementWithCache]: [sel#44] coinExchangeMain/闲鱼币 缓存#3(1/1) ✓ 214ms
[2026-04-03 16:23:07] [hamibot] [INFO]:[INFO] [findTargetElementWithCache]: [sel#114] mainPopup/今天 缓存[9] 全部✗ 剩余errorTime=30 1146ms
[2026-04-03 16:23:08] [hamibot] [INFO]:[INFO] [findTargetElementWithCache]: [sel#115] mainPopup/今天 缓存[9] 全部✗ 剩余errorTime=29 442ms
[2026-04-03 16:23:09] [hamibot] [INFO]:[INFO] [findTargetElementWithCache]: [sel#45] coinExchangeMain/闲鱼币 缓存#3(1/1) ✓ 449ms
[2026-04-03 16:23:12] [hamibot] [INFO]:[INFO] [findTargetElementWithCache]: [sel#116] mainPopup/今天 缓存#9(1/1) ✓ 2803ms
[2026-04-03 16:23:19] [hamibot] [INFO]:[INFO] [findTargetElementList]: [sel-list#6] mainPopup/领取奖励 缓存[3] 全部✗ 剩余errorTime=19 6020ms
[2026-04-03 16:23:19] [hamibot] [INFO]:[INFO] [Anonymous functions]: 浏览指定频道好物: hasRun=true
[2026-04-03 16:23:19] [hamibot] [INFO]:[INFO] [Anonymous functions]: 搜一搜喜欢的商品: hasRun=true
[2026-04-03 16:23:19] [hamibot] [INFO]:[INFO] [Anonymous functions]: 去浏览全新好物: hasRun=false
[2026-04-03 16:23:19] [hamibot] [INFO]:[INFO] [Anonymous functions]: 浏览推荐的国补商品: hasRun=false
[2026-04-03 16:23:19] [hamibot] [INFO]:[INFO] [Anonymous functions]: 去蚂蚁森林逛一逛: hasRun=undefined
[2026-04-03 16:23:19] [hamibot] [INFO]:[INFO] [Anonymous functions]: 去支付宝农场领水果: hasRun=false
[2026-04-03 16:23:19] [hamibot] [INFO]:[INFO] [Anonymous functions]: 去淘宝签到领红包: hasRun=true
[2026-04-03 16:23:19] [hamibot] [INFO]:[INFO] [Anonymous functions]: 去蚂蚁森林逛一逛: hasRun=false
[2026-04-03 16:23:19] [hamibot] [INFO]:[INFO] [Anonymous functions]: 去蚂蚁庄园逛一逛: hasRun=false
[2026-04-03 16:23:19] [hamibot] [INFO]:[INFO] [Anonymous functions]: 去支付宝领积分: hasRun=false
[2026-04-03 16:23:19] [hamibot] [INFO]:[INFO] [Anonymous functions]: 浏览鱼小铺工作台: hasRun=false
[2026-04-03 16:23:19] [hamibot] [INFO]:[INFO] [Anonymous functions]: 搜一搜推荐商品: hasRun=false
[2026-04-03 16:23:19] [hamibot] [INFO]:[INFO] [Anonymous functions]: 领至高20元外卖红包: hasRun=false
[2026-04-03 16:23:20] [hamibot] [INFO]:[INFO] [Anonymous functions]: 看视频奖励100币: hasRun=false
[2026-04-03 16:23:20] [hamibot] [INFO]:[INFO] [Anonymous functions]: 看视频奖励100币: hasRun=false
[2026-04-03 16:23:20] [hamibot] [INFO]:[INFO] [Anonymous functions]: 看视频奖励100币: hasRun=false
[2026-04-03 16:23:20] [hamibot] [INFO]:[INFO] [Anonymous functions]: 看视频奖励100币: hasRun=false
[2026-04-03 16:23:20] [hamibot] [INFO]:[INFO] [Anonymous functions]: 发布一件新宝贝: hasRun=false
[2026-04-03 16:23:25] [hamibot] [INFO]:[INFO] [findTargetElementWithCacheStrict]: [sel-strict#6] mainPopup/签到 缓存[3] errorTime耗尽，降级串行 5199ms
[2026-04-03 16:23:25] [hamibot] [INFO]:[INFO] [findTargetElementWithCacheStrict]: [sel-strict#6] mainPopup/签到 串行启动 12 条策略
[2026-04-03 16:24:41] [hamibot] [ERROR]:[ERROR] [findTargetElementWithCacheStrict]: [sel-strict#6] mainPopup/签到 串行全部✗ 串行75823ms 总81075ms
[2026-04-03 16:24:48] [hamibot] [INFO]:[INFO] [findTargetElementWithCacheStrict]: [sel-strict#9] mainPopup/去蚂蚁森林逛一逛 缓存#3(1/1) ✓ 6582ms
[2026-04-03 16:24:53] [hamibot] [INFO]:[INFO] [findTargetElementWithCacheStrict]: [sel-strict#10] mainPopup/去蚂蚁森林逛一逛 缓存#3(1/1) ✓ 4949ms
[2026-04-03 16:25:06] [hamibot] [INFO]:[INFO] [findTargetElementList]: [sel-list#9] mainPopup/去完成 缓存#3(1/1) ✓ 23个 12456ms
[2026-04-03 16:25:06] [hamibot] [INFO]:[INFO] [findBtn_1]: sysReact, 去完成 bounds: Rect(863, 1535 - 971, 1585)
[2026-04-03 16:25:07] [hamibot] [INFO]:[INFO] [findBtn_1]: 运行++去蚂蚁森林逛一逛
[2026-04-03 16:25:13] [hamibot] [INFO]:[INFO] [findTargetElementWithCache]: [sel#117] mainPopup/今天 缓存[9] 全部✗ 剩余errorTime=39 78ms
[2026-04-03 16:25:13] [hamibot] [INFO]:[INFO] [findTargetElementWithCache]: [sel#29] coinExchangeMain/闲鱼币抵扣 缓存[3,6] 全部✗ 剩余errorTime=11 119ms
[2026-04-03 16:25:13] [hamibot] [INFO]:[INFO] [backMainPage]: 当前app不是闲鱼，直接回退 com.eg.android.AlipayGphone
[2026-04-03 16:25:14] [hamibot] [INFO]:[INFO] [findTargetElementWithCache]: [sel#118] mainPopup/今天 缓存[9] 全部✗ 剩余errorTime=38 109ms
[2026-04-03 16:25:14] [hamibot] [INFO]:[INFO] [findTargetElementWithCache]: [sel#30] coinExchangeMain/闲鱼币抵扣 缓存[3,6] 全部✗ 剩余errorTime=10 128ms
[2026-04-03 16:25:14] [hamibot] [INFO]:[INFO] [backMainPage]: 当前app不是闲鱼，直接回退 com.eg.android.AlipayGphone
[2026-04-03 16:25:14] [hamibot] [INFO]:[INFO] [findTargetElementWithCache]: [sel#119] mainPopup/今天 缓存[9] 全部✗ 剩余errorTime=37 75ms
[2026-04-03 16:25:14] [hamibot] [INFO]:[INFO] [findTargetElementWithCache]: [sel#31] coinExchangeMain/闲鱼币抵扣 缓存[3,6] 全部✗ 剩余errorTime=9 140ms
[2026-04-03 16:25:14] [hamibot] [INFO]:[INFO] [backMainPage]: 当前app不是闲鱼，直接回退 com.eg.android.AlipayGphone
[2026-04-03 16:25:15] [hamibot] [ERROR]:[ERROR] [backMainPage]: 死循环了， 关闭app
[2026-04-03 16:25:15] [hamibot] [INFO]:[INFO] [saveElementCache]: saveElementCache 服务端共 18 条 (本次新增/更新 18 条)
[2026-04-03 16:25:15] [hamibot] [INFO]:[INFO] [flushElementCache]: 已触发异步刷新元素查找缓存
[2026-04-03 16:25:15] [hamibot] [INFO]:[INFO] [closeApp]: openHamibot true
[2026-04-03 16:25:17] [hamibot] [INFO]:[INFO] [tryClickNode]: tryClickNode com.stardust.automator.UiObject@2a023; boundsInParent: Rect(0, 0 - 240, 240); boundsInScreen: Rect(420, 2057 - 660, 2297); packageName: com.miui.home; className: android.view.View; text: null; contentDescription: 本机共有12.0 G内存，当前5.5 G可用，双击清理全部任务; viewId: com.miui.home:id/clearAnimView; checkable: false; checked: false; focusable: true; focused: false; selected: false; clickable: true; longClickable: true; enabled: true; password: false; scrollable: false; [ACTION_FOCUS, ACTION_SELECT, ACTION_CLEAR_SELECTION, ACTION_CLICK, ACTION_LONG_CLICK, ACTION_ACCESSIBILITY_FOCUS, ACTION_NEXT_AT_MOVEMENT_GRANULARITY, ACTION_PREVIOUS_AT_MOVEMENT_GRANULARITY, ACTION_SET_SELECTION]
[2026-04-03 16:25:17] [hamibot] [ LOG ]:[ LOG ] [tryClickNode]: tryClickNode: 开始尝试点击节点 com.stardust.automator.UiObject@2a023; boundsInParent: Rect(0, 0 - 240, 240); boundsInScreen: Rect(420, 2057 - 660, 2297); packageName: com.miui.home; className: android.view.View; text: null; contentDescription: 本机共有12.0 G内存，当前5.5 G可用，双击清理全部任务; viewId: com.miui.home:id/clearAnimView; checkable: false; checked: false; focusable: true; focused: false; selected: false; clickable: true; longClickable: true; enabled: true; password: false; scrollable: false; [ACTION_FOCUS, ACTION_SELECT, ACTION_CLEAR_SELECTION, ACTION_CLICK, ACTION_LONG_CLICK, ACTION_ACCESSIBILITY_FOCUS, ACTION_NEXT_AT_MOVEMENT_GRANULARITY, ACTION_PREVIOUS_AT_MOVEMENT_GRANULARITY, ACTION_SET_SELECTION]
[2026-04-03 16:25:17] [hamibot] [ LOG ]:[ LOG ] [tryClickNode]: tryClickNode: 节点clickable值: function clickable() {/*
boolean clickable()
*/}

[2026-04-03 16:25:17] [hamibot] [ LOG ]:[ LOG ] [tryClickNode]: tryClickNode: 节点clickable toString: function clickable() {/*
boolean clickable()
*/}

[2026-04-03 16:25:17] [hamibot] [ LOG ]:[ LOG ] [tryClickNode]: tryClickNode: 解析后的clickable值: true
[2026-04-03 16:25:17] [hamibot] [ LOG ]:[ LOG ] [tryClickNode]: tryClickNode: 节点本身可点击，执行直接点击
[2026-04-03 16:25:17] [hamibot] [ LOG ]:[ LOG ] [tryClickNode]: tryClickNode: 直接点击结果: true
[2026-04-03 16:25:18] [hamibot] [INFO]:[INFO] [closeApp]: 已通过最近任务页‘关闭全部’关闭应用
[2026-04-03 16:25:35] [hamibot] [INFO]:[INFO] [findTargetElementWithCache]: [sel#46] coinExchangeMain/闲鱼币 缓存#3(1/1) ✓ 518ms
[2026-04-03 16:25:43] [hamibot] [INFO]:[INFO] [findTargetElementWithCache]: [sel#120] mainPopup/今天 缓存[9] 全部✗ 剩余errorTime=36 7535ms
[2026-04-03 16:25:46] [hamibot] [INFO]:[INFO] [findTargetElementWithCache]: [sel#121] mainPopup/今天 缓存#9(1/1) ✓ 2653ms
[2026-04-03 16:25:47] [hamibot] [INFO]:[INFO] [findTargetElementWithCache]: [sel#47] coinExchangeMain/闲鱼币 缓存#3(1/1) ✓ 499ms
[2026-04-03 16:25:50] [hamibot] [INFO]:[INFO] [findTargetElementWithCache]: [sel#122] mainPopup/今天 缓存#9(1/1) ✓ 2310ms
[2026-04-03 16:25:57] [hamibot] [INFO]:[INFO] [findTargetElementList]: [sel-list#7] mainPopup/领取奖励 缓存[3] 全部✗ 剩余errorTime=18 6039ms
[2026-04-03 16:25:57] [hamibot] [INFO]:[INFO] [Anonymous functions]: 浏览指定频道好物: hasRun=true
[2026-04-03 16:25:57] [hamibot] [INFO]:[INFO] [Anonymous functions]: 搜一搜喜欢的商品: hasRun=true
[2026-04-03 16:25:57] [hamibot] [INFO]:[INFO] [Anonymous functions]: 去浏览全新好物: hasRun=false
[2026-04-03 16:25:57] [hamibot] [INFO]:[INFO] [Anonymous functions]: 浏览推荐的国补商品: hasRun=false
[2026-04-03 16:25:57] [hamibot] [INFO]:[INFO] [Anonymous functions]: 去蚂蚁森林逛一逛: hasRun=undefined
[2026-04-03 16:25:57] [hamibot] [INFO]:[INFO] [Anonymous functions]: 去支付宝农场领水果: hasRun=false
[2026-04-03 16:25:57] [hamibot] [INFO]:[INFO] [Anonymous functions]: 去淘宝签到领红包: hasRun=true
[2026-04-03 16:25:57] [hamibot] [INFO]:[INFO] [Anonymous functions]: 去蚂蚁森林逛一逛: hasRun=false
[2026-04-03 16:25:57] [hamibot] [INFO]:[INFO] [Anonymous functions]: 去蚂蚁庄园逛一逛: hasRun=false
[2026-04-03 16:25:57] [hamibot] [INFO]:[INFO] [Anonymous functions]: 去支付宝领积分: hasRun=false
[2026-04-03 16:25:57] [hamibot] [INFO]:[INFO] [Anonymous functions]: 浏览鱼小铺工作台: hasRun=false
[2026-04-03 16:25:57] [hamibot] [INFO]:[INFO] [Anonymous functions]: 搜一搜推荐商品: hasRun=false
[2026-04-03 16:25:57] [hamibot] [INFO]:[INFO] [Anonymous functions]: 领至高20元外卖红包: hasRun=false
[2026-04-03 16:25:57] [hamibot] [INFO]:[INFO] [Anonymous functions]: 看视频奖励100币: hasRun=false
[2026-04-03 16:25:57] [hamibot] [INFO]:[INFO] [Anonymous functions]: 看视频奖励100币: hasRun=false
[2026-04-03 16:25:57] [hamibot] [INFO]:[INFO] [Anonymous functions]: 看视频奖励100币: hasRun=false
[2026-04-03 16:25:57] [hamibot] [INFO]:[INFO] [Anonymous functions]: 看视频奖励100币: hasRun=false
[2026-04-03 16:25:58] [hamibot] [INFO]:[INFO] [Anonymous functions]: 发布一件新宝贝: hasRun=false
[2026-04-03 16:26:04] [hamibot] [INFO]:[INFO] [findTargetElementWithCacheStrict]: [sel-strict#7] mainPopup/签到 缓存[3] errorTime耗尽，降级串行 6177ms
[2026-04-03 16:26:04] [hamibot] [INFO]:[INFO] [findTargetElementWithCacheStrict]: [sel-strict#7] mainPopup/签到 串行启动 12 条策略
[2026-04-03 16:27:22] [hamibot] [ERROR]:[ERROR] [findTargetElementWithCacheStrict]: [sel-strict#7] mainPopup/签到 串行全部✗ 串行78483ms 总84695ms
[2026-04-03 16:27:29] [hamibot] [INFO]:[INFO] [findTargetElementWithCacheStrict]: [sel-strict#11] mainPopup/去蚂蚁森林逛一逛 缓存#3(1/1) ✓ 6434ms
[2026-04-03 16:27:35] [hamibot] [INFO]:[INFO] [findTargetElementWithCacheStrict]: [sel-strict#12] mainPopup/去蚂蚁森林逛一逛 缓存#3(1/1) ✓ 6239ms
[2026-04-03 16:27:46] [hamibot] [INFO]:[INFO] [findTargetElementList]: [sel-list#10] mainPopup/去完成 缓存#3(1/1) ✓ 23个 9967ms
[2026-04-03 16:27:46] [hamibot] [INFO]:[INFO] [findBtn_1]: sysReact, 去完成 bounds: Rect(863, 1535 - 971, 1585)
[2026-04-03 16:27:47] [hamibot] [INFO]:[INFO] [findBtn_1]: 运行++去蚂蚁森林逛一逛
[2026-04-03 16:27:53] [hamibot] [INFO]:[INFO] [findTargetElementWithCache]: [sel#123] mainPopup/今天 缓存[9] 全部✗ 剩余errorTime=39 84ms
[2026-04-03 16:27:53] [hamibot] [INFO]:[INFO] [findTargetElementWithCache]: [sel#32] coinExchangeMain/闲鱼币抵扣 缓存[3,6] 全部✗ 剩余errorTime=8 134ms
[2026-04-03 16:27:53] [hamibot] [INFO]:[INFO] [backMainPage]: 当前app不是闲鱼，直接回退 com.eg.android.AlipayGphone
[2026-04-03 16:27:53] [hamibot] [INFO]:[INFO] [findTargetElementWithCache]: [sel#124] mainPopup/今天 缓存[9] 全部✗ 剩余errorTime=38 70ms
[2026-04-03 16:27:54] [hamibot] [INFO]:[INFO] [findTargetElementWithCache]: [sel#33] coinExchangeMain/闲鱼币抵扣 缓存[3,6] 全部✗ 剩余errorTime=7 129ms
[2026-04-03 16:27:54] [hamibot] [INFO]:[INFO] [backMainPage]: 当前app不是闲鱼，直接回退 com.eg.android.AlipayGphone
[2026-04-03 16:27:54] [hamibot] [INFO]:[INFO] [findTargetElementWithCache]: [sel#125] mainPopup/今天 缓存[9] 全部✗ 剩余errorTime=37 73ms
[2026-04-03 16:27:54] [hamibot] [INFO]:[INFO] [findTargetElementWithCache]: [sel#34] coinExchangeMain/闲鱼币抵扣 缓存[3,6] 全部✗ 剩余errorTime=6 122ms
[2026-04-03 16:27:54] [hamibot] [INFO]:[INFO] [backMainPage]: 当前app不是闲鱼，直接回退 com.eg.android.AlipayGphone
[2026-04-03 16:27:54] [hamibot] [ERROR]:[ERROR] [backMainPage]: 死循环了， 关闭app
[2026-04-03 16:27:54] [hamibot] [INFO]:[INFO] [saveElementCache]: saveElementCache 服务端共 18 条 (本次新增/更新 18 条)
[2026-04-03 16:27:54] [hamibot] [INFO]:[INFO] [flushElementCache]: 已触发异步刷新元素查找缓存
[2026-04-03 16:27:54] [hamibot] [INFO]:[INFO] [closeApp]: openHamibot true
[2026-04-03 16:27:57] [hamibot] [INFO]:[INFO] [tryClickNode]: tryClickNode com.stardust.automator.UiObject@2a023; boundsInParent: Rect(0, 0 - 240, 240); boundsInScreen: Rect(420, 2057 - 660, 2297); packageName: com.miui.home; className: android.view.View; text: null; contentDescription: 本机共有12.0 G内存，当前5.3 G可用，双击清理全部任务; viewId: com.miui.home:id/clearAnimView; checkable: false; checked: false; focusable: true; focused: false; selected: false; clickable: true; longClickable: true; enabled: true; password: false; scrollable: false; [ACTION_FOCUS, ACTION_SELECT, ACTION_CLEAR_SELECTION, ACTION_CLICK, ACTION_LONG_CLICK, ACTION_ACCESSIBILITY_FOCUS, ACTION_NEXT_AT_MOVEMENT_GRANULARITY, ACTION_PREVIOUS_AT_MOVEMENT_GRANULARITY, ACTION_SET_SELECTION]
[2026-04-03 16:27:57] [hamibot] [ LOG ]:[ LOG ] [tryClickNode]: tryClickNode: 开始尝试点击节点 com.stardust.automator.UiObject@2a023; boundsInParent: Rect(0, 0 - 240, 240); boundsInScreen: Rect(420, 2057 - 660, 2297); packageName: com.miui.home; className: android.view.View; text: null; contentDescription: 本机共有12.0 G内存，当前5.3 G可用，双击清理全部任务; viewId: com.miui.home:id/clearAnimView; checkable: false; checked: false; focusable: true; focused: false; selected: false; clickable: true; longClickable: true; enabled: true; password: false; scrollable: false; [ACTION_FOCUS, ACTION_SELECT, ACTION_CLEAR_SELECTION, ACTION_CLICK, ACTION_LONG_CLICK, ACTION_ACCESSIBILITY_FOCUS, ACTION_NEXT_AT_MOVEMENT_GRANULARITY, ACTION_PREVIOUS_AT_MOVEMENT_GRANULARITY, ACTION_SET_SELECTION]
[2026-04-03 16:27:57] [hamibot] [ LOG ]:[ LOG ] [tryClickNode]: tryClickNode: 节点clickable值: function clickable() {/*
boolean clickable()
*/}

[2026-04-03 16:27:57] [hamibot] [ LOG ]:[ LOG ] [tryClickNode]: tryClickNode: 节点clickable toString: function clickable() {/*
boolean clickable()
*/}

[2026-04-03 16:27:57] [hamibot] [ LOG ]:[ LOG ] [tryClickNode]: tryClickNode: 解析后的clickable值: true
[2026-04-03 16:27:57] [hamibot] [ LOG ]:[ LOG ] [tryClickNode]: tryClickNode: 节点本身可点击，执行直接点击
[2026-04-03 16:27:57] [hamibot] [ LOG ]:[ LOG ] [tryClickNode]: tryClickNode: 直接点击结果: true
[2026-04-03 16:27:58] [hamibot] [INFO]:[INFO] [closeApp]: 已通过最近任务页‘关闭全部’关闭应用
[2026-04-03 16:28:13] [hamibot] [INFO]:[INFO] [findTargetElementWithCache]: [sel#48] coinExchangeMain/闲鱼币 缓存#3(1/1) ✓ 165ms
[2026-04-03 16:28:13] [hamibot] [INFO]:[INFO] [findTargetElementWithCache]: [sel#126] mainPopup/今天 缓存[9] 全部✗ 剩余errorTime=36 308ms
[2026-04-03 16:28:18] [hamibot] [INFO]:[INFO] [findTargetElementWithCache]: [sel#127] mainPopup/今天 缓存#9(1/1) ✓ 3928ms
[2026-04-03 16:28:19] [hamibot] [INFO]:[INFO] [findTargetElementWithCache]: [sel#49] coinExchangeMain/闲鱼币 缓存#3(1/1) ✓ 249ms
[2026-04-03 16:28:22] [hamibot] [INFO]:[INFO] [findTargetElementWithCache]: [sel#128] mainPopup/今天 缓存#9(1/1) ✓ 3376ms
[2026-04-03 16:28:30] [hamibot] [INFO]:[INFO] [findTargetElementList]: [sel-list#8] mainPopup/领取奖励 缓存[3] 全部✗ 剩余errorTime=17 6717ms
[2026-04-03 16:28:30] [hamibot] [INFO]:[INFO] [Anonymous functions]: 浏览指定频道好物: hasRun=true
[2026-04-03 16:28:30] [hamibot] [INFO]:[INFO] [Anonymous functions]: 搜一搜喜欢的商品: hasRun=true
[2026-04-03 16:28:30] [hamibot] [INFO]:[INFO] [Anonymous functions]: 去浏览全新好物: hasRun=false
[2026-04-03 16:28:30] [hamibot] [INFO]:[INFO] [Anonymous functions]: 浏览推荐的国补商品: hasRun=false
[2026-04-03 16:28:30] [hamibot] [INFO]:[INFO] [Anonymous functions]: 去蚂蚁森林逛一逛: hasRun=undefined
[2026-04-03 16:28:30] [hamibot] [INFO]:[INFO] [Anonymous functions]: 去支付宝农场领水果: hasRun=false
[2026-04-03 16:28:30] [hamibot] [INFO]:[INFO] [Anonymous functions]: 去淘宝签到领红包: hasRun=true
[2026-04-03 16:28:30] [hamibot] [INFO]:[INFO] [Anonymous functions]: 去蚂蚁森林逛一逛: hasRun=false
[2026-04-03 16:28:31] [hamibot] [INFO]:[INFO] [Anonymous functions]: 去蚂蚁庄园逛一逛: hasRun=false
[2026-04-03 16:28:31] [hamibot] [INFO]:[INFO] [Anonymous functions]: 去支付宝领积分: hasRun=false
[2026-04-03 16:28:31] [hamibot] [INFO]:[INFO] [Anonymous functions]: 浏览鱼小铺工作台: hasRun=false
[2026-04-03 16:28:31] [hamibot] [INFO]:[INFO] [Anonymous functions]: 搜一搜推荐商品: hasRun=false
[2026-04-03 16:28:31] [hamibot] [INFO]:[INFO] [Anonymous functions]: 领至高20元外卖红包: hasRun=false
[2026-04-03 16:28:31] [hamibot] [INFO]:[INFO] [Anonymous functions]: 看视频奖励100币: hasRun=false
[2026-04-03 16:28:31] [hamibot] [INFO]:[INFO] [Anonymous functions]: 看视频奖励100币: hasRun=false
[2026-04-03 16:28:31] [hamibot] [INFO]:[INFO] [Anonymous functions]: 看视频奖励100币: hasRun=false
[2026-04-03 16:28:31] [hamibot] [INFO]:[INFO] [Anonymous functions]: 看视频奖励100币: hasRun=false
[2026-04-03 16:28:31] [hamibot] [INFO]:[INFO] [Anonymous functions]: 发布一件新宝贝: hasRun=false
[2026-04-03 16:28:37] [hamibot] [INFO]:[INFO] [findTargetElementWithCacheStrict]: [sel-strict#8] mainPopup/签到 缓存[3] errorTime耗尽，降级串行 5276ms
[2026-04-03 16:28:37] [hamibot] [INFO]:[INFO] [findTargetElementWithCacheStrict]: [sel-strict#8] mainPopup/签到 串行启动 12 条策略
[2026-04-03 16:29:27] [hamibot] [ERROR]:[ERROR] [findTargetElementWithCacheStrict]: [sel-strict#8] mainPopup/签到 串行全部✗ 串行50845ms 总56184ms
[2026-04-03 16:29:29] [hamibot] [INFO]:[INFO] [findTargetElementWithCacheStrict]: [sel-strict#13] mainPopup/去蚂蚁森林逛一逛 缓存#3(1/1) ✓ 1224ms
[2026-04-03 16:29:31] [hamibot] [INFO]:[INFO] [findTargetElementWithCacheStrict]: [sel-strict#14] mainPopup/去蚂蚁森林逛一逛 缓存#3(1/1) ✓ 1419ms
[2026-04-03 16:29:42] [hamibot] [INFO]:[INFO] [findTargetElementList]: [sel-list#11] mainPopup/去完成 缓存#3(1/1) ✓ 23个 11412ms
[2026-04-03 16:29:42] [hamibot] [INFO]:[INFO] [findBtn_1]: sysReact, 去完成 bounds: Rect(863, 1535 - 971, 1585)
[2026-04-03 16:29:43] [hamibot] [INFO]:[INFO] [findBtn_1]: 运行++去蚂蚁森林逛一逛
[2026-04-03 16:29:49] [hamibot] [INFO]:[INFO] [findTargetElementWithCache]: [sel#129] mainPopup/今天 缓存[9] 全部✗ 剩余errorTime=39 79ms
[2026-04-03 16:29:49] [hamibot] [INFO]:[INFO] [findTargetElementWithCache]: [sel#35] coinExchangeMain/闲鱼币抵扣 缓存[3,6] 全部✗ 剩余errorTime=5 135ms
[2026-04-03 16:29:50] [hamibot] [INFO]:[INFO] [backMainPage]: 当前app不是闲鱼，直接回退 com.eg.android.AlipayGphone
[2026-04-03 16:29:52] [hamibot] [INFO]:[INFO] [findTargetElementWithCache]: [sel#130] mainPopup/今天 缓存[9] 全部✗ 剩余errorTime=38 74ms
[2026-04-03 16:29:52] [hamibot] [INFO]:[INFO] [findTargetElementWithCache]: [sel#36] coinExchangeMain/闲鱼币抵扣 缓存[3,6] 全部✗ 剩余errorTime=4 129ms
[2026-04-03 16:29:52] [hamibot] [INFO]:[INFO] [backMainPage]: 当前app不是闲鱼，直接回退 com.eg.android.AlipayGphone
[2026-04-03 16:29:52] [hamibot] [INFO]:[INFO] [findTargetElementWithCache]: [sel#131] mainPopup/今天 缓存[9] 全部✗ 剩余errorTime=37 68ms
[2026-04-03 16:29:53] [hamibot] [INFO]:[INFO] [findTargetElementWithCache]: [sel#37] coinExchangeMain/闲鱼币抵扣 缓存[3,6] 全部✗ 剩余errorTime=3 125ms
[2026-04-03 16:29:53] [hamibot] [INFO]:[INFO] [backMainPage]: 当前app不是闲鱼，直接回退 com.eg.android.AlipayGphone
[2026-04-03 16:29:53] [hamibot] [ERROR]:[ERROR] [backMainPage]: 死循环了， 关闭app
[2026-04-03 16:29:53] [hamibot] [INFO]:[INFO] [saveElementCache]: saveElementCache 服务端共 18 条 (本次新增/更新 18 条)
[2026-04-03 16:29:53] [hamibot] [INFO]:[INFO] [flushElementCache]: 已触发异步刷新元素查找缓存
[2026-04-03 16:29:53] [hamibot] [INFO]:[INFO] [closeApp]: openHamibot true
[2026-04-03 16:29:55] [hamibot] [INFO]:[INFO] [tryClickNode]: tryClickNode com.stardust.automator.UiObject@2a023; boundsInParent: Rect(0, 0 - 240, 240); boundsInScreen: Rect(420, 2057 - 660, 2297); packageName: com.miui.home; className: android.view.View; text: null; contentDescription: 本机共有12.0 G内存，当前5.3 G可用，双击清理全部任务; viewId: com.miui.home:id/clearAnimView; checkable: false; checked: false; focusable: true; focused: false; selected: false; clickable: true; longClickable: true; enabled: true; password: false; scrollable: false; [ACTION_FOCUS, ACTION_SELECT, ACTION_CLEAR_SELECTION, ACTION_CLICK, ACTION_LONG_CLICK, ACTION_ACCESSIBILITY_FOCUS, ACTION_NEXT_AT_MOVEMENT_GRANULARITY, ACTION_PREVIOUS_AT_MOVEMENT_GRANULARITY, ACTION_SET_SELECTION]
[2026-04-03 16:29:55] [hamibot] [ LOG ]:[ LOG ] [tryClickNode]: tryClickNode: 开始尝试点击节点 com.stardust.automator.UiObject@2a023; boundsInParent: Rect(0, 0 - 240, 240); boundsInScreen: Rect(420, 2057 - 660, 2297); packageName: com.miui.home; className: android.view.View; text: null; contentDescription: 本机共有12.0 G内存，当前5.3 G可用，双击清理全部任务; viewId: com.miui.home:id/clearAnimView; checkable: false; checked: false; focusable: true; focused: false; selected: false; clickable: true; longClickable: true; enabled: true; password: false; scrollable: false; [ACTION_FOCUS, ACTION_SELECT, ACTION_CLEAR_SELECTION, ACTION_CLICK, ACTION_LONG_CLICK, ACTION_ACCESSIBILITY_FOCUS, ACTION_NEXT_AT_MOVEMENT_GRANULARITY, ACTION_PREVIOUS_AT_MOVEMENT_GRANULARITY, ACTION_SET_SELECTION]
[2026-04-03 16:29:55] [hamibot] [ LOG ]:[ LOG ] [tryClickNode]: tryClickNode: 节点clickable值: function clickable() {/*
boolean clickable()
*/}

[2026-04-03 16:29:55] [hamibot] [ LOG ]:[ LOG ] [tryClickNode]: tryClickNode: 节点clickable toString: function clickable() {/*
boolean clickable()
*/}

[2026-04-03 16:29:55] [hamibot] [ LOG ]:[ LOG ] [tryClickNode]: tryClickNode: 解析后的clickable值: true
[2026-04-03 16:29:55] [hamibot] [ LOG ]:[ LOG ] [tryClickNode]: tryClickNode: 节点本身可点击，执行直接点击
[2026-04-03 16:29:55] [hamibot] [ LOG ]:[ LOG ] [tryClickNode]: tryClickNode: 直接点击结果: true
[2026-04-03 16:29:56] [hamibot] [INFO]:[INFO] [closeApp]: 已通过最近任务页‘关闭全部’关闭应用
[2026-04-03 16:30:12] [hamibot] [INFO]:[INFO] [findTargetElementWithCache]: [sel#50] coinExchangeMain/闲鱼币 缓存#3(1/1) ✓ 709ms
[2026-04-03 16:30:20] [hamibot] [INFO]:[INFO] [findTargetElementWithCache]: [sel#132] mainPopup/今天 缓存[9] 全部✗ 剩余errorTime=36 7865ms
[2026-04-03 16:30:23] [hamibot] [INFO]:[INFO] [findTargetElementWithCache]: [sel#133] mainPopup/今天 缓存#9(1/1) ✓ 3016ms
[2026-04-03 16:30:24] [hamibot] [INFO]:[INFO] [findTargetElementWithCache]: [sel#51] coinExchangeMain/闲鱼币 缓存#3(1/1) ✓ 463ms
[2026-04-03 16:30:27] [hamibot] [INFO]:[INFO] [findTargetElementWithCache]: [sel#134] mainPopup/今天 缓存#9(1/1) ✓ 2604ms
[2026-04-03 16:30:29] [hamibot] [INFO]:[INFO] [findTargetElementList]: [sel-list#9] mainPopup/领取奖励 缓存[3] 全部✗ 剩余errorTime=16 1151ms
[2026-04-03 16:30:30] [hamibot] [INFO]:[INFO] [Anonymous functions]: 浏览指定频道好物: hasRun=true
[2026-04-03 16:30:30] [hamibot] [INFO]:[INFO] [Anonymous functions]: 搜一搜喜欢的商品: hasRun=true
[2026-04-03 16:30:30] [hamibot] [INFO]:[INFO] [Anonymous functions]: 去浏览全新好物: hasRun=false
[2026-04-03 16:30:30] [hamibot] [INFO]:[INFO] [Anonymous functions]: 浏览推荐的国补商品: hasRun=false
[2026-04-03 16:30:30] [hamibot] [INFO]:[INFO] [Anonymous functions]: 去蚂蚁森林逛一逛: hasRun=undefined
[2026-04-03 16:30:30] [hamibot] [INFO]:[INFO] [Anonymous functions]: 去支付宝农场领水果: hasRun=false
[2026-04-03 16:30:30] [hamibot] [INFO]:[INFO] [Anonymous functions]: 去淘宝签到领红包: hasRun=true
[2026-04-03 16:30:30] [hamibot] [INFO]:[INFO] [Anonymous functions]: 去蚂蚁森林逛一逛: hasRun=false
[2026-04-03 16:30:30] [hamibot] [INFO]:[INFO] [Anonymous functions]: 去蚂蚁庄园逛一逛: hasRun=false
[2026-04-03 16:30:30] [hamibot] [INFO]:[INFO] [Anonymous functions]: 去支付宝领积分: hasRun=false
[2026-04-03 16:30:30] [hamibot] [INFO]:[INFO] [Anonymous functions]: 浏览鱼小铺工作台: hasRun=false
[2026-04-03 16:30:30] [hamibot] [INFO]:[INFO] [Anonymous functions]: 搜一搜推荐商品: hasRun=false
[2026-04-03 16:30:30] [hamibot] [INFO]:[INFO] [Anonymous functions]: 领至高20元外卖红包: hasRun=false
[2026-04-03 16:30:30] [hamibot] [INFO]:[INFO] [Anonymous functions]: 看视频奖励100币: hasRun=false
[2026-04-03 16:30:30] [hamibot] [INFO]:[INFO] [Anonymous functions]: 看视频奖励100币: hasRun=false
[2026-04-03 16:30:30] [hamibot] [INFO]:[INFO] [Anonymous functions]: 看视频奖励100币: hasRun=false
[2026-04-03 16:30:30] [hamibot] [INFO]:[INFO] [Anonymous functions]: 看视频奖励100币: hasRun=false
[2026-04-03 16:30:30] [hamibot] [INFO]:[INFO] [Anonymous functions]: 发布一件新宝贝: hasRun=false
[2026-04-03 16:30:32] [hamibot] [INFO]:[INFO] [findTargetElementWithCacheStrict]: [sel-strict#9] mainPopup/签到 缓存[3] errorTime耗尽，降级串行 1257ms
[2026-04-03 16:30:32] [hamibot] [INFO]:[INFO] [findTargetElementWithCacheStrict]: [sel-strict#9] mainPopup/签到 串行启动 12 条策略
[2026-04-03 16:31:43] [hamibot] [ERROR]:[ERROR] [findTargetElementWithCacheStrict]: [sel-strict#9] mainPopup/签到 串行全部✗ 串行70771ms 总72086ms
[2026-04-03 16:31:49] [hamibot] [INFO]:[INFO] [findTargetElementWithCacheStrict]: [sel-strict#15] mainPopup/去蚂蚁森林逛一逛 缓存#3(1/1) ✓ 6550ms
[2026-04-03 16:31:56] [hamibot] [INFO]:[INFO] [findTargetElementWithCacheStrict]: [sel-strict#16] mainPopup/去蚂蚁森林逛一逛 缓存#3(1/1) ✓ 6034ms
[2026-04-03 16:32:09] [hamibot] [INFO]:[INFO] [findTargetElementList]: [sel-list#12] mainPopup/去完成 缓存#3(1/1) ✓ 23个 12852ms
[2026-04-03 16:32:09] [hamibot] [INFO]:[INFO] [findBtn_1]: sysReact, 去完成 bounds: Rect(863, 1535 - 971, 1585)
[2026-04-03 16:32:10] [hamibot] [INFO]:[INFO] [findBtn_1]: 运行++去蚂蚁森林逛一逛
[2026-04-03 16:32:16] [hamibot] [INFO]:[INFO] [findTargetElementWithCache]: [sel#135] mainPopup/今天 缓存[9] 全部✗ 剩余errorTime=39 86ms
[2026-04-03 16:32:17] [hamibot] [INFO]:[INFO] [findTargetElementWithCache]: [sel#38] coinExchangeMain/闲鱼币抵扣 缓存[3,6] 全部✗ 剩余errorTime=2 124ms
[2026-04-03 16:32:17] [hamibot] [INFO]:[INFO] [backMainPage]: 当前app不是闲鱼，直接回退 com.eg.android.AlipayGphone
[2026-04-03 16:32:17] [hamibot] [INFO]:[INFO] [findTargetElementWithCache]: [sel#136] mainPopup/今天 缓存[9] 全部✗ 剩余errorTime=38 79ms
[2026-04-03 16:32:17] [hamibot] [INFO]:[INFO] [findTargetElementWithCache]: [sel#39] coinExchangeMain/闲鱼币抵扣 缓存[3,6] 全部✗ 剩余errorTime=1 123ms
[2026-04-03 16:32:18] [hamibot] [INFO]:[INFO] [backMainPage]: 当前app不是闲鱼，直接回退 com.eg.android.AlipayGphone
[2026-04-03 16:32:18] [hamibot] [INFO]:[INFO] [findTargetElementWithCache]: [sel#137] mainPopup/今天 缓存[9] 全部✗ 剩余errorTime=37 68ms
[2026-04-03 16:32:18] [hamibot] [INFO]:[INFO] [findTargetElementWithCache]: [sel#40] coinExchangeMain/闲鱼币抵扣 缓存[3,6] 全部✗ 剩余errorTime=0 119ms
[2026-04-03 16:32:18] [hamibot] [INFO]:[INFO] [backMainPage]: 当前app不是闲鱼，直接回退 com.eg.android.AlipayGphone
[2026-04-03 16:32:18] [hamibot] [ERROR]:[ERROR] [backMainPage]: 死循环了， 关闭app
[2026-04-03 16:32:18] [hamibot] [INFO]:[INFO] [saveElementCache]: saveElementCache 服务端共 18 条 (本次新增/更新 18 条)
[2026-04-03 16:32:18] [hamibot] [INFO]:[INFO] [flushElementCache]: 已触发异步刷新元素查找缓存
[2026-04-03 16:32:18] [hamibot] [INFO]:[INFO] [closeApp]: openHamibot true
[2026-04-03 16:32:21] [hamibot] [INFO]:[INFO] [tryClickNode]: tryClickNode com.stardust.automator.UiObject@2a023; boundsInParent: Rect(0, 0 - 240, 240); boundsInScreen: Rect(420, 2057 - 660, 2297); packageName: com.miui.home; className: android.view.View; text: null; contentDescription: 本机共有12.0 G内存，当前5.5 G可用，双击清理全部任务; viewId: com.miui.home:id/clearAnimView; checkable: false; checked: false; focusable: true; focused: false; selected: false; clickable: true; longClickable: true; enabled: true; password: false; scrollable: false; [ACTION_FOCUS, ACTION_SELECT, ACTION_CLEAR_SELECTION, ACTION_CLICK, ACTION_LONG_CLICK, ACTION_ACCESSIBILITY_FOCUS, ACTION_NEXT_AT_MOVEMENT_GRANULARITY, ACTION_PREVIOUS_AT_MOVEMENT_GRANULARITY, ACTION_SET_SELECTION]
[2026-04-03 16:32:21] [hamibot] [ LOG ]:[ LOG ] [tryClickNode]: tryClickNode: 开始尝试点击节点 com.stardust.automator.UiObject@2a023; boundsInParent: Rect(0, 0 - 240, 240); boundsInScreen: Rect(420, 2057 - 660, 2297); packageName: com.miui.home; className: android.view.View; text: null; contentDescription: 本机共有12.0 G内存，当前5.5 G可用，双击清理全部任务; viewId: com.miui.home:id/clearAnimView; checkable: false; checked: false; focusable: true; focused: false; selected: false; clickable: true; longClickable: true; enabled: true; password: false; scrollable: false; [ACTION_FOCUS, ACTION_SELECT, ACTION_CLEAR_SELECTION, ACTION_CLICK, ACTION_LONG_CLICK, ACTION_ACCESSIBILITY_FOCUS, ACTION_NEXT_AT_MOVEMENT_GRANULARITY, ACTION_PREVIOUS_AT_MOVEMENT_GRANULARITY, ACTION_SET_SELECTION]
[2026-04-03 16:32:21] [hamibot] [ LOG ]:[ LOG ] [tryClickNode]: tryClickNode: 节点clickable值: function clickable() {/*
boolean clickable()
*/}

[2026-04-03 16:32:21] [hamibot] [ LOG ]:[ LOG ] [tryClickNode]: tryClickNode: 节点clickable toString: function clickable() {/*
boolean clickable()
*/}

[2026-04-03 16:32:21] [hamibot] [ LOG ]:[ LOG ] [tryClickNode]: tryClickNode: 解析后的clickable值: true
[2026-04-03 16:32:21] [hamibot] [ LOG ]:[ LOG ] [tryClickNode]: tryClickNode: 节点本身可点击，执行直接点击
[2026-04-03 16:32:21] [hamibot] [ LOG ]:[ LOG ] [tryClickNode]: tryClickNode: 直接点击结果: true
[2026-04-03 16:32:22] [hamibot] [INFO]:[INFO] [closeApp]: 已通过最近任务页‘关闭全部’关闭应用
[2026-04-03 16:32:37] [hamibot] [INFO]:[INFO] [findTargetElementWithCache]: [sel#52] coinExchangeMain/闲鱼币 缓存#3(1/1) ✓ 139ms
[2026-04-03 16:32:38] [hamibot] [INFO]:[INFO] [findTargetElementWithCache]: [sel#138] mainPopup/今天 缓存[9] 全部✗ 剩余errorTime=36 519ms
[2026-04-03 16:32:41] [hamibot] [INFO]:[INFO] [findTargetElementWithCache]: [sel#139] mainPopup/今天 缓存#9(1/1) ✓ 3195ms
[2026-04-03 16:32:42] [hamibot] [INFO]:[INFO] [findTargetElementWithCache]: [sel#53] coinExchangeMain/闲鱼币 缓存#3(1/1) ✓ 270ms
[2026-04-03 16:32:45] [hamibot] [INFO]:[INFO] [findTargetElementWithCache]: [sel#140] mainPopup/今天 缓存#9(1/1) ✓ 2878ms
[2026-04-03 16:32:49] [hamibot] [INFO]:[INFO] [findTargetElementList]: [sel-list#10] mainPopup/领取奖励 缓存[3] 全部✗ 剩余errorTime=15 3214ms
[2026-04-03 16:32:49] [hamibot] [INFO]:[INFO] [Anonymous functions]: 浏览指定频道好物: hasRun=true
[2026-04-03 16:32:50] [hamibot] [INFO]:[INFO] [Anonymous functions]: 搜一搜喜欢的商品: hasRun=true
[2026-04-03 16:32:50] [hamibot] [INFO]:[INFO] [Anonymous functions]: 去浏览全新好物: hasRun=false
[2026-04-03 16:32:50] [hamibot] [INFO]:[INFO] [Anonymous functions]: 浏览推荐的国补商品: hasRun=false
[2026-04-03 16:32:50] [hamibot] [INFO]:[INFO] [Anonymous functions]: 去蚂蚁森林逛一逛: hasRun=undefined
[2026-04-03 16:32:50] [hamibot] [INFO]:[INFO] [Anonymous functions]: 去支付宝农场领水果: hasRun=false
[2026-04-03 16:32:50] [hamibot] [INFO]:[INFO] [Anonymous functions]: 去淘宝签到领红包: hasRun=true
[2026-04-03 16:32:50] [hamibot] [INFO]:[INFO] [Anonymous functions]: 去蚂蚁森林逛一逛: hasRun=false
[2026-04-03 16:32:50] [hamibot] [INFO]:[INFO] [Anonymous functions]: 去蚂蚁庄园逛一逛: hasRun=false
[2026-04-03 16:32:50] [hamibot] [INFO]:[INFO] [Anonymous functions]: 去支付宝领积分: hasRun=false
[2026-04-03 16:32:50] [hamibot] [INFO]:[INFO] [Anonymous functions]: 浏览鱼小铺工作台: hasRun=false
[2026-04-03 16:32:50] [hamibot] [INFO]:[INFO] [Anonymous functions]: 搜一搜推荐商品: hasRun=false
[2026-04-03 16:32:50] [hamibot] [INFO]:[INFO] [Anonymous functions]: 领至高20元外卖红包: hasRun=false
[2026-04-03 16:32:50] [hamibot] [INFO]:[INFO] [Anonymous functions]: 看视频奖励100币: hasRun=false
[2026-04-03 16:32:50] [hamibot] [INFO]:[INFO] [Anonymous functions]: 看视频奖励100币: hasRun=false
[2026-04-03 16:32:50] [hamibot] [INFO]:[INFO] [Anonymous functions]: 看视频奖励100币: hasRun=false
[2026-04-03 16:32:50] [hamibot] [INFO]:[INFO] [Anonymous functions]: 看视频奖励100币: hasRun=false
[2026-04-03 16:32:50] [hamibot] [INFO]:[INFO] [Anonymous functions]: 发布一件新宝贝: hasRun=false
[2026-04-03 16:32:57] [hamibot] [INFO]:[INFO] [findTargetElementWithCacheStrict]: [sel-strict#10] mainPopup/签到 缓存[3] errorTime耗尽，降级串行 6889ms
[2026-04-03 16:32:57] [hamibot] [INFO]:[INFO] [findTargetElementWithCacheStrict]: [sel-strict#10] mainPopup/签到 串行启动 12 条策略
[2026-04-03 16:34:03] [hamibot] [ERROR]:[ERROR] [findTargetElementWithCacheStrict]: [sel-strict#10] mainPopup/签到 串行全部✗ 串行65863ms 总72791ms
[2026-04-03 16:34:04] [hamibot] [INFO]:[INFO] [findTargetElementWithCacheStrict]: [sel-strict#17] mainPopup/去蚂蚁森林逛一逛 缓存#3(1/1) ✓ 845ms
[2026-04-03 16:34:07] [hamibot] [INFO]:[INFO] [findTargetElementWithCacheStrict]: [sel-strict#18] mainPopup/去蚂蚁森林逛一逛 缓存#3(1/1) ✓ 2786ms
[2026-04-03 16:34:19] [hamibot] [INFO]:[INFO] [findTargetElementList]: [sel-list#13] mainPopup/去完成 缓存#3(1/1) ✓ 23个 11703ms
[2026-04-03 16:34:19] [hamibot] [INFO]:[INFO] [findBtn_1]: sysReact, 去完成 bounds: Rect(863, 1535 - 971, 1585)
[2026-04-03 16:34:20] [hamibot] [INFO]:[INFO] [findBtn_1]: 运行++去蚂蚁森林逛一逛
[2026-04-03 16:34:27] [hamibot] [INFO]:[INFO] [findTargetElementWithCache]: [sel#141] mainPopup/今天 缓存[9] 全部✗ 剩余errorTime=39 73ms
[2026-04-03 16:34:27] [hamibot] [INFO]:[INFO] [findTargetElementWithCache]: [sel#41] coinExchangeMain/闲鱼币抵扣 缓存[3,6] 全部✗ 剩余errorTime=-1 121ms
[2026-04-03 16:34:27] [hamibot] [INFO]:[INFO] [backMainPage]: 当前app不是闲鱼，直接回退 com.eg.android.AlipayGphone
[2026-04-03 16:34:28] [hamibot] [INFO]:[INFO] [findTargetElementWithCache]: [sel#142] mainPopup/今天 缓存[9] 全部✗ 剩余errorTime=38 64ms
[2026-04-03 16:34:28] [hamibot] [INFO]:[INFO] [findTargetElementWithCache]: [sel#42] coinExchangeMain/闲鱼币抵扣 缓存[3,6] errorTime耗尽，降级串行 118ms
[2026-04-03 16:34:28] [hamibot] [INFO]:[INFO] [findTargetElementWithCache]: [sel#42] coinExchangeMain/闲鱼币抵扣 串行启动 12 条策略
[2026-04-03 16:34:29] [hamibot] [INFO]:[INFO] [findTargetElementWithCache]: [sel#42] coinExchangeMain/闲鱼币抵扣 串行全部✗ 串行723ms 总890ms
[2026-04-03 16:34:29] [hamibot] [INFO]:[INFO] [backMainPage]: 当前app不是闲鱼，直接回退 com.eg.android.AlipayGphone
[2026-04-03 16:34:29] [hamibot] [INFO]:[INFO] [findTargetElementWithCache]: [sel#143] mainPopup/今天 缓存[9] 全部✗ 剩余errorTime=37 73ms
[2026-04-03 16:34:29] [hamibot] [INFO]:[INFO] [findTargetElementWithCache]: [sel#43] coinExchangeMain/闲鱼币抵扣 缓存[3,6] errorTime耗尽，降级串行 116ms
[2026-04-03 16:34:29] [hamibot] [INFO]:[INFO] [findTargetElementWithCache]: [sel#43] coinExchangeMain/闲鱼币抵扣 串行启动 12 条策略
[2026-04-03 16:34:30] [hamibot] [INFO]:[INFO] [findTargetElementWithCache]: [sel#43] coinExchangeMain/闲鱼币抵扣 串行全部✗ 串行714ms 总878ms
[2026-04-03 16:34:30] [hamibot] [INFO]:[INFO] [backMainPage]: 当前app不是闲鱼，直接回退 com.eg.android.AlipayGphone
[2026-04-03 16:34:30] [hamibot] [ERROR]:[ERROR] [backMainPage]: 死循环了， 关闭app
[2026-04-03 16:34:30] [hamibot] [INFO]:[INFO] [saveElementCache]: saveElementCache 服务端共 18 条 (本次新增/更新 18 条)
[2026-04-03 16:34:30] [hamibot] [INFO]:[INFO] [flushElementCache]: 已触发异步刷新元素查找缓存
[2026-04-03 16:34:30] [hamibot] [INFO]:[INFO] [closeApp]: openHamibot true
[2026-04-03 16:34:33] [hamibot] [INFO]:[INFO] [tryClickNode]: tryClickNode com.stardust.automator.UiObject@2a023; boundsInParent: Rect(0, 0 - 240, 240); boundsInScreen: Rect(420, 2057 - 660, 2297); packageName: com.miui.home; className: android.view.View; text: null; contentDescription: 本机共有12.0 G内存，当前5.4 G可用，双击清理全部任务; viewId: com.miui.home:id/clearAnimView; checkable: false; checked: false; focusable: true; focused: false; selected: false; clickable: true; longClickable: true; enabled: true; password: false; scrollable: false; [ACTION_FOCUS, ACTION_SELECT, ACTION_CLEAR_SELECTION, ACTION_CLICK, ACTION_LONG_CLICK, ACTION_ACCESSIBILITY_FOCUS, ACTION_NEXT_AT_MOVEMENT_GRANULARITY, ACTION_PREVIOUS_AT_MOVEMENT_GRANULARITY, ACTION_SET_SELECTION]
[2026-04-03 16:34:33] [hamibot] [ LOG ]:[ LOG ] [tryClickNode]: tryClickNode: 开始尝试点击节点 com.stardust.automator.UiObject@2a023; boundsInParent: Rect(0, 0 - 240, 240); boundsInScreen: Rect(420, 2057 - 660, 2297); packageName: com.miui.home; className: android.view.View; text: null; contentDescription: 本机共有12.0 G内存，当前5.4 G可用，双击清理全部任务; viewId: com.miui.home:id/clearAnimView; checkable: false; checked: false; focusable: true; focused: false; selected: false; clickable: true; longClickable: true; enabled: true; password: false; scrollable: false; [ACTION_FOCUS, ACTION_SELECT, ACTION_CLEAR_SELECTION, ACTION_CLICK, ACTION_LONG_CLICK, ACTION_ACCESSIBILITY_FOCUS, ACTION_NEXT_AT_MOVEMENT_GRANULARITY, ACTION_PREVIOUS_AT_MOVEMENT_GRANULARITY, ACTION_SET_SELECTION]
[2026-04-03 16:34:33] [hamibot] [ LOG ]:[ LOG ] [tryClickNode]: tryClickNode: 节点clickable值: function clickable() {/*
boolean clickable()
*/}

[2026-04-03 16:34:33] [hamibot] [ LOG ]:[ LOG ] [tryClickNode]: tryClickNode: 节点clickable toString: function clickable() {/*
boolean clickable()
*/}

[2026-04-03 16:34:33] [hamibot] [ LOG ]:[ LOG ] [tryClickNode]: tryClickNode: 解析后的clickable值: true
[2026-04-03 16:34:33] [hamibot] [ LOG ]:[ LOG ] [tryClickNode]: tryClickNode: 节点本身可点击，执行直接点击
[2026-04-03 16:34:33] [hamibot] [ LOG ]:[ LOG ] [tryClickNode]: tryClickNode: 直接点击结果: true
[2026-04-03 16:34:34] [hamibot] [INFO]:[INFO] [closeApp]: 已通过最近任务页‘关闭全部’关闭应用
[2026-04-03 16:34:50] [hamibot] [INFO]:[INFO] [findTargetElementWithCache]: [sel#54] coinExchangeMain/闲鱼币 缓存#3(1/1) ✓ 468ms
[2026-04-03 16:34:55] [hamibot] [INFO]:[INFO] [findTargetElementWithCache]: [sel#144] mainPopup/今天 缓存[9] 全部✗ 剩余errorTime=36 5773ms
[2026-04-03 16:35:00] [hamibot] [INFO]:[INFO] [findTargetElementWithCache]: [sel#145] mainPopup/今天 缓存#9(1/1) ✓ 4157ms
[2026-04-03 16:35:01] [hamibot] [INFO]:[INFO] [findTargetElementWithCache]: [sel#55] coinExchangeMain/闲鱼币 缓存#3(1/1) ✓ 493ms
[2026-04-03 16:35:03] [hamibot] [INFO]:[INFO] [findTargetElementWithCache]: [sel#146] mainPopup/今天 缓存#9(1/1) ✓ 1024ms
[2026-04-03 16:35:09] [hamibot] [INFO]:[INFO] [findTargetElementList]: [sel-list#11] mainPopup/领取奖励 缓存[3] 全部✗ 剩余errorTime=14 5676ms
[2026-04-03 16:35:09] [hamibot] [INFO]:[INFO] [Anonymous functions]: 浏览指定频道好物: hasRun=true
[2026-04-03 16:35:09] [hamibot] [INFO]:[INFO] [Anonymous functions]: 搜一搜喜欢的商品: hasRun=true
[2026-04-03 16:35:09] [hamibot] [INFO]:[INFO] [Anonymous functions]: 去浏览全新好物: hasRun=false
[2026-04-03 16:35:10] [hamibot] [INFO]:[INFO] [Anonymous functions]: 浏览推荐的国补商品: hasRun=false
[2026-04-03 16:35:10] [hamibot] [INFO]:[INFO] [Anonymous functions]: 去蚂蚁森林逛一逛: hasRun=undefined
[2026-04-03 16:35:10] [hamibot] [INFO]:[INFO] [Anonymous functions]: 去支付宝农场领水果: hasRun=false
[2026-04-03 16:35:10] [hamibot] [INFO]:[INFO] [Anonymous functions]: 去淘宝签到领红包: hasRun=true
[2026-04-03 16:35:10] [hamibot] [INFO]:[INFO] [Anonymous functions]: 去蚂蚁森林逛一逛: hasRun=false
[2026-04-03 16:35:10] [hamibot] [INFO]:[INFO] [Anonymous functions]: 去蚂蚁庄园逛一逛: hasRun=false
[2026-04-03 16:35:10] [hamibot] [INFO]:[INFO] [Anonymous functions]: 去支付宝领积分: hasRun=false
[2026-04-03 16:35:10] [hamibot] [INFO]:[INFO] [Anonymous functions]: 浏览鱼小铺工作台: hasRun=false
[2026-04-03 16:35:10] [hamibot] [INFO]:[INFO] [Anonymous functions]: 搜一搜推荐商品: hasRun=false
[2026-04-03 16:35:10] [hamibot] [INFO]:[INFO] [Anonymous functions]: 领至高20元外卖红包: hasRun=false
[2026-04-03 16:35:10] [hamibot] [INFO]:[INFO] [Anonymous functions]: 看视频奖励100币: hasRun=false
[2026-04-03 16:35:10] [hamibot] [INFO]:[INFO] [Anonymous functions]: 看视频奖励100币: hasRun=false
[2026-04-03 16:35:10] [hamibot] [INFO]:[INFO] [Anonymous functions]: 看视频奖励100币: hasRun=false
[2026-04-03 16:35:10] [hamibot] [INFO]:[INFO] [Anonymous functions]: 看视频奖励100币: hasRun=false
[2026-04-03 16:35:10] [hamibot] [INFO]:[INFO] [Anonymous functions]: 发布一件新宝贝: hasRun=false
[2026-04-03 16:35:16] [hamibot] [INFO]:[INFO] [findTargetElementWithCacheStrict]: [sel-strict#11] mainPopup/签到 缓存[3] errorTime耗尽，降级串行 5439ms
[2026-04-03 16:35:16] [hamibot] [INFO]:[INFO] [findTargetElementWithCacheStrict]: [sel-strict#11] mainPopup/签到 串行启动 12 条策略
[2026-04-03 16:36:30] [hamibot] [ERROR]:[ERROR] [findTargetElementWithCacheStrict]: [sel-strict#11] mainPopup/签到 串行全部✗ 串行74009ms 总79484ms
[2026-04-03 16:36:36] [hamibot] [INFO]:[INFO] [findTargetElementWithCacheStrict]: [sel-strict#19] mainPopup/去蚂蚁森林逛一逛 缓存#3(1/1) ✓ 6356ms
[2026-04-03 16:36:43] [hamibot] [INFO]:[INFO] [findTargetElementWithCacheStrict]: [sel-strict#20] mainPopup/去蚂蚁森林逛一逛 缓存#3(1/1) ✓ 6348ms
[2026-04-03 16:36:56] [hamibot] [INFO]:[INFO] [findTargetElementList]: [sel-list#14] mainPopup/去完成 缓存#3(1/1) ✓ 23个 12512ms
[2026-04-03 16:36:56] [hamibot] [INFO]:[INFO] [findBtn_1]: sysReact, 去完成 bounds: Rect(863, 1535 - 971, 1585)
[2026-04-03 16:36:57] [hamibot] [INFO]:[INFO] [findBtn_1]: 运行++去蚂蚁森林逛一逛
[2026-04-03 16:37:03] [hamibot] [INFO]:[INFO] [findTargetElementWithCache]: [sel#147] mainPopup/今天 缓存[9] 全部✗ 剩余errorTime=39 92ms
[2026-04-03 16:37:03] [hamibot] [INFO]:[INFO] [findTargetElementWithCache]: [sel#44] coinExchangeMain/闲鱼币抵扣 缓存[3,6] errorTime耗尽，降级串行 141ms
[2026-04-03 16:37:04] [hamibot] [INFO]:[INFO] [findTargetElementWithCache]: [sel#44] coinExchangeMain/闲鱼币抵扣 串行启动 12 条策略
[2026-04-03 16:37:04] [hamibot] [INFO]:[INFO] [findTargetElementWithCache]: [sel#44] coinExchangeMain/闲鱼币抵扣 串行全部✗ 串行808ms 总1033ms
[2026-04-03 16:37:04] [hamibot] [INFO]:[INFO] [backMainPage]: 当前app不是闲鱼，直接回退 com.eg.android.AlipayGphone
[2026-04-03 16:37:05] [hamibot] [INFO]:[INFO] [findTargetElementWithCache]: [sel#148] mainPopup/今天 缓存[9] 全部✗ 剩余errorTime=38 71ms
[2026-04-03 16:37:05] [hamibot] [INFO]:[INFO] [findTargetElementWithCache]: [sel#45] coinExchangeMain/闲鱼币抵扣 缓存[3,6] errorTime耗尽，降级串行 151ms
[2026-04-03 16:37:06] [hamibot] [INFO]:[INFO] [findTargetElementWithCache]: [sel#45] coinExchangeMain/闲鱼币抵扣 串行启动 12 条策略
[2026-04-03 16:37:06] [hamibot] [INFO]:[INFO] [findTargetElementWithCache]: [sel#45] coinExchangeMain/闲鱼币抵扣 串行全部✗ 串行852ms 总1090ms
[2026-04-03 16:37:07] [hamibot] [INFO]:[INFO] [backMainPage]: 当前app不是闲鱼，直接回退 com.eg.android.AlipayGphone
[2026-04-03 16:37:07] [hamibot] [INFO]:[INFO] [findTargetElementWithCache]: [sel#149] mainPopup/今天 缓存[9] 全部✗ 剩余errorTime=37 86ms
[2026-04-03 16:37:07] [hamibot] [INFO]:[INFO] [findTargetElementWithCache]: [sel#46] coinExchangeMain/闲鱼币抵扣 缓存[3,6] errorTime耗尽，降级串行 125ms
[2026-04-03 16:37:07] [hamibot] [INFO]:[INFO] [findTargetElementWithCache]: [sel#46] coinExchangeMain/闲鱼币抵扣 串行启动 12 条策略
[2026-04-03 16:37:08] [hamibot] [INFO]:[INFO] [findTargetElementWithCache]: [sel#46] coinExchangeMain/闲鱼币抵扣 串行全部✗ 串行726ms 总916ms
[2026-04-03 16:37:08] [hamibot] [INFO]:[INFO] [backMainPage]: 当前app不是闲鱼，直接回退 com.eg.android.AlipayGphone
[2026-04-03 16:37:08] [hamibot] [ERROR]:[ERROR] [backMainPage]: 死循环了， 关闭app
[2026-04-03 16:37:08] [hamibot] [INFO]:[INFO] [saveElementCache]: saveElementCache 服务端共 18 条 (本次新增/更新 18 条)
[2026-04-03 16:37:08] [hamibot] [INFO]:[INFO] [flushElementCache]: 已触发异步刷新元素查找缓存
[2026-04-03 16:37:08] [hamibot] [INFO]:[INFO] [closeApp]: openHamibot true
[2026-04-03 16:37:11] [hamibot] [INFO]:[INFO] [tryClickNode]: tryClickNode com.stardust.automator.UiObject@2a023; boundsInParent: Rect(0, 0 - 240, 240); boundsInScreen: Rect(420, 2057 - 660, 2297); packageName: com.miui.home; className: android.view.View; text: null; contentDescription: 本机共有12.0 G内存，当前5.5 G可用，双击清理全部任务; viewId: com.miui.home:id/clearAnimView; checkable: false; checked: false; focusable: true; focused: false; selected: false; clickable: true; longClickable: true; enabled: true; password: false; scrollable: false; [ACTION_FOCUS, ACTION_SELECT, ACTION_CLEAR_SELECTION, ACTION_CLICK, ACTION_LONG_CLICK, ACTION_ACCESSIBILITY_FOCUS, ACTION_NEXT_AT_MOVEMENT_GRANULARITY, ACTION_PREVIOUS_AT_MOVEMENT_GRANULARITY, ACTION_SET_SELECTION]
[2026-04-03 16:37:11] [hamibot] [ LOG ]:[ LOG ] [tryClickNode]: tryClickNode: 开始尝试点击节点 com.stardust.automator.UiObject@2a023; boundsInParent: Rect(0, 0 - 240, 240); boundsInScreen: Rect(420, 2057 - 660, 2297); packageName: com.miui.home; className: android.view.View; text: null; contentDescription: 本机共有12.0 G内存，当前5.5 G可用，双击清理全部任务; viewId: com.miui.home:id/clearAnimView; checkable: false; checked: false; focusable: true; focused: false; selected: false; clickable: true; longClickable: true; enabled: true; password: false; scrollable: false; [ACTION_FOCUS, ACTION_SELECT, ACTION_CLEAR_SELECTION, ACTION_CLICK, ACTION_LONG_CLICK, ACTION_ACCESSIBILITY_FOCUS, ACTION_NEXT_AT_MOVEMENT_GRANULARITY, ACTION_PREVIOUS_AT_MOVEMENT_GRANULARITY, ACTION_SET_SELECTION]
[2026-04-03 16:37:11] [hamibot] [ LOG ]:[ LOG ] [tryClickNode]: tryClickNode: 节点clickable值: function clickable() {/*
boolean clickable()
*/}

[2026-04-03 16:37:11] [hamibot] [ LOG ]:[ LOG ] [tryClickNode]: tryClickNode: 节点clickable toString: function clickable() {/*
boolean clickable()
*/}

[2026-04-03 16:37:11] [hamibot] [ LOG ]:[ LOG ] [tryClickNode]: tryClickNode: 解析后的clickable值: true
[2026-04-03 16:37:11] [hamibot] [ LOG ]:[ LOG ] [tryClickNode]: tryClickNode: 节点本身可点击，执行直接点击
[2026-04-03 16:37:11] [hamibot] [ LOG ]:[ LOG ] [tryClickNode]: tryClickNode: 直接点击结果: true
[2026-04-03 16:37:12] [hamibot] [INFO]:[INFO] [closeApp]: 已通过最近任务页‘关闭全部’关闭应用
[2026-04-03 16:37:28] [hamibot] [INFO]:[INFO] [findTargetElementWithCache]: [sel#56] coinExchangeMain/闲鱼币 缓存#3(1/1) ✓ 203ms
[2026-04-03 16:37:34] [hamibot] [INFO]:[INFO] [findTargetElementWithCache]: [sel#150] mainPopup/今天 缓存[9] 全部✗ 剩余errorTime=36 6509ms
[2026-04-03 16:37:36] [hamibot] [INFO]:[INFO] [findTargetElementWithCache]: [sel#151] mainPopup/今天 缓存#9(1/1) ✓ 1530ms
[2026-04-03 16:37:38] [hamibot] [INFO]:[INFO] [findTargetElementWithCache]: [sel#57] coinExchangeMain/闲鱼币 缓存#3(1/1) ✓ 594ms
[2026-04-03 16:37:41] [hamibot] [INFO]:[INFO] [findTargetElementWithCache]: [sel#152] mainPopup/今天 缓存#9(1/1) ✓ 3468ms
[2026-04-03 16:37:44] [hamibot] [INFO]:[INFO] [findTargetElementList]: [sel-list#12] mainPopup/领取奖励 缓存[3] 全部✗ 剩余errorTime=13 1468ms
[2026-04-03 16:37:44] [hamibot] [INFO]:[INFO] [Anonymous functions]: 浏览指定频道好物: hasRun=true
[2026-04-03 16:37:44] [hamibot] [INFO]:[INFO] [Anonymous functions]: 搜一搜喜欢的商品: hasRun=true
[2026-04-03 16:37:44] [hamibot] [INFO]:[INFO] [Anonymous functions]: 去浏览全新好物: hasRun=false
[2026-04-03 16:37:44] [hamibot] [INFO]:[INFO] [Anonymous functions]: 浏览推荐的国补商品: hasRun=false
[2026-04-03 16:37:44] [hamibot] [INFO]:[INFO] [Anonymous functions]: 去蚂蚁森林逛一逛: hasRun=undefined
[2026-04-03 16:37:44] [hamibot] [INFO]:[INFO] [Anonymous functions]: 去支付宝农场领水果: hasRun=false
[2026-04-03 16:37:45] [hamibot] [INFO]:[INFO] [Anonymous functions]: 去淘宝签到领红包: hasRun=true
[2026-04-03 16:37:45] [hamibot] [INFO]:[INFO] [Anonymous functions]: 去蚂蚁森林逛一逛: hasRun=false
[2026-04-03 16:37:45] [hamibot] [INFO]:[INFO] [Anonymous functions]: 去蚂蚁庄园逛一逛: hasRun=false
[2026-04-03 16:37:45] [hamibot] [INFO]:[INFO] [Anonymous functions]: 去支付宝领积分: hasRun=false
[2026-04-03 16:37:45] [hamibot] [INFO]:[INFO] [Anonymous functions]: 浏览鱼小铺工作台: hasRun=false
[2026-04-03 16:37:45] [hamibot] [INFO]:[INFO] [Anonymous functions]: 搜一搜推荐商品: hasRun=false
[2026-04-03 16:37:45] [hamibot] [INFO]:[INFO] [Anonymous functions]: 领至高20元外卖红包: hasRun=false
[2026-04-03 16:37:45] [hamibot] [INFO]:[INFO] [Anonymous functions]: 看视频奖励100币: hasRun=false
[2026-04-03 16:37:45] [hamibot] [INFO]:[INFO] [Anonymous functions]: 看视频奖励100币: hasRun=false
[2026-04-03 16:37:45] [hamibot] [INFO]:[INFO] [Anonymous functions]: 看视频奖励100币: hasRun=false
[2026-04-03 16:37:45] [hamibot] [INFO]:[INFO] [Anonymous functions]: 看视频奖励100币: hasRun=false
[2026-04-03 16:37:45] [hamibot] [INFO]:[INFO] [Anonymous functions]: 发布一件新宝贝: hasRun=false
[2026-04-03 16:37:47] [hamibot] [INFO]:[INFO] [findTargetElementWithCacheStrict]: [sel-strict#12] mainPopup/签到 缓存[3] errorTime耗尽，降级串行 1584ms
[2026-04-03 16:37:47] [hamibot] [INFO]:[INFO] [findTargetElementWithCacheStrict]: [sel-strict#12] mainPopup/签到 串行启动 12 条策略
[2026-04-03 16:38:46] [hamibot] [ERROR]:[ERROR] [findTargetElementWithCacheStrict]: [sel-strict#12] mainPopup/签到 串行全部✗ 串行59442ms 总61072ms
[2026-04-03 16:38:52] [hamibot] [INFO]:[INFO] [findTargetElementWithCacheStrict]: [sel-strict#21] mainPopup/去蚂蚁森林逛一逛 缓存#3(1/1) ✓ 5531ms
[2026-04-03 16:38:58] [hamibot] [INFO]:[INFO] [findTargetElementWithCacheStrict]: [sel-strict#22] mainPopup/去蚂蚁森林逛一逛 缓存#3(1/1) ✓ 5424ms
[2026-04-03 16:39:10] [hamibot] [INFO]:[INFO] [findTargetElementList]: [sel-list#15] mainPopup/去完成 缓存#3(1/1) ✓ 23个 11882ms
[2026-04-03 16:39:10] [hamibot] [INFO]:[INFO] [findBtn_1]: sysReact, 去完成 bounds: Rect(863, 1535 - 971, 1585)
[2026-04-03 16:39:11] [hamibot] [INFO]:[INFO] [findBtn_1]: 运行++去蚂蚁森林逛一逛
[2026-04-03 16:39:17] [hamibot] [INFO]:[INFO] [findTargetElementWithCache]: [sel#153] mainPopup/今天 缓存[9] 全部✗ 剩余errorTime=39 82ms
[2026-04-03 16:39:18] [hamibot] [INFO]:[INFO] [findTargetElementWithCache]: [sel#47] coinExchangeMain/闲鱼币抵扣 缓存[3,6] errorTime耗尽，降级串行 133ms
[2026-04-03 16:39:18] [hamibot] [INFO]:[INFO] [findTargetElementWithCache]: [sel#47] coinExchangeMain/闲鱼币抵扣 串行启动 12 条策略
[2026-04-03 16:39:18] [hamibot] [INFO]:[INFO] [findTargetElementWithCache]: [sel#47] coinExchangeMain/闲鱼币抵扣 串行全部✗ 串行763ms 总941ms
[2026-04-03 16:39:18] [hamibot] [INFO]:[INFO] [backMainPage]: 当前app不是闲鱼，直接回退 com.eg.android.AlipayGphone
[2026-04-03 16:39:19] [hamibot] [INFO]:[INFO] [findTargetElementWithCache]: [sel#154] mainPopup/今天 缓存[9] 全部✗ 剩余errorTime=38 87ms
[2026-04-03 16:39:19] [hamibot] [INFO]:[INFO] [findTargetElementWithCache]: [sel#48] coinExchangeMain/闲鱼币抵扣 缓存[3,6] errorTime耗尽，降级串行 123ms
[2026-04-03 16:39:20] [hamibot] [INFO]:[INFO] [findTargetElementWithCache]: [sel#48] coinExchangeMain/闲鱼币抵扣 串行启动 12 条策略
[2026-04-03 16:39:20] [hamibot] [INFO]:[INFO] [findTargetElementWithCache]: [sel#48] coinExchangeMain/闲鱼币抵扣 串行全部✗ 串行749ms 总922ms
[2026-04-03 16:39:20] [hamibot] [INFO]:[INFO] [backMainPage]: 当前app不是闲鱼，直接回退 com.eg.android.AlipayGphone
[2026-04-03 16:39:21] [hamibot] [INFO]:[INFO] [findTargetElementWithCache]: [sel#155] mainPopup/今天 缓存[9] 全部✗ 剩余errorTime=37 69ms
[2026-04-03 16:39:21] [hamibot] [INFO]:[INFO] [findTargetElementWithCache]: [sel#49] coinExchangeMain/闲鱼币抵扣 缓存[3,6] errorTime耗尽，降级串行 120ms
[2026-04-03 16:39:21] [hamibot] [INFO]:[INFO] [findTargetElementWithCache]: [sel#49] coinExchangeMain/闲鱼币抵扣 串行启动 12 条策略
[2026-04-03 16:39:21] [hamibot] [INFO]:[INFO] [findTargetElementWithCache]: [sel#49] coinExchangeMain/闲鱼币抵扣 串行全部✗ 串行758ms 总918ms
[2026-04-03 16:39:22] [hamibot] [INFO]:[INFO] [backMainPage]: 当前app不是闲鱼，直接回退 com.eg.android.AlipayGphone
[2026-04-03 16:39:22] [hamibot] [ERROR]:[ERROR] [backMainPage]: 死循环了， 关闭app
[2026-04-03 16:39:22] [hamibot] [INFO]:[INFO] [saveElementCache]: saveElementCache 服务端共 18 条 (本次新增/更新 18 条)
[2026-04-03 16:39:22] [hamibot] [INFO]:[INFO] [flushElementCache]: 已触发异步刷新元素查找缓存
[2026-04-03 16:39:22] [hamibot] [INFO]:[INFO] [closeApp]: openHamibot true
[2026-04-03 16:39:24] [hamibot] [INFO]:[INFO] [tryClickNode]: tryClickNode com.stardust.automator.UiObject@2a023; boundsInParent: Rect(0, 0 - 240, 240); boundsInScreen: Rect(420, 2057 - 660, 2297); packageName: com.miui.home; className: android.view.View; text: null; contentDescription: 本机共有12.0 G内存，当前5.2 G可用，双击清理全部任务; viewId: com.miui.home:id/clearAnimView; checkable: false; checked: false; focusable: true; focused: false; selected: false; clickable: true; longClickable: true; enabled: true; password: false; scrollable: false; [ACTION_FOCUS, ACTION_SELECT, ACTION_CLEAR_SELECTION, ACTION_CLICK, ACTION_LONG_CLICK, ACTION_ACCESSIBILITY_FOCUS, ACTION_NEXT_AT_MOVEMENT_GRANULARITY, ACTION_PREVIOUS_AT_MOVEMENT_GRANULARITY, ACTION_SET_SELECTION]
[2026-04-03 16:39:24] [hamibot] [ LOG ]:[ LOG ] [tryClickNode]: tryClickNode: 开始尝试点击节点 com.stardust.automator.UiObject@2a023; boundsInParent: Rect(0, 0 - 240, 240); boundsInScreen: Rect(420, 2057 - 660, 2297); packageName: com.miui.home; className: android.view.View; text: null; contentDescription: 本机共有12.0 G内存，当前5.2 G可用，双击清理全部任务; viewId: com.miui.home:id/clearAnimView; checkable: false; checked: false; focusable: true; focused: false; selected: false; clickable: true; longClickable: true; enabled: true; password: false; scrollable: false; [ACTION_FOCUS, ACTION_SELECT, ACTION_CLEAR_SELECTION, ACTION_CLICK, ACTION_LONG_CLICK, ACTION_ACCESSIBILITY_FOCUS, ACTION_NEXT_AT_MOVEMENT_GRANULARITY, ACTION_PREVIOUS_AT_MOVEMENT_GRANULARITY, ACTION_SET_SELECTION]
[2026-04-03 16:39:24] [hamibot] [ LOG ]:[ LOG ] [tryClickNode]: tryClickNode: 节点clickable值: function clickable() {/*
boolean clickable()
*/}

[2026-04-03 16:39:24] [hamibot] [ LOG ]:[ LOG ] [tryClickNode]: tryClickNode: 节点clickable toString: function clickable() {/*
boolean clickable()
*/}

[2026-04-03 16:39:24] [hamibot] [ LOG ]:[ LOG ] [tryClickNode]: tryClickNode: 解析后的clickable值: true
[2026-04-03 16:39:24] [hamibot] [ LOG ]:[ LOG ] [tryClickNode]: tryClickNode: 节点本身可点击，执行直接点击
[2026-04-03 16:39:25] [hamibot] [ LOG ]:[ LOG ] [tryClickNode]: tryClickNode: 直接点击结果: true
[2026-04-03 16:39:25] [hamibot] [INFO]:[INFO] [closeApp]: 已通过最近任务页‘关闭全部’关闭应用
[2026-04-03 16:39:42] [hamibot] [INFO]:[INFO] [findTargetElementWithCache]: [sel#58] coinExchangeMain/闲鱼币 缓存#3(1/1) ✓ 634ms
[2026-04-03 16:39:50] [hamibot] [INFO]:[INFO] [findTargetElementWithCache]: [sel#156] mainPopup/今天 缓存[9] 全部✗ 剩余errorTime=36 7293ms
[2026-04-03 16:39:53] [hamibot] [INFO]:[INFO] [findTargetElementWithCache]: [sel#157] mainPopup/今天 缓存#9(1/1) ✓ 2934ms
[2026-04-03 16:39:55] [hamibot] [INFO]:[INFO] [findTargetElementWithCache]: [sel#59] coinExchangeMain/闲鱼币 缓存#3(1/1) ✓ 516ms
[2026-04-03 16:39:58] [hamibot] [INFO]:[INFO] [findTargetElementWithCache]: [sel#158] mainPopup/今天 缓存#9(1/1) ✓ 3693ms
[2026-04-03 16:40:05] [hamibot] [INFO]:[INFO] [findTargetElementList]: [sel-list#13] mainPopup/领取奖励 缓存[3] 全部✗ 剩余errorTime=12 5567ms
[2026-04-03 16:40:05] [hamibot] [INFO]:[INFO] [Anonymous functions]: 浏览指定频道好物: hasRun=true
[2026-04-03 16:40:05] [hamibot] [INFO]:[INFO] [Anonymous functions]: 搜一搜喜欢的商品: hasRun=true
[2026-04-03 16:40:05] [hamibot] [INFO]:[INFO] [Anonymous functions]: 去浏览全新好物: hasRun=false
[2026-04-03 16:40:05] [hamibot] [INFO]:[INFO] [Anonymous functions]: 浏览推荐的国补商品: hasRun=false
[2026-04-03 16:40:05] [hamibot] [INFO]:[INFO] [Anonymous functions]: 去蚂蚁森林逛一逛: hasRun=undefined
[2026-04-03 16:40:05] [hamibot] [INFO]:[INFO] [Anonymous functions]: 去支付宝农场领水果: hasRun=false
[2026-04-03 16:40:05] [hamibot] [INFO]:[INFO] [Anonymous functions]: 去淘宝签到领红包: hasRun=true
[2026-04-03 16:40:05] [hamibot] [INFO]:[INFO] [Anonymous functions]: 去蚂蚁森林逛一逛: hasRun=false
[2026-04-03 16:40:05] [hamibot] [INFO]:[INFO] [Anonymous functions]: 去蚂蚁庄园逛一逛: hasRun=false
[2026-04-03 16:40:05] [hamibot] [INFO]:[INFO] [Anonymous functions]: 去支付宝领积分: hasRun=false
[2026-04-03 16:40:05] [hamibot] [INFO]:[INFO] [Anonymous functions]: 浏览鱼小铺工作台: hasRun=false
[2026-04-03 16:40:05] [hamibot] [INFO]:[INFO] [Anonymous functions]: 搜一搜推荐商品: hasRun=false
[2026-04-03 16:40:05] [hamibot] [INFO]:[INFO] [Anonymous functions]: 领至高20元外卖红包: hasRun=false
[2026-04-03 16:40:06] [hamibot] [INFO]:[INFO] [Anonymous functions]: 看视频奖励100币: hasRun=false
[2026-04-03 16:40:06] [hamibot] [INFO]:[INFO] [Anonymous functions]: 看视频奖励100币: hasRun=false
[2026-04-03 16:40:06] [hamibot] [INFO]:[INFO] [Anonymous functions]: 看视频奖励100币: hasRun=false
[2026-04-03 16:40:06] [hamibot] [INFO]:[INFO] [Anonymous functions]: 看视频奖励100币: hasRun=false
[2026-04-03 16:40:06] [hamibot] [INFO]:[INFO] [Anonymous functions]: 发布一件新宝贝: hasRun=false
[2026-04-03 16:40:12] [hamibot] [INFO]:[INFO] [findTargetElementWithCacheStrict]: [sel-strict#13] mainPopup/签到 缓存[3] errorTime耗尽，降级串行 6219ms
[2026-04-03 16:40:12] [hamibot] [INFO]:[INFO] [findTargetElementWithCacheStrict]: [sel-strict#13] mainPopup/签到 串行启动 12 条策略
[2026-04-03 16:41:20] [hamibot] [ERROR]:[ERROR] [findTargetElementWithCacheStrict]: [sel-strict#13] mainPopup/签到 串行全部✗ 串行68330ms 总74588ms
[2026-04-03 16:41:24] [hamibot] [INFO]:[INFO] [findTargetElementWithCacheStrict]: [sel-strict#23] mainPopup/去蚂蚁森林逛一逛 缓存#3(1/1) ✓ 3396ms
[2026-04-03 16:41:28] [hamibot] [INFO]:[INFO] [findTargetElementWithCacheStrict]: [sel-strict#24] mainPopup/去蚂蚁森林逛一逛 缓存#3(1/1) ✓ 4182ms
[2026-04-03 16:41:40] [hamibot] [INFO]:[INFO] [findTargetElementList]: [sel-list#16] mainPopup/去完成 缓存#3(1/1) ✓ 23个 11950ms
[2026-04-03 16:41:41] [hamibot] [INFO]:[INFO] [findBtn_1]: sysReact, 去完成 bounds: Rect(863, 1535 - 971, 1585)
[2026-04-03 16:41:42] [hamibot] [INFO]:[INFO] [findBtn_1]: 运行++去蚂蚁森林逛一逛
[2026-04-03 16:41:48] [hamibot] [INFO]:[INFO] [findTargetElementWithCache]: [sel#159] mainPopup/今天 缓存[9] 全部✗ 剩余errorTime=39 77ms
[2026-04-03 16:41:48] [hamibot] [INFO]:[INFO] [findTargetElementWithCache]: [sel#50] coinExchangeMain/闲鱼币抵扣 缓存[3,6] errorTime耗尽，降级串行 126ms
[2026-04-03 16:41:48] [hamibot] [INFO]:[INFO] [findTargetElementWithCache]: [sel#50] coinExchangeMain/闲鱼币抵扣 串行启动 12 条策略
[2026-04-03 16:41:49] [hamibot] [INFO]:[INFO] [findTargetElementWithCache]: [sel#50] coinExchangeMain/闲鱼币抵扣 串行全部✗ 串行759ms 总950ms
[2026-04-03 16:41:49] [hamibot] [INFO]:[INFO] [backMainPage]: 当前app不是闲鱼，直接回退 com.eg.android.AlipayGphone
[2026-04-03 16:41:49] [hamibot] [INFO]:[INFO] [findTargetElementWithCache]: [sel#160] mainPopup/今天 缓存[9] 全部✗ 剩余errorTime=38 70ms
[2026-04-03 16:41:49] [hamibot] [INFO]:[INFO] [findTargetElementWithCache]: [sel#51] coinExchangeMain/闲鱼币抵扣 缓存[3,6] errorTime耗尽，降级串行 123ms
[2026-04-03 16:41:49] [hamibot] [INFO]:[INFO] [findTargetElementWithCache]: [sel#51] coinExchangeMain/闲鱼币抵扣 串行启动 12 条策略
[2026-04-03 16:41:50] [hamibot] [INFO]:[INFO] [findTargetElementWithCache]: [sel#51] coinExchangeMain/闲鱼币抵扣 串行全部✗ 串行781ms 总944ms
[2026-04-03 16:41:50] [hamibot] [INFO]:[INFO] [backMainPage]: 当前app不是闲鱼，直接回退 com.eg.android.AlipayGphone
[2026-04-03 16:41:50] [hamibot] [INFO]:[INFO] [findTargetElementWithCache]: [sel#161] mainPopup/今天 缓存[9] 全部✗ 剩余errorTime=37 79ms
[2026-04-03 16:41:51] [hamibot] [INFO]:[INFO] [findTargetElementWithCache]: [sel#52] coinExchangeMain/闲鱼币抵扣 缓存[3,6] errorTime耗尽，降级串行 127ms
[2026-04-03 16:41:51] [hamibot] [INFO]:[INFO] [findTargetElementWithCache]: [sel#52] coinExchangeMain/闲鱼币抵扣 串行启动 12 条策略
[2026-04-03 16:41:51] [hamibot] [INFO]:[INFO] [findTargetElementWithCache]: [sel#52] coinExchangeMain/闲鱼币抵扣 串行全部✗ 串行757ms 总932ms
[2026-04-03 16:41:51] [hamibot] [INFO]:[INFO] [backMainPage]: 当前app不是闲鱼，直接回退 com.eg.android.AlipayGphone
[2026-04-03 16:41:52] [hamibot] [ERROR]:[ERROR] [backMainPage]: 死循环了， 关闭app
[2026-04-03 16:41:52] [hamibot] [INFO]:[INFO] [saveElementCache]: saveElementCache 服务端共 18 条 (本次新增/更新 18 条)
[2026-04-03 16:41:52] [hamibot] [INFO]:[INFO] [flushElementCache]: 已触发异步刷新元素查找缓存
[2026-04-03 16:41:52] [hamibot] [INFO]:[INFO] [closeApp]: openHamibot true
[2026-04-03 16:41:54] [hamibot] [INFO]:[INFO] [tryClickNode]: tryClickNode com.stardust.automator.UiObject@2a023; boundsInParent: Rect(0, 0 - 240, 240); boundsInScreen: Rect(420, 2057 - 660, 2297); packageName: com.miui.home; className: android.view.View; text: null; contentDescription: 本机共有12.0 G内存，当前5.8 G可用，双击清理全部任务; viewId: com.miui.home:id/clearAnimView; checkable: false; checked: false; focusable: true; focused: false; selected: false; clickable: true; longClickable: true; enabled: true; password: false; scrollable: false; [ACTION_FOCUS, ACTION_SELECT, ACTION_CLEAR_SELECTION, ACTION_CLICK, ACTION_LONG_CLICK, ACTION_ACCESSIBILITY_FOCUS, ACTION_NEXT_AT_MOVEMENT_GRANULARITY, ACTION_PREVIOUS_AT_MOVEMENT_GRANULARITY, ACTION_SET_SELECTION]
[2026-04-03 16:41:54] [hamibot] [ LOG ]:[ LOG ] [tryClickNode]: tryClickNode: 开始尝试点击节点 com.stardust.automator.UiObject@2a023; boundsInParent: Rect(0, 0 - 240, 240); boundsInScreen: Rect(420, 2057 - 660, 2297); packageName: com.miui.home; className: android.view.View; text: null; contentDescription: 本机共有12.0 G内存，当前5.8 G可用，双击清理全部任务; viewId: com.miui.home:id/clearAnimView; checkable: false; checked: false; focusable: true; focused: false; selected: false; clickable: true; longClickable: true; enabled: true; password: false; scrollable: false; [ACTION_FOCUS, ACTION_SELECT, ACTION_CLEAR_SELECTION, ACTION_CLICK, ACTION_LONG_CLICK, ACTION_ACCESSIBILITY_FOCUS, ACTION_NEXT_AT_MOVEMENT_GRANULARITY, ACTION_PREVIOUS_AT_MOVEMENT_GRANULARITY, ACTION_SET_SELECTION]
[2026-04-03 16:41:54] [hamibot] [ LOG ]:[ LOG ] [tryClickNode]: tryClickNode: 节点clickable值: function clickable() {/*
boolean clickable()
*/}

[2026-04-03 16:41:55] [hamibot] [ LOG ]:[ LOG ] [tryClickNode]: tryClickNode: 节点clickable toString: function clickable() {/*
boolean clickable()
*/}

[2026-04-03 16:41:55] [hamibot] [ LOG ]:[ LOG ] [tryClickNode]: tryClickNode: 解析后的clickable值: true
[2026-04-03 16:41:55] [hamibot] [ LOG ]:[ LOG ] [tryClickNode]: tryClickNode: 节点本身可点击，执行直接点击
[2026-04-03 16:41:55] [hamibot] [ LOG ]:[ LOG ] [tryClickNode]: tryClickNode: 直接点击结果: true
[2026-04-03 16:41:55] [hamibot] [INFO]:[INFO] [closeApp]: 已通过最近任务页‘关闭全部’关闭应用
[2026-04-03 16:42:12] [hamibot] [INFO]:[INFO] [findTargetElementWithCache]: [sel#60] coinExchangeMain/闲鱼币 缓存#3(1/1) ✓ 94ms
[2026-04-03 16:42:14] [hamibot] [INFO]:[INFO] [findTargetElementWithCache]: [sel#162] mainPopup/今天 缓存[9] 全部✗ 剩余errorTime=36 1077ms
[2026-04-03 16:42:15] [hamibot] [INFO]:[INFO] [findTargetElementWithCache]: [sel#163] mainPopup/今天 缓存[9] 全部✗ 剩余errorTime=35 314ms
[2026-04-03 16:42:15] [hamibot] [INFO]:[INFO] [findTargetElementWithCache]: [sel#61] coinExchangeMain/闲鱼币 缓存#3(1/1) ✓ 123ms
[2026-04-03 16:42:18] [hamibot] [INFO]:[INFO] [findTargetElementWithCache]: [sel#164] mainPopup/今天 缓存#9(1/1) ✓ 2770ms
[2026-04-03 16:42:25] [hamibot] [INFO]:[INFO] [findTargetElementList]: [sel-list#14] mainPopup/领取奖励 缓存[3] 全部✗ 剩余errorTime=11 5657ms
[2026-04-03 16:42:25] [hamibot] [INFO]:[INFO] [Anonymous functions]: 浏览指定频道好物: hasRun=true
[2026-04-03 16:42:25] [hamibot] [INFO]:[INFO] [Anonymous functions]: 搜一搜喜欢的商品: hasRun=true
[2026-04-03 16:42:25] [hamibot] [INFO]:[INFO] [Anonymous functions]: 去浏览全新好物: hasRun=false
[2026-04-03 16:42:25] [hamibot] [INFO]:[INFO] [Anonymous functions]: 浏览推荐的国补商品: hasRun=false
[2026-04-03 16:42:25] [hamibot] [INFO]:[INFO] [Anonymous functions]: 去蚂蚁森林逛一逛: hasRun=undefined
[2026-04-03 16:42:26] [hamibot] [INFO]:[INFO] [Anonymous functions]: 去支付宝农场领水果: hasRun=false
[2026-04-03 16:42:26] [hamibot] [INFO]:[INFO] [Anonymous functions]: 去淘宝签到领红包: hasRun=true
[2026-04-03 16:42:26] [hamibot] [INFO]:[INFO] [Anonymous functions]: 去蚂蚁森林逛一逛: hasRun=false
[2026-04-03 16:42:26] [hamibot] [INFO]:[INFO] [Anonymous functions]: 去蚂蚁庄园逛一逛: hasRun=false
[2026-04-03 16:42:26] [hamibot] [INFO]:[INFO] [Anonymous functions]: 去支付宝领积分: hasRun=false
[2026-04-03 16:42:26] [hamibot] [INFO]:[INFO] [Anonymous functions]: 浏览鱼小铺工作台: hasRun=false
[2026-04-03 16:42:26] [hamibot] [INFO]:[INFO] [Anonymous functions]: 搜一搜推荐商品: hasRun=false
[2026-04-03 16:42:26] [hamibot] [INFO]:[INFO] [Anonymous functions]: 领至高20元外卖红包: hasRun=false
[2026-04-03 16:42:26] [hamibot] [INFO]:[INFO] [Anonymous functions]: 看视频奖励100币: hasRun=false
[2026-04-03 16:42:26] [hamibot] [INFO]:[INFO] [Anonymous functions]: 看视频奖励100币: hasRun=false
[2026-04-03 16:42:26] [hamibot] [INFO]:[INFO] [Anonymous functions]: 看视频奖励100币: hasRun=false
[2026-04-03 16:42:26] [hamibot] [INFO]:[INFO] [Anonymous functions]: 看视频奖励100币: hasRun=false
[2026-04-03 16:42:26] [hamibot] [INFO]:[INFO] [Anonymous functions]: 发布一件新宝贝: hasRun=false
[2026-04-03 16:42:31] [hamibot] [INFO]:[INFO] [findTargetElementWithCacheStrict]: [sel-strict#14] mainPopup/签到 缓存[3] errorTime耗尽，降级串行 4792ms
[2026-04-03 16:42:31] [hamibot] [INFO]:[INFO] [findTargetElementWithCacheStrict]: [sel-strict#14] mainPopup/签到 串行启动 12 条策略
[2026-04-03 16:43:42] [hamibot] [ERROR]:[ERROR] [findTargetElementWithCacheStrict]: [sel-strict#14] mainPopup/签到 串行全部✗ 串行70292ms 总75139ms
[2026-04-03 16:43:49] [hamibot] [INFO]:[INFO] [findTargetElementWithCacheStrict]: [sel-strict#25] mainPopup/去蚂蚁森林逛一逛 缓存#3(1/1) ✓ 6749ms
[2026-04-03 16:43:54] [hamibot] [INFO]:[INFO] [findTargetElementWithCacheStrict]: [sel-strict#26] mainPopup/去蚂蚁森林逛一逛 缓存#3(1/1) ✓ 5044ms
[2026-04-03 16:44:07] [hamibot] [INFO]:[INFO] [findTargetElementList]: [sel-list#17] mainPopup/去完成 缓存#3(1/1) ✓ 23个 12442ms
[2026-04-03 16:44:07] [hamibot] [INFO]:[INFO] [findBtn_1]: sysReact, 去完成 bounds: Rect(863, 1535 - 971, 1585)
[2026-04-03 16:44:08] [hamibot] [INFO]:[INFO] [findBtn_1]: 运行++去蚂蚁森林逛一逛
[2026-04-03 16:44:14] [hamibot] [INFO]:[INFO] [findTargetElementWithCache]: [sel#165] mainPopup/今天 缓存[9] 全部✗ 剩余errorTime=39 85ms
[2026-04-03 16:44:14] [hamibot] [INFO]:[INFO] [findTargetElementWithCache]: [sel#53] coinExchangeMain/闲鱼币抵扣 缓存[3,6] errorTime耗尽，降级串行 134ms
[2026-04-03 16:44:14] [hamibot] [INFO]:[INFO] [findTargetElementWithCache]: [sel#53] coinExchangeMain/闲鱼币抵扣 串行启动 12 条策略
[2026-04-03 16:44:15] [hamibot] [INFO]:[INFO] [findTargetElementWithCache]: [sel#53] coinExchangeMain/闲鱼币抵扣 串行全部✗ 串行820ms 总1000ms
[2026-04-03 16:44:15] [hamibot] [INFO]:[INFO] [backMainPage]: 当前app不是闲鱼，直接回退 com.eg.android.AlipayGphone
[2026-04-03 16:44:16] [hamibot] [INFO]:[INFO] [findTargetElementWithCache]: [sel#166] mainPopup/今天 缓存[9] 全部✗ 剩余errorTime=38 81ms
[2026-04-03 16:44:16] [hamibot] [INFO]:[INFO] [findTargetElementWithCache]: [sel#54] coinExchangeMain/闲鱼币抵扣 缓存[3,6] errorTime耗尽，降级串行 121ms
[2026-04-03 16:44:16] [hamibot] [INFO]:[INFO] [findTargetElementWithCache]: [sel#54] coinExchangeMain/闲鱼币抵扣 串行启动 12 条策略
[2026-04-03 16:44:17] [hamibot] [INFO]:[INFO] [findTargetElementWithCache]: [sel#54] coinExchangeMain/闲鱼币抵扣 串行全部✗ 串行745ms 总954ms
[2026-04-03 16:44:17] [hamibot] [INFO]:[INFO] [backMainPage]: 当前app不是闲鱼，直接回退 com.eg.android.AlipayGphone
[2026-04-03 16:44:18] [hamibot] [INFO]:[INFO] [findTargetElementWithCache]: [sel#167] mainPopup/今天 缓存[9] 全部✗ 剩余errorTime=37 100ms
[2026-04-03 16:44:18] [hamibot] [INFO]:[INFO] [findTargetElementWithCache]: [sel#55] coinExchangeMain/闲鱼币抵扣 缓存[3,6] errorTime耗尽，降级串行 127ms
[2026-04-03 16:44:18] [hamibot] [INFO]:[INFO] [findTargetElementWithCache]: [sel#55] coinExchangeMain/闲鱼币抵扣 串行启动 12 条策略
[2026-04-03 16:44:19] [hamibot] [INFO]:[INFO] [findTargetElementWithCache]: [sel#55] coinExchangeMain/闲鱼币抵扣 串行全部✗ 串行766ms 总949ms
[2026-04-03 16:44:20] [hamibot] [INFO]:[INFO] [backMainPage]: 当前app不是闲鱼，直接回退 com.eg.android.AlipayGphone
[2026-04-03 16:44:20] [hamibot] [ERROR]:[ERROR] [backMainPage]: 死循环了， 关闭app
[2026-04-03 16:44:21] [hamibot] [INFO]:[INFO] [saveElementCache]: saveElementCache 服务端共 18 条 (本次新增/更新 18 条)
[2026-04-03 16:44:21] [hamibot] [INFO]:[INFO] [flushElementCache]: 已触发异步刷新元素查找缓存
[2026-04-03 16:44:21] [hamibot] [INFO]:[INFO] [closeApp]: openHamibot true
[2026-04-03 16:44:23] [hamibot] [INFO]:[INFO] [tryClickNode]: tryClickNode com.stardust.automator.UiObject@2a023; boundsInParent: Rect(0, 0 - 240, 240); boundsInScreen: Rect(420, 2057 - 660, 2297); packageName: com.miui.home; className: android.view.View; text: null; contentDescription: 本机共有12.0 G内存，当前4.9 G可用，双击清理全部任务; viewId: com.miui.home:id/clearAnimView; checkable: false; checked: false; focusable: true; focused: false; selected: false; clickable: true; longClickable: true; enabled: true; password: false; scrollable: false; [ACTION_FOCUS, ACTION_SELECT, ACTION_CLEAR_SELECTION, ACTION_CLICK, ACTION_LONG_CLICK, ACTION_ACCESSIBILITY_FOCUS, ACTION_NEXT_AT_MOVEMENT_GRANULARITY, ACTION_PREVIOUS_AT_MOVEMENT_GRANULARITY, ACTION_SET_SELECTION]
[2026-04-03 16:44:23] [hamibot] [ LOG ]:[ LOG ] [tryClickNode]: tryClickNode: 开始尝试点击节点 com.stardust.automator.UiObject@2a023; boundsInParent: Rect(0, 0 - 240, 240); boundsInScreen: Rect(420, 2057 - 660, 2297); packageName: com.miui.home; className: android.view.View; text: null; contentDescription: 本机共有12.0 G内存，当前4.9 G可用，双击清理全部任务; viewId: com.miui.home:id/clearAnimView; checkable: false; checked: false; focusable: true; focused: false; selected: false; clickable: true; longClickable: true; enabled: true; password: false; scrollable: false; [ACTION_FOCUS, ACTION_SELECT, ACTION_CLEAR_SELECTION, ACTION_CLICK, ACTION_LONG_CLICK, ACTION_ACCESSIBILITY_FOCUS, ACTION_NEXT_AT_MOVEMENT_GRANULARITY, ACTION_PREVIOUS_AT_MOVEMENT_GRANULARITY, ACTION_SET_SELECTION]
[2026-04-03 16:44:23] [hamibot] [ LOG ]:[ LOG ] [tryClickNode]: tryClickNode: 节点clickable值: function clickable() {/*
boolean clickable()
*/}

[2026-04-03 16:44:23] [hamibot] [ LOG ]:[ LOG ] [tryClickNode]: tryClickNode: 节点clickable toString: function clickable() {/*
boolean clickable()
*/}

[2026-04-03 16:44:24] [hamibot] [ LOG ]:[ LOG ] [tryClickNode]: tryClickNode: 解析后的clickable值: true
[2026-04-03 16:44:24] [hamibot] [ LOG ]:[ LOG ] [tryClickNode]: tryClickNode: 节点本身可点击，执行直接点击
[2026-04-03 16:44:24] [hamibot] [ LOG ]:[ LOG ] [tryClickNode]: tryClickNode: 直接点击结果: true
[2026-04-03 16:44:24] [hamibot] [INFO]:[INFO] [closeApp]: 已通过最近任务页‘关闭全部’关闭应用
[2026-04-03 16:44:40] [hamibot] [INFO]:[INFO] [findTargetElementWithCache]: [sel#62] coinExchangeMain/闲鱼币 缓存#3(1/1) ✓ 368ms
[2026-04-03 16:44:46] [hamibot] [INFO]:[INFO] [findTargetElementWithCache]: [sel#168] mainPopup/今天 缓存[9] 全部✗ 剩余errorTime=36 5902ms
[2026-04-03 16:44:50] [hamibot] [INFO]:[INFO] [findTargetElementWithCache]: [sel#169] mainPopup/今天 缓存#9(1/1) ✓ 3457ms
[2026-04-03 16:44:51] [hamibot] [INFO]:[INFO] [findTargetElementWithCache]: [sel#63] coinExchangeMain/闲鱼币 缓存#3(1/1) ✓ 481ms
[2026-04-03 16:44:54] [hamibot] [INFO]:[INFO] [findTargetElementWithCache]: [sel#170] mainPopup/今天 缓存#9(1/1) ✓ 2682ms
[2026-04-03 16:45:01] [hamibot] [INFO]:[INFO] [findTargetElementList]: [sel-list#15] mainPopup/领取奖励 缓存[3] 全部✗ 剩余errorTime=10 5710ms
[2026-04-03 16:45:01] [hamibot] [INFO]:[INFO] [Anonymous functions]: 浏览指定频道好物: hasRun=true
[2026-04-03 16:45:01] [hamibot] [INFO]:[INFO] [Anonymous functions]: 搜一搜喜欢的商品: hasRun=true
[2026-04-03 16:45:01] [hamibot] [INFO]:[INFO] [Anonymous functions]: 去浏览全新好物: hasRun=false
[2026-04-03 16:45:01] [hamibot] [INFO]:[INFO] [Anonymous functions]: 浏览推荐的国补商品: hasRun=false
[2026-04-03 16:45:01] [hamibot] [INFO]:[INFO] [Anonymous functions]: 去蚂蚁森林逛一逛: hasRun=undefined
[2026-04-03 16:45:01] [hamibot] [INFO]:[INFO] [Anonymous functions]: 去支付宝农场领水果: hasRun=false
[2026-04-03 16:45:01] [hamibot] [INFO]:[INFO] [Anonymous functions]: 去淘宝签到领红包: hasRun=true
[2026-04-03 16:45:01] [hamibot] [INFO]:[INFO] [Anonymous functions]: 去蚂蚁森林逛一逛: hasRun=false
[2026-04-03 16:45:01] [hamibot] [INFO]:[INFO] [Anonymous functions]: 去蚂蚁庄园逛一逛: hasRun=false
[2026-04-03 16:45:01] [hamibot] [INFO]:[INFO] [Anonymous functions]: 去支付宝领积分: hasRun=false
[2026-04-03 16:45:01] [hamibot] [INFO]:[INFO] [Anonymous functions]: 浏览鱼小铺工作台: hasRun=false
[2026-04-03 16:45:01] [hamibot] [INFO]:[INFO] [Anonymous functions]: 搜一搜推荐商品: hasRun=false
[2026-04-03 16:45:02] [hamibot] [INFO]:[INFO] [Anonymous functions]: 领至高20元外卖红包: hasRun=false
[2026-04-03 16:45:02] [hamibot] [INFO]:[INFO] [Anonymous functions]: 看视频奖励100币: hasRun=false
[2026-04-03 16:45:02] [hamibot] [INFO]:[INFO] [Anonymous functions]: 看视频奖励100币: hasRun=false
[2026-04-03 16:45:02] [hamibot] [INFO]:[INFO] [Anonymous functions]: 看视频奖励100币: hasRun=false
[2026-04-03 16:45:02] [hamibot] [INFO]:[INFO] [Anonymous functions]: 看视频奖励100币: hasRun=false
[2026-04-03 16:45:02] [hamibot] [INFO]:[INFO] [Anonymous functions]: 发布一件新宝贝: hasRun=false
[2026-04-03 16:45:08] [hamibot] [INFO]:[INFO] [findTargetElementWithCacheStrict]: [sel-strict#15] mainPopup/签到 缓存[3] errorTime耗尽，降级串行 6093ms
[2026-04-03 16:45:08] [hamibot] [INFO]:[INFO] [findTargetElementWithCacheStrict]: [sel-strict#15] mainPopup/签到 串行启动 12 条策略
[2026-04-03 16:45:50] [hamibot] [ERROR]:[ERROR] [findTargetElementWithCacheStrict]: [sel-strict#15] mainPopup/签到 串行全部✗ 串行41663ms 总47799ms
[2026-04-03 16:45:51] [hamibot] [INFO]:[INFO] [findTargetElementWithCacheStrict]: [sel-strict#27] mainPopup/去蚂蚁森林逛一逛 缓存#3(1/1) ✓ 1222ms
[2026-04-03 16:45:57] [hamibot] [INFO]:[INFO] [findTargetElementWithCacheStrict]: [sel-strict#28] mainPopup/去蚂蚁森林逛一逛 缓存#3(1/1) ✓ 6182ms
[2026-04-03 16:46:03] [hamibot] [INFO]:[INFO] [findTargetElementList]: [sel-list#18] mainPopup/去完成 缓存[3] 全部✗ 剩余errorTime=2 5268ms
[2026-04-03 16:46:03] [hamibot] [INFO]:[INFO] [findTargetElementWithCacheStrict]: [sel-strict#1] mainPopup/去蚂蚁庄园逛一逛 缓存[3] 全部✗ 剩余errorTime=2 2ms
[2026-04-03 16:46:03] [hamibot] [INFO]:[INFO] [findTargetElementWithCache]: [sel#171] mainPopup/今天 缓存[9] 全部✗ 剩余errorTime=39 82ms
[2026-04-03 16:46:03] [hamibot] [INFO]:[INFO] [findTargetElementWithCache]: [sel#172] mainPopup/今天 缓存[9] 全部✗ 剩余errorTime=38 81ms
[2026-04-03 16:46:04] [hamibot] [INFO]:[INFO] [findTargetElementWithCache]: [sel#56] coinExchangeMain/闲鱼币抵扣 缓存[3,6] errorTime耗尽，降级串行 131ms
[2026-04-03 16:46:04] [hamibot] [INFO]:[INFO] [findTargetElementWithCache]: [sel#56] coinExchangeMain/闲鱼币抵扣 串行启动 12 条策略
[2026-04-03 16:46:04] [hamibot] [INFO]:[INFO] [findTargetElementWithCache]: [sel#56] coinExchangeMain/闲鱼币抵扣 串行全部✗ 串行729ms 总1000ms
[2026-04-03 16:46:06] [hamibot] [INFO]:[INFO] [findTargetElementWithCache]: [sel#173] mainPopup/今天 缓存[9] 全部✗ 剩余errorTime=37 326ms
[2026-04-03 16:46:06] [hamibot] [INFO]:[INFO] [findTargetElementWithCache]: [sel#57] coinExchangeMain/闲鱼币抵扣 缓存[3,6] errorTime耗尽，降级串行 309ms
[2026-04-03 16:46:06] [hamibot] [INFO]:[INFO] [findTargetElementWithCache]: [sel#57] coinExchangeMain/闲鱼币抵扣 串行启动 12 条策略
[2026-04-03 16:46:08] [hamibot] [INFO]:[INFO] [findTargetElementWithCache]: [sel#57] coinExchangeMain/闲鱼币抵扣 串行全部✗ 串行1617ms 总1973ms
[2026-04-03 16:46:08] [hamibot] [INFO]:[INFO] [backMainPage]: 当前app不是闲鱼，直接回退 com.eg.android.AlipayGphone
[2026-04-03 16:46:08] [hamibot] [INFO]:[INFO] [findTargetElementWithCache]: [sel#174] mainPopup/今天 缓存[9] 全部✗ 剩余errorTime=36 69ms
[2026-04-03 16:46:08] [hamibot] [INFO]:[INFO] [findTargetElementWithCache]: [sel#58] coinExchangeMain/闲鱼币抵扣 缓存[3,6] errorTime耗尽，降级串行 109ms
[2026-04-03 16:46:08] [hamibot] [INFO]:[INFO] [findTargetElementWithCache]: [sel#58] coinExchangeMain/闲鱼币抵扣 串行启动 12 条策略
[2026-04-03 16:46:09] [hamibot] [INFO]:[INFO] [findTargetElementWithCache]: [sel#58] coinExchangeMain/闲鱼币抵扣 串行全部✗ 串行745ms 总906ms
[2026-04-03 16:46:09] [hamibot] [INFO]:[INFO] [backMainPage]: 当前app不是闲鱼，直接回退 com.eg.android.AlipayGphone
[2026-04-03 16:46:10] [hamibot] [INFO]:[INFO] [findTargetElementWithCache]: [sel#175] mainPopup/今天 缓存[9] 全部✗ 剩余errorTime=35 470ms
[2026-04-03 16:46:10] [hamibot] [INFO]:[INFO] [findTargetElementWithCache]: [sel#59] coinExchangeMain/闲鱼币抵扣 缓存[3,6] errorTime耗尽，降级串行 118ms
[2026-04-03 16:46:10] [hamibot] [INFO]:[INFO] [findTargetElementWithCache]: [sel#59] coinExchangeMain/闲鱼币抵扣 串行启动 12 条策略
[2026-04-03 16:46:11] [hamibot] [INFO]:[INFO] [findTargetElementWithCache]: [sel#59] coinExchangeMain/闲鱼币抵扣 串行全部✗ 串行1010ms 总1214ms
[2026-04-03 16:46:12] [hamibot] [INFO]:[INFO] [backMainPage]: 当前app不是闲鱼，直接回退 com.eg.android.AlipayGphone
[2026-04-03 16:46:12] [hamibot] [ERROR]:[ERROR] [backMainPage]: 死循环了， 关闭app
[2026-04-03 16:46:12] [hamibot] [INFO]:[INFO] [saveElementCache]: saveElementCache 服务端共 18 条 (本次新增/更新 18 条)
[2026-04-03 16:46:12] [hamibot] [INFO]:[INFO] [flushElementCache]: 已触发异步刷新元素查找缓存
[2026-04-03 16:46:12] [hamibot] [INFO]:[INFO] [closeApp]: openHamibot true
[2026-04-03 16:46:14] [hamibot] [INFO]:[INFO] [tryClickNode]: tryClickNode com.stardust.automator.UiObject@2a023; boundsInParent: Rect(0, 0 - 240, 240); boundsInScreen: Rect(420, 2057 - 660, 2297); packageName: com.miui.home; className: android.view.View; text: null; contentDescription: 本机共有12.0 G内存，当前6.5 G可用，双击清理全部任务; viewId: com.miui.home:id/clearAnimView; checkable: false; checked: false; focusable: true; focused: false; selected: false; clickable: true; longClickable: true; enabled: true; password: false; scrollable: false; [ACTION_FOCUS, ACTION_SELECT, ACTION_CLEAR_SELECTION, ACTION_CLICK, ACTION_LONG_CLICK, ACTION_ACCESSIBILITY_FOCUS, ACTION_NEXT_AT_MOVEMENT_GRANULARITY, ACTION_PREVIOUS_AT_MOVEMENT_GRANULARITY, ACTION_SET_SELECTION]
[2026-04-03 16:46:15] [hamibot] [ LOG ]:[ LOG ] [tryClickNode]: tryClickNode: 开始尝试点击节点 com.stardust.automator.UiObject@2a023; boundsInParent: Rect(0, 0 - 240, 240); boundsInScreen: Rect(420, 2057 - 660, 2297); packageName: com.miui.home; className: android.view.View; text: null; contentDescription: 本机共有12.0 G内存，当前6.5 G可用，双击清理全部任务; viewId: com.miui.home:id/clearAnimView; checkable: false; checked: false; focusable: true; focused: false; selected: false; clickable: true; longClickable: true; enabled: true; password: false; scrollable: false; [ACTION_FOCUS, ACTION_SELECT, ACTION_CLEAR_SELECTION, ACTION_CLICK, ACTION_LONG_CLICK, ACTION_ACCESSIBILITY_FOCUS, ACTION_NEXT_AT_MOVEMENT_GRANULARITY, ACTION_PREVIOUS_AT_MOVEMENT_GRANULARITY, ACTION_SET_SELECTION]
[2026-04-03 16:46:15] [hamibot] [ LOG ]:[ LOG ] [tryClickNode]: tryClickNode: 节点clickable值: function clickable() {/*
boolean clickable()
*/}

[2026-04-03 16:46:15] [hamibot] [ LOG ]:[ LOG ] [tryClickNode]: tryClickNode: 节点clickable toString: function clickable() {/*
boolean clickable()
*/}

[2026-04-03 16:46:15] [hamibot] [ LOG ]:[ LOG ] [tryClickNode]: tryClickNode: 解析后的clickable值: true
[2026-04-03 16:46:15] [hamibot] [ LOG ]:[ LOG ] [tryClickNode]: tryClickNode: 节点本身可点击，执行直接点击
[2026-04-03 16:46:15] [hamibot] [ LOG ]:[ LOG ] [tryClickNode]: tryClickNode: 直接点击结果: true
[2026-04-03 16:46:16] [hamibot] [INFO]:[INFO] [closeApp]: 已通过最近任务页‘关闭全部’关闭应用
[2026-04-03 16:46:17] [hamibot] [INFO]:[INFO] [Outer]: Exit...
[2026-04-03 16:46:17] [hamibot] [INFO]:[INFO] [Anonymous functions]: Launching...

	Current script version: 1.0.4

[2026-04-03 16:46:18] [hamibot] [INFO]:[INFO] [Anonymous functions]: Configuration loaded {"APP_ENV":"development","USER_ID":"6723480da777ba4dbbb4bfe9","ROBOT_ID":"67242f26e2fed0e6e3d11b91","SCRIPT_ID":"69c892b6992c1948e94a51a6","TIMESTAMP":"2026-04-03 16:46:17"}
[2026-04-03 16:46:18] [hamibot] [INFO]:[INFO] [Anonymous functions]: Verifying configurations
[2026-04-03 16:46:18] [hamibot] [INFO]:[INFO] [Anonymous functions]: Start running script
[2026-04-03 16:46:18] [hamibot] [INFO]:[INFO] [getElementCache]: getElementCache 加载成功，共 18 条 (第1次)
[2026-04-03 16:46:18] [hamibot] [DEBUG]:[DEBUG] [init]: Accessibility permissions enabled
[2026-04-03 16:46:21] [hamibot] [DEBUG]:[DEBUG] [init]: Screen size: 2280 x 1080 (DisplayMetrics 或默认 1080×2400)
[2026-04-03 16:46:21] [hamibot] [INFO]:[INFO] [saveElementCache]: saveElementCache 服务端共 18 条 (本次新增/更新 18 条)
[2026-04-03 16:46:21] [hamibot] [INFO]:[INFO] [flushElementCache]: 已触发异步刷新元素查找缓存
[2026-04-03 16:46:21] [hamibot] [INFO]:[INFO] [closeApp]: openHamibot true
[2026-04-03 16:46:24] [hamibot] [INFO]:[INFO] [tryClickNode]: tryClickNode com.stardust.automator.UiObject@2a023; boundsInParent: Rect(0, 0 - 240, 240); boundsInScreen: Rect(420, 2057 - 660, 2297); packageName: com.miui.home; className: android.view.View; text: null; contentDescription: 本机共有12.0 G内存，当前6.9 G可用，双击清理全部任务; viewId: com.miui.home:id/clearAnimView; checkable: false; checked: false; focusable: true; focused: false; selected: false; clickable: true; longClickable: true; enabled: true; password: false; scrollable: false; [ACTION_FOCUS, ACTION_SELECT, ACTION_CLEAR_SELECTION, ACTION_CLICK, ACTION_LONG_CLICK, ACTION_ACCESSIBILITY_FOCUS, ACTION_NEXT_AT_MOVEMENT_GRANULARITY, ACTION_PREVIOUS_AT_MOVEMENT_GRANULARITY, ACTION_SET_SELECTION]
[2026-04-03 16:46:24] [hamibot] [ LOG ]:[ LOG ] [tryClickNode]: tryClickNode: 开始尝试点击节点 com.stardust.automator.UiObject@2a023; boundsInParent: Rect(0, 0 - 240, 240); boundsInScreen: Rect(420, 2057 - 660, 2297); packageName: com.miui.home; className: android.view.View; text: null; contentDescription: 本机共有12.0 G内存，当前6.9 G可用，双击清理全部任务; viewId: com.miui.home:id/clearAnimView; checkable: false; checked: false; focusable: true; focused: false; selected: false; clickable: true; longClickable: true; enabled: true; password: false; scrollable: false; [ACTION_FOCUS, ACTION_SELECT, ACTION_CLEAR_SELECTION, ACTION_CLICK, ACTION_LONG_CLICK, ACTION_ACCESSIBILITY_FOCUS, ACTION_NEXT_AT_MOVEMENT_GRANULARITY, ACTION_PREVIOUS_AT_MOVEMENT_GRANULARITY, ACTION_SET_SELECTION]
[2026-04-03 16:46:24] [hamibot] [ LOG ]:[ LOG ] [tryClickNode]: tryClickNode: 节点clickable值: function clickable() {/*
boolean clickable()
*/}

[2026-04-03 16:46:24] [hamibot] [ LOG ]:[ LOG ] [tryClickNode]: tryClickNode: 节点clickable toString: function clickable() {/*
boolean clickable()
*/}

[2026-04-03 16:46:24] [hamibot] [ LOG ]:[ LOG ] [tryClickNode]: tryClickNode: 解析后的clickable值: true
[2026-04-03 16:46:24] [hamibot] [ LOG ]:[ LOG ] [tryClickNode]: tryClickNode: 节点本身可点击，执行直接点击
[2026-04-03 16:46:24] [hamibot] [ LOG ]:[ LOG ] [tryClickNode]: tryClickNode: 直接点击结果: true
[2026-04-03 16:46:25] [hamibot] [INFO]:[INFO] [closeApp]: 已通过最近任务页‘关闭全部’关闭应用
[2026-04-03 16:46:27] [hamibot] [INFO]:[INFO] [Outer]: 开始查找商品详情
[2026-04-03 16:46:29] [hamibot] [INFO]:[INFO] [Outer]: 找到商品数量: 0
[2026-04-03 16:46:30] [hamibot] [INFO]:[INFO] [fetchPendingTasks]: fetchPendingTasks raw[30]: {"code":0,"data":[],"total":0}
[2026-04-03 16:46:45] [hamibot] [INFO]:[INFO] [fetchPendingTasks]: fetchPendingTasks raw[30]: {"code":0,"data":[],"total":0}
[2026-04-03 16:47:00] [hamibot] [INFO]:[INFO] [fetchPendingTasks]: fetchPendingTasks raw[30]: {"code":0,"data":[],"total":0}
[2026-04-03 16:47:15] [hamibot] [INFO]:[INFO] [fetchPendingTasks]: fetchPendingTasks raw[30]: {"code":0,"data":[],"total":0}
[2026-04-03 16:47:30] [hamibot] [INFO]:[INFO] [fetchPendingTasks]: fetchPendingTasks raw[30]: {"code":0,"data":[],"total":0}
[2026-04-03 16:47:45] [hamibot] [INFO]:[INFO] [fetchPendingTasks]: fetchPendingTasks raw[30]: {"code":0,"data":[],"total":0}
[2026-04-03 16:48:00] [hamibot] [INFO]:[INFO] [fetchPendingTasks]: fetchPendingTasks raw[30]: {"code":0,"data":[],"total":0}
[2026-04-03 16:48:15] [hamibot] [INFO]:[INFO] [fetchPendingTasks]: fetchPendingTasks raw[30]: {"code":0,"data":[],"total":0}
[2026-04-03 16:48:30] [hamibot] [INFO]:[INFO] [fetchPendingTasks]: fetchPendingTasks raw[30]: {"code":0,"data":[],"total":0}
[2026-04-03 16:48:46] [hamibot] [INFO]:[INFO] [fetchPendingTasks]: fetchPendingTasks raw[30]: {"code":0,"data":[],"total":0}
[2026-04-03 16:49:01] [hamibot] [INFO]:[INFO] [fetchPendingTasks]: fetchPendingTasks raw[30]: {"code":0,"data":[],"total":0}
[2026-04-03 16:49:16] [hamibot] [INFO]:[INFO] [fetchPendingTasks]: fetchPendingTasks raw[30]: {"code":0,"data":[],"total":0}
[2026-04-03 16:49:31] [hamibot] [INFO]:[INFO] [fetchPendingTasks]: fetchPendingTasks raw[30]: {"code":0,"data":[],"total":0}
[2026-04-03 16:49:46] [hamibot] [INFO]:[INFO] [fetchPendingTasks]: fetchPendingTasks raw[30]: {"code":0,"data":[],"total":0}
[2026-04-03 16:50:01] [hamibot] [INFO]:[INFO] [fetchPendingTasks]: fetchPendingTasks raw[30]: {"code":0,"data":[],"total":0}
[2026-04-03 16:50:16] [hamibot] [INFO]:[INFO] [fetchPendingTasks]: fetchPendingTasks raw[30]: {"code":0,"data":[],"total":0}
[2026-04-03 16:50:31] [hamibot] [INFO]:[INFO] [fetchPendingTasks]: fetchPendingTasks raw[30]: {"code":0,"data":[],"total":0}
[2026-04-03 16:50:47] [hamibot] [INFO]:[INFO] [fetchPendingTasks]: fetchPendingTasks raw[30]: {"code":0,"data":[],"total":0}
[2026-04-03 16:51:02] [hamibot] [INFO]:[INFO] [fetchPendingTasks]: fetchPendingTasks raw[30]: {"code":0,"data":[],"total":0}
[2026-04-03 16:51:17] [hamibot] [INFO]:[INFO] [fetchPendingTasks]: fetchPendingTasks raw[30]: {"code":0,"data":[],"total":0}
[2026-04-03 16:51:32] [hamibot] [INFO]:[INFO] [fetchPendingTasks]: fetchPendingTasks raw[30]: {"code":0,"data":[],"total":0}
[2026-04-03 16:51:47] [hamibot] [INFO]:[INFO] [fetchPendingTasks]: fetchPendingTasks raw[30]: {"code":0,"data":[],"total":0}
[2026-04-03 16:52:02] [hamibot] [INFO]:[INFO] [fetchPendingTasks]: fetchPendingTasks raw[30]: {"code":0,"data":[],"total":0}
[2026-04-03 16:52:17] [hamibot] [INFO]:[INFO] [fetchPendingTasks]: fetchPendingTasks raw[30]: {"code":0,"data":[],"total":0}
[2026-04-03 16:52:32] [hamibot] [INFO]:[INFO] [fetchPendingTasks]: fetchPendingTasks raw[30]: {"code":0,"data":[],"total":0}
[2026-04-03 16:52:47] [hamibot] [INFO]:[INFO] [fetchPendingTasks]: fetchPendingTasks raw[30]: {"code":0,"data":[],"total":0}
[2026-04-03 16:53:02] [hamibot] [INFO]:[INFO] [fetchPendingTasks]: fetchPendingTasks raw[30]: {"code":0,"data":[],"total":0}
[2026-04-03 16:53:17] [hamibot] [INFO]:[INFO] [fetchPendingTasks]: fetchPendingTasks raw[30]: {"code":0,"data":[],"total":0}
[2026-04-03 16:53:32] [hamibot] [INFO]:[INFO] [fetchPendingTasks]: fetchPendingTasks raw[30]: {"code":0,"data":[],"total":0}
[2026-04-03 16:53:48] [hamibot] [INFO]:[INFO] [fetchPendingTasks]: fetchPendingTasks raw[30]: {"code":0,"data":[],"total":0}
[2026-04-03 16:54:03] [hamibot] [INFO]:[INFO] [fetchPendingTasks]: fetchPendingTasks raw[30]: {"code":0,"data":[],"total":0}
[2026-04-03 16:54:18] [hamibot] [INFO]:[INFO] [fetchPendingTasks]: fetchPendingTasks raw[30]: {"code":0,"data":[],"total":0}
[2026-04-03 16:54:33] [hamibot] [INFO]:[INFO] [fetchPendingTasks]: fetchPendingTasks raw[30]: {"code":0,"data":[],"total":0}
[2026-04-03 16:54:48] [hamibot] [INFO]:[INFO] [fetchPendingTasks]: fetchPendingTasks raw[30]: {"code":0,"data":[],"total":0}
[2026-04-03 16:55:03] [hamibot] [INFO]:[INFO] [fetchPendingTasks]: fetchPendingTasks raw[30]: {"code":0,"data":[],"total":0}
[2026-04-03 16:55:18] [hamibot] [INFO]:[INFO] [fetchPendingTasks]: fetchPendingTasks raw[30]: {"code":0,"data":[],"total":0}
[2026-04-03 16:55:33] [hamibot] [INFO]:[INFO] [fetchPendingTasks]: fetchPendingTasks raw[30]: {"code":0,"data":[],"total":0}
[2026-04-03 16:55:48] [hamibot] [INFO]:[INFO] [fetchPendingTasks]: fetchPendingTasks raw[30]: {"code":0,"data":[],"total":0}
[2026-04-03 16:56:03] [hamibot] [INFO]:[INFO] [fetchPendingTasks]: fetchPendingTasks raw[30]: {"code":0,"data":[],"total":0}
[2026-04-03 16:56:19] [hamibot] [INFO]:[INFO] [fetchPendingTasks]: fetchPendingTasks raw[263]: {"code":0,"data":[{"id":"e6a87f61-94e0-4055-b85f-16ad5baf693f","type":"goldCoin","status":"pending",
[2026-04-03 17:07:30] [hamibot] [INFO]:[INFO] [saveElementCache]: saveElementCache 服务端共 18 条 (本次新增/更新 18 条)
[2026-04-03 17:07:30] [hamibot] [INFO]:[INFO] [flushElementCache]: 已触发异步刷新元素查找缓存
[2026-04-03 17:07:30] [hamibot] [INFO]:[INFO] [closeApp]: openHamibot true
[2026-04-03 17:07:46] [hamibot] [WARN]:[WARN] [closeApp]: 关闭应用未确认成功: com.taobao.idlefish
[2026-04-03 17:30:03] [hamibot] [INFO]:[INFO] [saveElementCache]: saveElementCache 服务端共 18 条 (本次新增/更新 18 条)
[2026-04-03 17:30:03] [hamibot] [INFO]:[INFO] [flushElementCache]: 已触发异步刷新元素查找缓存
[2026-04-03 17:30:03] [hamibot] [INFO]:[INFO] [closeApp]: openHamibot true
[2026-04-03 17:30:21] [hamibot] [WARN]:[WARN] [closeApp]: 关闭应用未确认成功: com.taobao.idlefish
[2026-04-03 17:51:56] [hamibot] [INFO]:[INFO] [saveElementCache]: saveElementCache 服务端共 18 条 (本次新增/更新 18 条)
[2026-04-03 17:51:56] [hamibot] [INFO]:[INFO] [flushElementCache]: 已触发异步刷新元素查找缓存
[2026-04-03 17:51:56] [hamibot] [INFO]:[INFO] [closeApp]: openHamibot true
[2026-04-03 17:52:15] [hamibot] [WARN]:[WARN] [closeApp]: 关闭应用未确认成功: com.taobao.idlefish
[2026-04-03 18:08:55] [hamibot] [INFO]:[INFO] [saveElementCache]: saveElementCache 服务端共 18 条 (本次新增/更新 18 条)
[2026-04-03 18:08:55] [hamibot] [INFO]:[INFO] [flushElementCache]: 已触发异步刷新元素查找缓存
[2026-04-03 18:08:55] [hamibot] [INFO]:[INFO] [closeApp]: openHamibot true
[2026-04-03 18:09:12] [hamibot] [WARN]:[WARN] [closeApp]: 关闭应用未确认成功: com.taobao.idlefish
[2026-04-03 19:09:36] [hamibot] [INFO]:[INFO] [saveElementCache]: saveElementCache 服务端共 18 条 (本次新增/更新 18 条)
[2026-04-03 19:09:36] [hamibot] [INFO]:[INFO] [flushElementCache]: 已触发异步刷新元素查找缓存
[2026-04-03 19:09:36] [hamibot] [INFO]:[INFO] [closeApp]: openHamibot true
[2026-04-03 19:09:53] [hamibot] [WARN]:[WARN] [closeApp]: 关闭应用未确认成功: com.taobao.idlefish
[2026-04-03 19:28:04] [hamibot] [INFO]:[INFO] [findTargetElementWithCache]: [sel#1] coinExchangeMain/闲鱼币 缓存#3(1/1) ✓ 144ms
[2026-04-03 19:28:05] [hamibot] [INFO]:[INFO] [findTargetElementWithCache]: [sel#1] mainPopup/今天 缓存[9] 全部✗ 剩余errorTime=34 292ms
[2026-04-03 19:28:09] [hamibot] [INFO]:[INFO] [findTargetElementWithCache]: [sel#2] coinExchangeMain/闲鱼币 缓存[3] 全部✗ 剩余errorTime=2 1298ms
[2026-04-03 19:28:09] [hamibot] [ERROR]:[ERROR] [coinExchange]: coinExchange, 金币页面未找到闲鱼币
[2026-04-03 19:28:09] [hamibot] [INFO]:[INFO] [findTargetElementWithCache]: [sel#2] mainPopup/今天 缓存[9] 全部✗ 剩余errorTime=33 82ms
[2026-04-03 19:28:09] [hamibot] [INFO]:[INFO] [findTargetElementWithCache]: [sel#1] coinExchangeMain/闲鱼币抵扣 缓存[3,6] errorTime耗尽，降级串行 431ms
[2026-04-03 19:28:09] [hamibot] [INFO]:[INFO] [findTargetElementWithCache]: [sel#1] coinExchangeMain/闲鱼币抵扣 串行启动 12 条策略
[2026-04-03 19:28:14] [hamibot] [INFO]:[INFO] [findTargetElementWithCache]: [sel#1] coinExchangeMain/闲鱼币抵扣 串行全部✗ 串行4500ms 总4962ms
[2026-04-03 19:28:14] [hamibot] [INFO]:[INFO] [saveElementCache]: saveElementCache 服务端共 18 条 (本次新增/更新 17 条)
[2026-04-03 19:28:14] [hamibot] [INFO]:[INFO] [backMainPage]: 当前app不是闲鱼，直接回退 com.miui.home
[2026-04-03 19:28:14] [hamibot] [ERROR]:[ERROR] [backMainPage]: 死循环了， 关闭app
[2026-04-03 19:28:14] [hamibot] [INFO]:[INFO] [saveElementCache]: saveElementCache 服务端共 18 条 (本次新增/更新 17 条)
[2026-04-03 19:28:14] [hamibot] [INFO]:[INFO] [flushElementCache]: 已触发异步刷新元素查找缓存
[2026-04-03 19:28:14] [hamibot] [INFO]:[INFO] [closeApp]: openHamibot true
[2026-04-03 19:28:20] [hamibot] [INFO]:[INFO] [closeApp]: 已通过最近任务页卡片滑动关闭应用
[2026-04-03 19:28:21] [hamibot] [INFO]:[INFO] [saveElementCache]: saveElementCache 服务端共 18 条 (本次新增/更新 17 条)
[2026-04-03 19:28:21] [hamibot] [INFO]:[INFO] [flushElementCache]: 已触发异步刷新元素查找缓存
[2026-04-03 19:28:43] [hamibot] [INFO]:[INFO] [Outer]: Exit...
