[2026-06-23 08:45:17] [hamibot] [INFO]:[INFO] [Anonymous functions]: Launching...

	Current script version: 1.0.4

[2026-06-23 08:45:17] [hamibot] [INFO]:[INFO] [Anonymous functions]: Configuration loaded {"APP_ENV":"development","USER_ID":"6723480da777ba4dbbb4bfe9","ROBOT_ID":"67242f26e2fed0e6e3d11b91","SCRIPT_ID":"6723493b364a634dae6c9099","TIMESTAMP":"2026-06-23 08:46:20"}
[2026-06-23 08:45:17] [hamibot] [INFO]:[INFO] [Anonymous functions]: Verifying configurations
[2026-06-23 08:45:17] [hamibot] [INFO]:[INFO] [Anonymous functions]: Start running script
[2026-06-23 08:45:17] [hamibot] [INFO]:[INFO] [getElementCache]: getElementCache 加载成功，共 18 条 (第1次)
[2026-06-23 08:45:33] [hamibot] [INFO]:[INFO] [Outer]: Exit...
[2026-06-23 08:45:33] [hamibot] [INFO]:[INFO] [Anonymous functions]: Launching...

	Current script version: 1.0.4

[2026-06-23 08:45:33] [hamibot] [INFO]:[INFO] [Anonymous functions]: Configuration loaded {"APP_ENV":"development","USER_ID":"6723480da777ba4dbbb4bfe9","ROBOT_ID":"67242f26e2fed0e6e3d11b91","SCRIPT_ID":"6723493b364a634dae6c9099","TIMESTAMP":"2026-06-23 08:46:36"}
[2026-06-23 08:45:33] [hamibot] [INFO]:[INFO] [Anonymous functions]: Verifying configurations
[2026-06-23 08:45:33] [hamibot] [INFO]:[INFO] [Anonymous functions]: Start running script
[2026-06-23 08:45:33] [hamibot] [INFO]:[INFO] [getElementCache]: getElementCache 加载成功，共 18 条 (第1次)
[2026-06-23 08:45:50] [hamibot] [DEBUG]:[DEBUG] [init]: Screen size: 2400 x 1080
[2026-06-23 08:45:50] [hamibot] [INFO]:[INFO] [saveElementCache]: saveElementCache 服务端共 18 条 (本次新增/更新 18 条)
[2026-06-23 08:45:50] [hamibot] [INFO]:[INFO] [flushElementCache]: 已触发异步刷新元素查找缓存
[2026-06-23 08:45:50] [hamibot] [INFO]:[INFO] [closeApp]: openHamibot true
[2026-06-23 08:45:54] [hamibot] [INFO]:[INFO] [tryClickNode]: tryClickNode com.stardust.automator.UiObject@2a022; boundsInParent: Rect(0, 0 - 240, 240); boundsInScreen: Rect(420, 2057 - 660, 2297); packageName: com.miui.home; className: android.view.View; text: null; contentDescription: 本机共有12.0 G内存，当前6.8 G可用，双击清理全部任务; viewId: com.miui.home:id/clearAnimView; checkable: false; checked: false; focusable: true; focused: false; selected: false; clickable: true; longClickable: true; enabled: true; password: false; scrollable: false; [ACTION_FOCUS, ACTION_SELECT, ACTION_CLEAR_SELECTION, ACTION_CLICK, ACTION_LONG_CLICK, ACTION_ACCESSIBILITY_FOCUS, ACTION_NEXT_AT_MOVEMENT_GRANULARITY, ACTION_PREVIOUS_AT_MOVEMENT_GRANULARITY, ACTION_SET_SELECTION]
[2026-06-23 08:45:54] [hamibot] [ LOG ]:[ LOG ] [tryClickNode]: tryClickNode: 开始尝试点击节点 com.stardust.automator.UiObject@2a022; boundsInParent: Rect(0, 0 - 240, 240); boundsInScreen: Rect(420, 2057 - 660, 2297); packageName: com.miui.home; className: android.view.View; text: null; contentDescription: 本机共有12.0 G内存，当前6.8 G可用，双击清理全部任务; viewId: com.miui.home:id/clearAnimView; checkable: false; checked: false; focusable: true; focused: false; selected: false; clickable: true; longClickable: true; enabled: true; password: false; scrollable: false; [ACTION_FOCUS, ACTION_SELECT, ACTION_CLEAR_SELECTION, ACTION_CLICK, ACTION_LONG_CLICK, ACTION_ACCESSIBILITY_FOCUS, ACTION_NEXT_AT_MOVEMENT_GRANULARITY, ACTION_PREVIOUS_AT_MOVEMENT_GRANULARITY, ACTION_SET_SELECTION]
[2026-06-23 08:45:54] [hamibot] [ LOG ]:[ LOG ] [tryClickNode]: tryClickNode: 节点clickable值: function clickable() {/*
boolean clickable()
*/}

[2026-06-23 08:45:54] [hamibot] [ LOG ]:[ LOG ] [tryClickNode]: tryClickNode: 节点clickable toString: function clickable() {/*
boolean clickable()
*/}

[2026-06-23 08:45:54] [hamibot] [ LOG ]:[ LOG ] [tryClickNode]: tryClickNode: 解析后的clickable值: true
[2026-06-23 08:45:55] [hamibot] [ LOG ]:[ LOG ] [tryClickNode]: tryClickNode: 节点本身可点击，执行直接点击
[2026-06-23 08:45:55] [hamibot] [ LOG ]:[ LOG ] [tryClickNode]: tryClickNode: 直接点击结果: true
[2026-06-23 08:45:55] [hamibot] [INFO]:[INFO] [closeApp]: 已通过最近任务页‘关闭全部’关闭应用
[2026-06-23 08:45:57] [hamibot] [INFO]:[INFO] [Outer]: 开始查找商品详情
[2026-06-23 08:45:57] [hamibot] [ LOG ]:[ LOG ] [Outer]: mediaProjection: 自动确认线程启动 35000ms
[2026-06-23 08:45:59] [hamibot] [INFO]:[INFO] [Outer]: 找到商品数量: 0
[2026-06-23 08:45:59] [hamibot] [INFO]:[INFO] [fetchPendingTasks]: fetchPendingTasks raw[30]: {"code":0,"data":[],"total":0}
[2026-06-23 08:46:01] [hamibot] [ LOG ]:[ LOG ] [Outer]: mediaProjection: 坐标确认 (769, 2190)
[2026-06-23 08:46:01] [hamibot] [ LOG ]:[ LOG ] [Outer]: mediaProjection: 已点击确认 (1/3)，等待授权生效
[2026-06-23 08:46:05] [hamibot] [ LOG ]:[ LOG ] [Outer]: mediaProjection: 坐标确认 (769, 2190)
[2026-06-23 08:46:05] [hamibot] [ LOG ]:[ LOG ] [Outer]: mediaProjection: 已点击确认 (2/3)，等待授权生效
[2026-06-23 08:46:14] [hamibot] [INFO]:[INFO] [fetchPendingTasks]: fetchPendingTasks raw[30]: {"code":0,"data":[],"total":0}
[2026-06-23 08:46:29] [hamibot] [INFO]:[INFO] [fetchPendingTasks]: fetchPendingTasks raw[30]: {"code":0,"data":[],"total":0}
[2026-06-23 08:46:34] [hamibot] [ LOG ]:[ LOG ] [Outer]: mediaProjection: 自动确认线程结束
[2026-06-23 08:46:44] [hamibot] [INFO]:[INFO] [fetchPendingTasks]: fetchPendingTasks raw[30]: {"code":0,"data":[],"total":0}
[2026-06-23 08:46:59] [hamibot] [INFO]:[INFO] [fetchPendingTasks]: fetchPendingTasks raw[30]: {"code":0,"data":[],"total":0}
[2026-06-23 08:47:14] [hamibot] [INFO]:[INFO] [fetchPendingTasks]: fetchPendingTasks raw[30]: {"code":0,"data":[],"total":0}
[2026-06-23 08:47:29] [hamibot] [INFO]:[INFO] [fetchPendingTasks]: fetchPendingTasks raw[30]: {"code":0,"data":[],"total":0}
[2026-06-23 08:47:44] [hamibot] [INFO]:[INFO] [fetchPendingTasks]: fetchPendingTasks raw[30]: {"code":0,"data":[],"total":0}
[2026-06-23 08:47:59] [hamibot] [INFO]:[INFO] [fetchPendingTasks]: fetchPendingTasks raw[30]: {"code":0,"data":[],"total":0}
[2026-06-23 08:48:14] [hamibot] [INFO]:[INFO] [fetchPendingTasks]: fetchPendingTasks raw[30]: {"code":0,"data":[],"total":0}
[2026-06-23 08:48:29] [hamibot] [INFO]:[INFO] [fetchPendingTasks]: fetchPendingTasks raw[30]: {"code":0,"data":[],"total":0}
[2026-06-23 08:48:44] [hamibot] [INFO]:[INFO] [fetchPendingTasks]: fetchPendingTasks raw[30]: {"code":0,"data":[],"total":0}
[2026-06-23 08:48:59] [hamibot] [INFO]:[INFO] [fetchPendingTasks]: fetchPendingTasks raw[30]: {"code":0,"data":[],"total":0}
[2026-06-23 08:49:14] [hamibot] [INFO]:[INFO] [fetchPendingTasks]: fetchPendingTasks raw[30]: {"code":0,"data":[],"total":0}
[2026-06-23 08:49:30] [hamibot] [INFO]:[INFO] [fetchPendingTasks]: fetchPendingTasks raw[288]: {"code":0,"data":[{"id":"38131c40-25ac-495b-9857-27c929c7b6fb","type":"goldCoin","status":"pending",
[2026-06-23 08:49:55] [hamibot] [INFO]:[INFO] [dismissGoldPageBlockers]: goldBlocker detect: task_nudge_modal
[2026-06-23 08:49:57] [hamibot] [INFO]:[INFO] [tryClickNode]: tryClickNode com.stardust.automator.UiObject@11d08d; boundsInParent: Rect(124, 301 - 290, 354); boundsInScreen: Rect(325, 1344 - 761, 1483); packageName: com.taobao.idlefish; className: android.widget.TextView; text: ; contentDescription: null; viewId: null; checkable: false; checked: false; focusable: false; focused: false; selected: false; clickable: true; longClickable: false; enabled: true; password: false; scrollable: false; [ACTION_CLICK, ACTION_ACCESSIBILITY_FOCUS, ACTION_NEXT_HTML_ELEMENT, ACTION_PREVIOUS_HTML_ELEMENT]
[2026-06-23 08:49:57] [hamibot] [ LOG ]:[ LOG ] [tryClickNode]: tryClickNode: 开始尝试点击节点 com.stardust.automator.UiObject@11d08d; boundsInParent: Rect(124, 301 - 290, 354); boundsInScreen: Rect(325, 1344 - 761, 1483); packageName: com.taobao.idlefish; className: android.widget.TextView; text: ; contentDescription: null; viewId: null; checkable: false; checked: false; focusable: false; focused: false; selected: false; clickable: true; longClickable: false; enabled: true; password: false; scrollable: false; [ACTION_CLICK, ACTION_ACCESSIBILITY_FOCUS, ACTION_NEXT_HTML_ELEMENT, ACTION_PREVIOUS_HTML_ELEMENT]
[2026-06-23 08:49:57] [hamibot] [ LOG ]:[ LOG ] [tryClickNode]: tryClickNode: 节点clickable值: function clickable() {/*
boolean clickable()
*/}

[2026-06-23 08:49:57] [hamibot] [ LOG ]:[ LOG ] [tryClickNode]: tryClickNode: 节点clickable toString: function clickable() {/*
boolean clickable()
*/}

[2026-06-23 08:49:57] [hamibot] [ LOG ]:[ LOG ] [tryClickNode]: tryClickNode: 解析后的clickable值: true
[2026-06-23 08:49:57] [hamibot] [ LOG ]:[ LOG ] [tryClickNode]: tryClickNode: 节点本身可点击，执行直接点击
[2026-06-23 08:49:58] [hamibot] [ LOG ]:[ LOG ] [tryClickNode]: tryClickNode: 直接点击结果: true
[2026-06-23 08:50:20] [hamibot] [INFO]:[INFO] [findTaskPopupSignIn]: [taskPopup] 签到 clickable 1ms
[2026-06-23 08:50:26] [hamibot] [INFO]:[INFO] [findTaskTitleStrict]: [taskPopup] strict「浏览指定频道好物」exact 3ms
[2026-06-23 08:50:26] [hamibot] [INFO]:[INFO] [findAllInTaskList]: [taskPopup] findAll「去完成」24个 4ms
[2026-06-23 08:50:27] [hamibot] [INFO]:[INFO] [findTargetElementWithCache]: [sel#1] browseGoodsInSpecifiedChannel/点击领取 串行启动 12 条策略
[2026-06-23 08:50:43] [hamibot] [INFO]:[INFO] [findTargetElementWithCache]: [sel#1] browseGoodsInSpecifiedChannel/点击领取 串行全部✗ 串行16165ms 总16166ms
[2026-06-23 08:51:09] [hamibot] [INFO]:[INFO] [findTargetElementWithCache]: [sel#1] browseGoodsInSpecifiedChannel/任务完成 串行启动 12 条策略
[2026-06-23 08:51:19] [hamibot] [INFO]:[INFO] [findTargetElementWithCache]: [sel#1] browseGoodsInSpecifiedChannel/任务完成 串行全部✗ 串行9323ms 总9323ms
[2026-06-23 08:51:20] [hamibot] [INFO]:[INFO] [findTargetElementWithCache]: [sel#2] browseGoodsInSpecifiedChannel/任务完成 串行启动 12 条策略
[2026-06-23 08:51:35] [hamibot] [INFO]:[INFO] [findTargetElementWithCache]: [sel#2] browseGoodsInSpecifiedChannel/任务完成 串行全部✗ 串行14804ms 总14804ms
[2026-06-23 08:51:37] [hamibot] [INFO]:[INFO] [findTargetElementWithCache]: [sel#3] browseGoodsInSpecifiedChannel/任务完成 串行启动 12 条策略
[2026-06-23 08:51:52] [hamibot] [INFO]:[INFO] [findTargetElementWithCache]: [sel#3] browseGoodsInSpecifiedChannel/任务完成 串行全部✗ 串行15785ms 总15785ms
[2026-06-23 08:51:54] [hamibot] [INFO]:[INFO] [findTargetElementWithCache]: [sel#4] browseGoodsInSpecifiedChannel/任务完成 串行启动 12 条策略
[2026-06-23 08:52:09] [hamibot] [INFO]:[INFO] [findTargetElementWithCache]: [sel#4] browseGoodsInSpecifiedChannel/任务完成 串行全部✗ 串行14844ms 总14845ms
[2026-06-23 08:52:10] [hamibot] [INFO]:[INFO] [backMainPage]: backMainPage: on xianyu activity=com.taobao.idlefish.webview.WebHybridActivity, goto goldCoin
[2026-06-23 08:52:13] [hamibot] [INFO]:[INFO] [backMainPage]: backMainPage: goldCoin wait mapDiceBtn 坐标 (536,-75) 偏离金币地图圆点区域
[2026-06-23 08:52:39] [hamibot] [INFO]:[INFO] [tryClickNode]: tryClickNode com.stardust.automator.UiObject@1471f5; boundsInParent: Rect(142, -9 - 267, 116); boundsInScreen: Rect(372, 1244 - 700, 1572); packageName: com.taobao.idlefish; className: android.view.View; text: ; contentDescription: null; viewId: mapDiceBtn; checkable: false; checked: false; focusable: false; focused: false; selected: false; clickable: true; longClickable: false; enabled: true; password: false; scrollable: false; [ACTION_CLICK, ACTION_ACCESSIBILITY_FOCUS, ACTION_NEXT_HTML_ELEMENT, ACTION_PREVIOUS_HTML_ELEMENT]
[2026-06-23 08:52:39] [hamibot] [ LOG ]:[ LOG ] [tryClickNode]: tryClickNode: 开始尝试点击节点 com.stardust.automator.UiObject@1471f5; boundsInParent: Rect(142, -9 - 267, 116); boundsInScreen: Rect(372, 1244 - 700, 1572); packageName: com.taobao.idlefish; className: android.view.View; text: ; contentDescription: null; viewId: mapDiceBtn; checkable: false; checked: false; focusable: false; focused: false; selected: false; clickable: true; longClickable: false; enabled: true; password: false; scrollable: false; [ACTION_CLICK, ACTION_ACCESSIBILITY_FOCUS, ACTION_NEXT_HTML_ELEMENT, ACTION_PREVIOUS_HTML_ELEMENT]
[2026-06-23 08:52:39] [hamibot] [ LOG ]:[ LOG ] [tryClickNode]: tryClickNode: 节点clickable值: function clickable() {/*
boolean clickable()
*/}

[2026-06-23 08:52:39] [hamibot] [ LOG ]:[ LOG ] [tryClickNode]: tryClickNode: 节点clickable toString: function clickable() {/*
boolean clickable()
*/}

[2026-06-23 08:52:39] [hamibot] [ LOG ]:[ LOG ] [tryClickNode]: tryClickNode: 解析后的clickable值: true
[2026-06-23 08:52:39] [hamibot] [ LOG ]:[ LOG ] [tryClickNode]: tryClickNode: 节点本身可点击，执行直接点击
[2026-06-23 08:52:39] [hamibot] [ LOG ]:[ LOG ] [tryClickNode]: tryClickNode: 直接点击结果: true
[2026-06-23 08:53:09] [hamibot] [INFO]:[INFO] [tryClickNode]: tryClickNode com.stardust.automator.UiObject@1471f5; boundsInParent: Rect(142, -9 - 267, 116); boundsInScreen: Rect(372, 0 - 700, -149); packageName: com.taobao.idlefish; className: android.view.View; text: ; contentDescription: null; viewId: mapDiceBtn; checkable: false; checked: false; focusable: false; focused: false; selected: false; clickable: true; longClickable: false; enabled: true; password: false; scrollable: false; [ACTION_CLICK, ACTION_ACCESSIBILITY_FOCUS, ACTION_NEXT_HTML_ELEMENT, ACTION_PREVIOUS_HTML_ELEMENT]
[2026-06-23 08:53:09] [hamibot] [ LOG ]:[ LOG ] [tryClickNode]: tryClickNode: 开始尝试点击节点 com.stardust.automator.UiObject@1471f5; boundsInParent: Rect(142, -9 - 267, 116); boundsInScreen: Rect(372, 0 - 700, -149); packageName: com.taobao.idlefish; className: android.view.View; text: ; contentDescription: null; viewId: mapDiceBtn; checkable: false; checked: false; focusable: false; focused: false; selected: false; clickable: true; longClickable: false; enabled: true; password: false; scrollable: false; [ACTION_CLICK, ACTION_ACCESSIBILITY_FOCUS, ACTION_NEXT_HTML_ELEMENT, ACTION_PREVIOUS_HTML_ELEMENT]
[2026-06-23 08:53:09] [hamibot] [ LOG ]:[ LOG ] [tryClickNode]: tryClickNode: 节点clickable值: function clickable() {/*
boolean clickable()
*/}

[2026-06-23 08:53:09] [hamibot] [ LOG ]:[ LOG ] [tryClickNode]: tryClickNode: 节点clickable toString: function clickable() {/*
boolean clickable()
*/}

[2026-06-23 08:53:09] [hamibot] [ LOG ]:[ LOG ] [tryClickNode]: tryClickNode: 解析后的clickable值: true
[2026-06-23 08:53:09] [hamibot] [ LOG ]:[ LOG ] [tryClickNode]: tryClickNode: 节点本身可点击，执行直接点击
[2026-06-23 08:53:09] [hamibot] [ LOG ]:[ LOG ] [tryClickNode]: tryClickNode: 直接点击结果: true
[2026-06-23 08:53:13] [hamibot] [INFO]:[INFO] [findTaskTitleStrict]: [taskPopup] strict「浏览指定频道好物」exact 2ms
[2026-06-23 08:53:13] [hamibot] [INFO]:[INFO] [findAllInTaskList]: [taskPopup] findAll「去完成」23个 4ms
[2026-06-23 08:53:14] [hamibot] [INFO]:[INFO] [findTargetElementWithCache]: [sel#2] browseGoodsInSpecifiedChannel/点击领取 串行启动 12 条策略
[2026-06-23 08:53:15] [hamibot] [INFO]:[INFO] [findTargetElementWithCache]: [sel#2] browseGoodsInSpecifiedChannel/点击领取 串行全部✗ 串行1136ms 总1136ms
[2026-06-23 08:53:41] [hamibot] [INFO]:[INFO] [findTargetElementWithCache]: [sel#5] browseGoodsInSpecifiedChannel/任务完成 串行启动 12 条策略
[2026-06-23 08:53:42] [hamibot] [INFO]:[INFO] [findTargetElementWithCache]: [sel#5] browseGoodsInSpecifiedChannel/任务完成 串行全部✗ 串行1626ms 总1626ms
[2026-06-23 08:53:44] [hamibot] [INFO]:[INFO] [findTargetElementWithCache]: [sel#6] browseGoodsInSpecifiedChannel/任务完成 串行启动 12 条策略
[2026-06-23 08:53:45] [hamibot] [INFO]:[INFO] [findTargetElementWithCache]: [sel#6] browseGoodsInSpecifiedChannel/任务完成 串行全部✗ 串行1474ms 总1474ms
[2026-06-23 08:53:47] [hamibot] [INFO]:[INFO] [findTargetElementWithCache]: [sel#7] browseGoodsInSpecifiedChannel/任务完成 串行启动 12 条策略
[2026-06-23 08:53:49] [hamibot] [INFO]:[INFO] [findTargetElementWithCache]: [sel#7] browseGoodsInSpecifiedChannel/任务完成 串行全部✗ 串行1713ms 总1713ms
[2026-06-23 08:53:50] [hamibot] [INFO]:[INFO] [findTargetElementWithCache]: [sel#8] browseGoodsInSpecifiedChannel/任务完成 串行启动 12 条策略
[2026-06-23 08:53:52] [hamibot] [INFO]:[INFO] [findTargetElementWithCache]: [sel#8] browseGoodsInSpecifiedChannel/任务完成 串行全部✗ 串行1829ms 总1829ms
[2026-06-23 08:53:54] [hamibot] [INFO]:[INFO] [backMainPage]: backMainPage: on xianyu activity=com.taobao.idlefish.webview.WebHybridActivity, goto goldCoin
[2026-06-23 08:53:57] [hamibot] [INFO]:[INFO] [backMainPage]: backMainPage: goldCoin wait mapDiceBtn 坐标 (536,-9865) 偏离金币地图圆点区域
[2026-06-23 08:54:46] [hamibot] [INFO]:[INFO] [tryClickNode]: tryClickNode com.stardust.automator.UiObject@18e87b; boundsInParent: Rect(142, -9 - 267, 116); boundsInScreen: Rect(372, 1244 - 700, 1572); packageName: com.taobao.idlefish; className: android.view.View; text: ; contentDescription: null; viewId: mapDiceBtn; checkable: false; checked: false; focusable: false; focused: false; selected: false; clickable: true; longClickable: false; enabled: true; password: false; scrollable: false; [ACTION_CLICK, ACTION_ACCESSIBILITY_FOCUS, ACTION_NEXT_HTML_ELEMENT, ACTION_PREVIOUS_HTML_ELEMENT]
[2026-06-23 08:54:46] [hamibot] [ LOG ]:[ LOG ] [tryClickNode]: tryClickNode: 开始尝试点击节点 com.stardust.automator.UiObject@18e87b; boundsInParent: Rect(142, -9 - 267, 116); boundsInScreen: Rect(372, 1244 - 700, 1572); packageName: com.taobao.idlefish; className: android.view.View; text: ; contentDescription: null; viewId: mapDiceBtn; checkable: false; checked: false; focusable: false; focused: false; selected: false; clickable: true; longClickable: false; enabled: true; password: false; scrollable: false; [ACTION_CLICK, ACTION_ACCESSIBILITY_FOCUS, ACTION_NEXT_HTML_ELEMENT, ACTION_PREVIOUS_HTML_ELEMENT]
[2026-06-23 08:54:46] [hamibot] [ LOG ]:[ LOG ] [tryClickNode]: tryClickNode: 节点clickable值: function clickable() {/*
boolean clickable()
*/}

[2026-06-23 08:54:46] [hamibot] [ LOG ]:[ LOG ] [tryClickNode]: tryClickNode: 节点clickable toString: function clickable() {/*
boolean clickable()
*/}

[2026-06-23 08:54:46] [hamibot] [ LOG ]:[ LOG ] [tryClickNode]: tryClickNode: 解析后的clickable值: true
[2026-06-23 08:54:46] [hamibot] [ LOG ]:[ LOG ] [tryClickNode]: tryClickNode: 节点本身可点击，执行直接点击
[2026-06-23 08:54:46] [hamibot] [ LOG ]:[ LOG ] [tryClickNode]: tryClickNode: 直接点击结果: true
[2026-06-23 08:55:00] [hamibot] [INFO]:[INFO] [findTaskTitleStrict]: [taskPopup] strict「浏览指定频道好物」exact 1ms
[2026-06-23 08:55:00] [hamibot] [INFO]:[INFO] [findAllInTaskList]: [taskPopup] findAll「去完成」22个 4ms
[2026-06-23 08:55:01] [hamibot] [INFO]:[INFO] [findTargetElementWithCache]: [sel#3] browseGoodsInSpecifiedChannel/点击领取 串行启动 12 条策略
[2026-06-23 08:55:02] [hamibot] [INFO]:[INFO] [findTargetElementWithCache]: [sel#3] browseGoodsInSpecifiedChannel/点击领取 串行全部✗ 串行777ms 总777ms
[2026-06-23 08:55:28] [hamibot] [INFO]:[INFO] [findTargetElementWithCache]: [sel#9] browseGoodsInSpecifiedChannel/任务完成 串行启动 12 条策略
[2026-06-23 08:55:29] [hamibot] [INFO]:[INFO] [findTargetElementWithCache]: [sel#9] browseGoodsInSpecifiedChannel/任务完成 串行全部✗ 串行820ms 总820ms
[2026-06-23 08:55:30] [hamibot] [INFO]:[INFO] [findTargetElementWithCache]: [sel#10] browseGoodsInSpecifiedChannel/任务完成 串行启动 12 条策略
[2026-06-23 08:55:31] [hamibot] [INFO]:[INFO] [findTargetElementWithCache]: [sel#10] browseGoodsInSpecifiedChannel/任务完成 串行全部✗ 串行795ms 总795ms
[2026-06-23 08:55:33] [hamibot] [INFO]:[INFO] [findTargetElementWithCache]: [sel#11] browseGoodsInSpecifiedChannel/任务完成 串行启动 12 条策略
[2026-06-23 08:55:34] [hamibot] [INFO]:[INFO] [findTargetElementWithCache]: [sel#11] browseGoodsInSpecifiedChannel/任务完成 串行全部✗ 串行937ms 总938ms
[2026-06-23 08:55:35] [hamibot] [INFO]:[INFO] [findTargetElementWithCache]: [sel#12] browseGoodsInSpecifiedChannel/任务完成 串行启动 12 条策略
[2026-06-23 08:55:36] [hamibot] [INFO]:[INFO] [findTargetElementWithCache]: [sel#12] browseGoodsInSpecifiedChannel/任务完成 串行全部✗ 串行867ms 总867ms
[2026-06-23 08:55:37] [hamibot] [INFO]:[INFO] [returnToXianyuApp]: returnToXianyu: start from com.miui.securitycenter
[2026-06-23 08:55:37] [hamibot] [INFO]:[INFO] [returnToXianyuApp]: returnToXianyu: attempt 1/6 pkg=com.miui.securitycenter
[2026-06-23 08:55:37] [hamibot] [INFO]:[INFO] [returnToXianyuApp]: returnToXianyu: back()
[2026-06-23 08:55:39] [hamibot] [INFO]:[INFO] [returnToXianyuApp]: returnToXianyu: after back pkg=com.taobao.idlefish
[2026-06-23 08:55:57] [hamibot] [INFO]:[INFO] [findTaskTitleStrict]: [taskPopup] strict「搜一搜喜欢的商品」miss 18ms
[2026-06-23 08:55:57] [hamibot] [INFO]:[INFO] [findTaskTitleStrict]: [taskPopup] strict「去浏览全新好物」exact 1ms
[2026-06-23 08:55:57] [hamibot] [INFO]:[INFO] [findAllInTaskList]: [taskPopup] findAll「去完成」22个 3ms
[2026-06-23 08:56:43] [hamibot] [INFO]:[INFO] [findTargetElementWithCache]: [sel#1] scrollPage/滑动浏览 缓存[9,3,7] 全部✗ 剩余errorTime=0 2377ms
[2026-06-23 08:56:45] [hamibot] [INFO]:[INFO] [backMainPage]: backMainPage: on xianyu activity=com.taobao.idlefish.webview.WebHybridActivity, goto goldCoin
[2026-06-23 08:56:50] [hamibot] [INFO]:[INFO] [backMainPage]: backMainPage: goldCoin wait 缺少 newGameContainer（金币页独占 id，其他 H5/首页均无）
[2026-06-23 08:57:30] [hamibot] [INFO]:[INFO] [saveElementCache]: saveElementCache 服务端共 18 条 (本次新增/更新 18 条)
[2026-06-23 08:57:30] [hamibot] [INFO]:[INFO] [flushElementCache]: 已触发异步刷新元素查找缓存
[2026-06-23 08:57:30] [hamibot] [INFO]:[INFO] [closeApp]: openHamibot true
[2026-06-23 08:57:35] [hamibot] [INFO]:[INFO] [tryClickNode]: tryClickNode com.stardust.automator.UiObject@2a022; boundsInParent: Rect(0, 0 - 240, 240); boundsInScreen: Rect(420, 2057 - 660, 2297); packageName: com.miui.home; className: android.view.View; text: null; contentDescription: 本机共有12.0 G内存，当前6.3 G可用，双击清理全部任务; viewId: com.miui.home:id/clearAnimView; checkable: false; checked: false; focusable: true; focused: false; selected: false; clickable: true; longClickable: true; enabled: true; password: false; scrollable: false; [ACTION_FOCUS, ACTION_SELECT, ACTION_CLEAR_SELECTION, ACTION_CLICK, ACTION_LONG_CLICK, ACTION_ACCESSIBILITY_FOCUS, ACTION_NEXT_AT_MOVEMENT_GRANULARITY, ACTION_PREVIOUS_AT_MOVEMENT_GRANULARITY, ACTION_SET_SELECTION]
[2026-06-23 08:57:35] [hamibot] [ LOG ]:[ LOG ] [tryClickNode]: tryClickNode: 开始尝试点击节点 com.stardust.automator.UiObject@2a022; boundsInParent: Rect(0, 0 - 240, 240); boundsInScreen: Rect(420, 2057 - 660, 2297); packageName: com.miui.home; className: android.view.View; text: null; contentDescription: 本机共有12.0 G内存，当前6.3 G可用，双击清理全部任务; viewId: com.miui.home:id/clearAnimView; checkable: false; checked: false; focusable: true; focused: false; selected: false; clickable: true; longClickable: true; enabled: true; password: false; scrollable: false; [ACTION_FOCUS, ACTION_SELECT, ACTION_CLEAR_SELECTION, ACTION_CLICK, ACTION_LONG_CLICK, ACTION_ACCESSIBILITY_FOCUS, ACTION_NEXT_AT_MOVEMENT_GRANULARITY, ACTION_PREVIOUS_AT_MOVEMENT_GRANULARITY, ACTION_SET_SELECTION]
[2026-06-23 08:57:35] [hamibot] [ LOG ]:[ LOG ] [tryClickNode]: tryClickNode: 节点clickable值: function clickable() {/*
boolean clickable()
*/}

[2026-06-23 08:57:35] [hamibot] [ LOG ]:[ LOG ] [tryClickNode]: tryClickNode: 节点clickable toString: function clickable() {/*
boolean clickable()
*/}

[2026-06-23 08:57:35] [hamibot] [ LOG ]:[ LOG ] [tryClickNode]: tryClickNode: 解析后的clickable值: true
[2026-06-23 08:57:35] [hamibot] [ LOG ]:[ LOG ] [tryClickNode]: tryClickNode: 节点本身可点击，执行直接点击
[2026-06-23 08:57:35] [hamibot] [ LOG ]:[ LOG ] [tryClickNode]: tryClickNode: 直接点击结果: true
[2026-06-23 08:57:35] [hamibot] [INFO]:[INFO] [closeApp]: 已通过最近任务页‘关闭全部’关闭应用
[2026-06-23 08:58:20] [hamibot] [INFO]:[INFO] [tryClickNode]: tryClickNode com.stardust.automator.UiObject@1016db; boundsInParent: Rect(142, -9 - 267, 116); boundsInScreen: Rect(372, 1244 - 700, 1572); packageName: com.taobao.idlefish; className: android.view.View; text: ; contentDescription: null; viewId: mapDiceBtn; checkable: false; checked: false; focusable: false; focused: false; selected: false; clickable: true; longClickable: false; enabled: true; password: false; scrollable: false; [ACTION_CLICK, ACTION_ACCESSIBILITY_FOCUS, ACTION_NEXT_HTML_ELEMENT, ACTION_PREVIOUS_HTML_ELEMENT]
[2026-06-23 08:58:20] [hamibot] [ LOG ]:[ LOG ] [tryClickNode]: tryClickNode: 开始尝试点击节点 com.stardust.automator.UiObject@1016db; boundsInParent: Rect(142, -9 - 267, 116); boundsInScreen: Rect(372, 1244 - 700, 1572); packageName: com.taobao.idlefish; className: android.view.View; text: ; contentDescription: null; viewId: mapDiceBtn; checkable: false; checked: false; focusable: false; focused: false; selected: false; clickable: true; longClickable: false; enabled: true; password: false; scrollable: false; [ACTION_CLICK, ACTION_ACCESSIBILITY_FOCUS, ACTION_NEXT_HTML_ELEMENT, ACTION_PREVIOUS_HTML_ELEMENT]
[2026-06-23 08:58:20] [hamibot] [ LOG ]:[ LOG ] [tryClickNode]: tryClickNode: 节点clickable值: function clickable() {/*
boolean clickable()
*/}

[2026-06-23 08:58:20] [hamibot] [ LOG ]:[ LOG ] [tryClickNode]: tryClickNode: 节点clickable toString: function clickable() {/*
boolean clickable()
*/}

[2026-06-23 08:58:20] [hamibot] [ LOG ]:[ LOG ] [tryClickNode]: tryClickNode: 解析后的clickable值: true
[2026-06-23 08:58:20] [hamibot] [ LOG ]:[ LOG ] [tryClickNode]: tryClickNode: 节点本身可点击，执行直接点击
[2026-06-23 08:58:20] [hamibot] [ LOG ]:[ LOG ] [tryClickNode]: tryClickNode: 直接点击结果: true
[2026-06-23 08:58:35] [hamibot] [INFO]:[INFO] [findAllInTaskList]: [taskPopup] findAll「领取奖励」3个 1ms
[2026-06-23 08:58:35] [hamibot] [INFO]:[INFO] [findTaskTitleStrict]: [taskPopup] strict「浏览指定频道好物」exact 0ms
[2026-06-23 08:58:40] [hamibot] [INFO]:[INFO] [findTaskTitleStrict]: [taskPopup] strict「浏览指定频道好物」miss 47ms
[2026-06-23 08:58:44] [hamibot] [INFO]:[INFO] [findTaskTitleStrict]: [taskPopup] strict「搜一搜喜欢的商品」miss 20ms
[2026-06-23 08:58:48] [hamibot] [INFO]:[INFO] [findTaskTitleStrict]: [taskPopup] strict「浏览指定频道好物」miss 567ms
[2026-06-23 08:58:52] [hamibot] [INFO]:[INFO] [findTaskTitleStrict]: [taskPopup] strict「搜一搜喜欢的商品」miss 14ms
[2026-06-23 08:59:04] [hamibot] [INFO]:[INFO] [findTaskTitleStrict]: [taskPopup] strict「去浏览全新好物」miss 9ms
[2026-06-23 08:59:04] [hamibot] [INFO]:[INFO] [findTaskTitleStrict]: [taskPopup] strict「浏览推荐的国补商品」exact 1ms
[2026-06-23 08:59:04] [hamibot] [INFO]:[INFO] [findAllInTaskList]: [taskPopup] findAll「去完成」23个 2ms
[2026-06-23 08:59:30] [hamibot] [INFO]:[INFO] [findTargetElementWithCache]: [sel#2] scrollPage/滑动浏览 缓存[9,3,7] 全部✗ 剩余errorTime=-1 406ms
[2026-06-23 08:59:37] [hamibot] [INFO]:[INFO] [findTargetElementWithCache]: [sel#3] scrollPage/滑动浏览 缓存[9,3,7] errorTime耗尽，降级串行 476ms
[2026-06-23 08:59:37] [hamibot] [INFO]:[INFO] [findTargetElementWithCache]: [sel#3] scrollPage/滑动浏览 串行启动 12 条策略
[2026-06-23 08:59:38] [hamibot] [INFO]:[INFO] [findTargetElementWithCache]: [sel#3] scrollPage/滑动浏览 串行全部✗ 串行990ms 总1497ms
[2026-06-23 08:59:38] [hamibot] [INFO]:[INFO] [saveElementCache]: saveElementCache 服务端共 18 条 (本次新增/更新 17 条)
[2026-06-23 08:59:46] [hamibot] [INFO]:[INFO] [findTargetElementWithCache]: [sel#4] scrollPage/滑动浏览 串行启动 12 条策略
[2026-06-23 08:59:47] [hamibot] [INFO]:[INFO] [findTargetElementWithCache]: [sel#4] scrollPage/滑动浏览 串行全部✗ 串行988ms 总988ms
[2026-06-23 08:59:48] [hamibot] [INFO]:[INFO] [returnToXianyuApp]: returnToXianyu: start from com.taobao.taobao
[2026-06-23 08:59:48] [hamibot] [INFO]:[INFO] [returnToXianyuApp]: returnToXianyu: attempt 1/6 pkg=com.taobao.taobao
[2026-06-23 08:59:48] [hamibot] [INFO]:[INFO] [returnToXianyuApp]: returnToXianyu: back()
[2026-06-23 08:59:50] [hamibot] [INFO]:[INFO] [returnToXianyuApp]: returnToXianyu: after back pkg=com.taobao.taobao
[2026-06-23 08:59:50] [hamibot] [INFO]:[INFO] [returnToXianyuApp]: returnToXianyu: launch(com.taobao.idlefish)
[2026-06-23 08:59:54] [hamibot] [INFO]:[INFO] [returnToXianyuApp]: returnToXianyu: after launch pkg=com.taobao.idlefish
[2026-06-23 08:59:56] [hamibot] [INFO]:[INFO] [backMainPage]: backMainPage: on xianyu activity=android.widget.FrameLayout, goto goldCoin
[2026-06-23 09:00:35] [hamibot] [INFO]:[INFO] [tryClickNode]: tryClickNode com.stardust.automator.UiObject@1401cb; boundsInParent: Rect(142, -9 - 267, 116); boundsInScreen: Rect(372, 1244 - 700, 1572); packageName: com.taobao.idlefish; className: android.view.View; text: ; contentDescription: null; viewId: mapDiceBtn; checkable: false; checked: false; focusable: false; focused: false; selected: false; clickable: true; longClickable: false; enabled: true; password: false; scrollable: false; [ACTION_CLICK, ACTION_ACCESSIBILITY_FOCUS, ACTION_NEXT_HTML_ELEMENT, ACTION_PREVIOUS_HTML_ELEMENT]
[2026-06-23 09:00:35] [hamibot] [ LOG ]:[ LOG ] [tryClickNode]: tryClickNode: 开始尝试点击节点 com.stardust.automator.UiObject@1401cb; boundsInParent: Rect(142, -9 - 267, 116); boundsInScreen: Rect(372, 1244 - 700, 1572); packageName: com.taobao.idlefish; className: android.view.View; text: ; contentDescription: null; viewId: mapDiceBtn; checkable: false; checked: false; focusable: false; focused: false; selected: false; clickable: true; longClickable: false; enabled: true; password: false; scrollable: false; [ACTION_CLICK, ACTION_ACCESSIBILITY_FOCUS, ACTION_NEXT_HTML_ELEMENT, ACTION_PREVIOUS_HTML_ELEMENT]
[2026-06-23 09:00:35] [hamibot] [ LOG ]:[ LOG ] [tryClickNode]: tryClickNode: 节点clickable值: function clickable() {/*
boolean clickable()
*/}

[2026-06-23 09:00:35] [hamibot] [ LOG ]:[ LOG ] [tryClickNode]: tryClickNode: 节点clickable toString: function clickable() {/*
boolean clickable()
*/}

[2026-06-23 09:00:35] [hamibot] [ LOG ]:[ LOG ] [tryClickNode]: tryClickNode: 解析后的clickable值: true
[2026-06-23 09:00:35] [hamibot] [ LOG ]:[ LOG ] [tryClickNode]: tryClickNode: 节点本身可点击，执行直接点击
[2026-06-23 09:00:35] [hamibot] [ LOG ]:[ LOG ] [tryClickNode]: tryClickNode: 直接点击结果: true
[2026-06-23 09:00:42] [hamibot] [INFO]:[INFO] [tryClickNode]: tryClickNode com.stardust.automator.UiObject@1401cb; boundsInParent: Rect(142, -9 - 267, 116); boundsInScreen: Rect(372, 1244 - 700, 1572); packageName: com.taobao.idlefish; className: android.view.View; text: ; contentDescription: null; viewId: mapDiceBtn; checkable: false; checked: false; focusable: false; focused: false; selected: false; clickable: true; longClickable: false; enabled: true; password: false; scrollable: false; [ACTION_CLICK, ACTION_ACCESSIBILITY_FOCUS, ACTION_NEXT_HTML_ELEMENT, ACTION_PREVIOUS_HTML_ELEMENT]
[2026-06-23 09:00:42] [hamibot] [ LOG ]:[ LOG ] [tryClickNode]: tryClickNode: 开始尝试点击节点 com.stardust.automator.UiObject@1401cb; boundsInParent: Rect(142, -9 - 267, 116); boundsInScreen: Rect(372, 1244 - 700, 1572); packageName: com.taobao.idlefish; className: android.view.View; text: ; contentDescription: null; viewId: mapDiceBtn; checkable: false; checked: false; focusable: false; focused: false; selected: false; clickable: true; longClickable: false; enabled: true; password: false; scrollable: false; [ACTION_CLICK, ACTION_ACCESSIBILITY_FOCUS, ACTION_NEXT_HTML_ELEMENT, ACTION_PREVIOUS_HTML_ELEMENT]
[2026-06-23 09:00:42] [hamibot] [ LOG ]:[ LOG ] [tryClickNode]: tryClickNode: 节点clickable值: function clickable() {/*
boolean clickable()
*/}

[2026-06-23 09:00:42] [hamibot] [ LOG ]:[ LOG ] [tryClickNode]: tryClickNode: 节点clickable toString: function clickable() {/*
boolean clickable()
*/}

[2026-06-23 09:00:42] [hamibot] [ LOG ]:[ LOG ] [tryClickNode]: tryClickNode: 解析后的clickable值: true
[2026-06-23 09:00:42] [hamibot] [ LOG ]:[ LOG ] [tryClickNode]: tryClickNode: 节点本身可点击，执行直接点击
[2026-06-23 09:00:42] [hamibot] [ LOG ]:[ LOG ] [tryClickNode]: tryClickNode: 直接点击结果: true
[2026-06-23 09:00:48] [hamibot] [INFO]:[INFO] [tryClickNode]: tryClickNode com.stardust.automator.UiObject@1401cb; boundsInParent: Rect(142, -9 - 267, 116); boundsInScreen: Rect(372, 1244 - 700, 1572); packageName: com.taobao.idlefish; className: android.view.View; text: ; contentDescription: null; viewId: mapDiceBtn; checkable: false; checked: false; focusable: false; focused: false; selected: false; clickable: true; longClickable: false; enabled: true; password: false; scrollable: false; [ACTION_CLICK, ACTION_ACCESSIBILITY_FOCUS, ACTION_NEXT_HTML_ELEMENT, ACTION_PREVIOUS_HTML_ELEMENT]
[2026-06-23 09:00:48] [hamibot] [ LOG ]:[ LOG ] [tryClickNode]: tryClickNode: 开始尝试点击节点 com.stardust.automator.UiObject@1401cb; boundsInParent: Rect(142, -9 - 267, 116); boundsInScreen: Rect(372, 1244 - 700, 1572); packageName: com.taobao.idlefish; className: android.view.View; text: ; contentDescription: null; viewId: mapDiceBtn; checkable: false; checked: false; focusable: false; focused: false; selected: false; clickable: true; longClickable: false; enabled: true; password: false; scrollable: false; [ACTION_CLICK, ACTION_ACCESSIBILITY_FOCUS, ACTION_NEXT_HTML_ELEMENT, ACTION_PREVIOUS_HTML_ELEMENT]
[2026-06-23 09:00:49] [hamibot] [ LOG ]:[ LOG ] [tryClickNode]: tryClickNode: 节点clickable值: function clickable() {/*
boolean clickable()
*/}

[2026-06-23 09:00:49] [hamibot] [ LOG ]:[ LOG ] [tryClickNode]: tryClickNode: 节点clickable toString: function clickable() {/*
boolean clickable()
*/}

[2026-06-23 09:00:49] [hamibot] [ LOG ]:[ LOG ] [tryClickNode]: tryClickNode: 解析后的clickable值: true
[2026-06-23 09:00:49] [hamibot] [ LOG ]:[ LOG ] [tryClickNode]: tryClickNode: 节点本身可点击，执行直接点击
[2026-06-23 09:00:49] [hamibot] [ LOG ]:[ LOG ] [tryClickNode]: tryClickNode: 直接点击结果: true
[2026-06-23 09:01:02] [hamibot] [INFO]:[INFO] [tryClickNode]: tryClickNode com.stardust.automator.UiObject@1401cb; boundsInParent: Rect(142, -9 - 267, 116); boundsInScreen: Rect(372, 1244 - 700, 1572); packageName: com.taobao.idlefish; className: android.view.View; text: ; contentDescription: null; viewId: mapDiceBtn; checkable: false; checked: false; focusable: false; focused: false; selected: false; clickable: true; longClickable: false; enabled: true; password: false; scrollable: false; [ACTION_CLICK, ACTION_ACCESSIBILITY_FOCUS, ACTION_NEXT_HTML_ELEMENT, ACTION_PREVIOUS_HTML_ELEMENT]
[2026-06-23 09:01:02] [hamibot] [ LOG ]:[ LOG ] [tryClickNode]: tryClickNode: 开始尝试点击节点 com.stardust.automator.UiObject@1401cb; boundsInParent: Rect(142, -9 - 267, 116); boundsInScreen: Rect(372, 1244 - 700, 1572); packageName: com.taobao.idlefish; className: android.view.View; text: ; contentDescription: null; viewId: mapDiceBtn; checkable: false; checked: false; focusable: false; focused: false; selected: false; clickable: true; longClickable: false; enabled: true; password: false; scrollable: false; [ACTION_CLICK, ACTION_ACCESSIBILITY_FOCUS, ACTION_NEXT_HTML_ELEMENT, ACTION_PREVIOUS_HTML_ELEMENT]
[2026-06-23 09:01:02] [hamibot] [ LOG ]:[ LOG ] [tryClickNode]: tryClickNode: 节点clickable值: function clickable() {/*
boolean clickable()
*/}

[2026-06-23 09:01:02] [hamibot] [ LOG ]:[ LOG ] [tryClickNode]: tryClickNode: 节点clickable toString: function clickable() {/*
boolean clickable()
*/}

[2026-06-23 09:01:02] [hamibot] [ LOG ]:[ LOG ] [tryClickNode]: tryClickNode: 解析后的clickable值: true
[2026-06-23 09:01:02] [hamibot] [ LOG ]:[ LOG ] [tryClickNode]: tryClickNode: 节点本身可点击，执行直接点击
[2026-06-23 09:01:02] [hamibot] [ LOG ]:[ LOG ] [tryClickNode]: tryClickNode: 直接点击结果: true
[2026-06-23 09:01:16] [hamibot] [INFO]:[INFO] [findAllInTaskList]: [taskPopup] findAll「领取奖励」1个 1ms
[2026-06-23 09:01:16] [hamibot] [INFO]:[INFO] [findTaskTitleStrict]: [taskPopup] strict「去浏览全新好物」miss 12ms
[2026-06-23 09:01:25] [hamibot] [INFO]:[INFO] [findTaskTitleStrict]: [taskPopup] strict「浏览推荐的国补商品」exact 1ms
[2026-06-23 09:01:25] [hamibot] [INFO]:[INFO] [findAllInTaskList]: [taskPopup] findAll「去完成」23个 3ms
[2026-06-23 09:01:30] [hamibot] [INFO]:[INFO] [findTargetElementWithCache]: [sel#5] scrollPage/滑动浏览 串行启动 12 条策略
[2026-06-23 09:01:30] [hamibot] [INFO]:[INFO] [findTargetElementWithCache]: [sel#5] scrollPage/滑动浏览 串行全部✗ 串行898ms 总898ms
[2026-06-23 09:01:32] [hamibot] [INFO]:[INFO] [findTargetElementWithCache]: [sel#6] scrollPage/滑动浏览 串行启动 12 条策略
[2026-06-23 09:01:33] [hamibot] [INFO]:[INFO] [findTargetElementWithCache]: [sel#6] scrollPage/滑动浏览 串行全部✗ 串行855ms 总856ms
[2026-06-23 09:01:35] [hamibot] [INFO]:[INFO] [findTargetElementWithCache]: [sel#7] scrollPage/滑动浏览 串行启动 12 条策略
[2026-06-23 09:01:35] [hamibot] [INFO]:[INFO] [findTargetElementWithCache]: [sel#7] scrollPage/滑动浏览 串行全部✗ 串行846ms 总846ms
[2026-06-23 09:01:37] [hamibot] [INFO]:[INFO] [findTargetElementWithCache]: [sel#8] scrollPage/滑动浏览 串行启动 12 条策略
[2026-06-23 09:01:38] [hamibot] [INFO]:[INFO] [findTargetElementWithCache]: [sel#8] scrollPage/滑动浏览 串行全部✗ 串行874ms 总875ms
[2026-06-23 09:01:46] [hamibot] [INFO]:[INFO] [findTargetElementWithCache]: [sel#9] scrollPage/滑动浏览 串行启动 12 条策略
[2026-06-23 09:01:47] [hamibot] [INFO]:[INFO] [findTargetElementWithCache]: [sel#9] scrollPage/滑动浏览 串行全部✗ 串行912ms 总912ms
[2026-06-23 09:01:54] [hamibot] [INFO]:[INFO] [findTargetElementWithCache]: [sel#10] scrollPage/滑动浏览 串行启动 12 条策略
[2026-06-23 09:01:55] [hamibot] [INFO]:[INFO] [findTargetElementWithCache]: [sel#10] scrollPage/滑动浏览 串行全部✗ 串行1010ms 总1011ms
[2026-06-23 09:02:02] [hamibot] [INFO]:[INFO] [findTargetElementWithCache]: [sel#11] scrollPage/滑动浏览 串行启动 12 条策略
[2026-06-23 09:02:03] [hamibot] [INFO]:[INFO] [findTargetElementWithCache]: [sel#11] scrollPage/滑动浏览 串行全部✗ 串行1024ms 总1024ms
[2026-06-23 09:02:10] [hamibot] [INFO]:[INFO] [findTargetElementWithCache]: [sel#12] scrollPage/滑动浏览 串行启动 12 条策略
[2026-06-23 09:02:11] [hamibot] [INFO]:[INFO] [findTargetElementWithCache]: [sel#12] scrollPage/滑动浏览 串行全部✗ 串行1000ms 总1000ms
[2026-06-23 09:02:18] [hamibot] [INFO]:[INFO] [findTargetElementWithCache]: [sel#13] scrollPage/滑动浏览 串行启动 12 条策略
[2026-06-23 09:02:19] [hamibot] [INFO]:[INFO] [findTargetElementWithCache]: [sel#13] scrollPage/滑动浏览 串行全部✗ 串行1072ms 总1072ms
[2026-06-23 09:02:21] [hamibot] [INFO]:[INFO] [returnToXianyuApp]: returnToXianyu: start from com.taobao.taobao
[2026-06-23 09:02:21] [hamibot] [INFO]:[INFO] [returnToXianyuApp]: returnToXianyu: attempt 1/6 pkg=com.taobao.taobao
[2026-06-23 09:02:21] [hamibot] [INFO]:[INFO] [returnToXianyuApp]: returnToXianyu: back()
[2026-06-23 09:02:23] [hamibot] [INFO]:[INFO] [returnToXianyuApp]: returnToXianyu: after back pkg=com.taobao.taobao
[2026-06-23 09:02:23] [hamibot] [INFO]:[INFO] [returnToXianyuApp]: returnToXianyu: launch(com.taobao.idlefish)
[2026-06-23 09:02:27] [hamibot] [INFO]:[INFO] [returnToXianyuApp]: returnToXianyu: after launch pkg=com.taobao.idlefish
[2026-06-23 09:02:29] [hamibot] [INFO]:[INFO] [backMainPage]: backMainPage: on xianyu activity=android.widget.FrameLayout, goto goldCoin
[2026-06-23 09:03:17] [hamibot] [INFO]:[INFO] [tryClickNode]: tryClickNode com.stardust.automator.UiObject@17e85b; boundsInParent: Rect(142, -9 - 267, 116); boundsInScreen: Rect(372, 1244 - 700, 1572); packageName: com.taobao.idlefish; className: android.view.View; text: ; contentDescription: null; viewId: mapDiceBtn; checkable: false; checked: false; focusable: false; focused: false; selected: false; clickable: true; longClickable: false; enabled: true; password: false; scrollable: false; [ACTION_CLICK, ACTION_ACCESSIBILITY_FOCUS, ACTION_NEXT_HTML_ELEMENT, ACTION_PREVIOUS_HTML_ELEMENT]
[2026-06-23 09:03:17] [hamibot] [ LOG ]:[ LOG ] [tryClickNode]: tryClickNode: 开始尝试点击节点 com.stardust.automator.UiObject@17e85b; boundsInParent: Rect(142, -9 - 267, 116); boundsInScreen: Rect(372, 1244 - 700, 1572); packageName: com.taobao.idlefish; className: android.view.View; text: ; contentDescription: null; viewId: mapDiceBtn; checkable: false; checked: false; focusable: false; focused: false; selected: false; clickable: true; longClickable: false; enabled: true; password: false; scrollable: false; [ACTION_CLICK, ACTION_ACCESSIBILITY_FOCUS, ACTION_NEXT_HTML_ELEMENT, ACTION_PREVIOUS_HTML_ELEMENT]
[2026-06-23 09:03:17] [hamibot] [ LOG ]:[ LOG ] [tryClickNode]: tryClickNode: 节点clickable值: function clickable() {/*
boolean clickable()
*/}

[2026-06-23 09:03:17] [hamibot] [ LOG ]:[ LOG ] [tryClickNode]: tryClickNode: 节点clickable toString: function clickable() {/*
boolean clickable()
*/}

[2026-06-23 09:03:17] [hamibot] [ LOG ]:[ LOG ] [tryClickNode]: tryClickNode: 解析后的clickable值: true
[2026-06-23 09:03:17] [hamibot] [ LOG ]:[ LOG ] [tryClickNode]: tryClickNode: 节点本身可点击，执行直接点击
[2026-06-23 09:03:17] [hamibot] [ LOG ]:[ LOG ] [tryClickNode]: tryClickNode: 直接点击结果: true
[2026-06-23 09:03:32] [hamibot] [INFO]:[INFO] [tryClickNode]: tryClickNode com.stardust.automator.UiObject@17e85b; boundsInParent: Rect(142, -9 - 267, 116); boundsInScreen: Rect(372, 1244 - 700, 1572); packageName: com.taobao.idlefish; className: android.view.View; text: ; contentDescription: null; viewId: mapDiceBtn; checkable: false; checked: false; focusable: false; focused: false; selected: false; clickable: true; longClickable: false; enabled: true; password: false; scrollable: false; [ACTION_CLICK, ACTION_ACCESSIBILITY_FOCUS, ACTION_NEXT_HTML_ELEMENT, ACTION_PREVIOUS_HTML_ELEMENT]
[2026-06-23 09:03:32] [hamibot] [ LOG ]:[ LOG ] [tryClickNode]: tryClickNode: 开始尝试点击节点 com.stardust.automator.UiObject@17e85b; boundsInParent: Rect(142, -9 - 267, 116); boundsInScreen: Rect(372, 1244 - 700, 1572); packageName: com.taobao.idlefish; className: android.view.View; text: ; contentDescription: null; viewId: mapDiceBtn; checkable: false; checked: false; focusable: false; focused: false; selected: false; clickable: true; longClickable: false; enabled: true; password: false; scrollable: false; [ACTION_CLICK, ACTION_ACCESSIBILITY_FOCUS, ACTION_NEXT_HTML_ELEMENT, ACTION_PREVIOUS_HTML_ELEMENT]
[2026-06-23 09:03:32] [hamibot] [ LOG ]:[ LOG ] [tryClickNode]: tryClickNode: 节点clickable值: function clickable() {/*
boolean clickable()
*/}

[2026-06-23 09:03:32] [hamibot] [ LOG ]:[ LOG ] [tryClickNode]: tryClickNode: 节点clickable toString: function clickable() {/*
boolean clickable()
*/}

[2026-06-23 09:03:32] [hamibot] [ LOG ]:[ LOG ] [tryClickNode]: tryClickNode: 解析后的clickable值: true
[2026-06-23 09:03:32] [hamibot] [ LOG ]:[ LOG ] [tryClickNode]: tryClickNode: 节点本身可点击，执行直接点击
[2026-06-23 09:03:32] [hamibot] [ LOG ]:[ LOG ] [tryClickNode]: tryClickNode: 直接点击结果: true
[2026-06-23 09:03:45] [hamibot] [INFO]:[INFO] [findTaskTitleStrict]: [taskPopup] strict「浏览推荐的国补商品」exact 1ms
[2026-06-23 09:03:45] [hamibot] [INFO]:[INFO] [findAllInTaskList]: [taskPopup] findAll「去完成」23个 3ms
[2026-06-23 09:03:50] [hamibot] [INFO]:[INFO] [findTargetElementWithCache]: [sel#14] scrollPage/滑动浏览 串行启动 12 条策略
[2026-06-23 09:03:51] [hamibot] [INFO]:[INFO] [findTargetElementWithCache]: [sel#14] scrollPage/滑动浏览 串行全部✗ 串行928ms 总928ms
[2026-06-23 09:03:52] [hamibot] [INFO]:[INFO] [findTargetElementWithCache]: [sel#15] scrollPage/滑动浏览 串行启动 12 条策略
[2026-06-23 09:03:53] [hamibot] [INFO]:[INFO] [findTargetElementWithCache]: [sel#15] scrollPage/滑动浏览 串行全部✗ 串行844ms 总844ms
[2026-06-23 09:03:55] [hamibot] [INFO]:[INFO] [findTargetElementWithCache]: [sel#16] scrollPage/滑动浏览 串行启动 12 条策略
[2026-06-23 09:03:56] [hamibot] [INFO]:[INFO] [findTargetElementWithCache]: [sel#16] scrollPage/滑动浏览 串行全部✗ 串行861ms 总861ms
[2026-06-23 09:03:58] [hamibot] [INFO]:[INFO] [findTargetElementWithCache]: [sel#17] scrollPage/滑动浏览 串行启动 12 条策略
[2026-06-23 09:03:58] [hamibot] [INFO]:[INFO] [findTargetElementWithCache]: [sel#17] scrollPage/滑动浏览 串行全部✗ 串行857ms 总857ms
[2026-06-23 09:04:06] [hamibot] [INFO]:[INFO] [findTargetElementWithCache]: [sel#18] scrollPage/滑动浏览 串行启动 12 条策略
[2026-06-23 09:04:07] [hamibot] [INFO]:[INFO] [findTargetElementWithCache]: [sel#18] scrollPage/滑动浏览 串行全部✗ 串行909ms 总910ms
[2026-06-23 09:04:14] [hamibot] [INFO]:[INFO] [findTargetElementWithCache]: [sel#19] scrollPage/滑动浏览 串行启动 12 条策略
[2026-06-23 09:04:15] [hamibot] [INFO]:[INFO] [findTargetElementWithCache]: [sel#19] scrollPage/滑动浏览 串行全部✗ 串行875ms 总875ms
[2026-06-23 09:04:22] [hamibot] [INFO]:[INFO] [findTargetElementWithCache]: [sel#20] scrollPage/滑动浏览 串行启动 12 条策略
[2026-06-23 09:04:23] [hamibot] [INFO]:[INFO] [findTargetElementWithCache]: [sel#20] scrollPage/滑动浏览 串行全部✗ 串行876ms 总876ms
[2026-06-23 09:04:30] [hamibot] [INFO]:[INFO] [findTargetElementWithCache]: [sel#21] scrollPage/滑动浏览 串行启动 12 条策略
[2026-06-23 09:04:31] [hamibot] [INFO]:[INFO] [findTargetElementWithCache]: [sel#21] scrollPage/滑动浏览 串行全部✗ 串行873ms 总874ms
[2026-06-23 09:04:39] [hamibot] [INFO]:[INFO] [findTargetElementWithCache]: [sel#22] scrollPage/滑动浏览 串行启动 12 条策略
[2026-06-23 09:04:40] [hamibot] [INFO]:[INFO] [findTargetElementWithCache]: [sel#22] scrollPage/滑动浏览 串行全部✗ 串行1187ms 总1187ms
[2026-06-23 09:04:41] [hamibot] [INFO]:[INFO] [returnToXianyuApp]: returnToXianyu: start from com.taobao.taobao
[2026-06-23 09:04:41] [hamibot] [INFO]:[INFO] [returnToXianyuApp]: returnToXianyu: attempt 1/6 pkg=com.taobao.taobao
[2026-06-23 09:04:41] [hamibot] [INFO]:[INFO] [returnToXianyuApp]: returnToXianyu: back()
[2026-06-23 09:04:43] [hamibot] [INFO]:[INFO] [returnToXianyuApp]: returnToXianyu: after back pkg=com.taobao.taobao
[2026-06-23 09:04:43] [hamibot] [INFO]:[INFO] [returnToXianyuApp]: returnToXianyu: launch(com.taobao.idlefish)
[2026-06-23 09:04:47] [hamibot] [INFO]:[INFO] [returnToXianyuApp]: returnToXianyu: after launch pkg=com.taobao.idlefish
[2026-06-23 09:04:49] [hamibot] [INFO]:[INFO] [backMainPage]: backMainPage: on xianyu activity=android.widget.FrameLayout, goto goldCoin
[2026-06-23 09:05:17] [hamibot] [INFO]:[INFO] [tryClickNode]: tryClickNode com.stardust.automator.UiObject@1b3f8b; boundsInParent: Rect(142, -9 - 267, 116); boundsInScreen: Rect(372, 1244 - 700, 1572); packageName: com.taobao.idlefish; className: android.view.View; text: ; contentDescription: null; viewId: mapDiceBtn; checkable: false; checked: false; focusable: false; focused: false; selected: false; clickable: true; longClickable: false; enabled: true; password: false; scrollable: false; [ACTION_CLICK, ACTION_ACCESSIBILITY_FOCUS, ACTION_NEXT_HTML_ELEMENT, ACTION_PREVIOUS_HTML_ELEMENT]
[2026-06-23 09:05:17] [hamibot] [ LOG ]:[ LOG ] [tryClickNode]: tryClickNode: 开始尝试点击节点 com.stardust.automator.UiObject@1b3f8b; boundsInParent: Rect(142, -9 - 267, 116); boundsInScreen: Rect(372, 1244 - 700, 1572); packageName: com.taobao.idlefish; className: android.view.View; text: ; contentDescription: null; viewId: mapDiceBtn; checkable: false; checked: false; focusable: false; focused: false; selected: false; clickable: true; longClickable: false; enabled: true; password: false; scrollable: false; [ACTION_CLICK, ACTION_ACCESSIBILITY_FOCUS, ACTION_NEXT_HTML_ELEMENT, ACTION_PREVIOUS_HTML_ELEMENT]
[2026-06-23 09:05:17] [hamibot] [ LOG ]:[ LOG ] [tryClickNode]: tryClickNode: 节点clickable值: function clickable() {/*
boolean clickable()
*/}

[2026-06-23 09:05:17] [hamibot] [ LOG ]:[ LOG ] [tryClickNode]: tryClickNode: 节点clickable toString: function clickable() {/*
boolean clickable()
*/}

[2026-06-23 09:05:17] [hamibot] [ LOG ]:[ LOG ] [tryClickNode]: tryClickNode: 解析后的clickable值: true
[2026-06-23 09:05:17] [hamibot] [ LOG ]:[ LOG ] [tryClickNode]: tryClickNode: 节点本身可点击，执行直接点击
[2026-06-23 09:05:17] [hamibot] [ LOG ]:[ LOG ] [tryClickNode]: tryClickNode: 直接点击结果: true
[2026-06-23 09:05:48] [hamibot] [INFO]:[INFO] [findTaskTitleStrict]: [taskPopup] strict「浏览推荐的国补商品」exact 1ms
[2026-06-23 09:05:48] [hamibot] [INFO]:[INFO] [findAllInTaskList]: [taskPopup] findAll「去完成」23个 3ms
[2026-06-23 09:05:53] [hamibot] [INFO]:[INFO] [findTargetElementWithCache]: [sel#23] scrollPage/滑动浏览 串行启动 12 条策略
[2026-06-23 09:05:53] [hamibot] [INFO]:[INFO] [findTargetElementWithCache]: [sel#23] scrollPage/滑动浏览 串行全部✗ 串行808ms 总808ms
[2026-06-23 09:05:55] [hamibot] [INFO]:[INFO] [findTargetElementWithCache]: [sel#24] scrollPage/滑动浏览 串行启动 12 条策略
[2026-06-23 09:05:56] [hamibot] [INFO]:[INFO] [findTargetElementWithCache]: [sel#24] scrollPage/滑动浏览 串行全部✗ 串行804ms 总805ms
[2026-06-23 09:05:57] [hamibot] [INFO]:[INFO] [findTargetElementWithCache]: [sel#25] scrollPage/滑动浏览 串行启动 12 条策略
[2026-06-23 09:05:58] [hamibot] [INFO]:[INFO] [findTargetElementWithCache]: [sel#25] scrollPage/滑动浏览 串行全部✗ 串行846ms 总846ms
[2026-06-23 09:06:00] [hamibot] [INFO]:[INFO] [findTargetElementWithCache]: [sel#26] scrollPage/滑动浏览 串行启动 12 条策略
[2026-06-23 09:06:01] [hamibot] [INFO]:[INFO] [findTargetElementWithCache]: [sel#26] scrollPage/滑动浏览 串行全部✗ 串行882ms 总882ms
[2026-06-23 09:06:08] [hamibot] [INFO]:[INFO] [findTargetElementWithCache]: [sel#27] scrollPage/滑动浏览 串行启动 12 条策略
[2026-06-23 09:06:09] [hamibot] [INFO]:[INFO] [findTargetElementWithCache]: [sel#27] scrollPage/滑动浏览 串行全部✗ 串行867ms 总868ms
[2026-06-23 09:06:16] [hamibot] [INFO]:[INFO] [findTargetElementWithCache]: [sel#28] scrollPage/滑动浏览 串行启动 12 条策略
[2026-06-23 09:06:17] [hamibot] [INFO]:[INFO] [findTargetElementWithCache]: [sel#28] scrollPage/滑动浏览 串行全部✗ 串行924ms 总924ms
[2026-06-23 09:06:25] [hamibot] [INFO]:[INFO] [findTargetElementWithCache]: [sel#29] scrollPage/滑动浏览 串行启动 12 条策略
[2026-06-23 09:06:26] [hamibot] [INFO]:[INFO] [findTargetElementWithCache]: [sel#29] scrollPage/滑动浏览 串行全部✗ 串行1333ms 总1333ms
[2026-06-23 09:06:33] [hamibot] [INFO]:[INFO] [findTargetElementWithCache]: [sel#30] scrollPage/滑动浏览 串行启动 12 条策略
[2026-06-23 09:06:34] [hamibot] [INFO]:[INFO] [findTargetElementWithCache]: [sel#30] scrollPage/滑动浏览 串行全部✗ 串行870ms 总870ms
[2026-06-23 09:06:41] [hamibot] [INFO]:[INFO] [findTargetElementWithCache]: [sel#31] scrollPage/滑动浏览 串行启动 12 条策略
[2026-06-23 09:06:42] [hamibot] [INFO]:[INFO] [findTargetElementWithCache]: [sel#31] scrollPage/滑动浏览 串行全部✗ 串行889ms 总889ms
[2026-06-23 09:06:43] [hamibot] [INFO]:[INFO] [returnToXianyuApp]: returnToXianyu: start from com.taobao.taobao
[2026-06-23 09:06:43] [hamibot] [INFO]:[INFO] [returnToXianyuApp]: returnToXianyu: attempt 1/6 pkg=com.taobao.taobao
[2026-06-23 09:06:43] [hamibot] [INFO]:[INFO] [returnToXianyuApp]: returnToXianyu: back()
[2026-06-23 09:06:45] [hamibot] [INFO]:[INFO] [returnToXianyuApp]: returnToXianyu: after back pkg=com.taobao.taobao
[2026-06-23 09:06:45] [hamibot] [INFO]:[INFO] [returnToXianyuApp]: returnToXianyu: launch(com.taobao.idlefish)
[2026-06-23 09:06:49] [hamibot] [INFO]:[INFO] [returnToXianyuApp]: returnToXianyu: after launch pkg=com.taobao.idlefish
[2026-06-23 09:06:52] [hamibot] [INFO]:[INFO] [backMainPage]: backMainPage: on xianyu activity=android.widget.FrameLayout, goto goldCoin
[2026-06-23 09:07:38] [hamibot] [INFO]:[INFO] [tryClickNode]: tryClickNode com.stardust.automator.UiObject@1e267a; boundsInParent: Rect(142, -9 - 267, 116); boundsInScreen: Rect(372, 1244 - 700, 1572); packageName: com.taobao.idlefish; className: android.view.View; text: ; contentDescription: null; viewId: mapDiceBtn; checkable: false; checked: false; focusable: false; focused: false; selected: false; clickable: true; longClickable: false; enabled: true; password: false; scrollable: false; [ACTION_CLICK, ACTION_ACCESSIBILITY_FOCUS, ACTION_NEXT_HTML_ELEMENT, ACTION_PREVIOUS_HTML_ELEMENT]
[2026-06-23 09:07:38] [hamibot] [ LOG ]:[ LOG ] [tryClickNode]: tryClickNode: 开始尝试点击节点 com.stardust.automator.UiObject@1e267a; boundsInParent: Rect(142, -9 - 267, 116); boundsInScreen: Rect(372, 1244 - 700, 1572); packageName: com.taobao.idlefish; className: android.view.View; text: ; contentDescription: null; viewId: mapDiceBtn; checkable: false; checked: false; focusable: false; focused: false; selected: false; clickable: true; longClickable: false; enabled: true; password: false; scrollable: false; [ACTION_CLICK, ACTION_ACCESSIBILITY_FOCUS, ACTION_NEXT_HTML_ELEMENT, ACTION_PREVIOUS_HTML_ELEMENT]
[2026-06-23 09:07:38] [hamibot] [ LOG ]:[ LOG ] [tryClickNode]: tryClickNode: 节点clickable值: function clickable() {/*
boolean clickable()
*/}

[2026-06-23 09:07:38] [hamibot] [ LOG ]:[ LOG ] [tryClickNode]: tryClickNode: 节点clickable toString: function clickable() {/*
boolean clickable()
*/}

[2026-06-23 09:07:38] [hamibot] [ LOG ]:[ LOG ] [tryClickNode]: tryClickNode: 解析后的clickable值: true
[2026-06-23 09:07:38] [hamibot] [ LOG ]:[ LOG ] [tryClickNode]: tryClickNode: 节点本身可点击，执行直接点击
[2026-06-23 09:07:38] [hamibot] [ LOG ]:[ LOG ] [tryClickNode]: tryClickNode: 直接点击结果: true
[2026-06-23 09:07:53] [hamibot] [INFO]:[INFO] [findTaskTitleStrict]: [taskPopup] strict「浏览推荐的国补商品」exact 1ms
[2026-06-23 09:07:53] [hamibot] [INFO]:[INFO] [findAllInTaskList]: [taskPopup] findAll「去完成」23个 3ms
[2026-06-23 09:07:57] [hamibot] [INFO]:[INFO] [findTargetElementWithCache]: [sel#32] scrollPage/滑动浏览 串行启动 12 条策略
[2026-06-23 09:07:58] [hamibot] [INFO]:[INFO] [findTargetElementWithCache]: [sel#32] scrollPage/滑动浏览 串行全部✗ 串行878ms 总878ms
[2026-06-23 09:08:00] [hamibot] [INFO]:[INFO] [findTargetElementWithCache]: [sel#33] scrollPage/滑动浏览 串行启动 12 条策略
[2026-06-23 09:08:01] [hamibot] [INFO]:[INFO] [findTargetElementWithCache]: [sel#33] scrollPage/滑动浏览 串行全部✗ 串行768ms 总768ms
[2026-06-23 09:08:02] [hamibot] [INFO]:[INFO] [findTargetElementWithCache]: [sel#34] scrollPage/滑动浏览 串行启动 12 条策略
[2026-06-23 09:08:03] [hamibot] [INFO]:[INFO] [findTargetElementWithCache]: [sel#34] scrollPage/滑动浏览 串行全部✗ 串行775ms 总776ms
[2026-06-23 09:08:04] [hamibot] [INFO]:[INFO] [findTargetElementWithCache]: [sel#35] scrollPage/滑动浏览 串行启动 12 条策略
[2026-06-23 09:08:06] [hamibot] [INFO]:[INFO] [findTargetElementWithCache]: [sel#35] scrollPage/滑动浏览 串行全部✗ 串行767ms 总767ms
[2026-06-23 09:08:14] [hamibot] [INFO]:[INFO] [findTargetElementWithCache]: [sel#36] scrollPage/滑动浏览 串行启动 12 条策略
[2026-06-23 09:08:15] [hamibot] [INFO]:[INFO] [findTargetElementWithCache]: [sel#36] scrollPage/滑动浏览 串行全部✗ 串行978ms 总978ms
[2026-06-23 09:08:22] [hamibot] [INFO]:[INFO] [findTargetElementWithCache]: [sel#37] scrollPage/滑动浏览 串行启动 12 条策略
[2026-06-23 09:08:23] [hamibot] [INFO]:[INFO] [findTargetElementWithCache]: [sel#37] scrollPage/滑动浏览 串行全部✗ 串行954ms 总954ms
[2026-06-23 09:08:30] [hamibot] [INFO]:[INFO] [findTargetElementWithCache]: [sel#38] scrollPage/滑动浏览 串行启动 12 条策略
[2026-06-23 09:08:31] [hamibot] [INFO]:[INFO] [findTargetElementWithCache]: [sel#38] scrollPage/滑动浏览 串行全部✗ 串行1005ms 总1005ms
[2026-06-23 09:08:38] [hamibot] [INFO]:[INFO] [findTargetElementWithCache]: [sel#39] scrollPage/滑动浏览 串行启动 12 条策略
[2026-06-23 09:08:39] [hamibot] [INFO]:[INFO] [findTargetElementWithCache]: [sel#39] scrollPage/滑动浏览 串行全部✗ 串行986ms 总986ms
[2026-06-23 09:08:47] [hamibot] [INFO]:[INFO] [findTargetElementWithCache]: [sel#40] scrollPage/滑动浏览 串行启动 12 条策略
[2026-06-23 09:08:48] [hamibot] [INFO]:[INFO] [findTargetElementWithCache]: [sel#40] scrollPage/滑动浏览 串行全部✗ 串行1717ms 总1717ms
[2026-06-23 09:08:49] [hamibot] [INFO]:[INFO] [returnToXianyuApp]: returnToXianyu: start from com.taobao.taobao
[2026-06-23 09:08:49] [hamibot] [INFO]:[INFO] [returnToXianyuApp]: returnToXianyu: attempt 1/6 pkg=com.taobao.taobao
[2026-06-23 09:08:49] [hamibot] [INFO]:[INFO] [returnToXianyuApp]: returnToXianyu: back()
[2026-06-23 09:08:52] [hamibot] [INFO]:[INFO] [returnToXianyuApp]: returnToXianyu: after back pkg=com.taobao.taobao
[2026-06-23 09:08:52] [hamibot] [INFO]:[INFO] [returnToXianyuApp]: returnToXianyu: launch(com.taobao.idlefish)
[2026-06-23 09:08:56] [hamibot] [INFO]:[INFO] [returnToXianyuApp]: returnToXianyu: after launch pkg=com.taobao.idlefish
[2026-06-23 09:08:58] [hamibot] [INFO]:[INFO] [backMainPage]: backMainPage: on xianyu activity=android.widget.FrameLayout, goto goldCoin
[2026-06-23 09:09:52] [hamibot] [INFO]:[INFO] [tryClickNode]: tryClickNode com.stardust.automator.UiObject@211222; boundsInParent: Rect(142, -9 - 267, 116); boundsInScreen: Rect(372, 1244 - 700, 1572); packageName: com.taobao.idlefish; className: android.view.View; text: ; contentDescription: null; viewId: mapDiceBtn; checkable: false; checked: false; focusable: false; focused: false; selected: false; clickable: true; longClickable: false; enabled: true; password: false; scrollable: false; [ACTION_CLICK, ACTION_ACCESSIBILITY_FOCUS, ACTION_NEXT_HTML_ELEMENT, ACTION_PREVIOUS_HTML_ELEMENT]
[2026-06-23 09:09:52] [hamibot] [ LOG ]:[ LOG ] [tryClickNode]: tryClickNode: 开始尝试点击节点 com.stardust.automator.UiObject@211222; boundsInParent: Rect(142, -9 - 267, 116); boundsInScreen: Rect(372, 1244 - 700, 1572); packageName: com.taobao.idlefish; className: android.view.View; text: ; contentDescription: null; viewId: mapDiceBtn; checkable: false; checked: false; focusable: false; focused: false; selected: false; clickable: true; longClickable: false; enabled: true; password: false; scrollable: false; [ACTION_CLICK, ACTION_ACCESSIBILITY_FOCUS, ACTION_NEXT_HTML_ELEMENT, ACTION_PREVIOUS_HTML_ELEMENT]
[2026-06-23 09:09:52] [hamibot] [ LOG ]:[ LOG ] [tryClickNode]: tryClickNode: 节点clickable值: function clickable() {/*
boolean clickable()
*/}

[2026-06-23 09:09:52] [hamibot] [ LOG ]:[ LOG ] [tryClickNode]: tryClickNode: 节点clickable toString: function clickable() {/*
boolean clickable()
*/}

[2026-06-23 09:09:52] [hamibot] [ LOG ]:[ LOG ] [tryClickNode]: tryClickNode: 解析后的clickable值: true
[2026-06-23 09:09:52] [hamibot] [ LOG ]:[ LOG ] [tryClickNode]: tryClickNode: 节点本身可点击，执行直接点击
[2026-06-23 09:09:52] [hamibot] [ LOG ]:[ LOG ] [tryClickNode]: tryClickNode: 直接点击结果: true
[2026-06-23 09:10:06] [hamibot] [INFO]:[INFO] [findTaskTitleStrict]: [taskPopup] strict「浏览推荐的国补商品」exact 1ms
[2026-06-23 09:10:06] [hamibot] [INFO]:[INFO] [findAllInTaskList]: [taskPopup] findAll「去完成」23个 3ms
[2026-06-23 09:10:10] [hamibot] [INFO]:[INFO] [findTargetElementWithCache]: [sel#41] scrollPage/滑动浏览 串行启动 12 条策略
[2026-06-23 09:10:11] [hamibot] [INFO]:[INFO] [findTargetElementWithCache]: [sel#41] scrollPage/滑动浏览 串行全部✗ 串行900ms 总901ms
[2026-06-23 09:10:13] [hamibot] [INFO]:[INFO] [findTargetElementWithCache]: [sel#42] scrollPage/滑动浏览 串行启动 12 条策略
[2026-06-23 09:10:14] [hamibot] [INFO]:[INFO] [findTargetElementWithCache]: [sel#42] scrollPage/滑动浏览 串行全部✗ 串行855ms 总856ms
[2026-06-23 09:10:15] [hamibot] [INFO]:[INFO] [findTargetElementWithCache]: [sel#43] scrollPage/滑动浏览 串行启动 12 条策略
[2026-06-23 09:10:16] [hamibot] [INFO]:[INFO] [findTargetElementWithCache]: [sel#43] scrollPage/滑动浏览 串行全部✗ 串行844ms 总844ms
[2026-06-23 09:10:18] [hamibot] [INFO]:[INFO] [findTargetElementWithCache]: [sel#44] scrollPage/滑动浏览 串行启动 12 条策略
[2026-06-23 09:10:19] [hamibot] [INFO]:[INFO] [findTargetElementWithCache]: [sel#44] scrollPage/滑动浏览 串行全部✗ 串行835ms 总835ms
[2026-06-23 09:10:26] [hamibot] [INFO]:[INFO] [findTargetElementWithCache]: [sel#45] scrollPage/滑动浏览 串行启动 12 条策略
[2026-06-23 09:10:27] [hamibot] [INFO]:[INFO] [findTargetElementWithCache]: [sel#45] scrollPage/滑动浏览 串行全部✗ 串行974ms 总975ms
[2026-06-23 09:10:34] [hamibot] [INFO]:[INFO] [findTargetElementWithCache]: [sel#46] scrollPage/滑动浏览 串行启动 12 条策略
[2026-06-23 09:10:35] [hamibot] [INFO]:[INFO] [findTargetElementWithCache]: [sel#46] scrollPage/滑动浏览 串行全部✗ 串行917ms 总917ms
[2026-06-23 09:10:42] [hamibot] [INFO]:[INFO] [findTargetElementWithCache]: [sel#47] scrollPage/滑动浏览 串行启动 12 条策略
[2026-06-23 09:10:43] [hamibot] [INFO]:[INFO] [findTargetElementWithCache]: [sel#47] scrollPage/滑动浏览 串行全部✗ 串行931ms 总931ms
[2026-06-23 09:10:51] [hamibot] [INFO]:[INFO] [findTargetElementWithCache]: [sel#48] scrollPage/滑动浏览 串行启动 12 条策略
[2026-06-23 09:10:52] [hamibot] [INFO]:[INFO] [findTargetElementWithCache]: [sel#48] scrollPage/滑动浏览 串行全部✗ 串行993ms 总993ms
[2026-06-23 09:10:59] [hamibot] [INFO]:[INFO] [findTargetElementWithCache]: [sel#49] scrollPage/滑动浏览 串行启动 12 条策略
[2026-06-23 09:11:00] [hamibot] [INFO]:[INFO] [findTargetElementWithCache]: [sel#49] scrollPage/滑动浏览 串行全部✗ 串行1027ms 总1027ms
[2026-06-23 09:11:01] [hamibot] [INFO]:[INFO] [returnToXianyuApp]: returnToXianyu: start from com.taobao.taobao
[2026-06-23 09:11:01] [hamibot] [INFO]:[INFO] [returnToXianyuApp]: returnToXianyu: attempt 1/6 pkg=com.taobao.taobao
[2026-06-23 09:11:01] [hamibot] [INFO]:[INFO] [returnToXianyuApp]: returnToXianyu: back()
[2026-06-23 09:11:03] [hamibot] [INFO]:[INFO] [returnToXianyuApp]: returnToXianyu: after back pkg=com.taobao.taobao
[2026-06-23 09:11:03] [hamibot] [INFO]:[INFO] [returnToXianyuApp]: returnToXianyu: launch(com.taobao.idlefish)
[2026-06-23 09:11:07] [hamibot] [INFO]:[INFO] [returnToXianyuApp]: returnToXianyu: after launch pkg=com.taobao.idlefish
[2026-06-23 09:11:09] [hamibot] [INFO]:[INFO] [backMainPage]: backMainPage: on xianyu activity=android.widget.FrameLayout, goto goldCoin
[2026-06-23 09:12:04] [hamibot] [INFO]:[INFO] [tryClickNode]: tryClickNode com.stardust.automator.UiObject@248206; boundsInParent: Rect(142, -9 - 267, 116); boundsInScreen: Rect(372, 1244 - 700, 1572); packageName: com.taobao.idlefish; className: android.view.View; text: ; contentDescription: null; viewId: mapDiceBtn; checkable: false; checked: false; focusable: false; focused: false; selected: false; clickable: true; longClickable: false; enabled: true; password: false; scrollable: false; [ACTION_CLICK, ACTION_ACCESSIBILITY_FOCUS, ACTION_NEXT_HTML_ELEMENT, ACTION_PREVIOUS_HTML_ELEMENT]
[2026-06-23 09:12:04] [hamibot] [ LOG ]:[ LOG ] [tryClickNode]: tryClickNode: 开始尝试点击节点 com.stardust.automator.UiObject@248206; boundsInParent: Rect(142, -9 - 267, 116); boundsInScreen: Rect(372, 1244 - 700, 1572); packageName: com.taobao.idlefish; className: android.view.View; text: ; contentDescription: null; viewId: mapDiceBtn; checkable: false; checked: false; focusable: false; focused: false; selected: false; clickable: true; longClickable: false; enabled: true; password: false; scrollable: false; [ACTION_CLICK, ACTION_ACCESSIBILITY_FOCUS, ACTION_NEXT_HTML_ELEMENT, ACTION_PREVIOUS_HTML_ELEMENT]
[2026-06-23 09:12:04] [hamibot] [ LOG ]:[ LOG ] [tryClickNode]: tryClickNode: 节点clickable值: function clickable() {/*
boolean clickable()
*/}

[2026-06-23 09:12:04] [hamibot] [ LOG ]:[ LOG ] [tryClickNode]: tryClickNode: 节点clickable toString: function clickable() {/*
boolean clickable()
*/}

[2026-06-23 09:12:04] [hamibot] [ LOG ]:[ LOG ] [tryClickNode]: tryClickNode: 解析后的clickable值: true
[2026-06-23 09:12:04] [hamibot] [ LOG ]:[ LOG ] [tryClickNode]: tryClickNode: 节点本身可点击，执行直接点击
[2026-06-23 09:12:04] [hamibot] [ LOG ]:[ LOG ] [tryClickNode]: tryClickNode: 直接点击结果: true
[2026-06-23 09:12:18] [hamibot] [INFO]:[INFO] [findTaskTitleStrict]: [taskPopup] strict「浏览推荐的国补商品」exact 1ms
[2026-06-23 09:12:18] [hamibot] [INFO]:[INFO] [findAllInTaskList]: [taskPopup] findAll「去完成」23个 3ms
[2026-06-23 09:12:22] [hamibot] [INFO]:[INFO] [findTargetElementWithCache]: [sel#50] scrollPage/滑动浏览 串行启动 12 条策略
[2026-06-23 09:12:23] [hamibot] [INFO]:[INFO] [findTargetElementWithCache]: [sel#50] scrollPage/滑动浏览 串行全部✗ 串行855ms 总855ms
[2026-06-23 09:12:25] [hamibot] [INFO]:[INFO] [findTargetElementWithCache]: [sel#51] scrollPage/滑动浏览 串行启动 12 条策略
[2026-06-23 09:12:25] [hamibot] [INFO]:[INFO] [findTargetElementWithCache]: [sel#51] scrollPage/滑动浏览 串行全部✗ 串行852ms 总852ms
[2026-06-23 09:12:27] [hamibot] [INFO]:[INFO] [findTargetElementWithCache]: [sel#52] scrollPage/滑动浏览 串行启动 12 条策略
[2026-06-23 09:12:28] [hamibot] [INFO]:[INFO] [findTargetElementWithCache]: [sel#52] scrollPage/滑动浏览 串行全部✗ 串行861ms 总861ms
[2026-06-23 09:12:29] [hamibot] [INFO]:[INFO] [findTargetElementWithCache]: [sel#53] scrollPage/滑动浏览 串行启动 12 条策略
[2026-06-23 09:12:30] [hamibot] [INFO]:[INFO] [findTargetElementWithCache]: [sel#53] scrollPage/滑动浏览 串行全部✗ 串行823ms 总824ms
[2026-06-23 09:12:38] [hamibot] [INFO]:[INFO] [findTargetElementWithCache]: [sel#54] scrollPage/滑动浏览 串行启动 12 条策略
[2026-06-23 09:12:39] [hamibot] [INFO]:[INFO] [findTargetElementWithCache]: [sel#54] scrollPage/滑动浏览 串行全部✗ 串行902ms 总903ms
[2026-06-23 09:12:46] [hamibot] [INFO]:[INFO] [findTargetElementWithCache]: [sel#55] scrollPage/滑动浏览 串行启动 12 条策略
[2026-06-23 09:12:47] [hamibot] [INFO]:[INFO] [findTargetElementWithCache]: [sel#55] scrollPage/滑动浏览 串行全部✗ 串行924ms 总924ms
[2026-06-23 09:12:54] [hamibot] [INFO]:[INFO] [findTargetElementWithCache]: [sel#56] scrollPage/滑动浏览 串行启动 12 条策略
[2026-06-23 09:12:55] [hamibot] [INFO]:[INFO] [findTargetElementWithCache]: [sel#56] scrollPage/滑动浏览 串行全部✗ 串行925ms 总926ms
[2026-06-23 09:13:02] [hamibot] [INFO]:[INFO] [findTargetElementWithCache]: [sel#57] scrollPage/滑动浏览 串行启动 12 条策略
[2026-06-23 09:13:03] [hamibot] [INFO]:[INFO] [findTargetElementWithCache]: [sel#57] scrollPage/滑动浏览 串行全部✗ 串行905ms 总906ms
[2026-06-23 09:13:10] [hamibot] [INFO]:[INFO] [findTargetElementWithCache]: [sel#58] scrollPage/滑动浏览 串行启动 12 条策略
[2026-06-23 09:13:11] [hamibot] [INFO]:[INFO] [findTargetElementWithCache]: [sel#58] scrollPage/滑动浏览 串行全部✗ 串行1062ms 总1062ms
[2026-06-23 09:13:13] [hamibot] [INFO]:[INFO] [returnToXianyuApp]: returnToXianyu: start from com.taobao.taobao
[2026-06-23 09:13:13] [hamibot] [INFO]:[INFO] [returnToXianyuApp]: returnToXianyu: attempt 1/6 pkg=com.taobao.taobao
[2026-06-23 09:13:13] [hamibot] [INFO]:[INFO] [returnToXianyuApp]: returnToXianyu: back()
[2026-06-23 09:13:15] [hamibot] [INFO]:[INFO] [returnToXianyuApp]: returnToXianyu: after back pkg=com.taobao.taobao
[2026-06-23 09:13:15] [hamibot] [INFO]:[INFO] [returnToXianyuApp]: returnToXianyu: launch(com.taobao.idlefish)
[2026-06-23 09:13:19] [hamibot] [INFO]:[INFO] [returnToXianyuApp]: returnToXianyu: after launch pkg=com.taobao.idlefish
[2026-06-23 09:13:21] [hamibot] [INFO]:[INFO] [backMainPage]: backMainPage: on xianyu activity=android.widget.FrameLayout, goto goldCoin
[2026-06-23 09:14:04] [hamibot] [INFO]:[INFO] [tryClickNode]: tryClickNode com.stardust.automator.UiObject@2736f2; boundsInParent: Rect(142, -9 - 267, 116); boundsInScreen: Rect(372, 1244 - 700, 1572); packageName: com.taobao.idlefish; className: android.view.View; text: ; contentDescription: null; viewId: mapDiceBtn; checkable: false; checked: false; focusable: false; focused: false; selected: false; clickable: true; longClickable: false; enabled: true; password: false; scrollable: false; [ACTION_CLICK, ACTION_ACCESSIBILITY_FOCUS, ACTION_NEXT_HTML_ELEMENT, ACTION_PREVIOUS_HTML_ELEMENT]
[2026-06-23 09:14:04] [hamibot] [ LOG ]:[ LOG ] [tryClickNode]: tryClickNode: 开始尝试点击节点 com.stardust.automator.UiObject@2736f2; boundsInParent: Rect(142, -9 - 267, 116); boundsInScreen: Rect(372, 1244 - 700, 1572); packageName: com.taobao.idlefish; className: android.view.View; text: ; contentDescription: null; viewId: mapDiceBtn; checkable: false; checked: false; focusable: false; focused: false; selected: false; clickable: true; longClickable: false; enabled: true; password: false; scrollable: false; [ACTION_CLICK, ACTION_ACCESSIBILITY_FOCUS, ACTION_NEXT_HTML_ELEMENT, ACTION_PREVIOUS_HTML_ELEMENT]
[2026-06-23 09:14:04] [hamibot] [ LOG ]:[ LOG ] [tryClickNode]: tryClickNode: 节点clickable值: function clickable() {/*
boolean clickable()
*/}

[2026-06-23 09:14:04] [hamibot] [ LOG ]:[ LOG ] [tryClickNode]: tryClickNode: 节点clickable toString: function clickable() {/*
boolean clickable()
*/}

[2026-06-23 09:14:04] [hamibot] [ LOG ]:[ LOG ] [tryClickNode]: tryClickNode: 解析后的clickable值: true
[2026-06-23 09:14:04] [hamibot] [ LOG ]:[ LOG ] [tryClickNode]: tryClickNode: 节点本身可点击，执行直接点击
[2026-06-23 09:14:04] [hamibot] [ LOG ]:[ LOG ] [tryClickNode]: tryClickNode: 直接点击结果: true
[2026-06-23 09:14:20] [hamibot] [INFO]:[INFO] [findTaskTitleStrict]: [taskPopup] strict「浏览推荐的国补商品」exact 1ms
[2026-06-23 09:14:20] [hamibot] [INFO]:[INFO] [findAllInTaskList]: [taskPopup] findAll「去完成」23个 3ms
[2026-06-23 09:14:24] [hamibot] [INFO]:[INFO] [findTargetElementWithCache]: [sel#59] scrollPage/滑动浏览 串行启动 12 条策略
[2026-06-23 09:14:25] [hamibot] [INFO]:[INFO] [findTargetElementWithCache]: [sel#59] scrollPage/滑动浏览 串行全部✗ 串行1025ms 总1025ms
[2026-06-23 09:14:27] [hamibot] [INFO]:[INFO] [findTargetElementWithCache]: [sel#60] scrollPage/滑动浏览 串行启动 12 条策略
[2026-06-23 09:14:28] [hamibot] [INFO]:[INFO] [findTargetElementWithCache]: [sel#60] scrollPage/滑动浏览 串行全部✗ 串行1042ms 总1042ms
[2026-06-23 09:14:30] [hamibot] [INFO]:[INFO] [findTargetElementWithCache]: [sel#61] scrollPage/滑动浏览 串行启动 12 条策略
[2026-06-23 09:14:30] [hamibot] [INFO]:[INFO] [findTargetElementWithCache]: [sel#61] scrollPage/滑动浏览 串行全部✗ 串行875ms 总876ms
[2026-06-23 09:14:32] [hamibot] [INFO]:[INFO] [findTargetElementWithCache]: [sel#62] scrollPage/滑动浏览 串行启动 12 条策略
[2026-06-23 09:14:33] [hamibot] [INFO]:[INFO] [findTargetElementWithCache]: [sel#62] scrollPage/滑动浏览 串行全部✗ 串行895ms 总895ms
[2026-06-23 09:14:41] [hamibot] [INFO]:[INFO] [findTargetElementWithCache]: [sel#63] scrollPage/滑动浏览 串行启动 12 条策略
[2026-06-23 09:14:42] [hamibot] [INFO]:[INFO] [findTargetElementWithCache]: [sel#63] scrollPage/滑动浏览 串行全部✗ 串行950ms 总950ms
[2026-06-23 09:14:49] [hamibot] [INFO]:[INFO] [findTargetElementWithCache]: [sel#64] scrollPage/滑动浏览 串行启动 12 条策略
[2026-06-23 09:14:50] [hamibot] [INFO]:[INFO] [findTargetElementWithCache]: [sel#64] scrollPage/滑动浏览 串行全部✗ 串行962ms 总962ms
[2026-06-23 09:14:57] [hamibot] [INFO]:[INFO] [findTargetElementWithCache]: [sel#65] scrollPage/滑动浏览 串行启动 12 条策略
[2026-06-23 09:14:58] [hamibot] [INFO]:[INFO] [findTargetElementWithCache]: [sel#65] scrollPage/滑动浏览 串行全部✗ 串行952ms 总953ms
[2026-06-23 09:15:05] [hamibot] [INFO]:[INFO] [findTargetElementWithCache]: [sel#66] scrollPage/滑动浏览 串行启动 12 条策略
[2026-06-23 09:15:06] [hamibot] [INFO]:[INFO] [findTargetElementWithCache]: [sel#66] scrollPage/滑动浏览 串行全部✗ 串行920ms 总920ms
[2026-06-23 09:15:13] [hamibot] [INFO]:[INFO] [findTargetElementWithCache]: [sel#67] scrollPage/滑动浏览 串行启动 12 条策略
[2026-06-23 09:15:14] [hamibot] [INFO]:[INFO] [findTargetElementWithCache]: [sel#67] scrollPage/滑动浏览 串行全部✗ 串行956ms 总956ms
[2026-06-23 09:15:16] [hamibot] [INFO]:[INFO] [returnToXianyuApp]: returnToXianyu: start from com.taobao.taobao
[2026-06-23 09:15:16] [hamibot] [INFO]:[INFO] [returnToXianyuApp]: returnToXianyu: attempt 1/6 pkg=com.taobao.taobao
[2026-06-23 09:15:16] [hamibot] [INFO]:[INFO] [returnToXianyuApp]: returnToXianyu: back()
[2026-06-23 09:15:18] [hamibot] [INFO]:[INFO] [returnToXianyuApp]: returnToXianyu: after back pkg=com.taobao.taobao
[2026-06-23 09:15:18] [hamibot] [INFO]:[INFO] [returnToXianyuApp]: returnToXianyu: launch(com.taobao.idlefish)
[2026-06-23 09:15:22] [hamibot] [INFO]:[INFO] [returnToXianyuApp]: returnToXianyu: after launch pkg=com.taobao.idlefish
[2026-06-23 09:15:24] [hamibot] [INFO]:[INFO] [backMainPage]: backMainPage: on xianyu activity=com.taobao.idlefish.webview.WebHybridActivity, goto goldCoin
[2026-06-23 09:15:28] [hamibot] [INFO]:[INFO] [backMainPage]: backMainPage: goldCoin wait 缺少 newGameContainer（金币页独占 id，其他 H5/首页均无）
[2026-06-23 09:16:28] [hamibot] [INFO]:[INFO] [tryClickNode]: tryClickNode com.stardust.automator.UiObject@2a2c69; boundsInParent: Rect(142, -9 - 267, 116); boundsInScreen: Rect(372, 1244 - 700, 1572); packageName: com.taobao.idlefish; className: android.view.View; text: ; contentDescription: null; viewId: mapDiceBtn; checkable: false; checked: false; focusable: false; focused: false; selected: false; clickable: true; longClickable: false; enabled: true; password: false; scrollable: false; [ACTION_CLICK, ACTION_ACCESSIBILITY_FOCUS, ACTION_NEXT_HTML_ELEMENT, ACTION_PREVIOUS_HTML_ELEMENT]
[2026-06-23 09:16:28] [hamibot] [ LOG ]:[ LOG ] [tryClickNode]: tryClickNode: 开始尝试点击节点 com.stardust.automator.UiObject@2a2c69; boundsInParent: Rect(142, -9 - 267, 116); boundsInScreen: Rect(372, 1244 - 700, 1572); packageName: com.taobao.idlefish; className: android.view.View; text: ; contentDescription: null; viewId: mapDiceBtn; checkable: false; checked: false; focusable: false; focused: false; selected: false; clickable: true; longClickable: false; enabled: true; password: false; scrollable: false; [ACTION_CLICK, ACTION_ACCESSIBILITY_FOCUS, ACTION_NEXT_HTML_ELEMENT, ACTION_PREVIOUS_HTML_ELEMENT]
[2026-06-23 09:16:28] [hamibot] [ LOG ]:[ LOG ] [tryClickNode]: tryClickNode: 节点clickable值: function clickable() {/*
boolean clickable()
*/}

[2026-06-23 09:16:28] [hamibot] [ LOG ]:[ LOG ] [tryClickNode]: tryClickNode: 节点clickable toString: function clickable() {/*
boolean clickable()
*/}

[2026-06-23 09:16:28] [hamibot] [ LOG ]:[ LOG ] [tryClickNode]: tryClickNode: 解析后的clickable值: true
[2026-06-23 09:16:29] [hamibot] [ LOG ]:[ LOG ] [tryClickNode]: tryClickNode: 节点本身可点击，执行直接点击
[2026-06-23 09:16:29] [hamibot] [ LOG ]:[ LOG ] [tryClickNode]: tryClickNode: 直接点击结果: true
[2026-06-23 09:16:45] [hamibot] [INFO]:[INFO] [findTaskTitleStrict]: [taskPopup] strict「浏览推荐的国补商品」exact 0ms
[2026-06-23 09:16:45] [hamibot] [INFO]:[INFO] [findAllInTaskList]: [taskPopup] findAll「去完成」23个 3ms
[2026-06-23 09:16:49] [hamibot] [INFO]:[INFO] [findTargetElementWithCache]: [sel#68] scrollPage/滑动浏览 串行启动 12 条策略
[2026-06-23 09:16:50] [hamibot] [INFO]:[INFO] [findTargetElementWithCache]: [sel#68] scrollPage/滑动浏览 串行全部✗ 串行860ms 总860ms
[2026-06-23 09:16:52] [hamibot] [INFO]:[INFO] [findTargetElementWithCache]: [sel#69] scrollPage/滑动浏览 串行启动 12 条策略
[2026-06-23 09:16:53] [hamibot] [INFO]:[INFO] [findTargetElementWithCache]: [sel#69] scrollPage/滑动浏览 串行全部✗ 串行859ms 总859ms
[2026-06-23 09:16:54] [hamibot] [INFO]:[INFO] [findTargetElementWithCache]: [sel#70] scrollPage/滑动浏览 串行启动 12 条策略
[2026-06-23 09:16:55] [hamibot] [INFO]:[INFO] [findTargetElementWithCache]: [sel#70] scrollPage/滑动浏览 串行全部✗ 串行864ms 总864ms
[2026-06-23 09:16:57] [hamibot] [INFO]:[INFO] [findTargetElementWithCache]: [sel#71] scrollPage/滑动浏览 串行启动 12 条策略
[2026-06-23 09:16:58] [hamibot] [INFO]:[INFO] [findTargetElementWithCache]: [sel#71] scrollPage/滑动浏览 串行全部✗ 串行922ms 总922ms
[2026-06-23 09:17:05] [hamibot] [INFO]:[INFO] [findTargetElementWithCache]: [sel#72] scrollPage/滑动浏览 串行启动 12 条策略
[2026-06-23 09:17:06] [hamibot] [INFO]:[INFO] [findTargetElementWithCache]: [sel#72] scrollPage/滑动浏览 串行全部✗ 串行940ms 总940ms
[2026-06-23 09:17:13] [hamibot] [INFO]:[INFO] [findTargetElementWithCache]: [sel#73] scrollPage/滑动浏览 串行启动 12 条策略
[2026-06-23 09:17:14] [hamibot] [INFO]:[INFO] [findTargetElementWithCache]: [sel#73] scrollPage/滑动浏览 串行全部✗ 串行919ms 总919ms
[2026-06-23 09:17:21] [hamibot] [INFO]:[INFO] [findTargetElementWithCache]: [sel#74] scrollPage/滑动浏览 串行启动 12 条策略
[2026-06-23 09:17:22] [hamibot] [INFO]:[INFO] [findTargetElementWithCache]: [sel#74] scrollPage/滑动浏览 串行全部✗ 串行926ms 总926ms
[2026-06-23 09:17:30] [hamibot] [INFO]:[INFO] [findTargetElementWithCache]: [sel#75] scrollPage/滑动浏览 串行启动 12 条策略
[2026-06-23 09:17:31] [hamibot] [INFO]:[INFO] [findTargetElementWithCache]: [sel#75] scrollPage/滑动浏览 串行全部✗ 串行1027ms 总1028ms
[2026-06-23 09:17:38] [hamibot] [INFO]:[INFO] [findTargetElementWithCache]: [sel#76] scrollPage/滑动浏览 串行启动 12 条策略
[2026-06-23 09:17:39] [hamibot] [INFO]:[INFO] [findTargetElementWithCache]: [sel#76] scrollPage/滑动浏览 串行全部✗ 串行992ms 总992ms
[2026-06-23 09:17:40] [hamibot] [INFO]:[INFO] [returnToXianyuApp]: returnToXianyu: start from com.taobao.taobao
[2026-06-23 09:17:40] [hamibot] [INFO]:[INFO] [returnToXianyuApp]: returnToXianyu: attempt 1/6 pkg=com.taobao.taobao
[2026-06-23 09:17:40] [hamibot] [INFO]:[INFO] [returnToXianyuApp]: returnToXianyu: back()
[2026-06-23 09:17:42] [hamibot] [INFO]:[INFO] [returnToXianyuApp]: returnToXianyu: after back pkg=com.taobao.taobao
[2026-06-23 09:17:42] [hamibot] [INFO]:[INFO] [returnToXianyuApp]: returnToXianyu: launch(com.taobao.idlefish)
[2026-06-23 09:17:46] [hamibot] [INFO]:[INFO] [returnToXianyuApp]: returnToXianyu: after launch pkg=com.taobao.taobao
[2026-06-23 09:17:46] [hamibot] [INFO]:[INFO] [returnToXianyuApp]: returnToXianyu: launchApp(闲鱼)
[2026-06-23 09:17:53] [hamibot] [INFO]:[INFO] [returnToXianyuApp]: returnToXianyu: after launchApp pkg=com.taobao.idlefish
[2026-06-23 09:17:56] [hamibot] [INFO]:[INFO] [backMainPage]: backMainPage: on xianyu activity=com.taobao.idlefish.webview.WebHybridActivity, goto goldCoin
[2026-06-23 09:17:59] [hamibot] [INFO]:[INFO] [backMainPage]: backMainPage: goldCoin wait 缺少 newGameContainer（金币页独占 id，其他 H5/首页均无）
[2026-06-23 09:18:57] [hamibot] [INFO]:[INFO] [tryClickNode]: tryClickNode com.stardust.automator.UiObject@2d7495; boundsInParent: Rect(142, -9 - 267, 116); boundsInScreen: Rect(372, 1244 - 700, 1572); packageName: com.taobao.idlefish; className: android.view.View; text: ; contentDescription: null; viewId: mapDiceBtn; checkable: false; checked: false; focusable: false; focused: false; selected: false; clickable: true; longClickable: false; enabled: true; password: false; scrollable: false; [ACTION_CLICK, ACTION_ACCESSIBILITY_FOCUS, ACTION_NEXT_HTML_ELEMENT, ACTION_PREVIOUS_HTML_ELEMENT]
[2026-06-23 09:18:57] [hamibot] [ LOG ]:[ LOG ] [tryClickNode]: tryClickNode: 开始尝试点击节点 com.stardust.automator.UiObject@2d7495; boundsInParent: Rect(142, -9 - 267, 116); boundsInScreen: Rect(372, 1244 - 700, 1572); packageName: com.taobao.idlefish; className: android.view.View; text: ; contentDescription: null; viewId: mapDiceBtn; checkable: false; checked: false; focusable: false; focused: false; selected: false; clickable: true; longClickable: false; enabled: true; password: false; scrollable: false; [ACTION_CLICK, ACTION_ACCESSIBILITY_FOCUS, ACTION_NEXT_HTML_ELEMENT, ACTION_PREVIOUS_HTML_ELEMENT]
[2026-06-23 09:18:57] [hamibot] [ LOG ]:[ LOG ] [tryClickNode]: tryClickNode: 节点clickable值: function clickable() {/*
boolean clickable()
*/}

[2026-06-23 09:18:57] [hamibot] [ LOG ]:[ LOG ] [tryClickNode]: tryClickNode: 节点clickable toString: function clickable() {/*
boolean clickable()
*/}

[2026-06-23 09:18:57] [hamibot] [ LOG ]:[ LOG ] [tryClickNode]: tryClickNode: 解析后的clickable值: true
[2026-06-23 09:18:57] [hamibot] [ LOG ]:[ LOG ] [tryClickNode]: tryClickNode: 节点本身可点击，执行直接点击
[2026-06-23 09:18:57] [hamibot] [ LOG ]:[ LOG ] [tryClickNode]: tryClickNode: 直接点击结果: true
[2026-06-23 09:19:11] [hamibot] [INFO]:[INFO] [findTaskTitleStrict]: [taskPopup] strict「浏览推荐的国补商品」exact 1ms
[2026-06-23 09:19:11] [hamibot] [INFO]:[INFO] [findAllInTaskList]: [taskPopup] findAll「去完成」23个 3ms
[2026-06-23 09:19:15] [hamibot] [INFO]:[INFO] [findTargetElementWithCache]: [sel#77] scrollPage/滑动浏览 串行启动 12 条策略
[2026-06-23 09:19:16] [hamibot] [INFO]:[INFO] [findTargetElementWithCache]: [sel#77] scrollPage/滑动浏览 串行全部✗ 串行766ms 总766ms
[2026-06-23 09:19:18] [hamibot] [INFO]:[INFO] [findTargetElementWithCache]: [sel#78] scrollPage/滑动浏览 串行启动 12 条策略
[2026-06-23 09:19:19] [hamibot] [INFO]:[INFO] [findTargetElementWithCache]: [sel#78] scrollPage/滑动浏览 串行全部✗ 串行803ms 总803ms
[2026-06-23 09:19:20] [hamibot] [INFO]:[INFO] [findTargetElementWithCache]: [sel#79] scrollPage/滑动浏览 串行启动 12 条策略
[2026-06-23 09:19:21] [hamibot] [INFO]:[INFO] [findTargetElementWithCache]: [sel#79] scrollPage/滑动浏览 串行全部✗ 串行852ms 总852ms
[2026-06-23 09:19:23] [hamibot] [INFO]:[INFO] [findTargetElementWithCache]: [sel#80] scrollPage/滑动浏览 串行启动 12 条策略
[2026-06-23 09:19:23] [hamibot] [INFO]:[INFO] [findTargetElementWithCache]: [sel#80] scrollPage/滑动浏览 串行全部✗ 串行831ms 总831ms
[2026-06-23 09:19:31] [hamibot] [INFO]:[INFO] [findTargetElementWithCache]: [sel#81] scrollPage/滑动浏览 串行启动 12 条策略
[2026-06-23 09:19:32] [hamibot] [INFO]:[INFO] [findTargetElementWithCache]: [sel#81] scrollPage/滑动浏览 串行全部✗ 串行859ms 总859ms
[2026-06-23 09:19:39] [hamibot] [INFO]:[INFO] [findTargetElementWithCache]: [sel#82] scrollPage/滑动浏览 串行启动 12 条策略
[2026-06-23 09:19:40] [hamibot] [INFO]:[INFO] [findTargetElementWithCache]: [sel#82] scrollPage/滑动浏览 串行全部✗ 串行924ms 总924ms
[2026-06-23 09:19:47] [hamibot] [INFO]:[INFO] [findTargetElementWithCache]: [sel#83] scrollPage/滑动浏览 串行启动 12 条策略
[2026-06-23 09:19:48] [hamibot] [INFO]:[INFO] [findTargetElementWithCache]: [sel#83] scrollPage/滑动浏览 串行全部✗ 串行942ms 总942ms
[2026-06-23 09:19:55] [hamibot] [INFO]:[INFO] [findTargetElementWithCache]: [sel#84] scrollPage/滑动浏览 串行启动 12 条策略
[2026-06-23 09:19:56] [hamibot] [INFO]:[INFO] [findTargetElementWithCache]: [sel#84] scrollPage/滑动浏览 串行全部✗ 串行919ms 总919ms
[2026-06-23 09:20:03] [hamibot] [INFO]:[INFO] [findTargetElementWithCache]: [sel#85] scrollPage/滑动浏览 串行启动 12 条策略
[2026-06-23 09:20:04] [hamibot] [INFO]:[INFO] [findTargetElementWithCache]: [sel#85] scrollPage/滑动浏览 串行全部✗ 串行938ms 总938ms
[2026-06-23 09:20:06] [hamibot] [INFO]:[INFO] [returnToXianyuApp]: returnToXianyu: start from com.taobao.taobao
[2026-06-23 09:20:06] [hamibot] [INFO]:[INFO] [returnToXianyuApp]: returnToXianyu: attempt 1/6 pkg=com.taobao.taobao
[2026-06-23 09:20:06] [hamibot] [INFO]:[INFO] [returnToXianyuApp]: returnToXianyu: back()
[2026-06-23 09:20:08] [hamibot] [INFO]:[INFO] [returnToXianyuApp]: returnToXianyu: after back pkg=com.taobao.taobao
[2026-06-23 09:20:08] [hamibot] [INFO]:[INFO] [returnToXianyuApp]: returnToXianyu: launch(com.taobao.idlefish)
[2026-06-23 09:20:12] [hamibot] [INFO]:[INFO] [returnToXianyuApp]: returnToXianyu: after launch pkg=com.taobao.idlefish
[2026-06-23 09:20:14] [hamibot] [INFO]:[INFO] [backMainPage]: backMainPage: on xianyu activity=android.widget.FrameLayout, goto goldCoin
[2026-06-23 09:21:10] [hamibot] [INFO]:[INFO] [tryClickNode]: tryClickNode com.stardust.automator.UiObject@306a88; boundsInParent: Rect(142, -9 - 267, 116); boundsInScreen: Rect(372, 1244 - 700, 1572); packageName: com.taobao.idlefish; className: android.view.View; text: ; contentDescription: null; viewId: mapDiceBtn; checkable: false; checked: false; focusable: false; focused: false; selected: false; clickable: true; longClickable: false; enabled: true; password: false; scrollable: false; [ACTION_CLICK, ACTION_ACCESSIBILITY_FOCUS, ACTION_NEXT_HTML_ELEMENT, ACTION_PREVIOUS_HTML_ELEMENT]
[2026-06-23 09:21:10] [hamibot] [ LOG ]:[ LOG ] [tryClickNode]: tryClickNode: 开始尝试点击节点 com.stardust.automator.UiObject@306a88; boundsInParent: Rect(142, -9 - 267, 116); boundsInScreen: Rect(372, 1244 - 700, 1572); packageName: com.taobao.idlefish; className: android.view.View; text: ; contentDescription: null; viewId: mapDiceBtn; checkable: false; checked: false; focusable: false; focused: false; selected: false; clickable: true; longClickable: false; enabled: true; password: false; scrollable: false; [ACTION_CLICK, ACTION_ACCESSIBILITY_FOCUS, ACTION_NEXT_HTML_ELEMENT, ACTION_PREVIOUS_HTML_ELEMENT]
[2026-06-23 09:21:10] [hamibot] [ LOG ]:[ LOG ] [tryClickNode]: tryClickNode: 节点clickable值: function clickable() {/*
boolean clickable()
*/}

[2026-06-23 09:21:10] [hamibot] [ LOG ]:[ LOG ] [tryClickNode]: tryClickNode: 节点clickable toString: function clickable() {/*
boolean clickable()
*/}

[2026-06-23 09:21:10] [hamibot] [ LOG ]:[ LOG ] [tryClickNode]: tryClickNode: 解析后的clickable值: true
[2026-06-23 09:21:10] [hamibot] [ LOG ]:[ LOG ] [tryClickNode]: tryClickNode: 节点本身可点击，执行直接点击
[2026-06-23 09:21:10] [hamibot] [ LOG ]:[ LOG ] [tryClickNode]: tryClickNode: 直接点击结果: true
[2026-06-23 09:21:24] [hamibot] [INFO]:[INFO] [findTaskTitleStrict]: [taskPopup] strict「浏览推荐的国补商品」exact 1ms
[2026-06-23 09:21:24] [hamibot] [INFO]:[INFO] [findAllInTaskList]: [taskPopup] findAll「去完成」23个 2ms
[2026-06-23 09:21:29] [hamibot] [INFO]:[INFO] [findTargetElementWithCache]: [sel#86] scrollPage/滑动浏览 串行启动 12 条策略
[2026-06-23 09:21:30] [hamibot] [INFO]:[INFO] [findTargetElementWithCache]: [sel#86] scrollPage/滑动浏览 串行全部✗ 串行774ms 总774ms
[2026-06-23 09:21:31] [hamibot] [INFO]:[INFO] [findTargetElementWithCache]: [sel#87] scrollPage/滑动浏览 串行启动 12 条策略
[2026-06-23 09:21:32] [hamibot] [INFO]:[INFO] [findTargetElementWithCache]: [sel#87] scrollPage/滑动浏览 串行全部✗ 串行810ms 总811ms
[2026-06-23 09:21:34] [hamibot] [INFO]:[INFO] [findTargetElementWithCache]: [sel#88] scrollPage/滑动浏览 串行启动 12 条策略
[2026-06-23 09:21:34] [hamibot] [INFO]:[INFO] [findTargetElementWithCache]: [sel#88] scrollPage/滑动浏览 串行全部✗ 串行810ms 总811ms
[2026-06-23 09:21:36] [hamibot] [INFO]:[INFO] [findTargetElementWithCache]: [sel#89] scrollPage/滑动浏览 串行启动 12 条策略
[2026-06-23 09:21:37] [hamibot] [INFO]:[INFO] [findTargetElementWithCache]: [sel#89] scrollPage/滑动浏览 串行全部✗ 串行812ms 总812ms
[2026-06-23 09:21:44] [hamibot] [INFO]:[INFO] [findTargetElementWithCache]: [sel#90] scrollPage/滑动浏览 串行启动 12 条策略
[2026-06-23 09:21:45] [hamibot] [INFO]:[INFO] [findTargetElementWithCache]: [sel#90] scrollPage/滑动浏览 串行全部✗ 串行913ms 总913ms
[2026-06-23 09:21:52] [hamibot] [INFO]:[INFO] [findTargetElementWithCache]: [sel#91] scrollPage/滑动浏览 串行启动 12 条策略
[2026-06-23 09:21:53] [hamibot] [INFO]:[INFO] [findTargetElementWithCache]: [sel#91] scrollPage/滑动浏览 串行全部✗ 串行928ms 总928ms
[2026-06-23 09:22:00] [hamibot] [INFO]:[INFO] [findTargetElementWithCache]: [sel#92] scrollPage/滑动浏览 串行启动 12 条策略
[2026-06-23 09:22:01] [hamibot] [INFO]:[INFO] [findTargetElementWithCache]: [sel#92] scrollPage/滑动浏览 串行全部✗ 串行990ms 总990ms
[2026-06-23 09:22:09] [hamibot] [INFO]:[INFO] [findTargetElementWithCache]: [sel#93] scrollPage/滑动浏览 串行启动 12 条策略
[2026-06-23 09:22:10] [hamibot] [INFO]:[INFO] [findTargetElementWithCache]: [sel#93] scrollPage/滑动浏览 串行全部✗ 串行940ms 总940ms
[2026-06-23 09:22:17] [hamibot] [INFO]:[INFO] [findTargetElementWithCache]: [sel#94] scrollPage/滑动浏览 串行启动 12 条策略
[2026-06-23 09:22:17] [hamibot] [INFO]:[INFO] [findTargetElementWithCache]: [sel#94] scrollPage/滑动浏览 串行全部✗ 串行933ms 总933ms
[2026-06-23 09:22:19] [hamibot] [INFO]:[INFO] [returnToXianyuApp]: returnToXianyu: start from com.taobao.taobao
[2026-06-23 09:22:19] [hamibot] [INFO]:[INFO] [returnToXianyuApp]: returnToXianyu: attempt 1/6 pkg=com.taobao.taobao
[2026-06-23 09:22:19] [hamibot] [INFO]:[INFO] [returnToXianyuApp]: returnToXianyu: back()
[2026-06-23 09:22:21] [hamibot] [INFO]:[INFO] [returnToXianyuApp]: returnToXianyu: after back pkg=com.taobao.taobao
[2026-06-23 09:22:21] [hamibot] [INFO]:[INFO] [returnToXianyuApp]: returnToXianyu: launch(com.taobao.idlefish)
[2026-06-23 09:22:25] [hamibot] [INFO]:[INFO] [returnToXianyuApp]: returnToXianyu: after launch pkg=com.taobao.idlefish
[2026-06-23 09:22:27] [hamibot] [INFO]:[INFO] [backMainPage]: backMainPage: on xianyu activity=android.widget.FrameLayout, goto goldCoin
[2026-06-23 09:23:22] [hamibot] [INFO]:[INFO] [tryClickNode]: tryClickNode com.stardust.automator.UiObject@3341f7; boundsInParent: Rect(142, -9 - 267, 116); boundsInScreen: Rect(372, 1244 - 700, 1572); packageName: com.taobao.idlefish; className: android.view.View; text: ; contentDescription: null; viewId: mapDiceBtn; checkable: false; checked: false; focusable: false; focused: false; selected: false; clickable: true; longClickable: false; enabled: true; password: false; scrollable: false; [ACTION_CLICK, ACTION_ACCESSIBILITY_FOCUS, ACTION_NEXT_HTML_ELEMENT, ACTION_PREVIOUS_HTML_ELEMENT]
[2026-06-23 09:23:22] [hamibot] [ LOG ]:[ LOG ] [tryClickNode]: tryClickNode: 开始尝试点击节点 com.stardust.automator.UiObject@3341f7; boundsInParent: Rect(142, -9 - 267, 116); boundsInScreen: Rect(372, 1244 - 700, 1572); packageName: com.taobao.idlefish; className: android.view.View; text: ; contentDescription: null; viewId: mapDiceBtn; checkable: false; checked: false; focusable: false; focused: false; selected: false; clickable: true; longClickable: false; enabled: true; password: false; scrollable: false; [ACTION_CLICK, ACTION_ACCESSIBILITY_FOCUS, ACTION_NEXT_HTML_ELEMENT, ACTION_PREVIOUS_HTML_ELEMENT]
[2026-06-23 09:23:22] [hamibot] [ LOG ]:[ LOG ] [tryClickNode]: tryClickNode: 节点clickable值: function clickable() {/*
boolean clickable()
*/}

[2026-06-23 09:23:22] [hamibot] [ LOG ]:[ LOG ] [tryClickNode]: tryClickNode: 节点clickable toString: function clickable() {/*
boolean clickable()
*/}

[2026-06-23 09:23:22] [hamibot] [ LOG ]:[ LOG ] [tryClickNode]: tryClickNode: 解析后的clickable值: true
[2026-06-23 09:23:22] [hamibot] [ LOG ]:[ LOG ] [tryClickNode]: tryClickNode: 节点本身可点击，执行直接点击
[2026-06-23 09:23:22] [hamibot] [ LOG ]:[ LOG ] [tryClickNode]: tryClickNode: 直接点击结果: true
[2026-06-23 09:23:26] [hamibot] [INFO]:[INFO] [Outer]: Exit...
[2026-06-23 09:23:26] [hamibot] [INFO]:[INFO] [Anonymous functions]: Launching...

	Current script version: 1.0.4

[2026-06-23 09:23:26] [hamibot] [INFO]:[INFO] [Anonymous functions]: Configuration loaded {"APP_ENV":"development","USER_ID":"6723480da777ba4dbbb4bfe9","ROBOT_ID":"67242f26e2fed0e6e3d11b91","SCRIPT_ID":"6723493b364a634dae6c9099","TIMESTAMP":"2026-06-23 09:24:29"}
[2026-06-23 09:23:27] [hamibot] [INFO]:[INFO] [Anonymous functions]: Verifying configurations
[2026-06-23 09:23:27] [hamibot] [INFO]:[INFO] [Anonymous functions]: Start running script
[2026-06-23 09:23:27] [hamibot] [INFO]:[INFO] [getElementCache]: getElementCache 加载成功，共 18 条 (第1次)
[2026-06-23 09:23:27] [hamibot] [DEBUG]:[DEBUG] [init]: Accessibility permissions enabled
[2026-06-23 09:23:27] [hamibot] [DEBUG]:[DEBUG] [init]: Screen size: 2400 x 1080
[2026-06-23 09:23:27] [hamibot] [INFO]:[INFO] [saveElementCache]: saveElementCache 服务端共 18 条 (本次新增/更新 18 条)
[2026-06-23 09:23:27] [hamibot] [INFO]:[INFO] [flushElementCache]: 已触发异步刷新元素查找缓存
[2026-06-23 09:23:27] [hamibot] [INFO]:[INFO] [closeApp]: openHamibot true
[2026-06-23 09:23:31] [hamibot] [INFO]:[INFO] [tryClickNode]: tryClickNode com.stardust.automator.UiObject@2a022; boundsInParent: Rect(0, 0 - 240, 240); boundsInScreen: Rect(420, 2057 - 660, 2297); packageName: com.miui.home; className: android.view.View; text: null; contentDescription: 本机共有12.0 G内存，当前4.8 G可用，双击清理全部任务; viewId: com.miui.home:id/clearAnimView; checkable: false; checked: false; focusable: true; focused: false; selected: false; clickable: true; longClickable: true; enabled: true; password: false; scrollable: false; [ACTION_FOCUS, ACTION_SELECT, ACTION_CLEAR_SELECTION, ACTION_CLICK, ACTION_LONG_CLICK, ACTION_ACCESSIBILITY_FOCUS, ACTION_NEXT_AT_MOVEMENT_GRANULARITY, ACTION_PREVIOUS_AT_MOVEMENT_GRANULARITY, ACTION_SET_SELECTION]
[2026-06-23 09:23:31] [hamibot] [ LOG ]:[ LOG ] [tryClickNode]: tryClickNode: 开始尝试点击节点 com.stardust.automator.UiObject@2a022; boundsInParent: Rect(0, 0 - 240, 240); boundsInScreen: Rect(420, 2057 - 660, 2297); packageName: com.miui.home; className: android.view.View; text: null; contentDescription: 本机共有12.0 G内存，当前4.8 G可用，双击清理全部任务; viewId: com.miui.home:id/clearAnimView; checkable: false; checked: false; focusable: true; focused: false; selected: false; clickable: true; longClickable: true; enabled: true; password: false; scrollable: false; [ACTION_FOCUS, ACTION_SELECT, ACTION_CLEAR_SELECTION, ACTION_CLICK, ACTION_LONG_CLICK, ACTION_ACCESSIBILITY_FOCUS, ACTION_NEXT_AT_MOVEMENT_GRANULARITY, ACTION_PREVIOUS_AT_MOVEMENT_GRANULARITY, ACTION_SET_SELECTION]
[2026-06-23 09:23:31] [hamibot] [ LOG ]:[ LOG ] [tryClickNode]: tryClickNode: 节点clickable值: function clickable() {/*
boolean clickable()
*/}

[2026-06-23 09:23:31] [hamibot] [ LOG ]:[ LOG ] [tryClickNode]: tryClickNode: 节点clickable toString: function clickable() {/*
boolean clickable()
*/}

[2026-06-23 09:23:31] [hamibot] [ LOG ]:[ LOG ] [tryClickNode]: tryClickNode: 解析后的clickable值: true
[2026-06-23 09:23:31] [hamibot] [ LOG ]:[ LOG ] [tryClickNode]: tryClickNode: 节点本身可点击，执行直接点击
[2026-06-23 09:23:31] [hamibot] [ LOG ]:[ LOG ] [tryClickNode]: tryClickNode: 直接点击结果: true
[2026-06-23 09:23:32] [hamibot] [INFO]:[INFO] [closeApp]: 已通过最近任务页‘关闭全部’关闭应用
[2026-06-23 09:23:33] [hamibot] [INFO]:[INFO] [Outer]: 开始查找商品详情
[2026-06-23 09:23:34] [hamibot] [ LOG ]:[ LOG ] [Outer]: mediaProjection: 自动确认线程启动 35000ms
[2026-06-23 09:23:35] [hamibot] [INFO]:[INFO] [Outer]: 找到商品数量: 0
[2026-06-23 09:23:36] [hamibot] [INFO]:[INFO] [fetchPendingTasks]: fetchPendingTasks raw[30]: {"code":0,"data":[],"total":0}
[2026-06-23 09:23:37] [hamibot] [ LOG ]:[ LOG ] [Outer]: mediaProjection: 坐标确认 (769, 2190)
[2026-06-23 09:23:38] [hamibot] [ LOG ]:[ LOG ] [Outer]: mediaProjection: 已点击确认 (1/3)，等待授权生效
[2026-06-23 09:23:42] [hamibot] [ LOG ]:[ LOG ] [Outer]: mediaProjection: 坐标确认 (769, 2190)
[2026-06-23 09:23:42] [hamibot] [ LOG ]:[ LOG ] [Outer]: mediaProjection: 已点击确认 (2/3)，等待授权生效
[2026-06-23 09:23:51] [hamibot] [INFO]:[INFO] [fetchPendingTasks]: fetchPendingTasks raw[30]: {"code":0,"data":[],"total":0}
[2026-06-23 09:24:06] [hamibot] [INFO]:[INFO] [fetchPendingTasks]: fetchPendingTasks raw[30]: {"code":0,"data":[],"total":0}
[2026-06-23 09:24:11] [hamibot] [ LOG ]:[ LOG ] [Outer]: mediaProjection: 自动确认线程结束
[2026-06-23 09:24:21] [hamibot] [INFO]:[INFO] [fetchPendingTasks]: fetchPendingTasks raw[288]: {"code":0,"data":[{"id":"06a3e690-1ed5-498c-b5c3-f7060c1f97ff","type":"goldCoin","status":"pending",
[2026-06-23 09:25:03] [hamibot] [INFO]:[INFO] [tryClickNode]: tryClickNode com.stardust.automator.UiObject@1061c5; boundsInParent: Rect(142, -9 - 267, 116); boundsInScreen: Rect(372, 1244 - 700, 1572); packageName: com.taobao.idlefish; className: android.view.View; text: ; contentDescription: null; viewId: mapDiceBtn; checkable: false; checked: false; focusable: false; focused: false; selected: false; clickable: true; longClickable: false; enabled: true; password: false; scrollable: false; [ACTION_CLICK, ACTION_ACCESSIBILITY_FOCUS, ACTION_NEXT_HTML_ELEMENT, ACTION_PREVIOUS_HTML_ELEMENT]
[2026-06-23 09:25:03] [hamibot] [ LOG ]:[ LOG ] [tryClickNode]: tryClickNode: 开始尝试点击节点 com.stardust.automator.UiObject@1061c5; boundsInParent: Rect(142, -9 - 267, 116); boundsInScreen: Rect(372, 1244 - 700, 1572); packageName: com.taobao.idlefish; className: android.view.View; text: ; contentDescription: null; viewId: mapDiceBtn; checkable: false; checked: false; focusable: false; focused: false; selected: false; clickable: true; longClickable: false; enabled: true; password: false; scrollable: false; [ACTION_CLICK, ACTION_ACCESSIBILITY_FOCUS, ACTION_NEXT_HTML_ELEMENT, ACTION_PREVIOUS_HTML_ELEMENT]
[2026-06-23 09:25:03] [hamibot] [ LOG ]:[ LOG ] [tryClickNode]: tryClickNode: 节点clickable值: function clickable() {/*
boolean clickable()
*/}

[2026-06-23 09:25:03] [hamibot] [ LOG ]:[ LOG ] [tryClickNode]: tryClickNode: 节点clickable toString: function clickable() {/*
boolean clickable()
*/}

[2026-06-23 09:25:03] [hamibot] [ LOG ]:[ LOG ] [tryClickNode]: tryClickNode: 解析后的clickable值: true
[2026-06-23 09:25:03] [hamibot] [ LOG ]:[ LOG ] [tryClickNode]: tryClickNode: 节点本身可点击，执行直接点击
[2026-06-23 09:25:03] [hamibot] [ LOG ]:[ LOG ] [tryClickNode]: tryClickNode: 直接点击结果: true
[2026-06-23 09:25:17] [hamibot] [INFO]:[INFO] [findTaskTitleStrict]: [taskPopup] strict「浏览指定频道好物」miss 9ms
[2026-06-23 09:25:17] [hamibot] [INFO]:[INFO] [findTaskTitleStrict]: [taskPopup] strict「搜一搜喜欢的商品」miss 9ms
[2026-06-23 09:25:18] [hamibot] [INFO]:[INFO] [findTaskTitleStrict]: [taskPopup] strict「去浏览全新好物」miss 11ms
[2026-06-23 09:25:19] [hamibot] [INFO]:[INFO] [findTaskTitleStrict]: [taskPopup] strict「浏览推荐的国补商品」exact 1ms
[2026-06-23 09:25:19] [hamibot] [INFO]:[INFO] [findAllInTaskList]: [taskPopup] findAll「去完成」23个 3ms
[2026-06-23 09:25:24] [hamibot] [INFO]:[INFO] [findTargetElementWithCache]: [sel#1] scrollPage/滑动浏览 缓存[9,3,7] 全部✗ 剩余errorTime=-1 244ms
[2026-06-23 09:25:25] [hamibot] [INFO]:[INFO] [findTargetElementWithCache]: [sel#2] scrollPage/滑动浏览 缓存[9,3,7] errorTime耗尽，降级串行 201ms
[2026-06-23 09:25:26] [hamibot] [INFO]:[INFO] [findTargetElementWithCache]: [sel#2] scrollPage/滑动浏览 串行启动 12 条策略
[2026-06-23 09:25:26] [hamibot] [INFO]:[INFO] [findTargetElementWithCache]: [sel#2] scrollPage/滑动浏览 串行全部✗ 串行856ms 总1085ms
[2026-06-23 09:25:26] [hamibot] [INFO]:[INFO] [saveElementCache]: saveElementCache 服务端共 18 条 (本次新增/更新 17 条)
[2026-06-23 09:25:28] [hamibot] [INFO]:[INFO] [findTargetElementWithCache]: [sel#3] scrollPage/滑动浏览 串行启动 12 条策略
[2026-06-23 09:25:29] [hamibot] [INFO]:[INFO] [findTargetElementWithCache]: [sel#3] scrollPage/滑动浏览 串行全部✗ 串行862ms 总863ms
[2026-06-23 09:25:30] [hamibot] [INFO]:[INFO] [findTargetElementWithCache]: [sel#4] scrollPage/滑动浏览 串行启动 12 条策略
[2026-06-23 09:25:31] [hamibot] [INFO]:[INFO] [findTargetElementWithCache]: [sel#4] scrollPage/滑动浏览 串行全部✗ 串行814ms 总814ms
[2026-06-23 09:25:39] [hamibot] [INFO]:[INFO] [findTargetElementWithCache]: [sel#5] scrollPage/滑动浏览 串行启动 12 条策略
[2026-06-23 09:25:40] [hamibot] [INFO]:[INFO] [findTargetElementWithCache]: [sel#5] scrollPage/滑动浏览 串行全部✗ 串行905ms 总906ms
[2026-06-23 09:25:47] [hamibot] [INFO]:[INFO] [findTargetElementWithCache]: [sel#6] scrollPage/滑动浏览 串行启动 12 条策略
[2026-06-23 09:25:48] [hamibot] [INFO]:[INFO] [findTargetElementWithCache]: [sel#6] scrollPage/滑动浏览 串行全部✗ 串行882ms 总882ms
[2026-06-23 09:25:55] [hamibot] [INFO]:[INFO] [findTargetElementWithCache]: [sel#7] scrollPage/滑动浏览 串行启动 12 条策略
[2026-06-23 09:25:56] [hamibot] [INFO]:[INFO] [findTargetElementWithCache]: [sel#7] scrollPage/滑动浏览 串行全部✗ 串行906ms 总907ms
[2026-06-23 09:26:03] [hamibot] [INFO]:[INFO] [findTargetElementWithCache]: [sel#8] scrollPage/滑动浏览 串行启动 12 条策略
[2026-06-23 09:26:04] [hamibot] [INFO]:[INFO] [findTargetElementWithCache]: [sel#8] scrollPage/滑动浏览 串行全部✗ 串行954ms 总955ms
[2026-06-23 09:26:11] [hamibot] [INFO]:[INFO] [findTargetElementWithCache]: [sel#9] scrollPage/滑动浏览 串行启动 12 条策略
[2026-06-23 09:26:12] [hamibot] [INFO]:[INFO] [findTargetElementWithCache]: [sel#9] scrollPage/滑动浏览 串行全部✗ 串行924ms 总924ms
[2026-06-23 09:26:14] [hamibot] [INFO]:[INFO] [returnToXianyuApp]: returnToXianyu: start from com.taobao.taobao
[2026-06-23 09:26:14] [hamibot] [INFO]:[INFO] [returnToXianyuApp]: returnToXianyu: attempt 1/6 pkg=com.taobao.taobao
[2026-06-23 09:26:14] [hamibot] [INFO]:[INFO] [returnToXianyuApp]: returnToXianyu: back()
[2026-06-23 09:26:16] [hamibot] [INFO]:[INFO] [returnToXianyuApp]: returnToXianyu: after back pkg=com.taobao.taobao
[2026-06-23 09:26:16] [hamibot] [INFO]:[INFO] [returnToXianyuApp]: returnToXianyu: launch(com.taobao.idlefish)
[2026-06-23 09:26:20] [hamibot] [INFO]:[INFO] [returnToXianyuApp]: returnToXianyu: after launch pkg=com.taobao.idlefish
[2026-06-23 09:26:22] [hamibot] [INFO]:[INFO] [backMainPage]: backMainPage: on xianyu activity=android.widget.FrameLayout, goto goldCoin
[2026-06-23 09:27:18] [hamibot] [INFO]:[INFO] [tryClickNode]: tryClickNode com.stardust.automator.UiObject@137a9b; boundsInParent: Rect(142, -9 - 267, 116); boundsInScreen: Rect(372, 1244 - 700, 1572); packageName: com.taobao.idlefish; className: android.view.View; text: ; contentDescription: null; viewId: mapDiceBtn; checkable: false; checked: false; focusable: false; focused: false; selected: false; clickable: true; longClickable: false; enabled: true; password: false; scrollable: false; [ACTION_CLICK, ACTION_ACCESSIBILITY_FOCUS, ACTION_NEXT_HTML_ELEMENT, ACTION_PREVIOUS_HTML_ELEMENT]
[2026-06-23 09:27:18] [hamibot] [ LOG ]:[ LOG ] [tryClickNode]: tryClickNode: 开始尝试点击节点 com.stardust.automator.UiObject@137a9b; boundsInParent: Rect(142, -9 - 267, 116); boundsInScreen: Rect(372, 1244 - 700, 1572); packageName: com.taobao.idlefish; className: android.view.View; text: ; contentDescription: null; viewId: mapDiceBtn; checkable: false; checked: false; focusable: false; focused: false; selected: false; clickable: true; longClickable: false; enabled: true; password: false; scrollable: false; [ACTION_CLICK, ACTION_ACCESSIBILITY_FOCUS, ACTION_NEXT_HTML_ELEMENT, ACTION_PREVIOUS_HTML_ELEMENT]
[2026-06-23 09:27:18] [hamibot] [ LOG ]:[ LOG ] [tryClickNode]: tryClickNode: 节点clickable值: function clickable() {/*
boolean clickable()
*/}

[2026-06-23 09:27:18] [hamibot] [ LOG ]:[ LOG ] [tryClickNode]: tryClickNode: 节点clickable toString: function clickable() {/*
boolean clickable()
*/}

[2026-06-23 09:27:18] [hamibot] [ LOG ]:[ LOG ] [tryClickNode]: tryClickNode: 解析后的clickable值: true
[2026-06-23 09:27:18] [hamibot] [ LOG ]:[ LOG ] [tryClickNode]: tryClickNode: 节点本身可点击，执行直接点击
[2026-06-23 09:27:18] [hamibot] [ LOG ]:[ LOG ] [tryClickNode]: tryClickNode: 直接点击结果: true
[2026-06-23 09:27:33] [hamibot] [INFO]:[INFO] [findTaskTitleStrict]: [taskPopup] strict「浏览推荐的国补商品」exact 1ms
[2026-06-23 09:27:33] [hamibot] [INFO]:[INFO] [findAllInTaskList]: [taskPopup] findAll「去完成」23个 2ms
[2026-06-23 09:27:37] [hamibot] [INFO]:[INFO] [findTargetElementWithCache]: [sel#10] scrollPage/滑动浏览 串行启动 12 条策略
[2026-06-23 09:27:38] [hamibot] [INFO]:[INFO] [findTargetElementWithCache]: [sel#10] scrollPage/滑动浏览 串行全部✗ 串行864ms 总865ms
[2026-06-23 09:27:40] [hamibot] [INFO]:[INFO] [findTargetElementWithCache]: [sel#11] scrollPage/滑动浏览 串行启动 12 条策略
[2026-06-23 09:27:41] [hamibot] [INFO]:[INFO] [findTargetElementWithCache]: [sel#11] scrollPage/滑动浏览 串行全部✗ 串行775ms 总776ms
[2026-06-23 09:27:42] [hamibot] [INFO]:[INFO] [findTargetElementWithCache]: [sel#12] scrollPage/滑动浏览 串行启动 12 条策略
[2026-06-23 09:27:43] [hamibot] [INFO]:[INFO] [findTargetElementWithCache]: [sel#12] scrollPage/滑动浏览 串行全部✗ 串行897ms 总897ms
[2026-06-23 09:27:45] [hamibot] [INFO]:[INFO] [findTargetElementWithCache]: [sel#13] scrollPage/滑动浏览 串行启动 12 条策略
[2026-06-23 09:27:45] [hamibot] [INFO]:[INFO] [findTargetElementWithCache]: [sel#13] scrollPage/滑动浏览 串行全部✗ 串行870ms 总871ms
[2026-06-23 09:27:53] [hamibot] [INFO]:[INFO] [findTargetElementWithCache]: [sel#14] scrollPage/滑动浏览 串行启动 12 条策略
[2026-06-23 09:27:54] [hamibot] [INFO]:[INFO] [findTargetElementWithCache]: [sel#14] scrollPage/滑动浏览 串行全部✗ 串行897ms 总898ms
[2026-06-23 09:28:01] [hamibot] [INFO]:[INFO] [findTargetElementWithCache]: [sel#15] scrollPage/滑动浏览 串行启动 12 条策略
[2026-06-23 09:28:02] [hamibot] [INFO]:[INFO] [findTargetElementWithCache]: [sel#15] scrollPage/滑动浏览 串行全部✗ 串行857ms 总857ms
[2026-06-23 09:28:09] [hamibot] [INFO]:[INFO] [findTargetElementWithCache]: [sel#16] scrollPage/滑动浏览 串行启动 12 条策略
[2026-06-23 09:28:10] [hamibot] [INFO]:[INFO] [findTargetElementWithCache]: [sel#16] scrollPage/滑动浏览 串行全部✗ 串行867ms 总867ms
[2026-06-23 09:28:17] [hamibot] [INFO]:[INFO] [findTargetElementWithCache]: [sel#17] scrollPage/滑动浏览 串行启动 12 条策略
[2026-06-23 09:28:18] [hamibot] [INFO]:[INFO] [findTargetElementWithCache]: [sel#17] scrollPage/滑动浏览 串行全部✗ 串行916ms 总916ms
[2026-06-23 09:28:25] [hamibot] [INFO]:[INFO] [findTargetElementWithCache]: [sel#18] scrollPage/滑动浏览 串行启动 12 条策略
[2026-06-23 09:28:26] [hamibot] [INFO]:[INFO] [findTargetElementWithCache]: [sel#18] scrollPage/滑动浏览 串行全部✗ 串行938ms 总939ms
[2026-06-23 09:28:27] [hamibot] [INFO]:[INFO] [returnToXianyuApp]: returnToXianyu: start from com.taobao.taobao
[2026-06-23 09:28:27] [hamibot] [INFO]:[INFO] [returnToXianyuApp]: returnToXianyu: attempt 1/6 pkg=com.taobao.taobao
[2026-06-23 09:28:27] [hamibot] [INFO]:[INFO] [returnToXianyuApp]: returnToXianyu: back()
[2026-06-23 09:28:29] [hamibot] [INFO]:[INFO] [returnToXianyuApp]: returnToXianyu: after back pkg=com.taobao.taobao
[2026-06-23 09:28:29] [hamibot] [INFO]:[INFO] [returnToXianyuApp]: returnToXianyu: launch(com.taobao.idlefish)
[2026-06-23 09:28:33] [hamibot] [INFO]:[INFO] [returnToXianyuApp]: returnToXianyu: after launch pkg=com.taobao.taobao
[2026-06-23 09:28:33] [hamibot] [INFO]:[INFO] [returnToXianyuApp]: returnToXianyu: launchApp(闲鱼)
[2026-06-23 09:28:40] [hamibot] [INFO]:[INFO] [returnToXianyuApp]: returnToXianyu: after launchApp pkg=com.taobao.idlefish
[2026-06-23 09:28:43] [hamibot] [INFO]:[INFO] [backMainPage]: backMainPage: on xianyu activity=com.taobao.idlefish.webview.WebHybridActivity, goto goldCoin
[2026-06-23 09:28:46] [hamibot] [INFO]:[INFO] [backMainPage]: backMainPage: goldCoin wait 缺少 newGameContainer（金币页独占 id，其他 H5/首页均无）
[2026-06-23 09:29:46] [hamibot] [INFO]:[INFO] [tryClickNode]: tryClickNode com.stardust.automator.UiObject@167f92; boundsInParent: Rect(142, -9 - 267, 116); boundsInScreen: Rect(372, 1244 - 700, 1572); packageName: com.taobao.idlefish; className: android.view.View; text: ; contentDescription: null; viewId: mapDiceBtn; checkable: false; checked: false; focusable: false; focused: false; selected: false; clickable: true; longClickable: false; enabled: true; password: false; scrollable: false; [ACTION_CLICK, ACTION_ACCESSIBILITY_FOCUS, ACTION_NEXT_HTML_ELEMENT, ACTION_PREVIOUS_HTML_ELEMENT]
[2026-06-23 09:29:46] [hamibot] [ LOG ]:[ LOG ] [tryClickNode]: tryClickNode: 开始尝试点击节点 com.stardust.automator.UiObject@167f92; boundsInParent: Rect(142, -9 - 267, 116); boundsInScreen: Rect(372, 1244 - 700, 1572); packageName: com.taobao.idlefish; className: android.view.View; text: ; contentDescription: null; viewId: mapDiceBtn; checkable: false; checked: false; focusable: false; focused: false; selected: false; clickable: true; longClickable: false; enabled: true; password: false; scrollable: false; [ACTION_CLICK, ACTION_ACCESSIBILITY_FOCUS, ACTION_NEXT_HTML_ELEMENT, ACTION_PREVIOUS_HTML_ELEMENT]
[2026-06-23 09:29:46] [hamibot] [ LOG ]:[ LOG ] [tryClickNode]: tryClickNode: 节点clickable值: function clickable() {/*
boolean clickable()
*/}

[2026-06-23 09:29:46] [hamibot] [ LOG ]:[ LOG ] [tryClickNode]: tryClickNode: 节点clickable toString: function clickable() {/*
boolean clickable()
*/}

[2026-06-23 09:29:46] [hamibot] [ LOG ]:[ LOG ] [tryClickNode]: tryClickNode: 解析后的clickable值: true
[2026-06-23 09:29:46] [hamibot] [ LOG ]:[ LOG ] [tryClickNode]: tryClickNode: 节点本身可点击，执行直接点击
[2026-06-23 09:29:46] [hamibot] [ LOG ]:[ LOG ] [tryClickNode]: tryClickNode: 直接点击结果: true
[2026-06-23 09:30:01] [hamibot] [INFO]:[INFO] [findTaskTitleStrict]: [taskPopup] strict「浏览推荐的国补商品」exact 1ms
[2026-06-23 09:30:01] [hamibot] [INFO]:[INFO] [findAllInTaskList]: [taskPopup] findAll「去完成」23个 4ms
[2026-06-23 09:30:25] [hamibot] [INFO]:[INFO] [findTargetElementWithCache]: [sel#19] scrollPage/滑动浏览 串行启动 12 条策略
[2026-06-23 09:30:26] [hamibot] [INFO]:[INFO] [findTargetElementWithCache]: [sel#19] scrollPage/滑动浏览 串行全部✗ 串行904ms 总904ms
[2026-06-23 09:30:33] [hamibot] [INFO]:[INFO] [findTargetElementWithCache]: [sel#20] scrollPage/滑动浏览 串行启动 12 条策略
[2026-06-23 09:30:34] [hamibot] [INFO]:[INFO] [findTargetElementWithCache]: [sel#20] scrollPage/滑动浏览 串行全部✗ 串行998ms 总998ms
[2026-06-23 09:30:42] [hamibot] [INFO]:[INFO] [findTargetElementWithCache]: [sel#21] scrollPage/滑动浏览 串行启动 12 条策略
[2026-06-23 09:30:43] [hamibot] [INFO]:[INFO] [findTargetElementWithCache]: [sel#21] scrollPage/滑动浏览 串行全部✗ 串行958ms 总959ms
[2026-06-23 09:30:44] [hamibot] [INFO]:[INFO] [returnToXianyuApp]: returnToXianyu: start from com.taobao.taobao
[2026-06-23 09:30:44] [hamibot] [INFO]:[INFO] [returnToXianyuApp]: returnToXianyu: attempt 1/6 pkg=com.taobao.taobao
[2026-06-23 09:30:44] [hamibot] [INFO]:[INFO] [returnToXianyuApp]: returnToXianyu: back()
[2026-06-23 09:30:46] [hamibot] [INFO]:[INFO] [returnToXianyuApp]: returnToXianyu: after back pkg=com.taobao.taobao
[2026-06-23 09:30:46] [hamibot] [INFO]:[INFO] [returnToXianyuApp]: returnToXianyu: launch(com.taobao.idlefish)
[2026-06-23 09:30:50] [hamibot] [INFO]:[INFO] [returnToXianyuApp]: returnToXianyu: after launch pkg=com.taobao.idlefish
[2026-06-23 09:30:53] [hamibot] [INFO]:[INFO] [backMainPage]: backMainPage: on xianyu activity=com.taobao.idlefish.webview.WebHybridActivity, goto goldCoin
[2026-06-23 09:30:57] [hamibot] [INFO]:[INFO] [backMainPage]: backMainPage: goldCoin wait 缺少 newGameContainer（金币页独占 id，其他 H5/首页均无）
[2026-06-23 09:31:57] [hamibot] [INFO]:[INFO] [tryClickNode]: tryClickNode com.stardust.automator.UiObject@194a69; boundsInParent: Rect(142, -9 - 267, 116); boundsInScreen: Rect(372, 1244 - 700, 1572); packageName: com.taobao.idlefish; className: android.view.View; text: ; contentDescription: null; viewId: mapDiceBtn; checkable: false; checked: false; focusable: false; focused: false; selected: false; clickable: true; longClickable: false; enabled: true; password: false; scrollable: false; [ACTION_CLICK, ACTION_ACCESSIBILITY_FOCUS, ACTION_NEXT_HTML_ELEMENT, ACTION_PREVIOUS_HTML_ELEMENT]
[2026-06-23 09:31:57] [hamibot] [ LOG ]:[ LOG ] [tryClickNode]: tryClickNode: 开始尝试点击节点 com.stardust.automator.UiObject@194a69; boundsInParent: Rect(142, -9 - 267, 116); boundsInScreen: Rect(372, 1244 - 700, 1572); packageName: com.taobao.idlefish; className: android.view.View; text: ; contentDescription: null; viewId: mapDiceBtn; checkable: false; checked: false; focusable: false; focused: false; selected: false; clickable: true; longClickable: false; enabled: true; password: false; scrollable: false; [ACTION_CLICK, ACTION_ACCESSIBILITY_FOCUS, ACTION_NEXT_HTML_ELEMENT, ACTION_PREVIOUS_HTML_ELEMENT]
[2026-06-23 09:31:57] [hamibot] [ LOG ]:[ LOG ] [tryClickNode]: tryClickNode: 节点clickable值: function clickable() {/*
boolean clickable()
*/}

[2026-06-23 09:31:57] [hamibot] [ LOG ]:[ LOG ] [tryClickNode]: tryClickNode: 节点clickable toString: function clickable() {/*
boolean clickable()
*/}

[2026-06-23 09:31:58] [hamibot] [ LOG ]:[ LOG ] [tryClickNode]: tryClickNode: 解析后的clickable值: true
[2026-06-23 09:31:58] [hamibot] [ LOG ]:[ LOG ] [tryClickNode]: tryClickNode: 节点本身可点击，执行直接点击
[2026-06-23 09:31:58] [hamibot] [ LOG ]:[ LOG ] [tryClickNode]: tryClickNode: 直接点击结果: true
[2026-06-23 09:32:11] [hamibot] [INFO]:[INFO] [findTaskTitleStrict]: [taskPopup] strict「浏览推荐的国补商品」exact 1ms
[2026-06-23 09:32:11] [hamibot] [INFO]:[INFO] [findAllInTaskList]: [taskPopup] findAll「去完成」23个 3ms
[2026-06-23 09:32:36] [hamibot] [INFO]:[INFO] [findTargetElementWithCache]: [sel#22] scrollPage/滑动浏览 串行启动 12 条策略
[2026-06-23 09:32:37] [hamibot] [INFO]:[INFO] [findTargetElementWithCache]: [sel#22] scrollPage/滑动浏览 串行全部✗ 串行916ms 总917ms
[2026-06-23 09:32:44] [hamibot] [INFO]:[INFO] [findTargetElementWithCache]: [sel#23] scrollPage/滑动浏览 串行启动 12 条策略
[2026-06-23 09:32:45] [hamibot] [INFO]:[INFO] [findTargetElementWithCache]: [sel#23] scrollPage/滑动浏览 串行全部✗ 串行1059ms 总1060ms
[2026-06-23 09:32:52] [hamibot] [INFO]:[INFO] [findTargetElementWithCache]: [sel#24] scrollPage/滑动浏览 串行启动 12 条策略
[2026-06-23 09:32:53] [hamibot] [INFO]:[INFO] [findTargetElementWithCache]: [sel#24] scrollPage/滑动浏览 串行全部✗ 串行981ms 总981ms
[2026-06-23 09:32:55] [hamibot] [INFO]:[INFO] [returnToXianyuApp]: returnToXianyu: start from com.taobao.taobao
[2026-06-23 09:32:55] [hamibot] [INFO]:[INFO] [returnToXianyuApp]: returnToXianyu: attempt 1/6 pkg=com.taobao.taobao
[2026-06-23 09:32:55] [hamibot] [INFO]:[INFO] [returnToXianyuApp]: returnToXianyu: back()
[2026-06-23 09:32:57] [hamibot] [INFO]:[INFO] [returnToXianyuApp]: returnToXianyu: after back pkg=com.taobao.taobao
[2026-06-23 09:32:57] [hamibot] [INFO]:[INFO] [returnToXianyuApp]: returnToXianyu: launch(com.taobao.idlefish)
[2026-06-23 09:33:01] [hamibot] [INFO]:[INFO] [returnToXianyuApp]: returnToXianyu: after launch pkg=com.taobao.idlefish
[2026-06-23 09:33:04] [hamibot] [INFO]:[INFO] [backMainPage]: backMainPage: on xianyu activity=com.taobao.idlefish.webview.WebHybridActivity, goto goldCoin
[2026-06-23 09:33:07] [hamibot] [INFO]:[INFO] [backMainPage]: backMainPage: goldCoin wait 缺少 newGameContainer（金币页独占 id，其他 H5/首页均无）
[2026-06-23 09:34:06] [hamibot] [INFO]:[INFO] [tryClickNode]: tryClickNode com.stardust.automator.UiObject@1c9bc9; boundsInParent: Rect(142, -9 - 267, 116); boundsInScreen: Rect(372, 1244 - 700, 1572); packageName: com.taobao.idlefish; className: android.view.View; text: ; contentDescription: null; viewId: mapDiceBtn; checkable: false; checked: false; focusable: false; focused: false; selected: false; clickable: true; longClickable: false; enabled: true; password: false; scrollable: false; [ACTION_CLICK, ACTION_ACCESSIBILITY_FOCUS, ACTION_NEXT_HTML_ELEMENT, ACTION_PREVIOUS_HTML_ELEMENT]
[2026-06-23 09:34:06] [hamibot] [ LOG ]:[ LOG ] [tryClickNode]: tryClickNode: 开始尝试点击节点 com.stardust.automator.UiObject@1c9bc9; boundsInParent: Rect(142, -9 - 267, 116); boundsInScreen: Rect(372, 1244 - 700, 1572); packageName: com.taobao.idlefish; className: android.view.View; text: ; contentDescription: null; viewId: mapDiceBtn; checkable: false; checked: false; focusable: false; focused: false; selected: false; clickable: true; longClickable: false; enabled: true; password: false; scrollable: false; [ACTION_CLICK, ACTION_ACCESSIBILITY_FOCUS, ACTION_NEXT_HTML_ELEMENT, ACTION_PREVIOUS_HTML_ELEMENT]
[2026-06-23 09:34:07] [hamibot] [ LOG ]:[ LOG ] [tryClickNode]: tryClickNode: 节点clickable值: function clickable() {/*
boolean clickable()
*/}

[2026-06-23 09:34:07] [hamibot] [ LOG ]:[ LOG ] [tryClickNode]: tryClickNode: 节点clickable toString: function clickable() {/*
boolean clickable()
*/}

[2026-06-23 09:34:07] [hamibot] [ LOG ]:[ LOG ] [tryClickNode]: tryClickNode: 解析后的clickable值: true
[2026-06-23 09:34:07] [hamibot] [ LOG ]:[ LOG ] [tryClickNode]: tryClickNode: 节点本身可点击，执行直接点击
[2026-06-23 09:34:07] [hamibot] [ LOG ]:[ LOG ] [tryClickNode]: tryClickNode: 直接点击结果: true
[2026-06-23 09:34:21] [hamibot] [INFO]:[INFO] [findTaskTitleStrict]: [taskPopup] strict「浏览推荐的国补商品」exact 0ms
[2026-06-23 09:34:21] [hamibot] [INFO]:[INFO] [findAllInTaskList]: [taskPopup] findAll「去完成」23个 3ms
[2026-06-23 09:34:45] [hamibot] [INFO]:[INFO] [findTargetElementWithCache]: [sel#25] scrollPage/滑动浏览 串行启动 12 条策略
[2026-06-23 09:34:45] [hamibot] [INFO]:[INFO] [Outer]: Exit...
[2026-06-23 10:45:31] [hamibot] [INFO]:[INFO] [Anonymous functions]: Launching...

	Current script version: 1.0.4

[2026-06-23 10:45:31] [hamibot] [INFO]:[INFO] [Anonymous functions]: Configuration loaded {"APP_ENV":"development","USER_ID":"6723480da777ba4dbbb4bfe9","ROBOT_ID":"67242f26e2fed0e6e3d11b91","SCRIPT_ID":"6723493b364a634dae6c9099","TIMESTAMP":"2026-06-23 10:46:34"}
[2026-06-23 10:45:31] [hamibot] [INFO]:[INFO] [Anonymous functions]: Verifying configurations
[2026-06-23 10:45:31] [hamibot] [INFO]:[INFO] [Anonymous functions]: Start running script
[2026-06-23 10:45:31] [hamibot] [INFO]:[INFO] [getElementCache]: getElementCache 加载成功，共 18 条 (第1次)
[2026-06-23 10:45:31] [hamibot] [DEBUG]:[DEBUG] [init]: Accessibility permissions enabled
[2026-06-23 10:45:31] [hamibot] [DEBUG]:[DEBUG] [init]: Screen size: 2400 x 1080
[2026-06-23 10:45:31] [hamibot] [INFO]:[INFO] [saveElementCache]: saveElementCache 服务端共 18 条 (本次新增/更新 18 条)
[2026-06-23 10:45:31] [hamibot] [INFO]:[INFO] [flushElementCache]: 已触发异步刷新元素查找缓存
[2026-06-23 10:45:31] [hamibot] [INFO]:[INFO] [closeApp]: openHamibot true
[2026-06-23 10:45:35] [hamibot] [INFO]:[INFO] [tryClickNode]: tryClickNode com.stardust.automator.UiObject@2a022; boundsInParent: Rect(0, 0 - 240, 240); boundsInScreen: Rect(420, 2057 - 660, 2297); packageName: com.miui.home; className: android.view.View; text: null; contentDescription: 本机共有12.0 G内存，当前5.2 G可用，双击清理全部任务; viewId: com.miui.home:id/clearAnimView; checkable: false; checked: false; focusable: true; focused: false; selected: false; clickable: true; longClickable: true; enabled: true; password: false; scrollable: false; [ACTION_FOCUS, ACTION_SELECT, ACTION_CLEAR_SELECTION, ACTION_CLICK, ACTION_LONG_CLICK, ACTION_ACCESSIBILITY_FOCUS, ACTION_NEXT_AT_MOVEMENT_GRANULARITY, ACTION_PREVIOUS_AT_MOVEMENT_GRANULARITY, ACTION_SET_SELECTION]
[2026-06-23 10:45:35] [hamibot] [ LOG ]:[ LOG ] [tryClickNode]: tryClickNode: 开始尝试点击节点 com.stardust.automator.UiObject@2a022; boundsInParent: Rect(0, 0 - 240, 240); boundsInScreen: Rect(420, 2057 - 660, 2297); packageName: com.miui.home; className: android.view.View; text: null; contentDescription: 本机共有12.0 G内存，当前5.2 G可用，双击清理全部任务; viewId: com.miui.home:id/clearAnimView; checkable: false; checked: false; focusable: true; focused: false; selected: false; clickable: true; longClickable: true; enabled: true; password: false; scrollable: false; [ACTION_FOCUS, ACTION_SELECT, ACTION_CLEAR_SELECTION, ACTION_CLICK, ACTION_LONG_CLICK, ACTION_ACCESSIBILITY_FOCUS, ACTION_NEXT_AT_MOVEMENT_GRANULARITY, ACTION_PREVIOUS_AT_MOVEMENT_GRANULARITY, ACTION_SET_SELECTION]
[2026-06-23 10:45:35] [hamibot] [ LOG ]:[ LOG ] [tryClickNode]: tryClickNode: 节点clickable值: function clickable() {/*
boolean clickable()
*/}

[2026-06-23 10:45:35] [hamibot] [ LOG ]:[ LOG ] [tryClickNode]: tryClickNode: 节点clickable toString: function clickable() {/*
boolean clickable()
*/}

[2026-06-23 10:45:35] [hamibot] [ LOG ]:[ LOG ] [tryClickNode]: tryClickNode: 解析后的clickable值: true
[2026-06-23 10:45:35] [hamibot] [ LOG ]:[ LOG ] [tryClickNode]: tryClickNode: 节点本身可点击，执行直接点击
[2026-06-23 10:45:35] [hamibot] [ LOG ]:[ LOG ] [tryClickNode]: tryClickNode: 直接点击结果: true
[2026-06-23 10:45:36] [hamibot] [INFO]:[INFO] [closeApp]: 已通过最近任务页‘关闭全部’关闭应用
[2026-06-23 10:45:38] [hamibot] [INFO]:[INFO] [Outer]: 开始查找商品详情
[2026-06-23 10:45:39] [hamibot] [ LOG ]:[ LOG ] [Outer]: mediaProjection: 自动确认线程启动 35000ms
[2026-06-23 10:45:40] [hamibot] [INFO]:[INFO] [Outer]: 找到商品数量: 0
[2026-06-23 10:45:40] [hamibot] [INFO]:[INFO] [fetchPendingTasks]: fetchPendingTasks raw[30]: {"code":0,"data":[],"total":0}
[2026-06-23 10:45:42] [hamibot] [ LOG ]:[ LOG ] [Outer]: mediaProjection: 坐标确认 (769, 2190)
[2026-06-23 10:45:42] [hamibot] [ LOG ]:[ LOG ] [Outer]: mediaProjection: 已点击确认 (1/3)，等待授权生效
[2026-06-23 10:45:46] [hamibot] [ LOG ]:[ LOG ] [Outer]: mediaProjection: 坐标确认 (769, 2190)
[2026-06-23 10:45:47] [hamibot] [ LOG ]:[ LOG ] [Outer]: mediaProjection: 已点击确认 (2/3)，等待授权生效
[2026-06-23 10:45:56] [hamibot] [INFO]:[INFO] [fetchPendingTasks]: fetchPendingTasks raw[30]: {"code":0,"data":[],"total":0}
[2026-06-23 10:46:11] [hamibot] [INFO]:[INFO] [fetchPendingTasks]: fetchPendingTasks raw[288]: {"code":0,"data":[{"id":"11ff9248-d4ac-4277-b5f0-e3243b602ec2","type":"goldCoin","status":"pending",
[2026-06-23 10:46:15] [hamibot] [ LOG ]:[ LOG ] [Outer]: mediaProjection: 自动确认线程结束
[2026-06-23 10:46:32] [hamibot] [INFO]:[INFO] [tryClickNode]: tryClickNode com.stardust.automator.UiObject@10b4a7; boundsInParent: Rect(142, -9 - 267, 116); boundsInScreen: Rect(372, 1244 - 700, 1572); packageName: com.taobao.idlefish; className: android.view.View; text: ; contentDescription: null; viewId: mapDiceBtn; checkable: false; checked: false; focusable: false; focused: false; selected: false; clickable: true; longClickable: false; enabled: true; password: false; scrollable: false; [ACTION_CLICK, ACTION_ACCESSIBILITY_FOCUS, ACTION_NEXT_HTML_ELEMENT, ACTION_PREVIOUS_HTML_ELEMENT]
[2026-06-23 10:46:32] [hamibot] [ LOG ]:[ LOG ] [tryClickNode]: tryClickNode: 开始尝试点击节点 com.stardust.automator.UiObject@10b4a7; boundsInParent: Rect(142, -9 - 267, 116); boundsInScreen: Rect(372, 1244 - 700, 1572); packageName: com.taobao.idlefish; className: android.view.View; text: ; contentDescription: null; viewId: mapDiceBtn; checkable: false; checked: false; focusable: false; focused: false; selected: false; clickable: true; longClickable: false; enabled: true; password: false; scrollable: false; [ACTION_CLICK, ACTION_ACCESSIBILITY_FOCUS, ACTION_NEXT_HTML_ELEMENT, ACTION_PREVIOUS_HTML_ELEMENT]
[2026-06-23 10:46:32] [hamibot] [ LOG ]:[ LOG ] [tryClickNode]: tryClickNode: 节点clickable值: function clickable() {/*
boolean clickable()
*/}

[2026-06-23 10:46:32] [hamibot] [ LOG ]:[ LOG ] [tryClickNode]: tryClickNode: 节点clickable toString: function clickable() {/*
boolean clickable()
*/}

[2026-06-23 10:46:32] [hamibot] [ LOG ]:[ LOG ] [tryClickNode]: tryClickNode: 解析后的clickable值: true
[2026-06-23 10:46:32] [hamibot] [ LOG ]:[ LOG ] [tryClickNode]: tryClickNode: 节点本身可点击，执行直接点击
[2026-06-23 10:46:32] [hamibot] [ LOG ]:[ LOG ] [tryClickNode]: tryClickNode: 直接点击结果: true
[2026-06-23 10:47:01] [hamibot] [INFO]:[INFO] [findTaskTitleStrict]: [taskPopup] strict「浏览指定频道好物」miss 9ms
[2026-06-23 10:47:01] [hamibot] [WARN]:[WARN] [logPathFailure]: [路径失败] 浏览指定频道好物: 弹框已开，步骤[找到任务标题]失败：taskListWrap 内未找到文本[浏览指定频道好物]，任务可能已完成或不在本轮列表
[2026-06-23 10:47:12] [hamibot] [INFO]:[INFO] [findTaskTitleStrict]: [taskPopup] strict「搜一搜喜欢的商品」miss 6ms
[2026-06-23 10:47:12] [hamibot] [WARN]:[WARN] [logPathFailure]: [路径失败] 搜一搜喜欢的商品: 弹框已开，步骤[找到任务标题]失败：taskListWrap 内未找到文本[搜一搜喜欢的商品]，任务可能已完成或不在本轮列表
[2026-06-23 10:47:16] [hamibot] [INFO]:[INFO] [Outer]: [AI分析] context=路径失败: 浏览指定频道好物 / 找到任务标题 | 页面识别: unknown | 原因分析: 决策服务异常: [WinError 10038] 在一个非套接字上尝试了一个操作。 | 建议操作: abort
[2026-06-23 10:47:26] [hamibot] [INFO]:[INFO] [Outer]: [AI分析] context=路径失败: 搜一搜喜欢的商品 / 找到任务标题 | 页面识别: unknown | 原因分析: 决策服务异常: [WinError 10038] 在一个非套接字上尝试了一个操作。 | 建议操作: abort
[2026-06-23 10:47:36] [hamibot] [INFO]:[INFO] [findTaskTitleStrict]: [taskPopup] strict「去浏览全新好物」miss 7ms
[2026-06-23 10:47:36] [hamibot] [WARN]:[WARN] [logPathFailure]: [路径失败] 去浏览全新好物: 弹框已开，步骤[找到任务标题]失败：taskListWrap 内未找到文本[去浏览全新好物]，任务可能已完成或不在本轮列表
[2026-06-23 10:47:47] [hamibot] [INFO]:[INFO] [findTaskTitleStrict]: [taskPopup] strict「浏览推荐的国补商品」exact 1ms
[2026-06-23 10:47:47] [hamibot] [INFO]:[INFO] [findTaskTitleStrict]: [taskPopup] strict「浏览推荐的国补商品」exact 1ms
[2026-06-23 10:47:47] [hamibot] [INFO]:[INFO] [findTaskTitleStrict]: [taskPopup] strict「浏览推荐的国补商品」exact 1ms
[2026-06-23 10:47:50] [hamibot] [INFO]:[INFO] [Outer]: [AI分析] context=路径失败: 去浏览全新好物 / 找到任务标题 | 页面识别: unknown | 原因分析: 决策服务异常: [WinError 10038] 在一个非套接字上尝试了一个操作。 | 建议操作: abort
[2026-06-23 10:47:53] [hamibot] [INFO]:[INFO] [findAllInTaskList]: [taskPopup] findAll「去完成」21个 5ms
[2026-06-23 10:47:58] [hamibot] [INFO]:[INFO] [findTargetElementWithCache]: [sel#1] scrollPage/滑动浏览 缓存[9,3,7] 全部✗ 剩余errorTime=-1 240ms
[2026-06-23 10:48:00] [hamibot] [INFO]:[INFO] [findTargetElementWithCache]: [sel#2] scrollPage/滑动浏览 缓存[9,3,7] errorTime耗尽，降级串行 280ms
[2026-06-23 10:48:00] [hamibot] [INFO]:[INFO] [findTargetElementWithCache]: [sel#2] scrollPage/滑动浏览 串行启动 12 条策略
[2026-06-23 10:48:02] [hamibot] [INFO]:[INFO] [findTargetElementWithCache]: [sel#2] scrollPage/滑动浏览 串行全部✗ 串行2280ms 总2653ms
[2026-06-23 10:48:02] [hamibot] [INFO]:[INFO] [saveElementCache]: saveElementCache 服务端共 18 条 (本次新增/更新 17 条)
[2026-06-23 10:48:05] [hamibot] [INFO]:[INFO] [findTargetElementWithCache]: [sel#3] scrollPage/滑动浏览 串行启动 12 条策略
[2026-06-23 10:48:07] [hamibot] [INFO]:[INFO] [findTargetElementWithCache]: [sel#3] scrollPage/滑动浏览 串行全部✗ 串行2113ms 总2113ms
[2026-06-23 10:48:15] [hamibot] [INFO]:[INFO] [findTargetElementWithCache]: [sel#4] scrollPage/滑动浏览 串行启动 12 条策略
[2026-06-23 10:48:16] [hamibot] [INFO]:[INFO] [findTargetElementWithCache]: [sel#4] scrollPage/滑动浏览 串行全部✗ 串行1235ms 总1235ms
[2026-06-23 10:48:23] [hamibot] [INFO]:[INFO] [findTargetElementWithCache]: [sel#5] scrollPage/滑动浏览 串行启动 12 条策略
[2026-06-23 10:48:24] [hamibot] [INFO]:[INFO] [findTargetElementWithCache]: [sel#5] scrollPage/滑动浏览 串行全部✗ 串行894ms 总895ms
[2026-06-23 10:48:32] [hamibot] [INFO]:[INFO] [findTargetElementWithCache]: [sel#6] scrollPage/滑动浏览 串行启动 12 条策略
[2026-06-23 10:48:35] [hamibot] [INFO]:[INFO] [findTargetElementWithCache]: [sel#6] scrollPage/滑动浏览 串行全部✗ 串行3438ms 总3438ms
[2026-06-23 10:48:43] [hamibot] [INFO]:[INFO] [findTargetElementWithCache]: [sel#7] scrollPage/滑动浏览 串行启动 12 条策略
[2026-06-23 10:48:45] [hamibot] [INFO]:[INFO] [findTargetElementWithCache]: [sel#7] scrollPage/滑动浏览 串行全部✗ 串行2421ms 总2421ms
[2026-06-23 10:48:54] [hamibot] [INFO]:[INFO] [findTargetElementWithCache]: [sel#8] scrollPage/滑动浏览 串行启动 12 条策略
[2026-06-23 10:48:55] [hamibot] [INFO]:[INFO] [findTargetElementWithCache]: [sel#8] scrollPage/滑动浏览 串行全部✗ 串行1022ms 总1022ms
[2026-06-23 10:48:55] [hamibot] [INFO]:[INFO] [returnToXianyuApp]: returnToXianyu: start from com.taobao.taobao
[2026-06-23 10:48:55] [hamibot] [INFO]:[INFO] [returnToXianyuApp]: returnToXianyu: attempt 1/4 pkg=com.taobao.taobao
[2026-06-23 10:48:55] [hamibot] [INFO]:[INFO] [returnToXianyuApp]: returnToXianyu: back()
[2026-06-23 10:48:57] [hamibot] [INFO]:[INFO] [returnToXianyuApp]: returnToXianyu: after back pkg=com.taobao.taobao
[2026-06-23 10:48:57] [hamibot] [INFO]:[INFO] [returnToXianyuApp]: returnToXianyu: launch(com.taobao.idlefish)
[2026-06-23 10:49:01] [hamibot] [INFO]:[INFO] [returnToXianyuApp]: returnToXianyu: after launch pkg=com.taobao.idlefish
[2026-06-23 10:49:04] [hamibot] [INFO]:[INFO] [backMainPage]: backMainPage: on xianyu activity=com.taobao.idlefish.webview.WebHybridActivity, goto goldCoin
[2026-06-23 10:49:07] [hamibot] [INFO]:[INFO] [backMainPage]: backMainPage: goldCoin wait 缺少 newGameContainer（金币页独占 id，其他 H5/首页均无）
[2026-06-23 10:49:51] [hamibot] [INFO]:[INFO] [tryClickNode]: tryClickNode com.stardust.automator.UiObject@140096; boundsInParent: Rect(142, -9 - 267, 116); boundsInScreen: Rect(372, 1244 - 700, 1572); packageName: com.taobao.idlefish; className: android.view.View; text: ; contentDescription: null; viewId: mapDiceBtn; checkable: false; checked: false; focusable: false; focused: false; selected: false; clickable: true; longClickable: false; enabled: true; password: false; scrollable: false; [ACTION_CLICK, ACTION_ACCESSIBILITY_FOCUS, ACTION_NEXT_HTML_ELEMENT, ACTION_PREVIOUS_HTML_ELEMENT]
[2026-06-23 10:49:51] [hamibot] [ LOG ]:[ LOG ] [tryClickNode]: tryClickNode: 开始尝试点击节点 com.stardust.automator.UiObject@140096; boundsInParent: Rect(142, -9 - 267, 116); boundsInScreen: Rect(372, 1244 - 700, 1572); packageName: com.taobao.idlefish; className: android.view.View; text: ; contentDescription: null; viewId: mapDiceBtn; checkable: false; checked: false; focusable: false; focused: false; selected: false; clickable: true; longClickable: false; enabled: true; password: false; scrollable: false; [ACTION_CLICK, ACTION_ACCESSIBILITY_FOCUS, ACTION_NEXT_HTML_ELEMENT, ACTION_PREVIOUS_HTML_ELEMENT]
[2026-06-23 10:49:52] [hamibot] [ LOG ]:[ LOG ] [tryClickNode]: tryClickNode: 节点clickable值: function clickable() {/*
boolean clickable()
*/}

[2026-06-23 10:49:52] [hamibot] [ LOG ]:[ LOG ] [tryClickNode]: tryClickNode: 节点clickable toString: function clickable() {/*
boolean clickable()
*/}

[2026-06-23 10:49:52] [hamibot] [ LOG ]:[ LOG ] [tryClickNode]: tryClickNode: 解析后的clickable值: true
[2026-06-23 10:49:52] [hamibot] [ LOG ]:[ LOG ] [tryClickNode]: tryClickNode: 节点本身可点击，执行直接点击
[2026-06-23 10:49:52] [hamibot] [ LOG ]:[ LOG ] [tryClickNode]: tryClickNode: 直接点击结果: true
[2026-06-23 10:50:10] [hamibot] [INFO]:[INFO] [findTaskTitleStrict]: [taskPopup] strict「浏览指定频道好物」miss 9ms
[2026-06-23 10:50:10] [hamibot] [WARN]:[WARN] [logPathFailure]: [路径失败] 浏览指定频道好物: 弹框已开，步骤[找到任务标题]失败：taskListWrap 内未找到文本[浏览指定频道好物]，任务可能已完成或不在本轮列表
[2026-06-23 10:50:20] [hamibot] [INFO]:[INFO] [findTaskTitleStrict]: [taskPopup] strict「搜一搜喜欢的商品」miss 6ms
[2026-06-23 10:50:20] [hamibot] [WARN]:[WARN] [logPathFailure]: [路径失败] 搜一搜喜欢的商品: 弹框已开，步骤[找到任务标题]失败：taskListWrap 内未找到文本[搜一搜喜欢的商品]，任务可能已完成或不在本轮列表
[2026-06-23 10:50:22] [hamibot] [INFO]:[INFO] [Outer]: [AI分析] context=路径失败: 浏览指定频道好物 / 找到任务标题 | 页面识别: unknown | 原因分析: 决策服务异常: [WinError 10038] 在一个非套接字上尝试了一个操作。 | 建议操作: abort
[2026-06-23 10:50:33] [hamibot] [INFO]:[INFO] [Outer]: [AI分析] context=路径失败: 搜一搜喜欢的商品 / 找到任务标题 | 页面识别: unknown | 原因分析: 决策服务异常: [WinError 10038] 在一个非套接字上尝试了一个操作。 | 建议操作: abort
[2026-06-23 10:50:42] [hamibot] [INFO]:[INFO] [findTaskTitleStrict]: [taskPopup] strict「去浏览全新好物」miss 9ms
[2026-06-23 10:50:42] [hamibot] [WARN]:[WARN] [logPathFailure]: [路径失败] 去浏览全新好物: 弹框已开，步骤[找到任务标题]失败：taskListWrap 内未找到文本[去浏览全新好物]，任务可能已完成或不在本轮列表
[2026-06-23 10:50:53] [hamibot] [INFO]:[INFO] [findTaskTitleStrict]: [taskPopup] strict「浏览推荐的国补商品」exact 1ms
[2026-06-23 10:50:53] [hamibot] [INFO]:[INFO] [findTaskTitleStrict]: [taskPopup] strict「浏览推荐的国补商品」exact 0ms
[2026-06-23 10:50:53] [hamibot] [INFO]:[INFO] [findTaskTitleStrict]: [taskPopup] strict「浏览推荐的国补商品」exact 1ms
[2026-06-23 10:50:53] [hamibot] [INFO]:[INFO] [findAllInTaskList]: [taskPopup] findAll「去完成」20个 4ms
[2026-06-23 10:50:55] [hamibot] [INFO]:[INFO] [Outer]: [AI分析] context=路径失败: 去浏览全新好物 / 找到任务标题 | 页面识别: unknown | 原因分析: 决策服务异常: [WinError 10038] 在一个非套接字上尝试了一个操作。 | 建议操作: abort
[2026-06-23 10:50:58] [hamibot] [INFO]:[INFO] [findTargetElementWithCache]: [sel#9] scrollPage/滑动浏览 串行启动 12 条策略
[2026-06-23 10:50:58] [hamibot] [INFO]:[INFO] [findTargetElementWithCache]: [sel#9] scrollPage/滑动浏览 串行全部✗ 串行801ms 总802ms
[2026-06-23 10:51:00] [hamibot] [INFO]:[INFO] [findTargetElementWithCache]: [sel#10] scrollPage/滑动浏览 串行启动 12 条策略
[2026-06-23 10:51:02] [hamibot] [INFO]:[INFO] [findTargetElementWithCache]: [sel#10] scrollPage/滑动浏览 串行全部✗ 串行1451ms 总1451ms
[2026-06-23 10:51:03] [hamibot] [INFO]:[INFO] [findTargetElementWithCache]: [sel#11] scrollPage/滑动浏览 串行启动 12 条策略
[2026-06-23 10:51:06] [hamibot] [INFO]:[INFO] [findTargetElementWithCache]: [sel#11] scrollPage/滑动浏览 串行全部✗ 串行3056ms 总3056ms
[2026-06-23 10:51:14] [hamibot] [INFO]:[INFO] [findTargetElementWithCache]: [sel#12] scrollPage/滑动浏览 串行启动 12 条策略
[2026-06-23 10:51:15] [hamibot] [INFO]:[INFO] [findTargetElementWithCache]: [sel#12] scrollPage/滑动浏览 串行全部✗ 串行804ms 总804ms
[2026-06-23 10:51:22] [hamibot] [INFO]:[INFO] [findTargetElementWithCache]: [sel#13] scrollPage/滑动浏览 串行启动 12 条策略
[2026-06-23 10:51:23] [hamibot] [INFO]:[INFO] [findTargetElementWithCache]: [sel#13] scrollPage/滑动浏览 串行全部✗ 串行825ms 总825ms
[2026-06-23 10:51:30] [hamibot] [INFO]:[INFO] [findTargetElementWithCache]: [sel#14] scrollPage/滑动浏览 串行启动 12 条策略
[2026-06-23 10:51:31] [hamibot] [INFO]:[INFO] [findTargetElementWithCache]: [sel#14] scrollPage/滑动浏览 串行全部✗ 串行812ms 总812ms
[2026-06-23 10:51:38] [hamibot] [INFO]:[INFO] [findTargetElementWithCache]: [sel#15] scrollPage/滑动浏览 串行启动 12 条策略
[2026-06-23 10:51:39] [hamibot] [INFO]:[INFO] [findTargetElementWithCache]: [sel#15] scrollPage/滑动浏览 串行全部✗ 串行806ms 总806ms
[2026-06-23 10:51:46] [hamibot] [INFO]:[INFO] [findTargetElementWithCache]: [sel#16] scrollPage/滑动浏览 串行启动 12 条策略
[2026-06-23 10:51:47] [hamibot] [INFO]:[INFO] [findTargetElementWithCache]: [sel#16] scrollPage/滑动浏览 串行全部✗ 串行864ms 总864ms
[2026-06-23 10:51:47] [hamibot] [INFO]:[INFO] [returnToXianyuApp]: returnToXianyu: start from com.eg.android.AlipayGphone
[2026-06-23 10:51:47] [hamibot] [INFO]:[INFO] [returnToXianyuApp]: returnToXianyu: attempt 1/4 pkg=com.eg.android.AlipayGphone
[2026-06-23 10:51:47] [hamibot] [INFO]:[INFO] [returnToXianyuApp]: returnToXianyu: back()
[2026-06-23 10:51:49] [hamibot] [INFO]:[INFO] [returnToXianyuApp]: returnToXianyu: after back pkg=com.taobao.idlefish
[2026-06-23 10:51:52] [hamibot] [INFO]:[INFO] [backMainPage]: backMainPage: on xianyu activity=com.taobao.idlefish.webview.WebHybridActivity, goto goldCoin
[2026-06-23 10:51:56] [hamibot] [INFO]:[INFO] [backMainPage]: backMainPage: goldCoin wait 缺少 newGameContainer（金币页独占 id，其他 H5/首页均无）
[2026-06-23 10:52:26] [hamibot] [INFO]:[INFO] [tryClickNode]: tryClickNode com.stardust.automator.UiObject@160496; boundsInParent: Rect(142, -9 - 267, 116); boundsInScreen: Rect(372, 1244 - 700, 1572); packageName: com.taobao.idlefish; className: android.view.View; text: ; contentDescription: null; viewId: mapDiceBtn; checkable: false; checked: false; focusable: false; focused: false; selected: false; clickable: true; longClickable: false; enabled: true; password: false; scrollable: false; [ACTION_CLICK, ACTION_ACCESSIBILITY_FOCUS, ACTION_NEXT_HTML_ELEMENT, ACTION_PREVIOUS_HTML_ELEMENT]
[2026-06-23 10:52:26] [hamibot] [ LOG ]:[ LOG ] [tryClickNode]: tryClickNode: 开始尝试点击节点 com.stardust.automator.UiObject@160496; boundsInParent: Rect(142, -9 - 267, 116); boundsInScreen: Rect(372, 1244 - 700, 1572); packageName: com.taobao.idlefish; className: android.view.View; text: ; contentDescription: null; viewId: mapDiceBtn; checkable: false; checked: false; focusable: false; focused: false; selected: false; clickable: true; longClickable: false; enabled: true; password: false; scrollable: false; [ACTION_CLICK, ACTION_ACCESSIBILITY_FOCUS, ACTION_NEXT_HTML_ELEMENT, ACTION_PREVIOUS_HTML_ELEMENT]
[2026-06-23 10:52:26] [hamibot] [ LOG ]:[ LOG ] [tryClickNode]: tryClickNode: 节点clickable值: function clickable() {/*
boolean clickable()
*/}

[2026-06-23 10:52:26] [hamibot] [ LOG ]:[ LOG ] [tryClickNode]: tryClickNode: 节点clickable toString: function clickable() {/*
boolean clickable()
*/}

[2026-06-23 10:52:27] [hamibot] [ LOG ]:[ LOG ] [tryClickNode]: tryClickNode: 解析后的clickable值: true
[2026-06-23 10:52:27] [hamibot] [ LOG ]:[ LOG ] [tryClickNode]: tryClickNode: 节点本身可点击，执行直接点击
[2026-06-23 10:52:27] [hamibot] [ LOG ]:[ LOG ] [tryClickNode]: tryClickNode: 直接点击结果: true
[2026-06-23 10:52:59] [hamibot] [INFO]:[INFO] [findTaskTitleStrict]: [taskPopup] strict「浏览指定频道好物」miss 25ms
[2026-06-23 10:52:59] [hamibot] [WARN]:[WARN] [logPathFailure]: [路径失败] 浏览指定频道好物: 弹框已开，步骤[找到任务标题]失败：taskListWrap 内未找到文本[浏览指定频道好物]，任务可能已完成或不在本轮列表
[2026-06-23 10:53:10] [hamibot] [INFO]:[INFO] [findTaskTitleStrict]: [taskPopup] strict「搜一搜喜欢的商品」miss 9ms
[2026-06-23 10:53:10] [hamibot] [WARN]:[WARN] [logPathFailure]: [路径失败] 搜一搜喜欢的商品: 弹框已开，步骤[找到任务标题]失败：taskListWrap 内未找到文本[搜一搜喜欢的商品]，任务可能已完成或不在本轮列表
[2026-06-23 10:53:12] [hamibot] [INFO]:[INFO] [Outer]: [AI分析] context=路径失败: 浏览指定频道好物 / 找到任务标题 | 页面识别: unknown | 原因分析: 决策服务异常: [WinError 10038] 在一个非套接字上尝试了一个操作。 | 建议操作: abort
[2026-06-23 10:53:23] [hamibot] [INFO]:[INFO] [Outer]: [AI分析] context=路径失败: 搜一搜喜欢的商品 / 找到任务标题 | 页面识别: unknown | 原因分析: 决策服务异常: [WinError 10038] 在一个非套接字上尝试了一个操作。 | 建议操作: abort
[2026-06-23 10:53:33] [hamibot] [INFO]:[INFO] [findTaskTitleStrict]: [taskPopup] strict「去浏览全新好物」miss 11ms
[2026-06-23 10:53:33] [hamibot] [WARN]:[WARN] [logPathFailure]: [路径失败] 去浏览全新好物: 弹框已开，步骤[找到任务标题]失败：taskListWrap 内未找到文本[去浏览全新好物]，任务可能已完成或不在本轮列表
[2026-06-23 10:53:44] [hamibot] [INFO]:[INFO] [findTaskTitleStrict]: [taskPopup] strict「浏览推荐的国补商品」exact 2ms
[2026-06-23 10:53:44] [hamibot] [INFO]:[INFO] [findTaskTitleStrict]: [taskPopup] strict「浏览推荐的国补商品」exact 1ms
[2026-06-23 10:53:45] [hamibot] [INFO]:[INFO] [findTaskTitleStrict]: [taskPopup] strict「浏览推荐的国补商品」exact 1ms
[2026-06-23 10:53:45] [hamibot] [INFO]:[INFO] [findAllInTaskList]: [taskPopup] findAll「去完成」19个 2ms
[2026-06-23 10:53:47] [hamibot] [INFO]:[INFO] [Outer]: [AI分析] context=路径失败: 去浏览全新好物 / 找到任务标题 | 页面识别: unknown | 原因分析: 决策服务异常: [WinError 10038] 在一个非套接字上尝试了一个操作。 | 建议操作: abort
[2026-06-23 10:53:56] [hamibot] [INFO]:[INFO] [findTargetElementWithCache]: [sel#17] scrollPage/滑动浏览 串行启动 12 条策略
[2026-06-23 10:53:56] [hamibot] [INFO]:[INFO] [findTargetElementWithCache]: [sel#17] scrollPage/滑动浏览 串行全部✗ 串行818ms 总818ms
[2026-06-23 10:54:03] [hamibot] [INFO]:[INFO] [findTargetElementWithCache]: [sel#18] scrollPage/滑动浏览 串行启动 12 条策略
[2026-06-23 10:54:04] [hamibot] [INFO]:[INFO] [findTargetElementWithCache]: [sel#18] scrollPage/滑动浏览 串行全部✗ 串行804ms 总804ms
[2026-06-23 10:54:11] [hamibot] [INFO]:[INFO] [findTargetElementWithCache]: [sel#19] scrollPage/滑动浏览 串行启动 12 条策略
[2026-06-23 10:54:12] [hamibot] [INFO]:[INFO] [findTargetElementWithCache]: [sel#19] scrollPage/滑动浏览 串行全部✗ 串行804ms 总805ms
[2026-06-23 10:54:19] [hamibot] [INFO]:[INFO] [findTargetElementWithCache]: [sel#20] scrollPage/滑动浏览 串行启动 12 条策略
[2026-06-23 10:54:20] [hamibot] [INFO]:[INFO] [findTargetElementWithCache]: [sel#20] scrollPage/滑动浏览 串行全部✗ 串行818ms 总818ms
[2026-06-23 10:54:26] [hamibot] [INFO]:[INFO] [findTargetElementWithCache]: [sel#21] scrollPage/滑动浏览 串行启动 12 条策略
[2026-06-23 10:54:27] [hamibot] [INFO]:[INFO] [findTargetElementWithCache]: [sel#21] scrollPage/滑动浏览 串行全部✗ 串行777ms 总777ms
[2026-06-23 10:54:27] [hamibot] [INFO]:[INFO] [returnToXianyuApp]: returnToXianyu: start from com.taobao.taobao
[2026-06-23 10:54:27] [hamibot] [INFO]:[INFO] [returnToXianyuApp]: returnToXianyu: attempt 1/4 pkg=com.taobao.taobao
[2026-06-23 10:54:27] [hamibot] [INFO]:[INFO] [returnToXianyuApp]: returnToXianyu: back()
[2026-06-23 10:54:29] [hamibot] [INFO]:[INFO] [returnToXianyuApp]: returnToXianyu: after back pkg=com.taobao.taobao
[2026-06-23 10:54:29] [hamibot] [INFO]:[INFO] [returnToXianyuApp]: returnToXianyu: launch(com.taobao.idlefish)
[2026-06-23 10:54:34] [hamibot] [INFO]:[INFO] [returnToXianyuApp]: returnToXianyu: after launch pkg=com.taobao.idlefish
[2026-06-23 10:54:48] [hamibot] [INFO]:[INFO] [findTaskTitleStrict]: [taskPopup] strict「浏览推荐的国补商品」exact 1ms
[2026-06-23 10:54:48] [hamibot] [INFO]:[INFO] [findAllInTaskList]: [taskPopup] findAll「领取奖励」5个 1ms
[2026-06-23 10:54:49] [hamibot] [INFO]:[INFO] [findTaskTitleStrict]: [taskPopup] strict「去蚂蚁森林逛一逛」miss 11ms
[2026-06-23 10:54:54] [hamibot] [WARN]:[WARN] [logPathFailure]: [路径失败] 去蚂蚁森林逛一逛: 弹框已开，步骤[找到任务标题]失败：taskListWrap 内未找到文本[去蚂蚁森林逛一逛]，任务可能已完成或不在本轮列表
[2026-06-23 10:54:59] [hamibot] [INFO]:[INFO] [findTaskTitleStrict]: [taskPopup] strict「去支付宝农场领水果」exact 1ms
[2026-06-23 10:54:59] [hamibot] [INFO]:[INFO] [findTaskTitleStrict]: [taskPopup] strict「去支付宝农场领水果」exact 1ms
[2026-06-23 10:54:59] [hamibot] [INFO]:[INFO] [findTaskTitleStrict]: [taskPopup] strict「去支付宝农场领水果」exact 1ms
[2026-06-23 10:54:59] [hamibot] [INFO]:[INFO] [findAllInTaskList]: [taskPopup] findAll「去完成」18个 3ms
[2026-06-23 10:55:01] [hamibot] [INFO]:[INFO] [Outer]: [AI分析] context=路径失败: 去蚂蚁森林逛一逛 / 找到任务标题 | 页面识别: unknown | 原因分析: 决策服务异常: [WinError 10038] 在一个非套接字上尝试了一个操作。 | 建议操作: abort
[2026-06-23 10:55:13] [hamibot] [INFO]:[INFO] [backMainPage]: backMainPage: on xianyu activity=com.taobao.idlefish.webview.WebHybridActivity, goto goldCoin
[2026-06-23 10:55:17] [hamibot] [INFO]:[INFO] [backMainPage]: backMainPage: goldCoin wait 缺少 newGameContainer（金币页独占 id，其他 H5/首页均无）
[2026-06-23 10:55:24] [hamibot] [INFO]:[INFO] [Outer]: Exit...
[2026-06-23 10:55:34] [hamibot] [INFO]:[INFO] [Anonymous functions]: Launching...

	Current script version: 1.0.4

[2026-06-23 10:55:34] [hamibot] [INFO]:[INFO] [Anonymous functions]: Configuration loaded {"APP_ENV":"development","USER_ID":"6723480da777ba4dbbb4bfe9","ROBOT_ID":"67242f26e2fed0e6e3d11b91","SCRIPT_ID":"6723493b364a634dae6c9099","TIMESTAMP":"2026-06-23 10:56:37"}
[2026-06-23 10:55:34] [hamibot] [INFO]:[INFO] [Anonymous functions]: Verifying configurations
[2026-06-23 10:55:34] [hamibot] [INFO]:[INFO] [Anonymous functions]: Start running script
[2026-06-23 10:55:34] [hamibot] [INFO]:[INFO] [getElementCache]: getElementCache 加载成功，共 18 条 (第1次)
[2026-06-23 10:55:34] [hamibot] [DEBUG]:[DEBUG] [init]: Accessibility permissions enabled
[2026-06-23 10:55:34] [hamibot] [DEBUG]:[DEBUG] [init]: Screen size: 2400 x 1080
[2026-06-23 10:55:34] [hamibot] [INFO]:[INFO] [saveElementCache]: saveElementCache 服务端共 18 条 (本次新增/更新 18 条)
[2026-06-23 10:55:34] [hamibot] [INFO]:[INFO] [flushElementCache]: 已触发异步刷新元素查找缓存
[2026-06-23 10:55:35] [hamibot] [INFO]:[INFO] [closeApp]: openHamibot true
[2026-06-23 10:55:39] [hamibot] [INFO]:[INFO] [tryClickNode]: tryClickNode com.stardust.automator.UiObject@2a022; boundsInParent: Rect(0, 0 - 240, 240); boundsInScreen: Rect(420, 2057 - 660, 2297); packageName: com.miui.home; className: android.view.View; text: null; contentDescription: 本机共有12.0 G内存，当前4.6 G可用，双击清理全部任务; viewId: com.miui.home:id/clearAnimView; checkable: false; checked: false; focusable: true; focused: false; selected: false; clickable: true; longClickable: true; enabled: true; password: false; scrollable: false; [ACTION_FOCUS, ACTION_SELECT, ACTION_CLEAR_SELECTION, ACTION_CLICK, ACTION_LONG_CLICK, ACTION_ACCESSIBILITY_FOCUS, ACTION_NEXT_AT_MOVEMENT_GRANULARITY, ACTION_PREVIOUS_AT_MOVEMENT_GRANULARITY, ACTION_SET_SELECTION]
[2026-06-23 10:55:39] [hamibot] [ LOG ]:[ LOG ] [tryClickNode]: tryClickNode: 开始尝试点击节点 com.stardust.automator.UiObject@2a022; boundsInParent: Rect(0, 0 - 240, 240); boundsInScreen: Rect(420, 2057 - 660, 2297); packageName: com.miui.home; className: android.view.View; text: null; contentDescription: 本机共有12.0 G内存，当前4.6 G可用，双击清理全部任务; viewId: com.miui.home:id/clearAnimView; checkable: false; checked: false; focusable: true; focused: false; selected: false; clickable: true; longClickable: true; enabled: true; password: false; scrollable: false; [ACTION_FOCUS, ACTION_SELECT, ACTION_CLEAR_SELECTION, ACTION_CLICK, ACTION_LONG_CLICK, ACTION_ACCESSIBILITY_FOCUS, ACTION_NEXT_AT_MOVEMENT_GRANULARITY, ACTION_PREVIOUS_AT_MOVEMENT_GRANULARITY, ACTION_SET_SELECTION]
[2026-06-23 10:55:39] [hamibot] [ LOG ]:[ LOG ] [tryClickNode]: tryClickNode: 节点clickable值: function clickable() {/*
boolean clickable()
*/}

[2026-06-23 10:55:39] [hamibot] [ LOG ]:[ LOG ] [tryClickNode]: tryClickNode: 节点clickable toString: function clickable() {/*
boolean clickable()
*/}

[2026-06-23 10:55:39] [hamibot] [ LOG ]:[ LOG ] [tryClickNode]: tryClickNode: 解析后的clickable值: true
[2026-06-23 10:55:39] [hamibot] [ LOG ]:[ LOG ] [tryClickNode]: tryClickNode: 节点本身可点击，执行直接点击
[2026-06-23 10:55:39] [hamibot] [ LOG ]:[ LOG ] [tryClickNode]: tryClickNode: 直接点击结果: true
[2026-06-23 10:55:40] [hamibot] [INFO]:[INFO] [closeApp]: 已通过最近任务页‘关闭全部’关闭应用
[2026-06-23 10:55:41] [hamibot] [INFO]:[INFO] [Outer]: 开始查找商品详情
[2026-06-23 10:55:42] [hamibot] [ LOG ]:[ LOG ] [Outer]: mediaProjection: 自动确认线程启动 35000ms
[2026-06-23 10:55:44] [hamibot] [INFO]:[INFO] [Outer]: 找到商品数量: 0
[2026-06-23 10:55:44] [hamibot] [INFO]:[INFO] [fetchPendingTasks]: fetchPendingTasks raw[30]: {"code":0,"data":[],"total":0}
[2026-06-23 10:55:46] [hamibot] [ LOG ]:[ LOG ] [Outer]: mediaProjection: 坐标确认 (769, 2190)
[2026-06-23 10:55:46] [hamibot] [ LOG ]:[ LOG ] [Outer]: mediaProjection: 已点击确认 (1/3)，等待授权生效
[2026-06-23 10:55:50] [hamibot] [ LOG ]:[ LOG ] [Outer]: mediaProjection: 坐标确认 (769, 2190)
[2026-06-23 10:55:51] [hamibot] [ LOG ]:[ LOG ] [Outer]: mediaProjection: 已点击确认 (2/3)，等待授权生效
[2026-06-23 10:55:59] [hamibot] [INFO]:[INFO] [fetchPendingTasks]: fetchPendingTasks raw[30]: {"code":0,"data":[],"total":0}
[2026-06-23 10:56:14] [hamibot] [INFO]:[INFO] [fetchPendingTasks]: fetchPendingTasks raw[288]: {"code":0,"data":[{"id":"3d688303-e65e-4321-9e86-5d7440f03c7f","type":"goldCoin","status":"pending",
[2026-06-23 10:56:19] [hamibot] [ LOG ]:[ LOG ] [Outer]: mediaProjection: 自动确认线程结束
[2026-06-23 10:56:38] [hamibot] [INFO]:[INFO] [tryClickNode]: tryClickNode com.stardust.automator.UiObject@e5f8a; boundsInParent: Rect(142, -9 - 267, 116); boundsInScreen: Rect(372, 1244 - 700, 1572); packageName: com.taobao.idlefish; className: android.view.View; text: ; contentDescription: null; viewId: mapDiceBtn; checkable: false; checked: false; focusable: false; focused: false; selected: false; clickable: true; longClickable: false; enabled: true; password: false; scrollable: false; [ACTION_CLICK, ACTION_ACCESSIBILITY_FOCUS, ACTION_NEXT_HTML_ELEMENT, ACTION_PREVIOUS_HTML_ELEMENT]
[2026-06-23 10:56:38] [hamibot] [ LOG ]:[ LOG ] [tryClickNode]: tryClickNode: 开始尝试点击节点 com.stardust.automator.UiObject@e5f8a; boundsInParent: Rect(142, -9 - 267, 116); boundsInScreen: Rect(372, 1244 - 700, 1572); packageName: com.taobao.idlefish; className: android.view.View; text: ; contentDescription: null; viewId: mapDiceBtn; checkable: false; checked: false; focusable: false; focused: false; selected: false; clickable: true; longClickable: false; enabled: true; password: false; scrollable: false; [ACTION_CLICK, ACTION_ACCESSIBILITY_FOCUS, ACTION_NEXT_HTML_ELEMENT, ACTION_PREVIOUS_HTML_ELEMENT]
[2026-06-23 10:56:38] [hamibot] [ LOG ]:[ LOG ] [tryClickNode]: tryClickNode: 节点clickable值: function clickable() {/*
boolean clickable()
*/}

[2026-06-23 10:56:38] [hamibot] [ LOG ]:[ LOG ] [tryClickNode]: tryClickNode: 节点clickable toString: function clickable() {/*
boolean clickable()
*/}

[2026-06-23 10:56:38] [hamibot] [ LOG ]:[ LOG ] [tryClickNode]: tryClickNode: 解析后的clickable值: true
[2026-06-23 10:56:38] [hamibot] [ LOG ]:[ LOG ] [tryClickNode]: tryClickNode: 节点本身可点击，执行直接点击
[2026-06-23 10:56:38] [hamibot] [ LOG ]:[ LOG ] [tryClickNode]: tryClickNode: 直接点击结果: true
[2026-06-23 10:57:04] [hamibot] [INFO]:[INFO] [findAllInTaskList]: [taskPopup] findAll「领取奖励」5个 1ms
[2026-06-23 10:57:16] [hamibot] [INFO]:[INFO] [findTaskTitleStrict]: [taskPopup] strict「浏览指定频道好物」miss 19ms
[2026-06-23 10:57:16] [hamibot] [WARN]:[WARN] [logPathFailure]: [路径失败] 浏览指定频道好物: 弹框已开，步骤[找到任务标题]失败：taskListWrap 内未找到文本[浏览指定频道好物]，任务可能已完成或不在本轮列表
[2026-06-23 10:57:27] [hamibot] [INFO]:[INFO] [findTaskTitleStrict]: [taskPopup] strict「搜一搜喜欢的商品」miss 9ms
[2026-06-23 10:57:27] [hamibot] [WARN]:[WARN] [logPathFailure]: [路径失败] 搜一搜喜欢的商品: 弹框已开，步骤[找到任务标题]失败：taskListWrap 内未找到文本[搜一搜喜欢的商品]，任务可能已完成或不在本轮列表
[2026-06-23 10:57:30] [hamibot] [INFO]:[INFO] [Outer]: [AI分析] context=路径失败: 浏览指定频道好物 / 找到任务标题 | 页面识别: unknown | 原因分析: 决策服务异常: [WinError 10038] 在一个非套接字上尝试了一个操作。 | 建议操作: abort
[2026-06-23 10:57:40] [hamibot] [INFO]:[INFO] [Outer]: [AI分析] context=路径失败: 搜一搜喜欢的商品 / 找到任务标题 | 页面识别: unknown | 原因分析: 决策服务异常: [WinError 10038] 在一个非套接字上尝试了一个操作。 | 建议操作: abort
[2026-06-23 10:57:49] [hamibot] [INFO]:[INFO] [findTaskTitleStrict]: [taskPopup] strict「去浏览全新好物」miss 9ms
[2026-06-23 10:57:50] [hamibot] [WARN]:[WARN] [logPathFailure]: [路径失败] 去浏览全新好物: 弹框已开，步骤[找到任务标题]失败：taskListWrap 内未找到文本[去浏览全新好物]，任务可能已完成或不在本轮列表
[2026-06-23 10:58:01] [hamibot] [INFO]:[INFO] [findTaskTitleStrict]: [taskPopup] strict「浏览推荐的国补商品」miss 14ms
[2026-06-23 10:58:01] [hamibot] [WARN]:[WARN] [logPathFailure]: [路径失败] 浏览推荐的国补商品: 弹框已开，步骤[找到任务标题]失败：taskListWrap 内未找到文本[浏览推荐的国补商品]，任务可能已完成或不在本轮列表
[2026-06-23 10:58:03] [hamibot] [INFO]:[INFO] [Outer]: [AI分析] context=路径失败: 去浏览全新好物 / 找到任务标题 | 页面识别: unknown | 原因分析: 决策服务异常: [WinError 10038] 在一个非套接字上尝试了一个操作。 | 建议操作: abort
[2026-06-23 10:58:15] [hamibot] [INFO]:[INFO] [Outer]: [AI分析] context=路径失败: 浏览推荐的国补商品 / 找到任务标题 | 页面识别: unknown | 原因分析: 决策服务异常: [WinError 10038] 在一个非套接字上尝试了一个操作。 | 建议操作: abort
[2026-06-23 10:58:23] [hamibot] [INFO]:[INFO] [findTaskTitleStrict]: [taskPopup] strict「去蚂蚁森林逛一逛」miss 10ms
[2026-06-23 10:58:23] [hamibot] [WARN]:[WARN] [logPathFailure]: [路径失败] 去蚂蚁森林逛一逛: 弹框已开，步骤[找到任务标题]失败：taskListWrap 内未找到文本[去蚂蚁森林逛一逛]，任务可能已完成或不在本轮列表
[2026-06-23 10:58:35] [hamibot] [INFO]:[INFO] [findTaskTitleStrict]: [taskPopup] strict「去支付宝农场领水果」miss 16ms
[2026-06-23 10:58:35] [hamibot] [WARN]:[WARN] [logPathFailure]: [路径失败] 去支付宝农场领水果: 弹框已开，步骤[找到任务标题]失败：taskListWrap 内未找到文本[去支付宝农场领水果]，任务可能已完成或不在本轮列表
[2026-06-23 10:58:37] [hamibot] [INFO]:[INFO] [Outer]: [AI分析] context=路径失败: 去蚂蚁森林逛一逛 / 找到任务标题 | 页面识别: unknown | 原因分析: 决策服务异常: [WinError 10038] 在一个非套接字上尝试了一个操作。 | 建议操作: abort
[2026-06-23 10:58:48] [hamibot] [INFO]:[INFO] [Outer]: [AI分析] context=路径失败: 去支付宝农场领水果 / 找到任务标题 | 页面识别: unknown | 原因分析: 决策服务异常: [WinError 10038] 在一个非套接字上尝试了一个操作。 | 建议操作: abort
[2026-06-23 10:58:58] [hamibot] [INFO]:[INFO] [findTaskTitleStrict]: [taskPopup] strict「去淘宝签到领红包」exact 1ms
[2026-06-23 10:58:58] [hamibot] [INFO]:[INFO] [findTaskTitleStrict]: [taskPopup] strict「去淘宝签到领红包」exact 1ms
[2026-06-23 10:58:58] [hamibot] [INFO]:[INFO] [findTaskTitleStrict]: [taskPopup] strict「去淘宝签到领红包」exact 1ms
[2026-06-23 10:58:58] [hamibot] [INFO]:[INFO] [findAllInTaskList]: [taskPopup] findAll「去完成」23个 3ms
[2026-06-23 10:59:11] [hamibot] [INFO]:[INFO] [returnToXianyuApp]: returnToXianyu: start from com.taobao.taobao
[2026-06-23 10:59:11] [hamibot] [INFO]:[INFO] [returnToXianyuApp]: returnToXianyu: attempt 1/4 pkg=com.taobao.taobao
[2026-06-23 10:59:11] [hamibot] [INFO]:[INFO] [returnToXianyuApp]: returnToXianyu: back()
[2026-06-23 10:59:14] [hamibot] [INFO]:[INFO] [returnToXianyuApp]: returnToXianyu: after back pkg=com.taobao.idlefish
[2026-06-23 10:59:17] [hamibot] [INFO]:[INFO] [backMainPage]: backMainPage: on xianyu activity=com.taobao.idlefish.webview.WebHybridActivity, goto goldCoin
[2026-06-23 10:59:21] [hamibot] [INFO]:[INFO] [backMainPage]: backMainPage: goldCoin wait 缺少 newGameContainer（金币页独占 id，其他 H5/首页均无）
[2026-06-23 11:00:03] [hamibot] [INFO]:[INFO] [saveElementCache]: saveElementCache 服务端共 18 条 (本次新增/更新 18 条)
[2026-06-23 11:00:03] [hamibot] [INFO]:[INFO] [flushElementCache]: 已触发异步刷新元素查找缓存
[2026-06-23 11:00:03] [hamibot] [INFO]:[INFO] [closeApp]: openHamibot true
[2026-06-23 11:00:08] [hamibot] [INFO]:[INFO] [tryClickNode]: tryClickNode com.stardust.automator.UiObject@2a022; boundsInParent: Rect(0, 0 - 240, 240); boundsInScreen: Rect(420, 2057 - 660, 2297); packageName: com.miui.home; className: android.view.View; text: null; contentDescription: 本机共有12.0 G内存，当前4.8 G可用，双击清理全部任务; viewId: com.miui.home:id/clearAnimView; checkable: false; checked: false; focusable: true; focused: false; selected: false; clickable: true; longClickable: true; enabled: true; password: false; scrollable: false; [ACTION_FOCUS, ACTION_SELECT, ACTION_CLEAR_SELECTION, ACTION_CLICK, ACTION_LONG_CLICK, ACTION_ACCESSIBILITY_FOCUS, ACTION_NEXT_AT_MOVEMENT_GRANULARITY, ACTION_PREVIOUS_AT_MOVEMENT_GRANULARITY, ACTION_SET_SELECTION]
[2026-06-23 11:00:08] [hamibot] [ LOG ]:[ LOG ] [tryClickNode]: tryClickNode: 开始尝试点击节点 com.stardust.automator.UiObject@2a022; boundsInParent: Rect(0, 0 - 240, 240); boundsInScreen: Rect(420, 2057 - 660, 2297); packageName: com.miui.home; className: android.view.View; text: null; contentDescription: 本机共有12.0 G内存，当前4.8 G可用，双击清理全部任务; viewId: com.miui.home:id/clearAnimView; checkable: false; checked: false; focusable: true; focused: false; selected: false; clickable: true; longClickable: true; enabled: true; password: false; scrollable: false; [ACTION_FOCUS, ACTION_SELECT, ACTION_CLEAR_SELECTION, ACTION_CLICK, ACTION_LONG_CLICK, ACTION_ACCESSIBILITY_FOCUS, ACTION_NEXT_AT_MOVEMENT_GRANULARITY, ACTION_PREVIOUS_AT_MOVEMENT_GRANULARITY, ACTION_SET_SELECTION]
[2026-06-23 11:00:08] [hamibot] [ LOG ]:[ LOG ] [tryClickNode]: tryClickNode: 节点clickable值: function clickable() {/*
boolean clickable()
*/}

[2026-06-23 11:00:08] [hamibot] [ LOG ]:[ LOG ] [tryClickNode]: tryClickNode: 节点clickable toString: function clickable() {/*
boolean clickable()
*/}

[2026-06-23 11:00:08] [hamibot] [ LOG ]:[ LOG ] [tryClickNode]: tryClickNode: 解析后的clickable值: true
[2026-06-23 11:00:08] [hamibot] [ LOG ]:[ LOG ] [tryClickNode]: tryClickNode: 节点本身可点击，执行直接点击
[2026-06-23 11:00:08] [hamibot] [ LOG ]:[ LOG ] [tryClickNode]: tryClickNode: 直接点击结果: true
[2026-06-23 11:00:09] [hamibot] [INFO]:[INFO] [closeApp]: 已通过最近任务页‘关闭全部’关闭应用
[2026-06-23 11:00:31] [hamibot] [INFO]:[INFO] [tryClickNode]: tryClickNode com.stardust.automator.UiObject@107902; boundsInParent: Rect(142, -9 - 267, 116); boundsInScreen: Rect(372, 1244 - 700, 1572); packageName: com.taobao.idlefish; className: android.view.View; text: ; contentDescription: null; viewId: mapDiceBtn; checkable: false; checked: false; focusable: false; focused: false; selected: false; clickable: true; longClickable: false; enabled: true; password: false; scrollable: false; [ACTION_CLICK, ACTION_ACCESSIBILITY_FOCUS, ACTION_NEXT_HTML_ELEMENT, ACTION_PREVIOUS_HTML_ELEMENT]
[2026-06-23 11:00:31] [hamibot] [ LOG ]:[ LOG ] [tryClickNode]: tryClickNode: 开始尝试点击节点 com.stardust.automator.UiObject@107902; boundsInParent: Rect(142, -9 - 267, 116); boundsInScreen: Rect(372, 1244 - 700, 1572); packageName: com.taobao.idlefish; className: android.view.View; text: ; contentDescription: null; viewId: mapDiceBtn; checkable: false; checked: false; focusable: false; focused: false; selected: false; clickable: true; longClickable: false; enabled: true; password: false; scrollable: false; [ACTION_CLICK, ACTION_ACCESSIBILITY_FOCUS, ACTION_NEXT_HTML_ELEMENT, ACTION_PREVIOUS_HTML_ELEMENT]
[2026-06-23 11:00:31] [hamibot] [ LOG ]:[ LOG ] [tryClickNode]: tryClickNode: 节点clickable值: function clickable() {/*
boolean clickable()
*/}

[2026-06-23 11:00:31] [hamibot] [ LOG ]:[ LOG ] [tryClickNode]: tryClickNode: 节点clickable toString: function clickable() {/*
boolean clickable()
*/}

[2026-06-23 11:00:31] [hamibot] [ LOG ]:[ LOG ] [tryClickNode]: tryClickNode: 解析后的clickable值: true
[2026-06-23 11:00:31] [hamibot] [ LOG ]:[ LOG ] [tryClickNode]: tryClickNode: 节点本身可点击，执行直接点击
[2026-06-23 11:00:31] [hamibot] [ LOG ]:[ LOG ] [tryClickNode]: tryClickNode: 直接点击结果: true
[2026-06-23 11:00:49] [hamibot] [INFO]:[INFO] [tryClickNode]: tryClickNode com.stardust.automator.UiObject@107902; boundsInParent: Rect(142, -9 - 267, 116); boundsInScreen: Rect(372, 1244 - 700, 1572); packageName: com.taobao.idlefish; className: android.view.View; text: ; contentDescription: null; viewId: mapDiceBtn; checkable: false; checked: false; focusable: false; focused: false; selected: false; clickable: true; longClickable: false; enabled: true; password: false; scrollable: false; [ACTION_CLICK, ACTION_ACCESSIBILITY_FOCUS, ACTION_NEXT_HTML_ELEMENT, ACTION_PREVIOUS_HTML_ELEMENT]
[2026-06-23 11:00:49] [hamibot] [ LOG ]:[ LOG ] [tryClickNode]: tryClickNode: 开始尝试点击节点 com.stardust.automator.UiObject@107902; boundsInParent: Rect(142, -9 - 267, 116); boundsInScreen: Rect(372, 1244 - 700, 1572); packageName: com.taobao.idlefish; className: android.view.View; text: ; contentDescription: null; viewId: mapDiceBtn; checkable: false; checked: false; focusable: false; focused: false; selected: false; clickable: true; longClickable: false; enabled: true; password: false; scrollable: false; [ACTION_CLICK, ACTION_ACCESSIBILITY_FOCUS, ACTION_NEXT_HTML_ELEMENT, ACTION_PREVIOUS_HTML_ELEMENT]
[2026-06-23 11:00:49] [hamibot] [ LOG ]:[ LOG ] [tryClickNode]: tryClickNode: 节点clickable值: function clickable() {/*
boolean clickable()
*/}

[2026-06-23 11:00:49] [hamibot] [ LOG ]:[ LOG ] [tryClickNode]: tryClickNode: 节点clickable toString: function clickable() {/*
boolean clickable()
*/}

[2026-06-23 11:00:49] [hamibot] [ LOG ]:[ LOG ] [tryClickNode]: tryClickNode: 解析后的clickable值: true
[2026-06-23 11:00:49] [hamibot] [ LOG ]:[ LOG ] [tryClickNode]: tryClickNode: 节点本身可点击，执行直接点击
[2026-06-23 11:00:49] [hamibot] [ LOG ]:[ LOG ] [tryClickNode]: tryClickNode: 直接点击结果: true
[2026-06-23 11:00:55] [hamibot] [INFO]:[INFO] [tryClickNode]: tryClickNode com.stardust.automator.UiObject@107902; boundsInParent: Rect(142, -9 - 267, 116); boundsInScreen: Rect(372, 1244 - 700, 1572); packageName: com.taobao.idlefish; className: android.view.View; text: ; contentDescription: null; viewId: mapDiceBtn; checkable: false; checked: false; focusable: false; focused: false; selected: false; clickable: true; longClickable: false; enabled: true; password: false; scrollable: false; [ACTION_CLICK, ACTION_ACCESSIBILITY_FOCUS, ACTION_NEXT_HTML_ELEMENT, ACTION_PREVIOUS_HTML_ELEMENT]
[2026-06-23 11:00:55] [hamibot] [ LOG ]:[ LOG ] [tryClickNode]: tryClickNode: 开始尝试点击节点 com.stardust.automator.UiObject@107902; boundsInParent: Rect(142, -9 - 267, 116); boundsInScreen: Rect(372, 1244 - 700, 1572); packageName: com.taobao.idlefish; className: android.view.View; text: ; contentDescription: null; viewId: mapDiceBtn; checkable: false; checked: false; focusable: false; focused: false; selected: false; clickable: true; longClickable: false; enabled: true; password: false; scrollable: false; [ACTION_CLICK, ACTION_ACCESSIBILITY_FOCUS, ACTION_NEXT_HTML_ELEMENT, ACTION_PREVIOUS_HTML_ELEMENT]
[2026-06-23 11:00:55] [hamibot] [ LOG ]:[ LOG ] [tryClickNode]: tryClickNode: 节点clickable值: function clickable() {/*
boolean clickable()
*/}

[2026-06-23 11:00:55] [hamibot] [ LOG ]:[ LOG ] [tryClickNode]: tryClickNode: 节点clickable toString: function clickable() {/*
boolean clickable()
*/}

[2026-06-23 11:00:55] [hamibot] [ LOG ]:[ LOG ] [tryClickNode]: tryClickNode: 解析后的clickable值: true
[2026-06-23 11:00:56] [hamibot] [ LOG ]:[ LOG ] [tryClickNode]: tryClickNode: 节点本身可点击，执行直接点击
[2026-06-23 11:00:56] [hamibot] [ LOG ]:[ LOG ] [tryClickNode]: tryClickNode: 直接点击结果: true
[2026-06-23 11:01:01] [hamibot] [INFO]:[INFO] [tryClickNode]: tryClickNode com.stardust.automator.UiObject@107902; boundsInParent: Rect(142, -9 - 267, 116); boundsInScreen: Rect(372, 1244 - 700, 1572); packageName: com.taobao.idlefish; className: android.view.View; text: ; contentDescription: null; viewId: mapDiceBtn; checkable: false; checked: false; focusable: false; focused: false; selected: false; clickable: true; longClickable: false; enabled: true; password: false; scrollable: false; [ACTION_CLICK, ACTION_ACCESSIBILITY_FOCUS, ACTION_NEXT_HTML_ELEMENT, ACTION_PREVIOUS_HTML_ELEMENT]
[2026-06-23 11:01:01] [hamibot] [ LOG ]:[ LOG ] [tryClickNode]: tryClickNode: 开始尝试点击节点 com.stardust.automator.UiObject@107902; boundsInParent: Rect(142, -9 - 267, 116); boundsInScreen: Rect(372, 1244 - 700, 1572); packageName: com.taobao.idlefish; className: android.view.View; text: ; contentDescription: null; viewId: mapDiceBtn; checkable: false; checked: false; focusable: false; focused: false; selected: false; clickable: true; longClickable: false; enabled: true; password: false; scrollable: false; [ACTION_CLICK, ACTION_ACCESSIBILITY_FOCUS, ACTION_NEXT_HTML_ELEMENT, ACTION_PREVIOUS_HTML_ELEMENT]
[2026-06-23 11:01:01] [hamibot] [ LOG ]:[ LOG ] [tryClickNode]: tryClickNode: 节点clickable值: function clickable() {/*
boolean clickable()
*/}

[2026-06-23 11:01:01] [hamibot] [ LOG ]:[ LOG ] [tryClickNode]: tryClickNode: 节点clickable toString: function clickable() {/*
boolean clickable()
*/}

[2026-06-23 11:01:01] [hamibot] [ LOG ]:[ LOG ] [tryClickNode]: tryClickNode: 解析后的clickable值: true
[2026-06-23 11:01:01] [hamibot] [ LOG ]:[ LOG ] [tryClickNode]: tryClickNode: 节点本身可点击，执行直接点击
[2026-06-23 11:01:02] [hamibot] [ LOG ]:[ LOG ] [tryClickNode]: tryClickNode: 直接点击结果: true
[2026-06-23 11:01:08] [hamibot] [INFO]:[INFO] [tryClickNode]: tryClickNode com.stardust.automator.UiObject@107902; boundsInParent: Rect(142, -9 - 267, 116); boundsInScreen: Rect(372, 1244 - 700, 1572); packageName: com.taobao.idlefish; className: android.view.View; text: ; contentDescription: null; viewId: mapDiceBtn; checkable: false; checked: false; focusable: false; focused: false; selected: false; clickable: true; longClickable: false; enabled: true; password: false; scrollable: false; [ACTION_CLICK, ACTION_ACCESSIBILITY_FOCUS, ACTION_NEXT_HTML_ELEMENT, ACTION_PREVIOUS_HTML_ELEMENT]
[2026-06-23 11:01:08] [hamibot] [ LOG ]:[ LOG ] [tryClickNode]: tryClickNode: 开始尝试点击节点 com.stardust.automator.UiObject@107902; boundsInParent: Rect(142, -9 - 267, 116); boundsInScreen: Rect(372, 1244 - 700, 1572); packageName: com.taobao.idlefish; className: android.view.View; text: ; contentDescription: null; viewId: mapDiceBtn; checkable: false; checked: false; focusable: false; focused: false; selected: false; clickable: true; longClickable: false; enabled: true; password: false; scrollable: false; [ACTION_CLICK, ACTION_ACCESSIBILITY_FOCUS, ACTION_NEXT_HTML_ELEMENT, ACTION_PREVIOUS_HTML_ELEMENT]
[2026-06-23 11:01:08] [hamibot] [ LOG ]:[ LOG ] [tryClickNode]: tryClickNode: 节点clickable值: function clickable() {/*
boolean clickable()
*/}

[2026-06-23 11:01:08] [hamibot] [ LOG ]:[ LOG ] [tryClickNode]: tryClickNode: 节点clickable toString: function clickable() {/*
boolean clickable()
*/}

[2026-06-23 11:01:08] [hamibot] [ LOG ]:[ LOG ] [tryClickNode]: tryClickNode: 解析后的clickable值: true
[2026-06-23 11:01:08] [hamibot] [ LOG ]:[ LOG ] [tryClickNode]: tryClickNode: 节点本身可点击，执行直接点击
[2026-06-23 11:01:08] [hamibot] [ LOG ]:[ LOG ] [tryClickNode]: tryClickNode: 直接点击结果: true
[2026-06-23 11:01:15] [hamibot] [INFO]:[INFO] [tryClickNode]: tryClickNode com.stardust.automator.UiObject@107902; boundsInParent: Rect(142, -9 - 267, 116); boundsInScreen: Rect(372, 1244 - 700, 1572); packageName: com.taobao.idlefish; className: android.view.View; text: ; contentDescription: null; viewId: mapDiceBtn; checkable: false; checked: false; focusable: false; focused: false; selected: false; clickable: true; longClickable: false; enabled: true; password: false; scrollable: false; [ACTION_CLICK, ACTION_ACCESSIBILITY_FOCUS, ACTION_NEXT_HTML_ELEMENT, ACTION_PREVIOUS_HTML_ELEMENT]
[2026-06-23 11:01:15] [hamibot] [ LOG ]:[ LOG ] [tryClickNode]: tryClickNode: 开始尝试点击节点 com.stardust.automator.UiObject@107902; boundsInParent: Rect(142, -9 - 267, 116); boundsInScreen: Rect(372, 1244 - 700, 1572); packageName: com.taobao.idlefish; className: android.view.View; text: ; contentDescription: null; viewId: mapDiceBtn; checkable: false; checked: false; focusable: false; focused: false; selected: false; clickable: true; longClickable: false; enabled: true; password: false; scrollable: false; [ACTION_CLICK, ACTION_ACCESSIBILITY_FOCUS, ACTION_NEXT_HTML_ELEMENT, ACTION_PREVIOUS_HTML_ELEMENT]
[2026-06-23 11:01:15] [hamibot] [ LOG ]:[ LOG ] [tryClickNode]: tryClickNode: 节点clickable值: function clickable() {/*
boolean clickable()
*/}

[2026-06-23 11:01:15] [hamibot] [ LOG ]:[ LOG ] [tryClickNode]: tryClickNode: 节点clickable toString: function clickable() {/*
boolean clickable()
*/}

[2026-06-23 11:01:15] [hamibot] [ LOG ]:[ LOG ] [tryClickNode]: tryClickNode: 解析后的clickable值: true
[2026-06-23 11:01:15] [hamibot] [ LOG ]:[ LOG ] [tryClickNode]: tryClickNode: 节点本身可点击，执行直接点击
[2026-06-23 11:01:15] [hamibot] [ LOG ]:[ LOG ] [tryClickNode]: tryClickNode: 直接点击结果: true
[2026-06-23 11:01:20] [hamibot] [INFO]:[INFO] [tryClickNode]: tryClickNode com.stardust.automator.UiObject@107902; boundsInParent: Rect(142, -9 - 267, 116); boundsInScreen: Rect(372, 1244 - 700, 1572); packageName: com.taobao.idlefish; className: android.view.View; text: ; contentDescription: null; viewId: mapDiceBtn; checkable: false; checked: false; focusable: false; focused: false; selected: false; clickable: true; longClickable: false; enabled: true; password: false; scrollable: false; [ACTION_CLICK, ACTION_ACCESSIBILITY_FOCUS, ACTION_NEXT_HTML_ELEMENT, ACTION_PREVIOUS_HTML_ELEMENT]
[2026-06-23 11:01:20] [hamibot] [ LOG ]:[ LOG ] [tryClickNode]: tryClickNode: 开始尝试点击节点 com.stardust.automator.UiObject@107902; boundsInParent: Rect(142, -9 - 267, 116); boundsInScreen: Rect(372, 1244 - 700, 1572); packageName: com.taobao.idlefish; className: android.view.View; text: ; contentDescription: null; viewId: mapDiceBtn; checkable: false; checked: false; focusable: false; focused: false; selected: false; clickable: true; longClickable: false; enabled: true; password: false; scrollable: false; [ACTION_CLICK, ACTION_ACCESSIBILITY_FOCUS, ACTION_NEXT_HTML_ELEMENT, ACTION_PREVIOUS_HTML_ELEMENT]
[2026-06-23 11:01:21] [hamibot] [ LOG ]:[ LOG ] [tryClickNode]: tryClickNode: 节点clickable值: function clickable() {/*
boolean clickable()
*/}

[2026-06-23 11:01:21] [hamibot] [ LOG ]:[ LOG ] [tryClickNode]: tryClickNode: 节点clickable toString: function clickable() {/*
boolean clickable()
*/}

[2026-06-23 11:01:21] [hamibot] [ LOG ]:[ LOG ] [tryClickNode]: tryClickNode: 解析后的clickable值: true
[2026-06-23 11:01:21] [hamibot] [ LOG ]:[ LOG ] [tryClickNode]: tryClickNode: 节点本身可点击，执行直接点击
[2026-06-23 11:01:21] [hamibot] [ LOG ]:[ LOG ] [tryClickNode]: tryClickNode: 直接点击结果: true
[2026-06-23 11:01:27] [hamibot] [INFO]:[INFO] [tryClickNode]: tryClickNode com.stardust.automator.UiObject@107902; boundsInParent: Rect(142, -9 - 267, 116); boundsInScreen: Rect(372, 1244 - 700, 1572); packageName: com.taobao.idlefish; className: android.view.View; text: ; contentDescription: null; viewId: mapDiceBtn; checkable: false; checked: false; focusable: false; focused: false; selected: false; clickable: true; longClickable: false; enabled: true; password: false; scrollable: false; [ACTION_CLICK, ACTION_ACCESSIBILITY_FOCUS, ACTION_NEXT_HTML_ELEMENT, ACTION_PREVIOUS_HTML_ELEMENT]
[2026-06-23 11:01:27] [hamibot] [ LOG ]:[ LOG ] [tryClickNode]: tryClickNode: 开始尝试点击节点 com.stardust.automator.UiObject@107902; boundsInParent: Rect(142, -9 - 267, 116); boundsInScreen: Rect(372, 1244 - 700, 1572); packageName: com.taobao.idlefish; className: android.view.View; text: ; contentDescription: null; viewId: mapDiceBtn; checkable: false; checked: false; focusable: false; focused: false; selected: false; clickable: true; longClickable: false; enabled: true; password: false; scrollable: false; [ACTION_CLICK, ACTION_ACCESSIBILITY_FOCUS, ACTION_NEXT_HTML_ELEMENT, ACTION_PREVIOUS_HTML_ELEMENT]
[2026-06-23 11:01:27] [hamibot] [ LOG ]:[ LOG ] [tryClickNode]: tryClickNode: 节点clickable值: function clickable() {/*
boolean clickable()
*/}

[2026-06-23 11:01:27] [hamibot] [ LOG ]:[ LOG ] [tryClickNode]: tryClickNode: 节点clickable toString: function clickable() {/*
boolean clickable()
*/}

[2026-06-23 11:01:27] [hamibot] [ LOG ]:[ LOG ] [tryClickNode]: tryClickNode: 解析后的clickable值: true
[2026-06-23 11:01:27] [hamibot] [ LOG ]:[ LOG ] [tryClickNode]: tryClickNode: 节点本身可点击，执行直接点击
[2026-06-23 11:01:27] [hamibot] [ LOG ]:[ LOG ] [tryClickNode]: tryClickNode: 直接点击结果: true
[2026-06-23 11:01:37] [hamibot] [INFO]:[INFO] [tryClickNode]: tryClickNode com.stardust.automator.UiObject@107902; boundsInParent: Rect(142, -9 - 267, 116); boundsInScreen: Rect(372, 1244 - 700, 1572); packageName: com.taobao.idlefish; className: android.view.View; text: ; contentDescription: null; viewId: mapDiceBtn; checkable: false; checked: false; focusable: false; focused: false; selected: false; clickable: true; longClickable: false; enabled: true; password: false; scrollable: false; [ACTION_CLICK, ACTION_ACCESSIBILITY_FOCUS, ACTION_NEXT_HTML_ELEMENT, ACTION_PREVIOUS_HTML_ELEMENT]
[2026-06-23 11:01:37] [hamibot] [ LOG ]:[ LOG ] [tryClickNode]: tryClickNode: 开始尝试点击节点 com.stardust.automator.UiObject@107902; boundsInParent: Rect(142, -9 - 267, 116); boundsInScreen: Rect(372, 1244 - 700, 1572); packageName: com.taobao.idlefish; className: android.view.View; text: ; contentDescription: null; viewId: mapDiceBtn; checkable: false; checked: false; focusable: false; focused: false; selected: false; clickable: true; longClickable: false; enabled: true; password: false; scrollable: false; [ACTION_CLICK, ACTION_ACCESSIBILITY_FOCUS, ACTION_NEXT_HTML_ELEMENT, ACTION_PREVIOUS_HTML_ELEMENT]
[2026-06-23 11:01:37] [hamibot] [ LOG ]:[ LOG ] [tryClickNode]: tryClickNode: 节点clickable值: function clickable() {/*
boolean clickable()
*/}

[2026-06-23 11:01:37] [hamibot] [ LOG ]:[ LOG ] [tryClickNode]: tryClickNode: 节点clickable toString: function clickable() {/*
boolean clickable()
*/}

[2026-06-23 11:01:37] [hamibot] [ LOG ]:[ LOG ] [tryClickNode]: tryClickNode: 解析后的clickable值: true
[2026-06-23 11:01:37] [hamibot] [ LOG ]:[ LOG ] [tryClickNode]: tryClickNode: 节点本身可点击，执行直接点击
[2026-06-23 11:01:38] [hamibot] [ LOG ]:[ LOG ] [tryClickNode]: tryClickNode: 直接点击结果: true
[2026-06-23 11:01:51] [hamibot] [INFO]:[INFO] [findAllInTaskList]: [taskPopup] findAll「领取奖励」1个 2ms
[2026-06-23 11:02:00] [hamibot] [INFO]:[INFO] [findTaskTitleStrict]: [taskPopup] strict「浏览指定频道好物」miss 9ms
[2026-06-23 11:02:00] [hamibot] [WARN]:[WARN] [logPathFailure]: [路径失败] 浏览指定频道好物: 弹框已开，步骤[找到任务标题]失败：taskListWrap 内未找到文本[浏览指定频道好物]，任务可能已完成或不在本轮列表
[2026-06-23 11:02:12] [hamibot] [INFO]:[INFO] [findTaskTitleStrict]: [taskPopup] strict「搜一搜喜欢的商品」miss 15ms
[2026-06-23 11:02:12] [hamibot] [WARN]:[WARN] [logPathFailure]: [路径失败] 搜一搜喜欢的商品: 弹框已开，步骤[找到任务标题]失败：taskListWrap 内未找到文本[搜一搜喜欢的商品]，任务可能已完成或不在本轮列表
[2026-06-23 11:02:14] [hamibot] [INFO]:[INFO] [Outer]: [AI分析] context=路径失败: 浏览指定频道好物 / 找到任务标题 | 页面识别: unknown | 原因分析: 决策服务异常: [WinError 10038] 在一个非套接字上尝试了一个操作。 | 建议操作: abort
[2026-06-23 11:02:26] [hamibot] [INFO]:[INFO] [Outer]: [AI分析] context=路径失败: 搜一搜喜欢的商品 / 找到任务标题 | 页面识别: unknown | 原因分析: 决策服务异常: [WinError 10038] 在一个非套接字上尝试了一个操作。 | 建议操作: abort
[2026-06-23 11:02:34] [hamibot] [INFO]:[INFO] [findTaskTitleStrict]: [taskPopup] strict「去浏览全新好物」miss 11ms
[2026-06-23 11:02:35] [hamibot] [WARN]:[WARN] [logPathFailure]: [路径失败] 去浏览全新好物: 弹框已开，步骤[找到任务标题]失败：taskListWrap 内未找到文本[去浏览全新好物]，任务可能已完成或不在本轮列表
[2026-06-23 11:02:45] [hamibot] [INFO]:[INFO] [findTaskTitleStrict]: [taskPopup] strict「浏览推荐的国补商品」miss 10ms
[2026-06-23 11:02:46] [hamibot] [WARN]:[WARN] [logPathFailure]: [路径失败] 浏览推荐的国补商品: 弹框已开，步骤[找到任务标题]失败：taskListWrap 内未找到文本[浏览推荐的国补商品]，任务可能已完成或不在本轮列表
[2026-06-23 11:02:48] [hamibot] [INFO]:[INFO] [Outer]: [AI分析] context=路径失败: 去浏览全新好物 / 找到任务标题 | 页面识别: unknown | 原因分析: 决策服务异常: [WinError 10038] 在一个非套接字上尝试了一个操作。 | 建议操作: abort
[2026-06-23 11:02:59] [hamibot] [INFO]:[INFO] [Outer]: [AI分析] context=路径失败: 浏览推荐的国补商品 / 找到任务标题 | 页面识别: unknown | 原因分析: 决策服务异常: [WinError 10038] 在一个非套接字上尝试了一个操作。 | 建议操作: abort
[2026-06-23 11:03:07] [hamibot] [INFO]:[INFO] [findTaskTitleStrict]: [taskPopup] strict「去蚂蚁森林逛一逛」miss 9ms
[2026-06-23 11:03:07] [hamibot] [WARN]:[WARN] [logPathFailure]: [路径失败] 去蚂蚁森林逛一逛: 弹框已开，步骤[找到任务标题]失败：taskListWrap 内未找到文本[去蚂蚁森林逛一逛]，任务可能已完成或不在本轮列表
[2026-06-23 11:03:18] [hamibot] [INFO]:[INFO] [findTaskTitleStrict]: [taskPopup] strict「去支付宝农场领水果」miss 11ms
[2026-06-23 11:03:18] [hamibot] [WARN]:[WARN] [logPathFailure]: [路径失败] 去支付宝农场领水果: 弹框已开，步骤[找到任务标题]失败：taskListWrap 内未找到文本[去支付宝农场领水果]，任务可能已完成或不在本轮列表
[2026-06-23 11:03:21] [hamibot] [INFO]:[INFO] [Outer]: [AI分析] context=路径失败: 去蚂蚁森林逛一逛 / 找到任务标题 | 页面识别: unknown | 原因分析: 决策服务异常: [WinError 10038] 在一个非套接字上尝试了一个操作。 | 建议操作: abort
[2026-06-23 11:03:33] [hamibot] [INFO]:[INFO] [Outer]: [AI分析] context=路径失败: 去支付宝农场领水果 / 找到任务标题 | 页面识别: unknown | 原因分析: 决策服务异常: [WinError 10038] 在一个非套接字上尝试了一个操作。 | 建议操作: abort
[2026-06-23 11:03:41] [hamibot] [INFO]:[INFO] [findTaskTitleStrict]: [taskPopup] strict「去淘宝签到领红包」miss 10ms
[2026-06-23 11:03:41] [hamibot] [WARN]:[WARN] [logPathFailure]: [路径失败] 去淘宝签到领红包: 弹框已开，步骤[找到任务标题]失败：taskListWrap 内未找到文本[去淘宝签到领红包]，任务可能已完成或不在本轮列表
[2026-06-23 11:03:53] [hamibot] [INFO]:[INFO] [findTaskTitleStrict]: [taskPopup] strict「去蚂蚁森林逛一逛」miss 13ms
[2026-06-23 11:03:53] [hamibot] [WARN]:[WARN] [logPathFailure]: [路径失败] 去蚂蚁森林逛一逛: 弹框已开，步骤[找到任务标题]失败：taskListWrap 内未找到文本[去蚂蚁森林逛一逛]，任务可能已完成或不在本轮列表
[2026-06-23 11:03:56] [hamibot] [INFO]:[INFO] [Outer]: [AI分析] context=路径失败: 去淘宝签到领红包 / 找到任务标题 | 页面识别: unknown | 原因分析: 决策服务异常: [WinError 10038] 在一个非套接字上尝试了一个操作。 | 建议操作: abort
[2026-06-23 11:04:07] [hamibot] [INFO]:[INFO] [Outer]: [AI分析] context=路径失败: 去蚂蚁森林逛一逛 / 找到任务标题 | 页面识别: unknown | 原因分析: 决策服务异常: [WinError 10038] 在一个非套接字上尝试了一个操作。 | 建议操作: abort
[2026-06-23 11:04:14] [hamibot] [INFO]:[INFO] [findTaskTitleStrict]: [taskPopup] strict「去蚂蚁庄园逛一逛」exact 1ms
[2026-06-23 11:04:14] [hamibot] [INFO]:[INFO] [findTaskTitleStrict]: [taskPopup] strict「去蚂蚁庄园逛一逛」exact 1ms
[2026-06-23 11:04:14] [hamibot] [INFO]:[INFO] [findTaskTitleStrict]: [taskPopup] strict「去蚂蚁庄园逛一逛」exact 9ms
[2026-06-23 11:04:14] [hamibot] [INFO]:[INFO] [findAllInTaskList]: [taskPopup] findAll「去完成」23个 3ms
[2026-06-23 11:04:28] [hamibot] [INFO]:[INFO] [returnToXianyuApp]: returnToXianyu: start from com.eg.android.AlipayGphone
[2026-06-23 11:04:28] [hamibot] [INFO]:[INFO] [returnToXianyuApp]: returnToXianyu: attempt 1/4 pkg=com.eg.android.AlipayGphone
[2026-06-23 11:04:28] [hamibot] [INFO]:[INFO] [returnToXianyuApp]: returnToXianyu: back()
[2026-06-23 11:04:30] [hamibot] [INFO]:[INFO] [returnToXianyuApp]: returnToXianyu: after back pkg=com.taobao.idlefish
[2026-06-23 11:04:33] [hamibot] [INFO]:[INFO] [backMainPage]: backMainPage: on xianyu activity=com.taobao.idlefish.webview.WebHybridActivity, goto goldCoin
[2026-06-23 11:04:37] [hamibot] [INFO]:[INFO] [backMainPage]: backMainPage: goldCoin wait 缺少 newGameContainer（金币页独占 id，其他 H5/首页均无）
[2026-06-23 11:05:21] [hamibot] [INFO]:[INFO] [tryClickNode]: tryClickNode com.stardust.automator.UiObject@177042; boundsInParent: Rect(142, -9 - 267, 116); boundsInScreen: Rect(372, 1244 - 700, 1572); packageName: com.taobao.idlefish; className: android.view.View; text: ; contentDescription: null; viewId: mapDiceBtn; checkable: false; checked: false; focusable: false; focused: false; selected: false; clickable: true; longClickable: false; enabled: true; password: false; scrollable: false; [ACTION_CLICK, ACTION_ACCESSIBILITY_FOCUS, ACTION_NEXT_HTML_ELEMENT, ACTION_PREVIOUS_HTML_ELEMENT]
[2026-06-23 11:05:21] [hamibot] [ LOG ]:[ LOG ] [tryClickNode]: tryClickNode: 开始尝试点击节点 com.stardust.automator.UiObject@177042; boundsInParent: Rect(142, -9 - 267, 116); boundsInScreen: Rect(372, 1244 - 700, 1572); packageName: com.taobao.idlefish; className: android.view.View; text: ; contentDescription: null; viewId: mapDiceBtn; checkable: false; checked: false; focusable: false; focused: false; selected: false; clickable: true; longClickable: false; enabled: true; password: false; scrollable: false; [ACTION_CLICK, ACTION_ACCESSIBILITY_FOCUS, ACTION_NEXT_HTML_ELEMENT, ACTION_PREVIOUS_HTML_ELEMENT]
[2026-06-23 11:05:21] [hamibot] [ LOG ]:[ LOG ] [tryClickNode]: tryClickNode: 节点clickable值: function clickable() {/*
boolean clickable()
*/}

[2026-06-23 11:05:21] [hamibot] [ LOG ]:[ LOG ] [tryClickNode]: tryClickNode: 节点clickable toString: function clickable() {/*
boolean clickable()
*/}

[2026-06-23 11:05:21] [hamibot] [ LOG ]:[ LOG ] [tryClickNode]: tryClickNode: 解析后的clickable值: true
[2026-06-23 11:05:21] [hamibot] [ LOG ]:[ LOG ] [tryClickNode]: tryClickNode: 节点本身可点击，执行直接点击
[2026-06-23 11:05:21] [hamibot] [ LOG ]:[ LOG ] [tryClickNode]: tryClickNode: 直接点击结果: true
[2026-06-23 11:05:38] [hamibot] [INFO]:[INFO] [tryClickNode]: tryClickNode com.stardust.automator.UiObject@177042; boundsInParent: Rect(142, -9 - 267, 116); boundsInScreen: Rect(372, 1244 - 700, 1572); packageName: com.taobao.idlefish; className: android.view.View; text: ; contentDescription: null; viewId: mapDiceBtn; checkable: false; checked: false; focusable: false; focused: false; selected: false; clickable: true; longClickable: false; enabled: true; password: false; scrollable: false; [ACTION_CLICK, ACTION_ACCESSIBILITY_FOCUS, ACTION_NEXT_HTML_ELEMENT, ACTION_PREVIOUS_HTML_ELEMENT]
[2026-06-23 11:05:38] [hamibot] [ LOG ]:[ LOG ] [tryClickNode]: tryClickNode: 开始尝试点击节点 com.stardust.automator.UiObject@177042; boundsInParent: Rect(142, -9 - 267, 116); boundsInScreen: Rect(372, 1244 - 700, 1572); packageName: com.taobao.idlefish; className: android.view.View; text: ; contentDescription: null; viewId: mapDiceBtn; checkable: false; checked: false; focusable: false; focused: false; selected: false; clickable: true; longClickable: false; enabled: true; password: false; scrollable: false; [ACTION_CLICK, ACTION_ACCESSIBILITY_FOCUS, ACTION_NEXT_HTML_ELEMENT, ACTION_PREVIOUS_HTML_ELEMENT]
[2026-06-23 11:05:38] [hamibot] [ LOG ]:[ LOG ] [tryClickNode]: tryClickNode: 节点clickable值: function clickable() {/*
boolean clickable()
*/}

[2026-06-23 11:05:38] [hamibot] [ LOG ]:[ LOG ] [tryClickNode]: tryClickNode: 节点clickable toString: function clickable() {/*
boolean clickable()
*/}

[2026-06-23 11:05:38] [hamibot] [ LOG ]:[ LOG ] [tryClickNode]: tryClickNode: 解析后的clickable值: true
[2026-06-23 11:05:38] [hamibot] [ LOG ]:[ LOG ] [tryClickNode]: tryClickNode: 节点本身可点击，执行直接点击
[2026-06-23 11:05:38] [hamibot] [ LOG ]:[ LOG ] [tryClickNode]: tryClickNode: 直接点击结果: true
[2026-06-23 11:05:52] [hamibot] [INFO]:[INFO] [findAllInTaskList]: [taskPopup] findAll「领取奖励」1个 1ms
[2026-06-23 11:06:00] [hamibot] [INFO]:[INFO] [findTaskTitleStrict]: [taskPopup] strict「浏览指定频道好物」miss 12ms
[2026-06-23 11:06:01] [hamibot] [WARN]:[WARN] [logPathFailure]: [路径失败] 浏览指定频道好物: 弹框已开，步骤[找到任务标题]失败：taskListWrap 内未找到文本[浏览指定频道好物]，任务可能已完成或不在本轮列表
[2026-06-23 11:06:11] [hamibot] [INFO]:[INFO] [findTaskTitleStrict]: [taskPopup] strict「搜一搜喜欢的商品」miss 10ms
[2026-06-23 11:06:11] [hamibot] [WARN]:[WARN] [logPathFailure]: [路径失败] 搜一搜喜欢的商品: 弹框已开，步骤[找到任务标题]失败：taskListWrap 内未找到文本[搜一搜喜欢的商品]，任务可能已完成或不在本轮列表
[2026-06-23 11:06:13] [hamibot] [INFO]:[INFO] [Outer]: [AI分析] context=路径失败: 浏览指定频道好物 / 找到任务标题 | 页面识别: unknown | 原因分析: 决策服务异常: [WinError 10038] 在一个非套接字上尝试了一个操作。 | 建议操作: abort
[2026-06-23 11:06:24] [hamibot] [INFO]:[INFO] [Outer]: [AI分析] context=路径失败: 搜一搜喜欢的商品 / 找到任务标题 | 页面识别: unknown | 原因分析: 决策服务异常: [WinError 10038] 在一个非套接字上尝试了一个操作。 | 建议操作: abort
[2026-06-23 11:06:34] [hamibot] [INFO]:[INFO] [findTaskTitleStrict]: [taskPopup] strict「去浏览全新好物」miss 10ms
[2026-06-23 11:06:34] [hamibot] [WARN]:[WARN] [logPathFailure]: [路径失败] 去浏览全新好物: 弹框已开，步骤[找到任务标题]失败：taskListWrap 内未找到文本[去浏览全新好物]，任务可能已完成或不在本轮列表
[2026-06-23 11:06:45] [hamibot] [INFO]:[INFO] [findTaskTitleStrict]: [taskPopup] strict「浏览推荐的国补商品」miss 10ms
[2026-06-23 11:06:45] [hamibot] [WARN]:[WARN] [logPathFailure]: [路径失败] 浏览推荐的国补商品: 弹框已开，步骤[找到任务标题]失败：taskListWrap 内未找到文本[浏览推荐的国补商品]，任务可能已完成或不在本轮列表
[2026-06-23 11:06:47] [hamibot] [INFO]:[INFO] [Outer]: [AI分析] context=路径失败: 去浏览全新好物 / 找到任务标题 | 页面识别: unknown | 原因分析: 决策服务异常: [WinError 10038] 在一个非套接字上尝试了一个操作。 | 建议操作: abort
[2026-06-23 11:06:58] [hamibot] [INFO]:[INFO] [Outer]: [AI分析] context=路径失败: 浏览推荐的国补商品 / 找到任务标题 | 页面识别: unknown | 原因分析: 决策服务异常: [WinError 10038] 在一个非套接字上尝试了一个操作。 | 建议操作: abort
[2026-06-23 11:07:08] [hamibot] [INFO]:[INFO] [findTaskTitleStrict]: [taskPopup] strict「去蚂蚁森林逛一逛」exact 1ms
[2026-06-23 11:07:08] [hamibot] [INFO]:[INFO] [findTaskTitleStrict]: [taskPopup] strict「去蚂蚁森林逛一逛」exact 1ms
[2026-06-23 11:07:08] [hamibot] [INFO]:[INFO] [findTaskTitleStrict]: [taskPopup] strict「去蚂蚁森林逛一逛」exact 1ms
[2026-06-23 11:07:08] [hamibot] [INFO]:[INFO] [findAllInTaskList]: [taskPopup] findAll「去完成」23个 3ms
[2026-06-23 11:07:21] [hamibot] [INFO]:[INFO] [returnToXianyuApp]: returnToXianyu: start from com.eg.android.AlipayGphone
[2026-06-23 11:07:22] [hamibot] [INFO]:[INFO] [returnToXianyuApp]: returnToXianyu: attempt 1/4 pkg=com.eg.android.AlipayGphone
[2026-06-23 11:07:22] [hamibot] [INFO]:[INFO] [returnToXianyuApp]: returnToXianyu: back()
[2026-06-23 11:07:24] [hamibot] [INFO]:[INFO] [returnToXianyuApp]: returnToXianyu: after back pkg=com.taobao.idlefish
[2026-06-23 11:07:26] [hamibot] [INFO]:[INFO] [backMainPage]: backMainPage: on xianyu activity=com.taobao.idlefish.webview.WebHybridActivity, goto goldCoin
[2026-06-23 11:07:30] [hamibot] [INFO]:[INFO] [backMainPage]: backMainPage: goldCoin wait 缺少 newGameContainer（金币页独占 id，其他 H5/首页均无）
[2026-06-23 11:08:04] [hamibot] [INFO]:[INFO] [tryClickNode]: tryClickNode com.stardust.automator.UiObject@1a7f28; boundsInParent: Rect(142, -9 - 267, 116); boundsInScreen: Rect(372, 1244 - 700, 1572); packageName: com.taobao.idlefish; className: android.view.View; text: ; contentDescription: null; viewId: mapDiceBtn; checkable: false; checked: false; focusable: false; focused: false; selected: false; clickable: true; longClickable: false; enabled: true; password: false; scrollable: false; [ACTION_CLICK, ACTION_ACCESSIBILITY_FOCUS, ACTION_NEXT_HTML_ELEMENT, ACTION_PREVIOUS_HTML_ELEMENT]
[2026-06-23 11:08:04] [hamibot] [ LOG ]:[ LOG ] [tryClickNode]: tryClickNode: 开始尝试点击节点 com.stardust.automator.UiObject@1a7f28; boundsInParent: Rect(142, -9 - 267, 116); boundsInScreen: Rect(372, 1244 - 700, 1572); packageName: com.taobao.idlefish; className: android.view.View; text: ; contentDescription: null; viewId: mapDiceBtn; checkable: false; checked: false; focusable: false; focused: false; selected: false; clickable: true; longClickable: false; enabled: true; password: false; scrollable: false; [ACTION_CLICK, ACTION_ACCESSIBILITY_FOCUS, ACTION_NEXT_HTML_ELEMENT, ACTION_PREVIOUS_HTML_ELEMENT]
[2026-06-23 11:08:04] [hamibot] [ LOG ]:[ LOG ] [tryClickNode]: tryClickNode: 节点clickable值: function clickable() {/*
boolean clickable()
*/}

[2026-06-23 11:08:04] [hamibot] [ LOG ]:[ LOG ] [tryClickNode]: tryClickNode: 节点clickable toString: function clickable() {/*
boolean clickable()
*/}

[2026-06-23 11:08:04] [hamibot] [ LOG ]:[ LOG ] [tryClickNode]: tryClickNode: 解析后的clickable值: true
[2026-06-23 11:08:04] [hamibot] [ LOG ]:[ LOG ] [tryClickNode]: tryClickNode: 节点本身可点击，执行直接点击
[2026-06-23 11:08:04] [hamibot] [ LOG ]:[ LOG ] [tryClickNode]: tryClickNode: 直接点击结果: true
[2026-06-23 11:08:10] [hamibot] [INFO]:[INFO] [tryClickNode]: tryClickNode com.stardust.automator.UiObject@1a7f28; boundsInParent: Rect(142, -9 - 267, 116); boundsInScreen: Rect(372, 1244 - 700, 1572); packageName: com.taobao.idlefish; className: android.view.View; text: ; contentDescription: null; viewId: mapDiceBtn; checkable: false; checked: false; focusable: false; focused: false; selected: false; clickable: true; longClickable: false; enabled: true; password: false; scrollable: false; [ACTION_CLICK, ACTION_ACCESSIBILITY_FOCUS, ACTION_NEXT_HTML_ELEMENT, ACTION_PREVIOUS_HTML_ELEMENT]
[2026-06-23 11:08:10] [hamibot] [ LOG ]:[ LOG ] [tryClickNode]: tryClickNode: 开始尝试点击节点 com.stardust.automator.UiObject@1a7f28; boundsInParent: Rect(142, -9 - 267, 116); boundsInScreen: Rect(372, 1244 - 700, 1572); packageName: com.taobao.idlefish; className: android.view.View; text: ; contentDescription: null; viewId: mapDiceBtn; checkable: false; checked: false; focusable: false; focused: false; selected: false; clickable: true; longClickable: false; enabled: true; password: false; scrollable: false; [ACTION_CLICK, ACTION_ACCESSIBILITY_FOCUS, ACTION_NEXT_HTML_ELEMENT, ACTION_PREVIOUS_HTML_ELEMENT]
[2026-06-23 11:08:10] [hamibot] [ LOG ]:[ LOG ] [tryClickNode]: tryClickNode: 节点clickable值: function clickable() {/*
boolean clickable()
*/}

[2026-06-23 11:08:10] [hamibot] [ LOG ]:[ LOG ] [tryClickNode]: tryClickNode: 节点clickable toString: function clickable() {/*
boolean clickable()
*/}

[2026-06-23 11:08:10] [hamibot] [ LOG ]:[ LOG ] [tryClickNode]: tryClickNode: 解析后的clickable值: true
[2026-06-23 11:08:10] [hamibot] [ LOG ]:[ LOG ] [tryClickNode]: tryClickNode: 节点本身可点击，执行直接点击
[2026-06-23 11:08:10] [hamibot] [ LOG ]:[ LOG ] [tryClickNode]: tryClickNode: 直接点击结果: true
[2026-06-23 11:08:20] [hamibot] [INFO]:[INFO] [tryClickNode]: tryClickNode com.stardust.automator.UiObject@1a7f28; boundsInParent: Rect(142, -9 - 267, 116); boundsInScreen: Rect(372, 1244 - 700, 1572); packageName: com.taobao.idlefish; className: android.view.View; text: ; contentDescription: null; viewId: mapDiceBtn; checkable: false; checked: false; focusable: false; focused: false; selected: false; clickable: true; longClickable: false; enabled: true; password: false; scrollable: false; [ACTION_CLICK, ACTION_ACCESSIBILITY_FOCUS, ACTION_NEXT_HTML_ELEMENT, ACTION_PREVIOUS_HTML_ELEMENT]
[2026-06-23 11:08:20] [hamibot] [ LOG ]:[ LOG ] [tryClickNode]: tryClickNode: 开始尝试点击节点 com.stardust.automator.UiObject@1a7f28; boundsInParent: Rect(142, -9 - 267, 116); boundsInScreen: Rect(372, 1244 - 700, 1572); packageName: com.taobao.idlefish; className: android.view.View; text: ; contentDescription: null; viewId: mapDiceBtn; checkable: false; checked: false; focusable: false; focused: false; selected: false; clickable: true; longClickable: false; enabled: true; password: false; scrollable: false; [ACTION_CLICK, ACTION_ACCESSIBILITY_FOCUS, ACTION_NEXT_HTML_ELEMENT, ACTION_PREVIOUS_HTML_ELEMENT]
[2026-06-23 11:08:20] [hamibot] [ LOG ]:[ LOG ] [tryClickNode]: tryClickNode: 节点clickable值: function clickable() {/*
boolean clickable()
*/}

[2026-06-23 11:08:21] [hamibot] [ LOG ]:[ LOG ] [tryClickNode]: tryClickNode: 节点clickable toString: function clickable() {/*
boolean clickable()
*/}

[2026-06-23 11:08:21] [hamibot] [ LOG ]:[ LOG ] [tryClickNode]: tryClickNode: 解析后的clickable值: true
[2026-06-23 11:08:21] [hamibot] [ LOG ]:[ LOG ] [tryClickNode]: tryClickNode: 节点本身可点击，执行直接点击
[2026-06-23 11:08:21] [hamibot] [ LOG ]:[ LOG ] [tryClickNode]: tryClickNode: 直接点击结果: true
[2026-06-23 11:08:40] [hamibot] [INFO]:[INFO] [findAllInTaskList]: [taskPopup] findAll「领取奖励」1个 1ms
[2026-06-23 11:08:48] [hamibot] [INFO]:[INFO] [findTaskTitleStrict]: [taskPopup] strict「浏览指定频道好物」miss 10ms
[2026-06-23 11:08:48] [hamibot] [WARN]:[WARN] [logPathFailure]: [路径失败] 浏览指定频道好物: 弹框已开，步骤[找到任务标题]失败：taskListWrap 内未找到文本[浏览指定频道好物]，任务可能已完成或不在本轮列表
[2026-06-23 11:08:59] [hamibot] [INFO]:[INFO] [findTaskTitleStrict]: [taskPopup] strict「搜一搜喜欢的商品」miss 12ms
[2026-06-23 11:08:59] [hamibot] [WARN]:[WARN] [logPathFailure]: [路径失败] 搜一搜喜欢的商品: 弹框已开，步骤[找到任务标题]失败：taskListWrap 内未找到文本[搜一搜喜欢的商品]，任务可能已完成或不在本轮列表
[2026-06-23 11:09:01] [hamibot] [INFO]:[INFO] [Outer]: [AI分析] context=路径失败: 浏览指定频道好物 / 找到任务标题 | 页面识别: unknown | 原因分析: 决策服务异常: [WinError 10038] 在一个非套接字上尝试了一个操作。 | 建议操作: abort
[2026-06-23 11:09:11] [hamibot] [INFO]:[INFO] [Outer]: [AI分析] context=路径失败: 搜一搜喜欢的商品 / 找到任务标题 | 页面识别: unknown | 原因分析: 决策服务异常: [WinError 10038] 在一个非套接字上尝试了一个操作。 | 建议操作: abort
[2026-06-23 11:09:21] [hamibot] [INFO]:[INFO] [findTaskTitleStrict]: [taskPopup] strict「去浏览全新好物」miss 12ms
[2026-06-23 11:09:21] [hamibot] [WARN]:[WARN] [logPathFailure]: [路径失败] 去浏览全新好物: 弹框已开，步骤[找到任务标题]失败：taskListWrap 内未找到文本[去浏览全新好物]，任务可能已完成或不在本轮列表
[2026-06-23 11:09:32] [hamibot] [INFO]:[INFO] [findTaskTitleStrict]: [taskPopup] strict「浏览推荐的国补商品」miss 13ms
[2026-06-23 11:09:32] [hamibot] [WARN]:[WARN] [logPathFailure]: [路径失败] 浏览推荐的国补商品: 弹框已开，步骤[找到任务标题]失败：taskListWrap 内未找到文本[浏览推荐的国补商品]，任务可能已完成或不在本轮列表
[2026-06-23 11:09:34] [hamibot] [INFO]:[INFO] [Outer]: [AI分析] context=路径失败: 去浏览全新好物 / 找到任务标题 | 页面识别: unknown | 原因分析: 决策服务异常: [WinError 10038] 在一个非套接字上尝试了一个操作。 | 建议操作: abort
[2026-06-23 11:09:45] [hamibot] [INFO]:[INFO] [Outer]: [AI分析] context=路径失败: 浏览推荐的国补商品 / 找到任务标题 | 页面识别: unknown | 原因分析: 决策服务异常: [WinError 10038] 在一个非套接字上尝试了一个操作。 | 建议操作: abort
[2026-06-23 11:09:55] [hamibot] [INFO]:[INFO] [findTaskTitleStrict]: [taskPopup] strict「去蚂蚁森林逛一逛」miss 10ms
[2026-06-23 11:09:55] [hamibot] [WARN]:[WARN] [logPathFailure]: [路径失败] 去蚂蚁森林逛一逛: 弹框已开，步骤[找到任务标题]失败：taskListWrap 内未找到文本[去蚂蚁森林逛一逛]，任务可能已完成或不在本轮列表
[2026-06-23 11:10:06] [hamibot] [INFO]:[INFO] [findTaskTitleStrict]: [taskPopup] strict「去支付宝农场领水果」miss 12ms
[2026-06-23 11:10:06] [hamibot] [WARN]:[WARN] [logPathFailure]: [路径失败] 去支付宝农场领水果: 弹框已开，步骤[找到任务标题]失败：taskListWrap 内未找到文本[去支付宝农场领水果]，任务可能已完成或不在本轮列表
[2026-06-23 11:10:08] [hamibot] [INFO]:[INFO] [Outer]: [AI分析] context=路径失败: 去蚂蚁森林逛一逛 / 找到任务标题 | 页面识别: unknown | 原因分析: 决策服务异常: [WinError 10038] 在一个非套接字上尝试了一个操作。 | 建议操作: abort
[2026-06-23 11:10:18] [hamibot] [INFO]:[INFO] [Outer]: [AI分析] context=路径失败: 去支付宝农场领水果 / 找到任务标题 | 页面识别: unknown | 原因分析: 决策服务异常: [WinError 10038] 在一个非套接字上尝试了一个操作。 | 建议操作: abort
[2026-06-23 11:10:28] [hamibot] [INFO]:[INFO] [findTaskTitleStrict]: [taskPopup] strict「去淘宝签到领红包」miss 12ms
[2026-06-23 11:10:28] [hamibot] [WARN]:[WARN] [logPathFailure]: [路径失败] 去淘宝签到领红包: 弹框已开，步骤[找到任务标题]失败：taskListWrap 内未找到文本[去淘宝签到领红包]，任务可能已完成或不在本轮列表
[2026-06-23 11:10:39] [hamibot] [INFO]:[INFO] [findTaskTitleStrict]: [taskPopup] strict「去蚂蚁森林逛一逛」miss 12ms
[2026-06-23 11:10:40] [hamibot] [WARN]:[WARN] [logPathFailure]: [路径失败] 去蚂蚁森林逛一逛: 弹框已开，步骤[找到任务标题]失败：taskListWrap 内未找到文本[去蚂蚁森林逛一逛]，任务可能已完成或不在本轮列表
[2026-06-23 11:10:42] [hamibot] [INFO]:[INFO] [Outer]: [AI分析] context=路径失败: 去淘宝签到领红包 / 找到任务标题 | 页面识别: unknown | 原因分析: 决策服务异常: [WinError 10038] 在一个非套接字上尝试了一个操作。 | 建议操作: abort
[2026-06-23 11:10:53] [hamibot] [INFO]:[INFO] [Outer]: [AI分析] context=路径失败: 去蚂蚁森林逛一逛 / 找到任务标题 | 页面识别: unknown | 原因分析: 决策服务异常: [WinError 10038] 在一个非套接字上尝试了一个操作。 | 建议操作: abort
[2026-06-23 11:11:02] [hamibot] [INFO]:[INFO] [findTaskTitleStrict]: [taskPopup] strict「去蚂蚁庄园逛一逛」miss 9ms
[2026-06-23 11:11:02] [hamibot] [WARN]:[WARN] [logPathFailure]: [路径失败] 去蚂蚁庄园逛一逛: 弹框已开，步骤[找到任务标题]失败：taskListWrap 内未找到文本[去蚂蚁庄园逛一逛]，任务可能已完成或不在本轮列表
[2026-06-23 11:11:13] [hamibot] [INFO]:[INFO] [findTaskTitleStrict]: [taskPopup] strict「去支付宝领积分」exact 2ms
[2026-06-23 11:11:13] [hamibot] [INFO]:[INFO] [findTaskTitleStrict]: [taskPopup] strict「去支付宝领积分」exact 1ms
[2026-06-23 11:11:15] [hamibot] [INFO]:[INFO] [Outer]: [AI分析] context=路径失败: 去蚂蚁庄园逛一逛 / 找到任务标题 | 页面识别: unknown | 原因分析: 决策服务异常: [WinError 10038] 在一个非套接字上尝试了一个操作。 | 建议操作: abort
[2026-06-23 11:11:20] [hamibot] [INFO]:[INFO] [findTaskTitleStrict]: [taskPopup] strict「去支付宝领积分」exact 2ms
[2026-06-23 11:11:28] [hamibot] [INFO]:[INFO] [findTaskTitleStrict]: [taskPopup] strict「去支付宝领积分」exact 4ms
[2026-06-23 11:11:35] [hamibot] [INFO]:[INFO] [findTaskTitleStrict]: [taskPopup] strict「去支付宝领积分」exact 2ms
[2026-06-23 11:11:35] [hamibot] [INFO]:[INFO] [findTaskTitleStrict]: [taskPopup] strict「去支付宝领积分」exact 1ms
[2026-06-23 11:11:42] [hamibot] [INFO]:[INFO] [findAllInTaskList]: [taskPopup] findAll「去完成」23个 13ms
[2026-06-23 11:11:55] [hamibot] [INFO]:[INFO] [returnToXianyuApp]: returnToXianyu: start from com.eg.android.AlipayGphone
[2026-06-23 11:11:55] [hamibot] [INFO]:[INFO] [returnToXianyuApp]: returnToXianyu: attempt 1/4 pkg=com.eg.android.AlipayGphone
[2026-06-23 11:11:55] [hamibot] [INFO]:[INFO] [returnToXianyuApp]: returnToXianyu: back()
[2026-06-23 11:11:57] [hamibot] [INFO]:[INFO] [returnToXianyuApp]: returnToXianyu: after back pkg=com.taobao.idlefish
[2026-06-23 11:12:00] [hamibot] [INFO]:[INFO] [backMainPage]: backMainPage: on xianyu activity=com.taobao.idlefish.webview.WebHybridActivity, goto goldCoin
[2026-06-23 11:12:04] [hamibot] [INFO]:[INFO] [backMainPage]: backMainPage: goldCoin wait 缺少 newGameContainer（金币页独占 id，其他 H5/首页均无）
[2026-06-23 11:12:31] [hamibot] [INFO]:[INFO] [tryClickNode]: tryClickNode com.stardust.automator.UiObject@1dccc7; boundsInParent: Rect(142, -9 - 267, 116); boundsInScreen: Rect(372, 1244 - 700, 1572); packageName: com.taobao.idlefish; className: android.view.View; text: ; contentDescription: null; viewId: mapDiceBtn; checkable: false; checked: false; focusable: false; focused: false; selected: false; clickable: true; longClickable: false; enabled: true; password: false; scrollable: false; [ACTION_CLICK, ACTION_ACCESSIBILITY_FOCUS, ACTION_NEXT_HTML_ELEMENT, ACTION_PREVIOUS_HTML_ELEMENT]
[2026-06-23 11:12:31] [hamibot] [ LOG ]:[ LOG ] [tryClickNode]: tryClickNode: 开始尝试点击节点 com.stardust.automator.UiObject@1dccc7; boundsInParent: Rect(142, -9 - 267, 116); boundsInScreen: Rect(372, 1244 - 700, 1572); packageName: com.taobao.idlefish; className: android.view.View; text: ; contentDescription: null; viewId: mapDiceBtn; checkable: false; checked: false; focusable: false; focused: false; selected: false; clickable: true; longClickable: false; enabled: true; password: false; scrollable: false; [ACTION_CLICK, ACTION_ACCESSIBILITY_FOCUS, ACTION_NEXT_HTML_ELEMENT, ACTION_PREVIOUS_HTML_ELEMENT]
[2026-06-23 11:12:31] [hamibot] [ LOG ]:[ LOG ] [tryClickNode]: tryClickNode: 节点clickable值: function clickable() {/*
boolean clickable()
*/}

[2026-06-23 11:12:31] [hamibot] [ LOG ]:[ LOG ] [tryClickNode]: tryClickNode: 节点clickable toString: function clickable() {/*
boolean clickable()
*/}

[2026-06-23 11:12:31] [hamibot] [ LOG ]:[ LOG ] [tryClickNode]: tryClickNode: 解析后的clickable值: true
[2026-06-23 11:12:31] [hamibot] [ LOG ]:[ LOG ] [tryClickNode]: tryClickNode: 节点本身可点击，执行直接点击
[2026-06-23 11:12:31] [hamibot] [ LOG ]:[ LOG ] [tryClickNode]: tryClickNode: 直接点击结果: true
[2026-06-23 11:12:37] [hamibot] [INFO]:[INFO] [tryClickNode]: tryClickNode com.stardust.automator.UiObject@1dccc7; boundsInParent: Rect(142, -9 - 267, 116); boundsInScreen: Rect(372, 1244 - 700, 1572); packageName: com.taobao.idlefish; className: android.view.View; text: ; contentDescription: null; viewId: mapDiceBtn; checkable: false; checked: false; focusable: false; focused: false; selected: false; clickable: true; longClickable: false; enabled: true; password: false; scrollable: false; [ACTION_CLICK, ACTION_ACCESSIBILITY_FOCUS, ACTION_NEXT_HTML_ELEMENT, ACTION_PREVIOUS_HTML_ELEMENT]
[2026-06-23 11:12:37] [hamibot] [ LOG ]:[ LOG ] [tryClickNode]: tryClickNode: 开始尝试点击节点 com.stardust.automator.UiObject@1dccc7; boundsInParent: Rect(142, -9 - 267, 116); boundsInScreen: Rect(372, 1244 - 700, 1572); packageName: com.taobao.idlefish; className: android.view.View; text: ; contentDescription: null; viewId: mapDiceBtn; checkable: false; checked: false; focusable: false; focused: false; selected: false; clickable: true; longClickable: false; enabled: true; password: false; scrollable: false; [ACTION_CLICK, ACTION_ACCESSIBILITY_FOCUS, ACTION_NEXT_HTML_ELEMENT, ACTION_PREVIOUS_HTML_ELEMENT]
[2026-06-23 11:12:37] [hamibot] [ LOG ]:[ LOG ] [tryClickNode]: tryClickNode: 节点clickable值: function clickable() {/*
boolean clickable()
*/}

[2026-06-23 11:12:37] [hamibot] [ LOG ]:[ LOG ] [tryClickNode]: tryClickNode: 节点clickable toString: function clickable() {/*
boolean clickable()
*/}

[2026-06-23 11:12:37] [hamibot] [ LOG ]:[ LOG ] [tryClickNode]: tryClickNode: 解析后的clickable值: true
[2026-06-23 11:12:37] [hamibot] [ LOG ]:[ LOG ] [tryClickNode]: tryClickNode: 节点本身可点击，执行直接点击
[2026-06-23 11:12:37] [hamibot] [ LOG ]:[ LOG ] [tryClickNode]: tryClickNode: 直接点击结果: true
[2026-06-23 11:12:49] [hamibot] [INFO]:[INFO] [tryClickNode]: tryClickNode com.stardust.automator.UiObject@1dccc7; boundsInParent: Rect(142, -9 - 267, 116); boundsInScreen: Rect(372, 1244 - 700, 1572); packageName: com.taobao.idlefish; className: android.view.View; text: ; contentDescription: null; viewId: mapDiceBtn; checkable: false; checked: false; focusable: false; focused: false; selected: false; clickable: true; longClickable: false; enabled: true; password: false; scrollable: false; [ACTION_CLICK, ACTION_ACCESSIBILITY_FOCUS, ACTION_NEXT_HTML_ELEMENT, ACTION_PREVIOUS_HTML_ELEMENT]
[2026-06-23 11:12:49] [hamibot] [ LOG ]:[ LOG ] [tryClickNode]: tryClickNode: 开始尝试点击节点 com.stardust.automator.UiObject@1dccc7; boundsInParent: Rect(142, -9 - 267, 116); boundsInScreen: Rect(372, 1244 - 700, 1572); packageName: com.taobao.idlefish; className: android.view.View; text: ; contentDescription: null; viewId: mapDiceBtn; checkable: false; checked: false; focusable: false; focused: false; selected: false; clickable: true; longClickable: false; enabled: true; password: false; scrollable: false; [ACTION_CLICK, ACTION_ACCESSIBILITY_FOCUS, ACTION_NEXT_HTML_ELEMENT, ACTION_PREVIOUS_HTML_ELEMENT]
[2026-06-23 11:12:49] [hamibot] [ LOG ]:[ LOG ] [tryClickNode]: tryClickNode: 节点clickable值: function clickable() {/*
boolean clickable()
*/}

[2026-06-23 11:12:49] [hamibot] [ LOG ]:[ LOG ] [tryClickNode]: tryClickNode: 节点clickable toString: function clickable() {/*
boolean clickable()
*/}

[2026-06-23 11:12:49] [hamibot] [ LOG ]:[ LOG ] [tryClickNode]: tryClickNode: 解析后的clickable值: true
[2026-06-23 11:12:49] [hamibot] [ LOG ]:[ LOG ] [tryClickNode]: tryClickNode: 节点本身可点击，执行直接点击
[2026-06-23 11:12:49] [hamibot] [ LOG ]:[ LOG ] [tryClickNode]: tryClickNode: 直接点击结果: true
[2026-06-23 11:13:06] [hamibot] [INFO]:[INFO] [findAllInTaskList]: [taskPopup] findAll「领取奖励」1个 1ms
[2026-06-23 11:13:16] [hamibot] [INFO]:[INFO] [findTaskTitleStrict]: [taskPopup] strict「浏览指定频道好物」miss 10ms
[2026-06-23 11:13:16] [hamibot] [WARN]:[WARN] [logPathFailure]: [路径失败] 浏览指定频道好物: 弹框已开，步骤[找到任务标题]失败：taskListWrap 内未找到文本[浏览指定频道好物]，任务可能已完成或不在本轮列表
[2026-06-23 11:13:26] [hamibot] [INFO]:[INFO] [findTaskTitleStrict]: [taskPopup] strict「搜一搜喜欢的商品」miss 15ms
[2026-06-23 11:13:26] [hamibot] [WARN]:[WARN] [logPathFailure]: [路径失败] 搜一搜喜欢的商品: 弹框已开，步骤[找到任务标题]失败：taskListWrap 内未找到文本[搜一搜喜欢的商品]，任务可能已完成或不在本轮列表
[2026-06-23 11:13:28] [hamibot] [INFO]:[INFO] [Outer]: [AI分析] context=路径失败: 浏览指定频道好物 / 找到任务标题 | 页面识别: unknown | 原因分析: 决策服务异常: [WinError 10038] 在一个非套接字上尝试了一个操作。 | 建议操作: abort
[2026-06-23 11:13:40] [hamibot] [INFO]:[INFO] [Outer]: [AI分析] context=路径失败: 搜一搜喜欢的商品 / 找到任务标题 | 页面识别: unknown | 原因分析: 决策服务异常: [WinError 10038] 在一个非套接字上尝试了一个操作。 | 建议操作: abort
[2026-06-23 11:13:49] [hamibot] [INFO]:[INFO] [findTaskTitleStrict]: [taskPopup] strict「去浏览全新好物」miss 10ms
[2026-06-23 11:13:49] [hamibot] [WARN]:[WARN] [logPathFailure]: [路径失败] 去浏览全新好物: 弹框已开，步骤[找到任务标题]失败：taskListWrap 内未找到文本[去浏览全新好物]，任务可能已完成或不在本轮列表
[2026-06-23 11:13:59] [hamibot] [INFO]:[INFO] [findTaskTitleStrict]: [taskPopup] strict「浏览推荐的国补商品」miss 16ms
[2026-06-23 11:14:00] [hamibot] [WARN]:[WARN] [logPathFailure]: [路径失败] 浏览推荐的国补商品: 弹框已开，步骤[找到任务标题]失败：taskListWrap 内未找到文本[浏览推荐的国补商品]，任务可能已完成或不在本轮列表
[2026-06-23 11:14:02] [hamibot] [INFO]:[INFO] [Outer]: [AI分析] context=路径失败: 去浏览全新好物 / 找到任务标题 | 页面识别: unknown | 原因分析: 决策服务异常: [WinError 10038] 在一个非套接字上尝试了一个操作。 | 建议操作: abort
[2026-06-23 11:14:13] [hamibot] [INFO]:[INFO] [Outer]: [AI分析] context=路径失败: 浏览推荐的国补商品 / 找到任务标题 | 页面识别: unknown | 原因分析: 决策服务异常: [WinError 10038] 在一个非套接字上尝试了一个操作。 | 建议操作: abort
[2026-06-23 11:14:23] [hamibot] [INFO]:[INFO] [findTaskTitleStrict]: [taskPopup] strict「去蚂蚁森林逛一逛」miss 10ms
[2026-06-23 11:14:23] [hamibot] [WARN]:[WARN] [logPathFailure]: [路径失败] 去蚂蚁森林逛一逛: 弹框已开，步骤[找到任务标题]失败：taskListWrap 内未找到文本[去蚂蚁森林逛一逛]，任务可能已完成或不在本轮列表
[2026-06-23 11:14:34] [hamibot] [INFO]:[INFO] [findTaskTitleStrict]: [taskPopup] strict「去支付宝农场领水果」miss 13ms
[2026-06-23 11:14:34] [hamibot] [WARN]:[WARN] [logPathFailure]: [路径失败] 去支付宝农场领水果: 弹框已开，步骤[找到任务标题]失败：taskListWrap 内未找到文本[去支付宝农场领水果]，任务可能已完成或不在本轮列表
[2026-06-23 11:14:36] [hamibot] [INFO]:[INFO] [Outer]: [AI分析] context=路径失败: 去蚂蚁森林逛一逛 / 找到任务标题 | 页面识别: unknown | 原因分析: 决策服务异常: [WinError 10038] 在一个非套接字上尝试了一个操作。 | 建议操作: abort
[2026-06-23 11:14:47] [hamibot] [INFO]:[INFO] [Outer]: [AI分析] context=路径失败: 去支付宝农场领水果 / 找到任务标题 | 页面识别: unknown | 原因分析: 决策服务异常: [WinError 10038] 在一个非套接字上尝试了一个操作。 | 建议操作: abort
[2026-06-23 11:14:57] [hamibot] [INFO]:[INFO] [findTaskTitleStrict]: [taskPopup] strict「去淘宝签到领红包」miss 10ms
[2026-06-23 11:14:57] [hamibot] [WARN]:[WARN] [logPathFailure]: [路径失败] 去淘宝签到领红包: 弹框已开，步骤[找到任务标题]失败：taskListWrap 内未找到文本[去淘宝签到领红包]，任务可能已完成或不在本轮列表
[2026-06-23 11:15:08] [hamibot] [INFO]:[INFO] [findTaskTitleStrict]: [taskPopup] strict「去蚂蚁森林逛一逛」miss 14ms
[2026-06-23 11:15:08] [hamibot] [WARN]:[WARN] [logPathFailure]: [路径失败] 去蚂蚁森林逛一逛: 弹框已开，步骤[找到任务标题]失败：taskListWrap 内未找到文本[去蚂蚁森林逛一逛]，任务可能已完成或不在本轮列表
[2026-06-23 11:15:10] [hamibot] [INFO]:[INFO] [Outer]: [AI分析] context=路径失败: 去淘宝签到领红包 / 找到任务标题 | 页面识别: unknown | 原因分析: 决策服务异常: [WinError 10038] 在一个非套接字上尝试了一个操作。 | 建议操作: abort
[2026-06-23 11:15:21] [hamibot] [INFO]:[INFO] [Outer]: [AI分析] context=路径失败: 去蚂蚁森林逛一逛 / 找到任务标题 | 页面识别: unknown | 原因分析: 决策服务异常: [WinError 10038] 在一个非套接字上尝试了一个操作。 | 建议操作: abort
[2026-06-23 11:15:30] [hamibot] [INFO]:[INFO] [findTaskTitleStrict]: [taskPopup] strict「去蚂蚁庄园逛一逛」miss 10ms
[2026-06-23 11:15:30] [hamibot] [WARN]:[WARN] [logPathFailure]: [路径失败] 去蚂蚁庄园逛一逛: 弹框已开，步骤[找到任务标题]失败：taskListWrap 内未找到文本[去蚂蚁庄园逛一逛]，任务可能已完成或不在本轮列表
[2026-06-23 11:15:41] [hamibot] [INFO]:[INFO] [findTaskTitleStrict]: [taskPopup] strict「去支付宝领积分」miss 11ms
[2026-06-23 11:15:41] [hamibot] [WARN]:[WARN] [logPathFailure]: [路径失败] 去支付宝领积分: 弹框已开，步骤[找到任务标题]失败：taskListWrap 内未找到文本[去支付宝领积分]，任务可能已完成或不在本轮列表
[2026-06-23 11:15:43] [hamibot] [INFO]:[INFO] [Outer]: [AI分析] context=路径失败: 去蚂蚁庄园逛一逛 / 找到任务标题 | 页面识别: unknown | 原因分析: 决策服务异常: [WinError 10038] 在一个非套接字上尝试了一个操作。 | 建议操作: abort
[2026-06-23 11:15:54] [hamibot] [INFO]:[INFO] [Outer]: [AI分析] context=路径失败: 去支付宝领积分 / 找到任务标题 | 页面识别: unknown | 原因分析: 决策服务异常: [WinError 10038] 在一个非套接字上尝试了一个操作。 | 建议操作: abort
[2026-06-23 11:16:02] [hamibot] [INFO]:[INFO] [findTaskTitleStrict]: [taskPopup] strict「浏览鱼小铺工作台」exact 0ms
[2026-06-23 11:16:02] [hamibot] [INFO]:[INFO] [findTaskTitleStrict]: [taskPopup] strict「浏览鱼小铺工作台」exact 1ms
[2026-06-23 11:16:09] [hamibot] [INFO]:[INFO] [findTaskTitleStrict]: [taskPopup] strict「浏览鱼小铺工作台」exact 2ms
[2026-06-23 11:16:16] [hamibot] [INFO]:[INFO] [findTaskTitleStrict]: [taskPopup] strict「浏览鱼小铺工作台」exact 1ms
[2026-06-23 11:16:17] [hamibot] [INFO]:[INFO] [findTaskTitleStrict]: [taskPopup] strict「浏览鱼小铺工作台」exact 3ms
[2026-06-23 11:16:17] [hamibot] [INFO]:[INFO] [findAllInTaskList]: [taskPopup] findAll「去完成」23个 3ms
[2026-06-23 11:16:30] [hamibot] [INFO]:[INFO] [backMainPage]: backMainPage: on xianyu activity=com.taobao.idlefish.webview.WebHybridActivity, goto goldCoin
[2026-06-23 11:16:34] [hamibot] [INFO]:[INFO] [backMainPage]: backMainPage: goldCoin wait 缺少 newGameContainer（金币页独占 id，其他 H5/首页均无）
[2026-06-23 11:17:01] [hamibot] [INFO]:[INFO] [tryClickNode]: tryClickNode com.stardust.automator.UiObject@2264da; boundsInParent: Rect(142, -9 - 267, 116); boundsInScreen: Rect(372, 1244 - 700, 1572); packageName: com.taobao.idlefish; className: android.view.View; text: ; contentDescription: null; viewId: mapDiceBtn; checkable: false; checked: false; focusable: false; focused: false; selected: false; clickable: true; longClickable: false; enabled: true; password: false; scrollable: false; [ACTION_CLICK, ACTION_ACCESSIBILITY_FOCUS, ACTION_NEXT_HTML_ELEMENT, ACTION_PREVIOUS_HTML_ELEMENT]
[2026-06-23 11:17:01] [hamibot] [ LOG ]:[ LOG ] [tryClickNode]: tryClickNode: 开始尝试点击节点 com.stardust.automator.UiObject@2264da; boundsInParent: Rect(142, -9 - 267, 116); boundsInScreen: Rect(372, 1244 - 700, 1572); packageName: com.taobao.idlefish; className: android.view.View; text: ; contentDescription: null; viewId: mapDiceBtn; checkable: false; checked: false; focusable: false; focused: false; selected: false; clickable: true; longClickable: false; enabled: true; password: false; scrollable: false; [ACTION_CLICK, ACTION_ACCESSIBILITY_FOCUS, ACTION_NEXT_HTML_ELEMENT, ACTION_PREVIOUS_HTML_ELEMENT]
[2026-06-23 11:17:01] [hamibot] [ LOG ]:[ LOG ] [tryClickNode]: tryClickNode: 节点clickable值: function clickable() {/*
boolean clickable()
*/}

[2026-06-23 11:17:01] [hamibot] [ LOG ]:[ LOG ] [tryClickNode]: tryClickNode: 节点clickable toString: function clickable() {/*
boolean clickable()
*/}

[2026-06-23 11:17:01] [hamibot] [ LOG ]:[ LOG ] [tryClickNode]: tryClickNode: 解析后的clickable值: true
[2026-06-23 11:17:01] [hamibot] [ LOG ]:[ LOG ] [tryClickNode]: tryClickNode: 节点本身可点击，执行直接点击
[2026-06-23 11:17:01] [hamibot] [ LOG ]:[ LOG ] [tryClickNode]: tryClickNode: 直接点击结果: true
[2026-06-23 11:17:28] [hamibot] [INFO]:[INFO] [tryClickNode]: tryClickNode com.stardust.automator.UiObject@2264da; boundsInParent: Rect(142, -9 - 267, 116); boundsInScreen: Rect(372, 1244 - 700, 1572); packageName: com.taobao.idlefish; className: android.view.View; text: ; contentDescription: null; viewId: mapDiceBtn; checkable: false; checked: false; focusable: false; focused: false; selected: false; clickable: true; longClickable: false; enabled: true; password: false; scrollable: false; [ACTION_CLICK, ACTION_ACCESSIBILITY_FOCUS, ACTION_NEXT_HTML_ELEMENT, ACTION_PREVIOUS_HTML_ELEMENT]
[2026-06-23 11:17:28] [hamibot] [ LOG ]:[ LOG ] [tryClickNode]: tryClickNode: 开始尝试点击节点 com.stardust.automator.UiObject@2264da; boundsInParent: Rect(142, -9 - 267, 116); boundsInScreen: Rect(372, 1244 - 700, 1572); packageName: com.taobao.idlefish; className: android.view.View; text: ; contentDescription: null; viewId: mapDiceBtn; checkable: false; checked: false; focusable: false; focused: false; selected: false; clickable: true; longClickable: false; enabled: true; password: false; scrollable: false; [ACTION_CLICK, ACTION_ACCESSIBILITY_FOCUS, ACTION_NEXT_HTML_ELEMENT, ACTION_PREVIOUS_HTML_ELEMENT]
[2026-06-23 11:17:28] [hamibot] [ LOG ]:[ LOG ] [tryClickNode]: tryClickNode: 节点clickable值: function clickable() {/*
boolean clickable()
*/}

[2026-06-23 11:17:28] [hamibot] [ LOG ]:[ LOG ] [tryClickNode]: tryClickNode: 节点clickable toString: function clickable() {/*
boolean clickable()
*/}

[2026-06-23 11:17:28] [hamibot] [ LOG ]:[ LOG ] [tryClickNode]: tryClickNode: 解析后的clickable值: true
[2026-06-23 11:17:28] [hamibot] [ LOG ]:[ LOG ] [tryClickNode]: tryClickNode: 节点本身可点击，执行直接点击
[2026-06-23 11:17:28] [hamibot] [ LOG ]:[ LOG ] [tryClickNode]: tryClickNode: 直接点击结果: true
[2026-06-23 11:17:36] [hamibot] [ERROR]:[ERROR] [haltGoldFlow]: 【金币任务停止】在金币页但无法打开任务弹框(taskWrap)。若出现新拦截弹框请采集 pages 后补充 goldBlockers 规则
[2026-06-23 11:17:36] [hamibot] [INFO]:[INFO] [requestTaskStop]: taskControl: 收到停止请求 (在金币页但无法打开任务弹框(taskWrap)。若出现新拦截弹框请采集 pages 后补充 goldBlockers 规则)
[2026-06-23 11:17:42] [hamibot] [INFO]:[INFO] [Outer]: [AI分析] context=haltGoldFlow: 在金币页但无法打开任务弹框(taskWrap)。若出现新拦截弹框请采集 pages 后补充 goldBlockers 规则 | 页面识别: unknown | 原因分析: 决策服务异常: [WinError 10038] 在一个非套接字上尝试了一个操作。 | 建议操作: abort
[2026-06-23 11:17:45] [hamibot] [WARN]:[WARN] [logPathFailure]: [路径失败] 浏览鱼小铺工作台: 在金币页但任务弹框已关闭；步骤[__halted__]：弹框可能被手势关闭或重新加载
[2026-06-23 11:17:48] [hamibot] [INFO]:[INFO] [Outer]: [AI分析] context=路径失败: 浏览鱼小铺工作台 / __halted__ | 页面识别: unknown | 原因分析: 决策服务异常: [WinError 10038] 在一个非套接字上尝试了一个操作。 | 建议操作: abort
[2026-06-23 11:17:58] [hamibot] [INFO]:[INFO] [tryClickNode]: tryClickNode com.stardust.automator.UiObject@2264da; boundsInParent: Rect(142, -9 - 267, 116); boundsInScreen: Rect(372, 1244 - 700, 1572); packageName: com.taobao.idlefish; className: android.view.View; text: ; contentDescription: null; viewId: mapDiceBtn; checkable: false; checked: false; focusable: false; focused: false; selected: false; clickable: true; longClickable: false; enabled: true; password: false; scrollable: false; [ACTION_CLICK, ACTION_ACCESSIBILITY_FOCUS, ACTION_NEXT_HTML_ELEMENT, ACTION_PREVIOUS_HTML_ELEMENT]
[2026-06-23 11:17:58] [hamibot] [ LOG ]:[ LOG ] [tryClickNode]: tryClickNode: 开始尝试点击节点 com.stardust.automator.UiObject@2264da; boundsInParent: Rect(142, -9 - 267, 116); boundsInScreen: Rect(372, 1244 - 700, 1572); packageName: com.taobao.idlefish; className: android.view.View; text: ; contentDescription: null; viewId: mapDiceBtn; checkable: false; checked: false; focusable: false; focused: false; selected: false; clickable: true; longClickable: false; enabled: true; password: false; scrollable: false; [ACTION_CLICK, ACTION_ACCESSIBILITY_FOCUS, ACTION_NEXT_HTML_ELEMENT, ACTION_PREVIOUS_HTML_ELEMENT]
[2026-06-23 11:17:58] [hamibot] [ LOG ]:[ LOG ] [tryClickNode]: tryClickNode: 节点clickable值: function clickable() {/*
boolean clickable()
*/}

[2026-06-23 11:17:59] [hamibot] [ LOG ]:[ LOG ] [tryClickNode]: tryClickNode: 节点clickable toString: function clickable() {/*
boolean clickable()
*/}

[2026-06-23 11:17:59] [hamibot] [ LOG ]:[ LOG ] [tryClickNode]: tryClickNode: 解析后的clickable值: true
[2026-06-23 11:17:59] [hamibot] [ LOG ]:[ LOG ] [tryClickNode]: tryClickNode: 节点本身可点击，执行直接点击
[2026-06-23 11:17:59] [hamibot] [ LOG ]:[ LOG ] [tryClickNode]: tryClickNode: 直接点击结果: true
[2026-06-23 11:18:11] [hamibot] [WARN]:[WARN] [logPathFailure]: [路径失败] 去支付宝领积分: 在金币页但任务弹框已关闭；步骤[__halted__]：弹框可能被手势关闭或重新加载
[2026-06-23 11:18:21] [hamibot] [INFO]:[INFO] [Outer]: [AI分析] context=路径失败: 去支付宝领积分 / __halted__ | 页面识别: unknown | 原因分析: 决策服务异常: [WinError 10038] 在一个非套接字上尝试了一个操作。 | 建议操作: abort
[2026-06-23 11:18:30] [hamibot] [INFO]:[INFO] [tryClickNode]: tryClickNode com.stardust.automator.UiObject@2264da; boundsInParent: Rect(142, -9 - 267, 116); boundsInScreen: Rect(372, 1244 - 700, 1572); packageName: com.taobao.idlefish; className: android.view.View; text: ; contentDescription: null; viewId: mapDiceBtn; checkable: false; checked: false; focusable: false; focused: false; selected: false; clickable: true; longClickable: false; enabled: true; password: false; scrollable: false; [ACTION_CLICK, ACTION_ACCESSIBILITY_FOCUS, ACTION_NEXT_HTML_ELEMENT, ACTION_PREVIOUS_HTML_ELEMENT]
[2026-06-23 11:18:30] [hamibot] [ LOG ]:[ LOG ] [tryClickNode]: tryClickNode: 开始尝试点击节点 com.stardust.automator.UiObject@2264da; boundsInParent: Rect(142, -9 - 267, 116); boundsInScreen: Rect(372, 1244 - 700, 1572); packageName: com.taobao.idlefish; className: android.view.View; text: ; contentDescription: null; viewId: mapDiceBtn; checkable: false; checked: false; focusable: false; focused: false; selected: false; clickable: true; longClickable: false; enabled: true; password: false; scrollable: false; [ACTION_CLICK, ACTION_ACCESSIBILITY_FOCUS, ACTION_NEXT_HTML_ELEMENT, ACTION_PREVIOUS_HTML_ELEMENT]
[2026-06-23 11:18:30] [hamibot] [ LOG ]:[ LOG ] [tryClickNode]: tryClickNode: 节点clickable值: function clickable() {/*
boolean clickable()
*/}

[2026-06-23 11:18:31] [hamibot] [ LOG ]:[ LOG ] [tryClickNode]: tryClickNode: 节点clickable toString: function clickable() {/*
boolean clickable()
*/}

[2026-06-23 11:18:31] [hamibot] [ LOG ]:[ LOG ] [tryClickNode]: tryClickNode: 解析后的clickable值: true
[2026-06-23 11:18:31] [hamibot] [ LOG ]:[ LOG ] [tryClickNode]: tryClickNode: 节点本身可点击，执行直接点击
[2026-06-23 11:18:31] [hamibot] [ LOG ]:[ LOG ] [tryClickNode]: tryClickNode: 直接点击结果: true
[2026-06-23 11:18:41] [hamibot] [WARN]:[WARN] [logPathFailure]: [路径失败] 去蚂蚁森林逛一逛: 在金币页但任务弹框已关闭；步骤[__halted__]：弹框可能被手势关闭或重新加载
[2026-06-23 11:18:44] [hamibot] [INFO]:[INFO] [Outer]: [AI分析] context=路径失败: 去蚂蚁森林逛一逛 / __halted__ | 页面识别: unknown | 原因分析: 决策服务异常: [WinError 10038] 在一个非套接字上尝试了一个操作。 | 建议操作: abort
[2026-06-23 11:18:54] [hamibot] [INFO]:[INFO] [tryClickNode]: tryClickNode com.stardust.automator.UiObject@2264da; boundsInParent: Rect(142, -9 - 267, 116); boundsInScreen: Rect(372, 1244 - 700, 1572); packageName: com.taobao.idlefish; className: android.view.View; text: ; contentDescription: null; viewId: mapDiceBtn; checkable: false; checked: false; focusable: false; focused: false; selected: false; clickable: true; longClickable: false; enabled: true; password: false; scrollable: false; [ACTION_CLICK, ACTION_ACCESSIBILITY_FOCUS, ACTION_NEXT_HTML_ELEMENT, ACTION_PREVIOUS_HTML_ELEMENT]
[2026-06-23 11:18:54] [hamibot] [ LOG ]:[ LOG ] [tryClickNode]: tryClickNode: 开始尝试点击节点 com.stardust.automator.UiObject@2264da; boundsInParent: Rect(142, -9 - 267, 116); boundsInScreen: Rect(372, 1244 - 700, 1572); packageName: com.taobao.idlefish; className: android.view.View; text: ; contentDescription: null; viewId: mapDiceBtn; checkable: false; checked: false; focusable: false; focused: false; selected: false; clickable: true; longClickable: false; enabled: true; password: false; scrollable: false; [ACTION_CLICK, ACTION_ACCESSIBILITY_FOCUS, ACTION_NEXT_HTML_ELEMENT, ACTION_PREVIOUS_HTML_ELEMENT]
[2026-06-23 11:18:54] [hamibot] [ LOG ]:[ LOG ] [tryClickNode]: tryClickNode: 节点clickable值: function clickable() {/*
boolean clickable()
*/}

[2026-06-23 11:18:54] [hamibot] [ LOG ]:[ LOG ] [tryClickNode]: tryClickNode: 节点clickable toString: function clickable() {/*
boolean clickable()
*/}

[2026-06-23 11:18:54] [hamibot] [ LOG ]:[ LOG ] [tryClickNode]: tryClickNode: 解析后的clickable值: true
[2026-06-23 11:18:54] [hamibot] [ LOG ]:[ LOG ] [tryClickNode]: tryClickNode: 节点本身可点击，执行直接点击
[2026-06-23 11:18:54] [hamibot] [ LOG ]:[ LOG ] [tryClickNode]: tryClickNode: 直接点击结果: true
[2026-06-23 11:19:06] [hamibot] [WARN]:[WARN] [logPathFailure]: [路径失败] 去蚂蚁庄园逛一逛: 在金币页但任务弹框已关闭；步骤[__halted__]：弹框可能被手势关闭或重新加载
[2026-06-23 11:19:09] [hamibot] [INFO]:[INFO] [Outer]: [AI分析] context=路径失败: 去蚂蚁庄园逛一逛 / __halted__ | 页面识别: unknown | 原因分析: 决策服务异常: [WinError 10038] 在一个非套接字上尝试了一个操作。 | 建议操作: abort
[2026-06-23 11:19:21] [hamibot] [INFO]:[INFO] [tryClickNode]: tryClickNode com.stardust.automator.UiObject@2264da; boundsInParent: Rect(142, -9 - 267, 116); boundsInScreen: Rect(372, 1244 - 700, 1572); packageName: com.taobao.idlefish; className: android.view.View; text: ; contentDescription: null; viewId: mapDiceBtn; checkable: false; checked: false; focusable: false; focused: false; selected: false; clickable: true; longClickable: false; enabled: true; password: false; scrollable: false; [ACTION_CLICK, ACTION_ACCESSIBILITY_FOCUS, ACTION_NEXT_HTML_ELEMENT, ACTION_PREVIOUS_HTML_ELEMENT]
[2026-06-23 11:19:21] [hamibot] [ LOG ]:[ LOG ] [tryClickNode]: tryClickNode: 开始尝试点击节点 com.stardust.automator.UiObject@2264da; boundsInParent: Rect(142, -9 - 267, 116); boundsInScreen: Rect(372, 1244 - 700, 1572); packageName: com.taobao.idlefish; className: android.view.View; text: ; contentDescription: null; viewId: mapDiceBtn; checkable: false; checked: false; focusable: false; focused: false; selected: false; clickable: true; longClickable: false; enabled: true; password: false; scrollable: false; [ACTION_CLICK, ACTION_ACCESSIBILITY_FOCUS, ACTION_NEXT_HTML_ELEMENT, ACTION_PREVIOUS_HTML_ELEMENT]
[2026-06-23 11:19:21] [hamibot] [ LOG ]:[ LOG ] [tryClickNode]: tryClickNode: 节点clickable值: function clickable() {/*
boolean clickable()
*/}

[2026-06-23 11:19:21] [hamibot] [ LOG ]:[ LOG ] [tryClickNode]: tryClickNode: 节点clickable toString: function clickable() {/*
boolean clickable()
*/}

[2026-06-23 11:19:21] [hamibot] [ LOG ]:[ LOG ] [tryClickNode]: tryClickNode: 解析后的clickable值: true
[2026-06-23 11:19:21] [hamibot] [ LOG ]:[ LOG ] [tryClickNode]: tryClickNode: 节点本身可点击，执行直接点击
[2026-06-23 11:19:21] [hamibot] [ LOG ]:[ LOG ] [tryClickNode]: tryClickNode: 直接点击结果: true
[2026-06-23 11:19:33] [hamibot] [WARN]:[WARN] [logPathFailure]: [路径失败] 去淘宝签到领红包: 在金币页但任务弹框已关闭；步骤[__halted__]：弹框可能被手势关闭或重新加载
[2026-06-23 11:19:36] [hamibot] [INFO]:[INFO] [Outer]: [AI分析] context=路径失败: 去淘宝签到领红包 / __halted__ | 页面识别: unknown | 原因分析: 决策服务异常: [WinError 10038] 在一个非套接字上尝试了一个操作。 | 建议操作: abort
[2026-06-23 11:19:42] [hamibot] [INFO]:[INFO] [tryClickNode]: tryClickNode com.stardust.automator.UiObject@2264da; boundsInParent: Rect(142, -9 - 267, 116); boundsInScreen: Rect(372, 1244 - 700, 1572); packageName: com.taobao.idlefish; className: android.view.View; text: ; contentDescription: null; viewId: mapDiceBtn; checkable: false; checked: false; focusable: false; focused: false; selected: false; clickable: true; longClickable: false; enabled: true; password: false; scrollable: false; [ACTION_CLICK, ACTION_ACCESSIBILITY_FOCUS, ACTION_NEXT_HTML_ELEMENT, ACTION_PREVIOUS_HTML_ELEMENT]
[2026-06-23 11:19:42] [hamibot] [ LOG ]:[ LOG ] [tryClickNode]: tryClickNode: 开始尝试点击节点 com.stardust.automator.UiObject@2264da; boundsInParent: Rect(142, -9 - 267, 116); boundsInScreen: Rect(372, 1244 - 700, 1572); packageName: com.taobao.idlefish; className: android.view.View; text: ; contentDescription: null; viewId: mapDiceBtn; checkable: false; checked: false; focusable: false; focused: false; selected: false; clickable: true; longClickable: false; enabled: true; password: false; scrollable: false; [ACTION_CLICK, ACTION_ACCESSIBILITY_FOCUS, ACTION_NEXT_HTML_ELEMENT, ACTION_PREVIOUS_HTML_ELEMENT]
[2026-06-23 11:19:42] [hamibot] [ LOG ]:[ LOG ] [tryClickNode]: tryClickNode: 节点clickable值: function clickable() {/*
boolean clickable()
*/}

[2026-06-23 11:19:42] [hamibot] [ LOG ]:[ LOG ] [tryClickNode]: tryClickNode: 节点clickable toString: function clickable() {/*
boolean clickable()
*/}

[2026-06-23 11:19:42] [hamibot] [ LOG ]:[ LOG ] [tryClickNode]: tryClickNode: 解析后的clickable值: true
[2026-06-23 11:19:42] [hamibot] [ LOG ]:[ LOG ] [tryClickNode]: tryClickNode: 节点本身可点击，执行直接点击
[2026-06-23 11:19:42] [hamibot] [ LOG ]:[ LOG ] [tryClickNode]: tryClickNode: 直接点击结果: true
[2026-06-23 11:20:03] [hamibot] [INFO]:[INFO] [fetchPendingTasks]: fetchPendingTasks raw[30]: {"code":0,"data":[],"total":0}
[2026-06-23 11:20:18] [hamibot] [INFO]:[INFO] [fetchPendingTasks]: fetchPendingTasks raw[30]: {"code":0,"data":[],"total":0}
[2026-06-23 11:20:34] [hamibot] [INFO]:[INFO] [fetchPendingTasks]: fetchPendingTasks raw[30]: {"code":0,"data":[],"total":0}
[2026-06-23 11:20:49] [hamibot] [INFO]:[INFO] [fetchPendingTasks]: fetchPendingTasks raw[30]: {"code":0,"data":[],"total":0}
[2026-06-23 11:21:04] [hamibot] [INFO]:[INFO] [fetchPendingTasks]: fetchPendingTasks raw[30]: {"code":0,"data":[],"total":0}
[2026-06-23 11:21:19] [hamibot] [INFO]:[INFO] [fetchPendingTasks]: fetchPendingTasks raw[30]: {"code":0,"data":[],"total":0}
[2026-06-23 11:21:34] [hamibot] [INFO]:[INFO] [fetchPendingTasks]: fetchPendingTasks raw[30]: {"code":0,"data":[],"total":0}
[2026-06-23 11:21:49] [hamibot] [INFO]:[INFO] [fetchPendingTasks]: fetchPendingTasks raw[30]: {"code":0,"data":[],"total":0}
[2026-06-23 11:22:04] [hamibot] [INFO]:[INFO] [fetchPendingTasks]: fetchPendingTasks raw[30]: {"code":0,"data":[],"total":0}
[2026-06-23 11:22:19] [hamibot] [INFO]:[INFO] [fetchPendingTasks]: fetchPendingTasks raw[30]: {"code":0,"data":[],"total":0}
[2026-06-23 11:22:34] [hamibot] [INFO]:[INFO] [fetchPendingTasks]: fetchPendingTasks raw[30]: {"code":0,"data":[],"total":0}
[2026-06-23 11:22:49] [hamibot] [INFO]:[INFO] [fetchPendingTasks]: fetchPendingTasks raw[30]: {"code":0,"data":[],"total":0}
[2026-06-23 11:23:04] [hamibot] [INFO]:[INFO] [fetchPendingTasks]: fetchPendingTasks raw[30]: {"code":0,"data":[],"total":0}
[2026-06-23 11:23:19] [hamibot] [INFO]:[INFO] [fetchPendingTasks]: fetchPendingTasks raw[30]: {"code":0,"data":[],"total":0}
[2026-06-23 11:23:35] [hamibot] [INFO]:[INFO] [fetchPendingTasks]: fetchPendingTasks raw[30]: {"code":0,"data":[],"total":0}
[2026-06-23 11:23:50] [hamibot] [INFO]:[INFO] [fetchPendingTasks]: fetchPendingTasks raw[30]: {"code":0,"data":[],"total":0}
[2026-06-23 11:24:05] [hamibot] [INFO]:[INFO] [fetchPendingTasks]: fetchPendingTasks raw[30]: {"code":0,"data":[],"total":0}
[2026-06-23 11:24:20] [hamibot] [INFO]:[INFO] [fetchPendingTasks]: fetchPendingTasks raw[30]: {"code":0,"data":[],"total":0}
[2026-06-23 11:24:35] [hamibot] [INFO]:[INFO] [fetchPendingTasks]: fetchPendingTasks raw[30]: {"code":0,"data":[],"total":0}
[2026-06-23 11:24:50] [hamibot] [INFO]:[INFO] [fetchPendingTasks]: fetchPendingTasks raw[30]: {"code":0,"data":[],"total":0}
[2026-06-23 11:25:05] [hamibot] [INFO]:[INFO] [fetchPendingTasks]: fetchPendingTasks raw[30]: {"code":0,"data":[],"total":0}
[2026-06-23 11:25:20] [hamibot] [INFO]:[INFO] [fetchPendingTasks]: fetchPendingTasks raw[30]: {"code":0,"data":[],"total":0}
[2026-06-23 11:25:35] [hamibot] [INFO]:[INFO] [fetchPendingTasks]: fetchPendingTasks raw[30]: {"code":0,"data":[],"total":0}
[2026-06-23 11:25:50] [hamibot] [INFO]:[INFO] [fetchPendingTasks]: fetchPendingTasks raw[30]: {"code":0,"data":[],"total":0}
[2026-06-23 11:26:05] [hamibot] [INFO]:[INFO] [fetchPendingTasks]: fetchPendingTasks raw[30]: {"code":0,"data":[],"total":0}
[2026-06-23 11:26:20] [hamibot] [INFO]:[INFO] [fetchPendingTasks]: fetchPendingTasks raw[30]: {"code":0,"data":[],"total":0}
[2026-06-23 11:26:35] [hamibot] [INFO]:[INFO] [fetchPendingTasks]: fetchPendingTasks raw[30]: {"code":0,"data":[],"total":0}
[2026-06-23 11:26:51] [hamibot] [INFO]:[INFO] [fetchPendingTasks]: fetchPendingTasks raw[30]: {"code":0,"data":[],"total":0}
[2026-06-23 11:27:06] [hamibot] [INFO]:[INFO] [fetchPendingTasks]: fetchPendingTasks raw[30]: {"code":0,"data":[],"total":0}
[2026-06-23 11:27:21] [hamibot] [INFO]:[INFO] [fetchPendingTasks]: fetchPendingTasks raw[30]: {"code":0,"data":[],"total":0}
[2026-06-23 11:27:36] [hamibot] [INFO]:[INFO] [fetchPendingTasks]: fetchPendingTasks raw[30]: {"code":0,"data":[],"total":0}
[2026-06-23 11:27:51] [hamibot] [INFO]:[INFO] [fetchPendingTasks]: fetchPendingTasks raw[30]: {"code":0,"data":[],"total":0}
[2026-06-23 11:28:06] [hamibot] [INFO]:[INFO] [fetchPendingTasks]: fetchPendingTasks raw[30]: {"code":0,"data":[],"total":0}
[2026-06-23 11:28:21] [hamibot] [INFO]:[INFO] [fetchPendingTasks]: fetchPendingTasks raw[30]: {"code":0,"data":[],"total":0}
[2026-06-23 11:28:36] [hamibot] [INFO]:[INFO] [fetchPendingTasks]: fetchPendingTasks raw[30]: {"code":0,"data":[],"total":0}
[2026-06-23 11:28:51] [hamibot] [INFO]:[INFO] [fetchPendingTasks]: fetchPendingTasks raw[30]: {"code":0,"data":[],"total":0}
[2026-06-23 11:29:06] [hamibot] [INFO]:[INFO] [fetchPendingTasks]: fetchPendingTasks raw[30]: {"code":0,"data":[],"total":0}
[2026-06-23 11:29:21] [hamibot] [INFO]:[INFO] [fetchPendingTasks]: fetchPendingTasks raw[30]: {"code":0,"data":[],"total":0}
[2026-06-23 11:29:36] [hamibot] [INFO]:[INFO] [fetchPendingTasks]: fetchPendingTasks raw[30]: {"code":0,"data":[],"total":0}
[2026-06-23 11:29:52] [hamibot] [INFO]:[INFO] [fetchPendingTasks]: fetchPendingTasks raw[30]: {"code":0,"data":[],"total":0}
[2026-06-23 11:30:07] [hamibot] [INFO]:[INFO] [fetchPendingTasks]: fetchPendingTasks raw[30]: {"code":0,"data":[],"total":0}
[2026-06-23 11:30:22] [hamibot] [INFO]:[INFO] [fetchPendingTasks]: fetchPendingTasks raw[30]: {"code":0,"data":[],"total":0}
[2026-06-23 11:30:37] [hamibot] [INFO]:[INFO] [fetchPendingTasks]: fetchPendingTasks raw[30]: {"code":0,"data":[],"total":0}
[2026-06-23 11:30:52] [hamibot] [INFO]:[INFO] [fetchPendingTasks]: fetchPendingTasks raw[30]: {"code":0,"data":[],"total":0}
[2026-06-23 11:31:07] [hamibot] [INFO]:[INFO] [fetchPendingTasks]: fetchPendingTasks raw[30]: {"code":0,"data":[],"total":0}
[2026-06-23 11:31:22] [hamibot] [INFO]:[INFO] [fetchPendingTasks]: fetchPendingTasks raw[30]: {"code":0,"data":[],"total":0}
[2026-06-23 11:31:37] [hamibot] [INFO]:[INFO] [fetchPendingTasks]: fetchPendingTasks raw[30]: {"code":0,"data":[],"total":0}
[2026-06-23 11:31:52] [hamibot] [INFO]:[INFO] [fetchPendingTasks]: fetchPendingTasks raw[30]: {"code":0,"data":[],"total":0}
[2026-06-23 11:32:08] [hamibot] [INFO]:[INFO] [fetchPendingTasks]: fetchPendingTasks raw[30]: {"code":0,"data":[],"total":0}
[2026-06-23 11:32:23] [hamibot] [INFO]:[INFO] [fetchPendingTasks]: fetchPendingTasks raw[30]: {"code":0,"data":[],"total":0}
[2026-06-23 11:32:38] [hamibot] [INFO]:[INFO] [fetchPendingTasks]: fetchPendingTasks raw[30]: {"code":0,"data":[],"total":0}
[2026-06-23 11:32:53] [hamibot] [INFO]:[INFO] [fetchPendingTasks]: fetchPendingTasks raw[30]: {"code":0,"data":[],"total":0}
[2026-06-23 11:33:08] [hamibot] [INFO]:[INFO] [fetchPendingTasks]: fetchPendingTasks raw[30]: {"code":0,"data":[],"total":0}
[2026-06-23 11:33:23] [hamibot] [INFO]:[INFO] [fetchPendingTasks]: fetchPendingTasks raw[30]: {"code":0,"data":[],"total":0}
[2026-06-23 11:33:38] [hamibot] [INFO]:[INFO] [fetchPendingTasks]: fetchPendingTasks raw[30]: {"code":0,"data":[],"total":0}
[2026-06-23 11:33:53] [hamibot] [INFO]:[INFO] [fetchPendingTasks]: fetchPendingTasks raw[30]: {"code":0,"data":[],"total":0}
[2026-06-23 11:34:08] [hamibot] [INFO]:[INFO] [fetchPendingTasks]: fetchPendingTasks raw[30]: {"code":0,"data":[],"total":0}
[2026-06-23 11:34:24] [hamibot] [INFO]:[INFO] [fetchPendingTasks]: fetchPendingTasks raw[30]: {"code":0,"data":[],"total":0}
[2026-06-23 11:34:39] [hamibot] [INFO]:[INFO] [fetchPendingTasks]: fetchPendingTasks raw[30]: {"code":0,"data":[],"total":0}
[2026-06-23 11:34:54] [hamibot] [INFO]:[INFO] [fetchPendingTasks]: fetchPendingTasks raw[30]: {"code":0,"data":[],"total":0}
[2026-06-23 11:35:09] [hamibot] [INFO]:[INFO] [fetchPendingTasks]: fetchPendingTasks raw[30]: {"code":0,"data":[],"total":0}
[2026-06-23 11:35:24] [hamibot] [INFO]:[INFO] [fetchPendingTasks]: fetchPendingTasks raw[30]: {"code":0,"data":[],"total":0}
[2026-06-23 11:35:39] [hamibot] [INFO]:[INFO] [fetchPendingTasks]: fetchPendingTasks raw[30]: {"code":0,"data":[],"total":0}
[2026-06-23 11:35:54] [hamibot] [INFO]:[INFO] [fetchPendingTasks]: fetchPendingTasks raw[30]: {"code":0,"data":[],"total":0}
[2026-06-23 11:36:10] [hamibot] [INFO]:[INFO] [fetchPendingTasks]: fetchPendingTasks raw[30]: {"code":0,"data":[],"total":0}
[2026-06-23 11:36:25] [hamibot] [INFO]:[INFO] [fetchPendingTasks]: fetchPendingTasks raw[30]: {"code":0,"data":[],"total":0}
[2026-06-23 11:36:40] [hamibot] [INFO]:[INFO] [fetchPendingTasks]: fetchPendingTasks raw[30]: {"code":0,"data":[],"total":0}
[2026-06-23 11:36:55] [hamibot] [INFO]:[INFO] [fetchPendingTasks]: fetchPendingTasks raw[30]: {"code":0,"data":[],"total":0}
[2026-06-23 11:37:11] [hamibot] [INFO]:[INFO] [fetchPendingTasks]: fetchPendingTasks raw[30]: {"code":0,"data":[],"total":0}
[2026-06-23 11:37:26] [hamibot] [INFO]:[INFO] [fetchPendingTasks]: fetchPendingTasks raw[30]: {"code":0,"data":[],"total":0}
[2026-06-23 11:37:41] [hamibot] [INFO]:[INFO] [fetchPendingTasks]: fetchPendingTasks raw[30]: {"code":0,"data":[],"total":0}
[2026-06-23 11:37:56] [hamibot] [INFO]:[INFO] [fetchPendingTasks]: fetchPendingTasks raw[30]: {"code":0,"data":[],"total":0}
[2026-06-23 11:38:12] [hamibot] [INFO]:[INFO] [fetchPendingTasks]: fetchPendingTasks raw[30]: {"code":0,"data":[],"total":0}
[2026-06-23 11:38:27] [hamibot] [INFO]:[INFO] [fetchPendingTasks]: fetchPendingTasks raw[30]: {"code":0,"data":[],"total":0}
[2026-06-23 11:38:42] [hamibot] [INFO]:[INFO] [fetchPendingTasks]: fetchPendingTasks raw[30]: {"code":0,"data":[],"total":0}
[2026-06-23 11:38:57] [hamibot] [INFO]:[INFO] [fetchPendingTasks]: fetchPendingTasks raw[30]: {"code":0,"data":[],"total":0}
[2026-06-23 11:39:12] [hamibot] [INFO]:[INFO] [fetchPendingTasks]: fetchPendingTasks raw[30]: {"code":0,"data":[],"total":0}
[2026-06-23 11:39:28] [hamibot] [INFO]:[INFO] [fetchPendingTasks]: fetchPendingTasks raw[30]: {"code":0,"data":[],"total":0}
[2026-06-23 11:39:43] [hamibot] [INFO]:[INFO] [fetchPendingTasks]: fetchPendingTasks raw[30]: {"code":0,"data":[],"total":0}
[2026-06-23 11:39:58] [hamibot] [INFO]:[INFO] [fetchPendingTasks]: fetchPendingTasks raw[30]: {"code":0,"data":[],"total":0}
[2026-06-23 11:40:14] [hamibot] [INFO]:[INFO] [fetchPendingTasks]: fetchPendingTasks raw[30]: {"code":0,"data":[],"total":0}
[2026-06-23 11:40:29] [hamibot] [INFO]:[INFO] [fetchPendingTasks]: fetchPendingTasks raw[30]: {"code":0,"data":[],"total":0}
[2026-06-23 11:40:44] [hamibot] [INFO]:[INFO] [fetchPendingTasks]: fetchPendingTasks raw[30]: {"code":0,"data":[],"total":0}
[2026-06-23 11:40:59] [hamibot] [INFO]:[INFO] [fetchPendingTasks]: fetchPendingTasks raw[30]: {"code":0,"data":[],"total":0}
[2026-06-23 11:41:15] [hamibot] [INFO]:[INFO] [fetchPendingTasks]: fetchPendingTasks raw[30]: {"code":0,"data":[],"total":0}
[2026-06-23 11:41:30] [hamibot] [INFO]:[INFO] [fetchPendingTasks]: fetchPendingTasks raw[30]: {"code":0,"data":[],"total":0}
[2026-06-23 11:41:46] [hamibot] [INFO]:[INFO] [fetchPendingTasks]: fetchPendingTasks raw[30]: {"code":0,"data":[],"total":0}
[2026-06-23 11:42:02] [hamibot] [INFO]:[INFO] [fetchPendingTasks]: fetchPendingTasks raw[30]: {"code":0,"data":[],"total":0}
[2026-06-23 11:42:18] [hamibot] [INFO]:[INFO] [fetchPendingTasks]: fetchPendingTasks raw[30]: {"code":0,"data":[],"total":0}
[2026-06-23 11:42:33] [hamibot] [INFO]:[INFO] [fetchPendingTasks]: fetchPendingTasks raw[30]: {"code":0,"data":[],"total":0}
[2026-06-23 11:42:48] [hamibot] [INFO]:[INFO] [fetchPendingTasks]: fetchPendingTasks raw[30]: {"code":0,"data":[],"total":0}
[2026-06-23 11:43:04] [hamibot] [INFO]:[INFO] [fetchPendingTasks]: fetchPendingTasks raw[30]: {"code":0,"data":[],"total":0}
[2026-06-23 11:43:19] [hamibot] [INFO]:[INFO] [fetchPendingTasks]: fetchPendingTasks raw[30]: {"code":0,"data":[],"total":0}
[2026-06-23 11:43:34] [hamibot] [INFO]:[INFO] [fetchPendingTasks]: fetchPendingTasks raw[30]: {"code":0,"data":[],"total":0}
[2026-06-23 11:43:49] [hamibot] [INFO]:[INFO] [fetchPendingTasks]: fetchPendingTasks raw[30]: {"code":0,"data":[],"total":0}
[2026-06-23 11:44:04] [hamibot] [INFO]:[INFO] [fetchPendingTasks]: fetchPendingTasks raw[30]: {"code":0,"data":[],"total":0}
[2026-06-23 11:44:20] [hamibot] [INFO]:[INFO] [fetchPendingTasks]: fetchPendingTasks raw[30]: {"code":0,"data":[],"total":0}
[2026-06-23 11:44:35] [hamibot] [INFO]:[INFO] [fetchPendingTasks]: fetchPendingTasks raw[30]: {"code":0,"data":[],"total":0}
[2026-06-23 11:44:50] [hamibot] [INFO]:[INFO] [fetchPendingTasks]: fetchPendingTasks raw[30]: {"code":0,"data":[],"total":0}
[2026-06-23 11:45:05] [hamibot] [INFO]:[INFO] [fetchPendingTasks]: fetchPendingTasks raw[30]: {"code":0,"data":[],"total":0}
[2026-06-23 11:45:20] [hamibot] [INFO]:[INFO] [fetchPendingTasks]: fetchPendingTasks raw[30]: {"code":0,"data":[],"total":0}
[2026-06-23 11:45:35] [hamibot] [INFO]:[INFO] [fetchPendingTasks]: fetchPendingTasks raw[30]: {"code":0,"data":[],"total":0}
[2026-06-23 11:45:50] [hamibot] [INFO]:[INFO] [fetchPendingTasks]: fetchPendingTasks raw[30]: {"code":0,"data":[],"total":0}
[2026-06-23 11:46:05] [hamibot] [INFO]:[INFO] [fetchPendingTasks]: fetchPendingTasks raw[30]: {"code":0,"data":[],"total":0}
[2026-06-23 11:46:20] [hamibot] [INFO]:[INFO] [fetchPendingTasks]: fetchPendingTasks raw[30]: {"code":0,"data":[],"total":0}
[2026-06-23 11:46:36] [hamibot] [INFO]:[INFO] [fetchPendingTasks]: fetchPendingTasks raw[30]: {"code":0,"data":[],"total":0}
[2026-06-23 11:46:51] [hamibot] [INFO]:[INFO] [fetchPendingTasks]: fetchPendingTasks raw[30]: {"code":0,"data":[],"total":0}
[2026-06-23 11:47:06] [hamibot] [INFO]:[INFO] [fetchPendingTasks]: fetchPendingTasks raw[30]: {"code":0,"data":[],"total":0}
[2026-06-23 11:47:21] [hamibot] [INFO]:[INFO] [fetchPendingTasks]: fetchPendingTasks raw[30]: {"code":0,"data":[],"total":0}
[2026-06-23 11:47:36] [hamibot] [INFO]:[INFO] [fetchPendingTasks]: fetchPendingTasks raw[30]: {"code":0,"data":[],"total":0}
[2026-06-23 11:47:52] [hamibot] [INFO]:[INFO] [fetchPendingTasks]: fetchPendingTasks raw[30]: {"code":0,"data":[],"total":0}
[2026-06-23 11:48:07] [hamibot] [INFO]:[INFO] [fetchPendingTasks]: fetchPendingTasks raw[30]: {"code":0,"data":[],"total":0}
[2026-06-23 11:48:22] [hamibot] [INFO]:[INFO] [fetchPendingTasks]: fetchPendingTasks raw[30]: {"code":0,"data":[],"total":0}
[2026-06-23 11:48:37] [hamibot] [INFO]:[INFO] [fetchPendingTasks]: fetchPendingTasks raw[30]: {"code":0,"data":[],"total":0}
[2026-06-23 11:48:52] [hamibot] [INFO]:[INFO] [fetchPendingTasks]: fetchPendingTasks raw[30]: {"code":0,"data":[],"total":0}
[2026-06-23 11:49:07] [hamibot] [INFO]:[INFO] [fetchPendingTasks]: fetchPendingTasks raw[30]: {"code":0,"data":[],"total":0}
[2026-06-23 11:49:22] [hamibot] [INFO]:[INFO] [fetchPendingTasks]: fetchPendingTasks raw[30]: {"code":0,"data":[],"total":0}
[2026-06-23 11:49:37] [hamibot] [INFO]:[INFO] [fetchPendingTasks]: fetchPendingTasks raw[30]: {"code":0,"data":[],"total":0}
[2026-06-23 11:49:53] [hamibot] [INFO]:[INFO] [fetchPendingTasks]: fetchPendingTasks raw[30]: {"code":0,"data":[],"total":0}
[2026-06-23 11:50:08] [hamibot] [INFO]:[INFO] [fetchPendingTasks]: fetchPendingTasks raw[30]: {"code":0,"data":[],"total":0}
[2026-06-23 11:50:23] [hamibot] [INFO]:[INFO] [fetchPendingTasks]: fetchPendingTasks raw[30]: {"code":0,"data":[],"total":0}
[2026-06-23 11:50:38] [hamibot] [INFO]:[INFO] [fetchPendingTasks]: fetchPendingTasks raw[30]: {"code":0,"data":[],"total":0}
[2026-06-23 11:50:55] [hamibot] [INFO]:[INFO] [fetchPendingTasks]: fetchPendingTasks raw[30]: {"code":0,"data":[],"total":0}
[2026-06-23 11:51:10] [hamibot] [INFO]:[INFO] [fetchPendingTasks]: fetchPendingTasks raw[30]: {"code":0,"data":[],"total":0}
[2026-06-23 11:51:26] [hamibot] [INFO]:[INFO] [fetchPendingTasks]: fetchPendingTasks raw[30]: {"code":0,"data":[],"total":0}
[2026-06-23 11:51:41] [hamibot] [INFO]:[INFO] [fetchPendingTasks]: fetchPendingTasks raw[30]: {"code":0,"data":[],"total":0}
[2026-06-23 11:51:56] [hamibot] [INFO]:[INFO] [fetchPendingTasks]: fetchPendingTasks raw[30]: {"code":0,"data":[],"total":0}
[2026-06-23 11:52:11] [hamibot] [INFO]:[INFO] [fetchPendingTasks]: fetchPendingTasks raw[30]: {"code":0,"data":[],"total":0}
[2026-06-23 11:52:26] [hamibot] [INFO]:[INFO] [fetchPendingTasks]: fetchPendingTasks raw[30]: {"code":0,"data":[],"total":0}
[2026-06-23 11:52:42] [hamibot] [INFO]:[INFO] [fetchPendingTasks]: fetchPendingTasks raw[30]: {"code":0,"data":[],"total":0}
[2026-06-23 11:52:57] [hamibot] [INFO]:[INFO] [fetchPendingTasks]: fetchPendingTasks raw[30]: {"code":0,"data":[],"total":0}
[2026-06-23 11:53:13] [hamibot] [INFO]:[INFO] [fetchPendingTasks]: fetchPendingTasks raw[30]: {"code":0,"data":[],"total":0}
[2026-06-23 11:53:31] [hamibot] [INFO]:[INFO] [fetchPendingTasks]: fetchPendingTasks raw[30]: {"code":0,"data":[],"total":0}
[2026-06-23 11:53:46] [hamibot] [INFO]:[INFO] [fetchPendingTasks]: fetchPendingTasks raw[30]: {"code":0,"data":[],"total":0}
[2026-06-23 11:54:01] [hamibot] [INFO]:[INFO] [fetchPendingTasks]: fetchPendingTasks raw[30]: {"code":0,"data":[],"total":0}
[2026-06-23 11:54:17] [hamibot] [INFO]:[INFO] [fetchPendingTasks]: fetchPendingTasks raw[30]: {"code":0,"data":[],"total":0}
[2026-06-23 11:54:32] [hamibot] [INFO]:[INFO] [fetchPendingTasks]: fetchPendingTasks raw[30]: {"code":0,"data":[],"total":0}
[2026-06-23 11:54:47] [hamibot] [INFO]:[INFO] [fetchPendingTasks]: fetchPendingTasks raw[30]: {"code":0,"data":[],"total":0}
[2026-06-23 11:55:02] [hamibot] [INFO]:[INFO] [fetchPendingTasks]: fetchPendingTasks raw[30]: {"code":0,"data":[],"total":0}
[2026-06-23 11:55:17] [hamibot] [INFO]:[INFO] [fetchPendingTasks]: fetchPendingTasks raw[30]: {"code":0,"data":[],"total":0}
[2026-06-23 11:55:32] [hamibot] [INFO]:[INFO] [fetchPendingTasks]: fetchPendingTasks raw[30]: {"code":0,"data":[],"total":0}
[2026-06-23 11:55:47] [hamibot] [INFO]:[INFO] [fetchPendingTasks]: fetchPendingTasks raw[30]: {"code":0,"data":[],"total":0}
[2026-06-23 11:56:02] [hamibot] [INFO]:[INFO] [fetchPendingTasks]: fetchPendingTasks raw[30]: {"code":0,"data":[],"total":0}
[2026-06-23 11:56:17] [hamibot] [INFO]:[INFO] [fetchPendingTasks]: fetchPendingTasks raw[30]: {"code":0,"data":[],"total":0}
[2026-06-23 11:56:33] [hamibot] [INFO]:[INFO] [fetchPendingTasks]: fetchPendingTasks raw[30]: {"code":0,"data":[],"total":0}
[2026-06-23 11:56:48] [hamibot] [INFO]:[INFO] [fetchPendingTasks]: fetchPendingTasks raw[30]: {"code":0,"data":[],"total":0}
[2026-06-23 11:57:03] [hamibot] [INFO]:[INFO] [fetchPendingTasks]: fetchPendingTasks raw[30]: {"code":0,"data":[],"total":0}
[2026-06-23 11:57:18] [hamibot] [INFO]:[INFO] [fetchPendingTasks]: fetchPendingTasks raw[30]: {"code":0,"data":[],"total":0}
[2026-06-23 11:57:33] [hamibot] [INFO]:[INFO] [fetchPendingTasks]: fetchPendingTasks raw[30]: {"code":0,"data":[],"total":0}
[2026-06-23 11:57:48] [hamibot] [INFO]:[INFO] [fetchPendingTasks]: fetchPendingTasks raw[30]: {"code":0,"data":[],"total":0}
[2026-06-23 11:58:03] [hamibot] [INFO]:[INFO] [fetchPendingTasks]: fetchPendingTasks raw[30]: {"code":0,"data":[],"total":0}
[2026-06-23 11:58:18] [hamibot] [INFO]:[INFO] [fetchPendingTasks]: fetchPendingTasks raw[30]: {"code":0,"data":[],"total":0}
[2026-06-23 11:58:34] [hamibot] [INFO]:[INFO] [fetchPendingTasks]: fetchPendingTasks raw[30]: {"code":0,"data":[],"total":0}
[2026-06-23 11:58:49] [hamibot] [INFO]:[INFO] [fetchPendingTasks]: fetchPendingTasks raw[30]: {"code":0,"data":[],"total":0}
[2026-06-23 11:59:04] [hamibot] [INFO]:[INFO] [fetchPendingTasks]: fetchPendingTasks raw[30]: {"code":0,"data":[],"total":0}
[2026-06-23 11:59:19] [hamibot] [INFO]:[INFO] [fetchPendingTasks]: fetchPendingTasks raw[30]: {"code":0,"data":[],"total":0}
[2026-06-23 11:59:34] [hamibot] [INFO]:[INFO] [fetchPendingTasks]: fetchPendingTasks raw[30]: {"code":0,"data":[],"total":0}
[2026-06-23 11:59:49] [hamibot] [INFO]:[INFO] [fetchPendingTasks]: fetchPendingTasks raw[30]: {"code":0,"data":[],"total":0}
[2026-06-23 12:00:04] [hamibot] [INFO]:[INFO] [fetchPendingTasks]: fetchPendingTasks raw[30]: {"code":0,"data":[],"total":0}
[2026-06-23 12:00:19] [hamibot] [INFO]:[INFO] [fetchPendingTasks]: fetchPendingTasks raw[30]: {"code":0,"data":[],"total":0}
[2026-06-23 12:00:35] [hamibot] [INFO]:[INFO] [fetchPendingTasks]: fetchPendingTasks raw[30]: {"code":0,"data":[],"total":0}
[2026-06-23 12:00:50] [hamibot] [INFO]:[INFO] [fetchPendingTasks]: fetchPendingTasks raw[30]: {"code":0,"data":[],"total":0}
[2026-06-23 12:01:05] [hamibot] [INFO]:[INFO] [fetchPendingTasks]: fetchPendingTasks raw[30]: {"code":0,"data":[],"total":0}
[2026-06-23 12:01:20] [hamibot] [INFO]:[INFO] [fetchPendingTasks]: fetchPendingTasks raw[30]: {"code":0,"data":[],"total":0}
[2026-06-23 12:01:35] [hamibot] [INFO]:[INFO] [fetchPendingTasks]: fetchPendingTasks raw[30]: {"code":0,"data":[],"total":0}
[2026-06-23 12:01:50] [hamibot] [INFO]:[INFO] [fetchPendingTasks]: fetchPendingTasks raw[30]: {"code":0,"data":[],"total":0}
[2026-06-23 12:02:05] [hamibot] [INFO]:[INFO] [fetchPendingTasks]: fetchPendingTasks raw[30]: {"code":0,"data":[],"total":0}
[2026-06-23 12:02:20] [hamibot] [INFO]:[INFO] [fetchPendingTasks]: fetchPendingTasks raw[30]: {"code":0,"data":[],"total":0}
[2026-06-23 12:02:36] [hamibot] [INFO]:[INFO] [fetchPendingTasks]: fetchPendingTasks raw[30]: {"code":0,"data":[],"total":0}
[2026-06-23 12:02:51] [hamibot] [INFO]:[INFO] [fetchPendingTasks]: fetchPendingTasks raw[30]: {"code":0,"data":[],"total":0}
[2026-06-23 12:03:06] [hamibot] [INFO]:[INFO] [fetchPendingTasks]: fetchPendingTasks raw[30]: {"code":0,"data":[],"total":0}
[2026-06-23 12:03:21] [hamibot] [INFO]:[INFO] [fetchPendingTasks]: fetchPendingTasks raw[30]: {"code":0,"data":[],"total":0}
[2026-06-23 12:03:36] [hamibot] [INFO]:[INFO] [fetchPendingTasks]: fetchPendingTasks raw[30]: {"code":0,"data":[],"total":0}
[2026-06-23 12:03:51] [hamibot] [INFO]:[INFO] [fetchPendingTasks]: fetchPendingTasks raw[30]: {"code":0,"data":[],"total":0}
[2026-06-23 12:04:07] [hamibot] [INFO]:[INFO] [fetchPendingTasks]: fetchPendingTasks raw[30]: {"code":0,"data":[],"total":0}
[2026-06-23 12:04:22] [hamibot] [INFO]:[INFO] [fetchPendingTasks]: fetchPendingTasks raw[30]: {"code":0,"data":[],"total":0}
[2026-06-23 12:04:37] [hamibot] [INFO]:[INFO] [fetchPendingTasks]: fetchPendingTasks raw[30]: {"code":0,"data":[],"total":0}
[2026-06-23 12:04:52] [hamibot] [INFO]:[INFO] [fetchPendingTasks]: fetchPendingTasks raw[30]: {"code":0,"data":[],"total":0}
[2026-06-23 12:05:07] [hamibot] [INFO]:[INFO] [fetchPendingTasks]: fetchPendingTasks raw[30]: {"code":0,"data":[],"total":0}
[2026-06-23 12:05:22] [hamibot] [INFO]:[INFO] [fetchPendingTasks]: fetchPendingTasks raw[30]: {"code":0,"data":[],"total":0}
[2026-06-23 12:05:37] [hamibot] [INFO]:[INFO] [fetchPendingTasks]: fetchPendingTasks raw[30]: {"code":0,"data":[],"total":0}
[2026-06-23 12:05:52] [hamibot] [INFO]:[INFO] [fetchPendingTasks]: fetchPendingTasks raw[30]: {"code":0,"data":[],"total":0}
[2026-06-23 12:06:07] [hamibot] [INFO]:[INFO] [fetchPendingTasks]: fetchPendingTasks raw[30]: {"code":0,"data":[],"total":0}
[2026-06-23 12:06:22] [hamibot] [INFO]:[INFO] [fetchPendingTasks]: fetchPendingTasks raw[30]: {"code":0,"data":[],"total":0}
[2026-06-23 12:06:37] [hamibot] [INFO]:[INFO] [fetchPendingTasks]: fetchPendingTasks raw[30]: {"code":0,"data":[],"total":0}
[2026-06-23 12:06:52] [hamibot] [INFO]:[INFO] [fetchPendingTasks]: fetchPendingTasks raw[30]: {"code":0,"data":[],"total":0}
[2026-06-23 12:07:08] [hamibot] [INFO]:[INFO] [fetchPendingTasks]: fetchPendingTasks raw[30]: {"code":0,"data":[],"total":0}
[2026-06-23 12:07:23] [hamibot] [INFO]:[INFO] [fetchPendingTasks]: fetchPendingTasks raw[30]: {"code":0,"data":[],"total":0}
[2026-06-23 12:07:38] [hamibot] [INFO]:[INFO] [fetchPendingTasks]: fetchPendingTasks raw[30]: {"code":0,"data":[],"total":0}
[2026-06-23 12:07:53] [hamibot] [INFO]:[INFO] [fetchPendingTasks]: fetchPendingTasks raw[30]: {"code":0,"data":[],"total":0}
[2026-06-23 12:08:08] [hamibot] [INFO]:[INFO] [fetchPendingTasks]: fetchPendingTasks raw[288]: {"code":0,"data":[{"id":"8b43a881-3bdc-499e-8d81-54d1a506e05f","type":"goldCoin","status":"pending",
[2026-06-23 12:08:38] [hamibot] [INFO]:[INFO] [fetchPendingTasks]: fetchPendingTasks raw[30]: {"code":0,"data":[],"total":0}
[2026-06-23 12:08:53] [hamibot] [INFO]:[INFO] [fetchPendingTasks]: fetchPendingTasks raw[30]: {"code":0,"data":[],"total":0}
[2026-06-23 12:09:08] [hamibot] [INFO]:[INFO] [fetchPendingTasks]: fetchPendingTasks raw[30]: {"code":0,"data":[],"total":0}
[2026-06-23 12:09:23] [hamibot] [INFO]:[INFO] [fetchPendingTasks]: fetchPendingTasks raw[30]: {"code":0,"data":[],"total":0}
[2026-06-23 12:09:38] [hamibot] [INFO]:[INFO] [fetchPendingTasks]: fetchPendingTasks raw[30]: {"code":0,"data":[],"total":0}
[2026-06-23 12:09:53] [hamibot] [INFO]:[INFO] [fetchPendingTasks]: fetchPendingTasks raw[30]: {"code":0,"data":[],"total":0}
[2026-06-23 12:10:08] [hamibot] [INFO]:[INFO] [fetchPendingTasks]: fetchPendingTasks raw[30]: {"code":0,"data":[],"total":0}
[2026-06-23 12:10:23] [hamibot] [INFO]:[INFO] [fetchPendingTasks]: fetchPendingTasks raw[30]: {"code":0,"data":[],"total":0}
[2026-06-23 12:10:38] [hamibot] [INFO]:[INFO] [fetchPendingTasks]: fetchPendingTasks raw[30]: {"code":0,"data":[],"total":0}
[2026-06-23 12:10:53] [hamibot] [INFO]:[INFO] [fetchPendingTasks]: fetchPendingTasks raw[30]: {"code":0,"data":[],"total":0}
[2026-06-23 12:11:08] [hamibot] [INFO]:[INFO] [fetchPendingTasks]: fetchPendingTasks raw[30]: {"code":0,"data":[],"total":0}
[2026-06-23 12:11:23] [hamibot] [INFO]:[INFO] [fetchPendingTasks]: fetchPendingTasks raw[30]: {"code":0,"data":[],"total":0}
[2026-06-23 12:11:38] [hamibot] [INFO]:[INFO] [fetchPendingTasks]: fetchPendingTasks raw[30]: {"code":0,"data":[],"total":0}
[2026-06-23 12:11:53] [hamibot] [INFO]:[INFO] [fetchPendingTasks]: fetchPendingTasks raw[30]: {"code":0,"data":[],"total":0}
[2026-06-23 12:12:09] [hamibot] [INFO]:[INFO] [fetchPendingTasks]: fetchPendingTasks raw[30]: {"code":0,"data":[],"total":0}
[2026-06-23 12:12:24] [hamibot] [INFO]:[INFO] [fetchPendingTasks]: fetchPendingTasks raw[30]: {"code":0,"data":[],"total":0}
[2026-06-23 12:12:39] [hamibot] [INFO]:[INFO] [fetchPendingTasks]: fetchPendingTasks raw[30]: {"code":0,"data":[],"total":0}
[2026-06-23 12:12:54] [hamibot] [INFO]:[INFO] [fetchPendingTasks]: fetchPendingTasks raw[30]: {"code":0,"data":[],"total":0}
[2026-06-23 12:13:09] [hamibot] [INFO]:[INFO] [fetchPendingTasks]: fetchPendingTasks raw[30]: {"code":0,"data":[],"total":0}
[2026-06-23 12:13:24] [hamibot] [INFO]:[INFO] [fetchPendingTasks]: fetchPendingTasks raw[30]: {"code":0,"data":[],"total":0}
[2026-06-23 12:13:39] [hamibot] [INFO]:[INFO] [fetchPendingTasks]: fetchPendingTasks raw[30]: {"code":0,"data":[],"total":0}
[2026-06-23 12:13:54] [hamibot] [INFO]:[INFO] [fetchPendingTasks]: fetchPendingTasks raw[30]: {"code":0,"data":[],"total":0}
[2026-06-23 12:14:09] [hamibot] [INFO]:[INFO] [fetchPendingTasks]: fetchPendingTasks raw[30]: {"code":0,"data":[],"total":0}
[2026-06-23 12:14:24] [hamibot] [INFO]:[INFO] [fetchPendingTasks]: fetchPendingTasks raw[30]: {"code":0,"data":[],"total":0}
[2026-06-23 12:14:39] [hamibot] [INFO]:[INFO] [fetchPendingTasks]: fetchPendingTasks raw[30]: {"code":0,"data":[],"total":0}
[2026-06-23 12:14:54] [hamibot] [INFO]:[INFO] [fetchPendingTasks]: fetchPendingTasks raw[30]: {"code":0,"data":[],"total":0}
[2026-06-23 12:15:10] [hamibot] [INFO]:[INFO] [fetchPendingTasks]: fetchPendingTasks raw[30]: {"code":0,"data":[],"total":0}
[2026-06-23 12:15:25] [hamibot] [INFO]:[INFO] [fetchPendingTasks]: fetchPendingTasks raw[30]: {"code":0,"data":[],"total":0}
[2026-06-23 12:15:40] [hamibot] [INFO]:[INFO] [fetchPendingTasks]: fetchPendingTasks raw[30]: {"code":0,"data":[],"total":0}
[2026-06-23 12:15:55] [hamibot] [INFO]:[INFO] [fetchPendingTasks]: fetchPendingTasks raw[30]: {"code":0,"data":[],"total":0}
[2026-06-23 12:16:10] [hamibot] [INFO]:[INFO] [fetchPendingTasks]: fetchPendingTasks raw[30]: {"code":0,"data":[],"total":0}
[2026-06-23 12:16:25] [hamibot] [INFO]:[INFO] [fetchPendingTasks]: fetchPendingTasks raw[30]: {"code":0,"data":[],"total":0}
[2026-06-23 12:16:40] [hamibot] [INFO]:[INFO] [fetchPendingTasks]: fetchPendingTasks raw[30]: {"code":0,"data":[],"total":0}
[2026-06-23 12:16:55] [hamibot] [INFO]:[INFO] [fetchPendingTasks]: fetchPendingTasks raw[30]: {"code":0,"data":[],"total":0}
[2026-06-23 12:17:10] [hamibot] [INFO]:[INFO] [fetchPendingTasks]: fetchPendingTasks raw[30]: {"code":0,"data":[],"total":0}
[2026-06-23 12:17:25] [hamibot] [INFO]:[INFO] [fetchPendingTasks]: fetchPendingTasks raw[30]: {"code":0,"data":[],"total":0}
[2026-06-23 12:17:40] [hamibot] [INFO]:[INFO] [fetchPendingTasks]: fetchPendingTasks raw[30]: {"code":0,"data":[],"total":0}
[2026-06-23 12:17:55] [hamibot] [INFO]:[INFO] [fetchPendingTasks]: fetchPendingTasks raw[30]: {"code":0,"data":[],"total":0}
[2026-06-23 12:18:11] [hamibot] [INFO]:[INFO] [fetchPendingTasks]: fetchPendingTasks raw[30]: {"code":0,"data":[],"total":0}
[2026-06-23 12:18:26] [hamibot] [INFO]:[INFO] [fetchPendingTasks]: fetchPendingTasks raw[30]: {"code":0,"data":[],"total":0}
[2026-06-23 12:18:41] [hamibot] [INFO]:[INFO] [fetchPendingTasks]: fetchPendingTasks raw[30]: {"code":0,"data":[],"total":0}
[2026-06-23 12:18:56] [hamibot] [INFO]:[INFO] [fetchPendingTasks]: fetchPendingTasks raw[30]: {"code":0,"data":[],"total":0}
[2026-06-23 12:19:11] [hamibot] [INFO]:[INFO] [fetchPendingTasks]: fetchPendingTasks raw[30]: {"code":0,"data":[],"total":0}
[2026-06-23 12:19:26] [hamibot] [INFO]:[INFO] [fetchPendingTasks]: fetchPendingTasks raw[30]: {"code":0,"data":[],"total":0}
[2026-06-23 12:19:41] [hamibot] [INFO]:[INFO] [fetchPendingTasks]: fetchPendingTasks raw[30]: {"code":0,"data":[],"total":0}
[2026-06-23 12:19:56] [hamibot] [INFO]:[INFO] [fetchPendingTasks]: fetchPendingTasks raw[30]: {"code":0,"data":[],"total":0}
[2026-06-23 12:20:12] [hamibot] [INFO]:[INFO] [fetchPendingTasks]: fetchPendingTasks raw[30]: {"code":0,"data":[],"total":0}
[2026-06-23 12:20:27] [hamibot] [INFO]:[INFO] [fetchPendingTasks]: fetchPendingTasks raw[30]: {"code":0,"data":[],"total":0}
[2026-06-23 12:20:42] [hamibot] [INFO]:[INFO] [fetchPendingTasks]: fetchPendingTasks raw[30]: {"code":0,"data":[],"total":0}
[2026-06-23 12:20:57] [hamibot] [INFO]:[INFO] [fetchPendingTasks]: fetchPendingTasks raw[30]: {"code":0,"data":[],"total":0}
[2026-06-23 12:21:12] [hamibot] [INFO]:[INFO] [fetchPendingTasks]: fetchPendingTasks raw[30]: {"code":0,"data":[],"total":0}
[2026-06-23 12:21:27] [hamibot] [INFO]:[INFO] [fetchPendingTasks]: fetchPendingTasks raw[30]: {"code":0,"data":[],"total":0}
[2026-06-23 12:21:43] [hamibot] [INFO]:[INFO] [fetchPendingTasks]: fetchPendingTasks raw[30]: {"code":0,"data":[],"total":0}
[2026-06-23 12:21:58] [hamibot] [INFO]:[INFO] [fetchPendingTasks]: fetchPendingTasks raw[30]: {"code":0,"data":[],"total":0}
[2026-06-23 12:22:13] [hamibot] [INFO]:[INFO] [fetchPendingTasks]: fetchPendingTasks raw[30]: {"code":0,"data":[],"total":0}
[2026-06-23 12:22:28] [hamibot] [INFO]:[INFO] [fetchPendingTasks]: fetchPendingTasks raw[30]: {"code":0,"data":[],"total":0}
[2026-06-23 12:22:44] [hamibot] [INFO]:[INFO] [fetchPendingTasks]: fetchPendingTasks raw[30]: {"code":0,"data":[],"total":0}
[2026-06-23 12:22:59] [hamibot] [INFO]:[INFO] [fetchPendingTasks]: fetchPendingTasks raw[30]: {"code":0,"data":[],"total":0}
[2026-06-23 12:23:14] [hamibot] [INFO]:[INFO] [fetchPendingTasks]: fetchPendingTasks raw[30]: {"code":0,"data":[],"total":0}
[2026-06-23 12:23:29] [hamibot] [INFO]:[INFO] [fetchPendingTasks]: fetchPendingTasks raw[30]: {"code":0,"data":[],"total":0}
[2026-06-23 12:23:44] [hamibot] [INFO]:[INFO] [fetchPendingTasks]: fetchPendingTasks raw[30]: {"code":0,"data":[],"total":0}
[2026-06-23 12:24:00] [hamibot] [INFO]:[INFO] [fetchPendingTasks]: fetchPendingTasks raw[30]: {"code":0,"data":[],"total":0}
[2026-06-23 12:24:15] [hamibot] [INFO]:[INFO] [fetchPendingTasks]: fetchPendingTasks raw[30]: {"code":0,"data":[],"total":0}
[2026-06-23 12:24:30] [hamibot] [INFO]:[INFO] [fetchPendingTasks]: fetchPendingTasks raw[30]: {"code":0,"data":[],"total":0}
[2026-06-23 12:24:45] [hamibot] [INFO]:[INFO] [fetchPendingTasks]: fetchPendingTasks raw[30]: {"code":0,"data":[],"total":0}
[2026-06-23 12:25:01] [hamibot] [INFO]:[INFO] [fetchPendingTasks]: fetchPendingTasks raw[30]: {"code":0,"data":[],"total":0}
[2026-06-23 12:25:16] [hamibot] [INFO]:[INFO] [fetchPendingTasks]: fetchPendingTasks raw[30]: {"code":0,"data":[],"total":0}
[2026-06-23 12:25:31] [hamibot] [INFO]:[INFO] [fetchPendingTasks]: fetchPendingTasks raw[30]: {"code":0,"data":[],"total":0}
[2026-06-23 12:25:46] [hamibot] [INFO]:[INFO] [fetchPendingTasks]: fetchPendingTasks raw[30]: {"code":0,"data":[],"total":0}
[2026-06-23 12:26:01] [hamibot] [INFO]:[INFO] [fetchPendingTasks]: fetchPendingTasks raw[30]: {"code":0,"data":[],"total":0}
[2026-06-23 12:26:17] [hamibot] [INFO]:[INFO] [fetchPendingTasks]: fetchPendingTasks raw[30]: {"code":0,"data":[],"total":0}
[2026-06-23 12:26:32] [hamibot] [INFO]:[INFO] [fetchPendingTasks]: fetchPendingTasks raw[30]: {"code":0,"data":[],"total":0}
[2026-06-23 12:26:47] [hamibot] [INFO]:[INFO] [fetchPendingTasks]: fetchPendingTasks raw[30]: {"code":0,"data":[],"total":0}
[2026-06-23 12:27:02] [hamibot] [INFO]:[INFO] [fetchPendingTasks]: fetchPendingTasks raw[30]: {"code":0,"data":[],"total":0}
[2026-06-23 12:27:17] [hamibot] [INFO]:[INFO] [fetchPendingTasks]: fetchPendingTasks raw[30]: {"code":0,"data":[],"total":0}
[2026-06-23 12:27:32] [hamibot] [INFO]:[INFO] [fetchPendingTasks]: fetchPendingTasks raw[30]: {"code":0,"data":[],"total":0}
[2026-06-23 12:27:47] [hamibot] [INFO]:[INFO] [fetchPendingTasks]: fetchPendingTasks raw[30]: {"code":0,"data":[],"total":0}
[2026-06-23 12:28:02] [hamibot] [INFO]:[INFO] [fetchPendingTasks]: fetchPendingTasks raw[30]: {"code":0,"data":[],"total":0}
[2026-06-23 12:28:17] [hamibot] [INFO]:[INFO] [fetchPendingTasks]: fetchPendingTasks raw[30]: {"code":0,"data":[],"total":0}
[2026-06-23 12:28:32] [hamibot] [INFO]:[INFO] [fetchPendingTasks]: fetchPendingTasks raw[30]: {"code":0,"data":[],"total":0}
[2026-06-23 12:28:47] [hamibot] [INFO]:[INFO] [fetchPendingTasks]: fetchPendingTasks raw[30]: {"code":0,"data":[],"total":0}
[2026-06-23 12:29:03] [hamibot] [INFO]:[INFO] [fetchPendingTasks]: fetchPendingTasks raw[30]: {"code":0,"data":[],"total":0}
[2026-06-23 12:29:19] [hamibot] [INFO]:[INFO] [fetchPendingTasks]: fetchPendingTasks raw[30]: {"code":0,"data":[],"total":0}
[2026-06-23 12:29:34] [hamibot] [INFO]:[INFO] [fetchPendingTasks]: fetchPendingTasks raw[30]: {"code":0,"data":[],"total":0}
[2026-06-23 12:29:49] [hamibot] [INFO]:[INFO] [fetchPendingTasks]: fetchPendingTasks raw[30]: {"code":0,"data":[],"total":0}
[2026-06-23 12:30:04] [hamibot] [INFO]:[INFO] [fetchPendingTasks]: fetchPendingTasks raw[30]: {"code":0,"data":[],"total":0}
[2026-06-23 12:30:19] [hamibot] [INFO]:[INFO] [fetchPendingTasks]: fetchPendingTasks raw[30]: {"code":0,"data":[],"total":0}
[2026-06-23 12:30:35] [hamibot] [INFO]:[INFO] [fetchPendingTasks]: fetchPendingTasks raw[30]: {"code":0,"data":[],"total":0}
[2026-06-23 12:30:51] [hamibot] [INFO]:[INFO] [fetchPendingTasks]: fetchPendingTasks raw[30]: {"code":0,"data":[],"total":0}
[2026-06-23 12:31:06] [hamibot] [INFO]:[INFO] [fetchPendingTasks]: fetchPendingTasks raw[30]: {"code":0,"data":[],"total":0}
[2026-06-23 12:31:21] [hamibot] [INFO]:[INFO] [fetchPendingTasks]: fetchPendingTasks raw[30]: {"code":0,"data":[],"total":0}
[2026-06-23 12:31:36] [hamibot] [INFO]:[INFO] [fetchPendingTasks]: fetchPendingTasks raw[30]: {"code":0,"data":[],"total":0}
[2026-06-23 12:31:51] [hamibot] [INFO]:[INFO] [fetchPendingTasks]: fetchPendingTasks raw[30]: {"code":0,"data":[],"total":0}
[2026-06-23 12:32:06] [hamibot] [INFO]:[INFO] [fetchPendingTasks]: fetchPendingTasks raw[30]: {"code":0,"data":[],"total":0}
[2026-06-23 12:32:21] [hamibot] [INFO]:[INFO] [fetchPendingTasks]: fetchPendingTasks raw[30]: {"code":0,"data":[],"total":0}
[2026-06-23 12:32:36] [hamibot] [INFO]:[INFO] [fetchPendingTasks]: fetchPendingTasks raw[30]: {"code":0,"data":[],"total":0}
[2026-06-23 12:32:52] [hamibot] [INFO]:[INFO] [fetchPendingTasks]: fetchPendingTasks raw[30]: {"code":0,"data":[],"total":0}
[2026-06-23 12:33:07] [hamibot] [INFO]:[INFO] [fetchPendingTasks]: fetchPendingTasks raw[30]: {"code":0,"data":[],"total":0}
[2026-06-23 12:33:22] [hamibot] [INFO]:[INFO] [fetchPendingTasks]: fetchPendingTasks raw[30]: {"code":0,"data":[],"total":0}
[2026-06-23 12:33:37] [hamibot] [INFO]:[INFO] [fetchPendingTasks]: fetchPendingTasks raw[30]: {"code":0,"data":[],"total":0}
[2026-06-23 12:33:52] [hamibot] [INFO]:[INFO] [fetchPendingTasks]: fetchPendingTasks raw[30]: {"code":0,"data":[],"total":0}
[2026-06-23 12:34:07] [hamibot] [INFO]:[INFO] [fetchPendingTasks]: fetchPendingTasks raw[30]: {"code":0,"data":[],"total":0}
[2026-06-23 12:34:22] [hamibot] [INFO]:[INFO] [fetchPendingTasks]: fetchPendingTasks raw[30]: {"code":0,"data":[],"total":0}
[2026-06-23 12:34:37] [hamibot] [INFO]:[INFO] [fetchPendingTasks]: fetchPendingTasks raw[30]: {"code":0,"data":[],"total":0}
[2026-06-23 12:34:52] [hamibot] [INFO]:[INFO] [fetchPendingTasks]: fetchPendingTasks raw[30]: {"code":0,"data":[],"total":0}
[2026-06-23 12:35:07] [hamibot] [INFO]:[INFO] [fetchPendingTasks]: fetchPendingTasks raw[30]: {"code":0,"data":[],"total":0}
[2026-06-23 12:35:23] [hamibot] [INFO]:[INFO] [fetchPendingTasks]: fetchPendingTasks raw[30]: {"code":0,"data":[],"total":0}
[2026-06-23 12:35:38] [hamibot] [INFO]:[INFO] [fetchPendingTasks]: fetchPendingTasks raw[30]: {"code":0,"data":[],"total":0}
[2026-06-23 12:35:53] [hamibot] [INFO]:[INFO] [fetchPendingTasks]: fetchPendingTasks raw[30]: {"code":0,"data":[],"total":0}
[2026-06-23 12:36:08] [hamibot] [INFO]:[INFO] [fetchPendingTasks]: fetchPendingTasks raw[30]: {"code":0,"data":[],"total":0}
[2026-06-23 12:36:24] [hamibot] [INFO]:[INFO] [fetchPendingTasks]: fetchPendingTasks raw[30]: {"code":0,"data":[],"total":0}
[2026-06-23 12:36:39] [hamibot] [INFO]:[INFO] [fetchPendingTasks]: fetchPendingTasks raw[30]: {"code":0,"data":[],"total":0}
[2026-06-23 12:36:54] [hamibot] [INFO]:[INFO] [fetchPendingTasks]: fetchPendingTasks raw[30]: {"code":0,"data":[],"total":0}
[2026-06-23 12:37:09] [hamibot] [INFO]:[INFO] [fetchPendingTasks]: fetchPendingTasks raw[30]: {"code":0,"data":[],"total":0}
[2026-06-23 12:37:24] [hamibot] [INFO]:[INFO] [fetchPendingTasks]: fetchPendingTasks raw[30]: {"code":0,"data":[],"total":0}
[2026-06-23 12:37:39] [hamibot] [INFO]:[INFO] [fetchPendingTasks]: fetchPendingTasks raw[30]: {"code":0,"data":[],"total":0}
[2026-06-23 12:37:54] [hamibot] [INFO]:[INFO] [fetchPendingTasks]: fetchPendingTasks raw[30]: {"code":0,"data":[],"total":0}
[2026-06-23 12:38:09] [hamibot] [INFO]:[INFO] [fetchPendingTasks]: fetchPendingTasks raw[30]: {"code":0,"data":[],"total":0}
[2026-06-23 12:38:20] [hamibot] [INFO]:[INFO] [Outer]: Exit...
[2026-06-23 12:38:21] [hamibot] [INFO]:[INFO] [Anonymous functions]: Launching...

	Current script version: 1.0.4

[2026-06-23 12:38:21] [hamibot] [INFO]:[INFO] [Anonymous functions]: Configuration loaded {"APP_ENV":"development","USER_ID":"6723480da777ba4dbbb4bfe9","ROBOT_ID":"67242f26e2fed0e6e3d11b91","SCRIPT_ID":"6723493b364a634dae6c9099","TIMESTAMP":"2026-06-23 12:39:24"}
[2026-06-23 12:38:21] [hamibot] [INFO]:[INFO] [Anonymous functions]: Verifying configurations
[2026-06-23 12:38:21] [hamibot] [INFO]:[INFO] [Anonymous functions]: Start running script
[2026-06-23 12:38:21] [hamibot] [INFO]:[INFO] [getElementCache]: getElementCache 加载成功，共 18 条 (第1次)
[2026-06-23 12:38:21] [hamibot] [DEBUG]:[DEBUG] [init]: Accessibility permissions enabled
[2026-06-23 12:38:21] [hamibot] [DEBUG]:[DEBUG] [init]: Screen size: 2400 x 1080
[2026-06-23 12:38:21] [hamibot] [INFO]:[INFO] [saveElementCache]: saveElementCache 服务端共 18 条 (本次新增/更新 18 条)
[2026-06-23 12:38:21] [hamibot] [INFO]:[INFO] [flushElementCache]: 已触发异步刷新元素查找缓存
[2026-06-23 12:38:21] [hamibot] [INFO]:[INFO] [closeApp]: openHamibot true
[2026-06-23 12:38:40] [hamibot] [WARN]:[WARN] [closeApp]: 关闭应用未确认成功: com.taobao.idlefish
[2026-06-23 12:38:41] [hamibot] [INFO]:[INFO] [Outer]: 开始查找商品详情
[2026-06-23 12:39:37] [hamibot] [ LOG ]:[ LOG ] [Outer]: mediaProjection: 自动确认线程启动 35000ms
[2026-06-23 12:39:39] [hamibot] [INFO]:[INFO] [Outer]: 找到商品数量: 0
[2026-06-23 12:39:39] [hamibot] [INFO]:[INFO] [fetchPendingTasks]: fetchPendingTasks raw[30]: {"code":0,"data":[],"total":0}
[2026-06-23 12:39:54] [hamibot] [INFO]:[INFO] [fetchPendingTasks]: fetchPendingTasks raw[288]: {"code":0,"data":[{"id":"e619aa85-53d3-43b0-83c2-2deee011320b","type":"goldCoin","status":"pending",
[2026-06-23 12:40:12] [hamibot] [INFO]:[INFO] [tryClickNode]: tryClickNode com.stardust.automator.UiObject@278e24; boundsInParent: Rect(142, -9 - 267, 116); boundsInScreen: Rect(372, 1244 - 700, 1572); packageName: com.taobao.idlefish; className: android.view.View; text: ; contentDescription: null; viewId: mapDiceBtn; checkable: false; checked: false; focusable: false; focused: false; selected: false; clickable: true; longClickable: false; enabled: true; password: false; scrollable: false; [ACTION_CLICK, ACTION_ACCESSIBILITY_FOCUS, ACTION_NEXT_HTML_ELEMENT, ACTION_PREVIOUS_HTML_ELEMENT]
[2026-06-23 12:40:12] [hamibot] [ LOG ]:[ LOG ] [tryClickNode]: tryClickNode: 开始尝试点击节点 com.stardust.automator.UiObject@278e24; boundsInParent: Rect(142, -9 - 267, 116); boundsInScreen: Rect(372, 1244 - 700, 1572); packageName: com.taobao.idlefish; className: android.view.View; text: ; contentDescription: null; viewId: mapDiceBtn; checkable: false; checked: false; focusable: false; focused: false; selected: false; clickable: true; longClickable: false; enabled: true; password: false; scrollable: false; [ACTION_CLICK, ACTION_ACCESSIBILITY_FOCUS, ACTION_NEXT_HTML_ELEMENT, ACTION_PREVIOUS_HTML_ELEMENT]
[2026-06-23 12:40:12] [hamibot] [ LOG ]:[ LOG ] [tryClickNode]: tryClickNode: 节点clickable值: function clickable() {/*
boolean clickable()
*/}

[2026-06-23 12:40:12] [hamibot] [ LOG ]:[ LOG ] [tryClickNode]: tryClickNode: 节点clickable toString: function clickable() {/*
boolean clickable()
*/}

[2026-06-23 12:40:12] [hamibot] [ LOG ]:[ LOG ] [tryClickNode]: tryClickNode: 解析后的clickable值: true
[2026-06-23 12:40:12] [hamibot] [ LOG ]:[ LOG ] [tryClickNode]: tryClickNode: 节点本身可点击，执行直接点击
[2026-06-23 12:40:12] [hamibot] [ LOG ]:[ LOG ] [tryClickNode]: tryClickNode: 直接点击结果: true
[2026-06-23 12:40:31] [hamibot] [ LOG ]:[ LOG ] [Outer]: mediaProjection: 自动确认线程结束
[2026-06-23 12:40:46] [hamibot] [INFO]:[INFO] [findAllInTaskList]: [taskPopup] findAll「领取奖励」1个 2ms
[2026-06-23 12:40:55] [hamibot] [INFO]:[INFO] [findTaskTitleStrict]: [taskPopup] strict「浏览指定频道好物」miss 8ms
[2026-06-23 12:40:56] [hamibot] [WARN]:[WARN] [logPathFailure]: [路径失败] 浏览指定频道好物: 弹框已开，步骤[找到任务标题]失败：taskListWrap 内未找到文本[浏览指定频道好物]，任务可能已完成或不在本轮列表
[2026-06-23 12:41:06] [hamibot] [INFO]:[INFO] [findTaskTitleStrict]: [taskPopup] strict「搜一搜喜欢的商品」miss 8ms
[2026-06-23 12:41:06] [hamibot] [WARN]:[WARN] [logPathFailure]: [路径失败] 搜一搜喜欢的商品: 弹框已开，步骤[找到任务标题]失败：taskListWrap 内未找到文本[搜一搜喜欢的商品]，任务可能已完成或不在本轮列表
[2026-06-23 12:41:09] [hamibot] [INFO]:[INFO] [Outer]: [AI分析] context=路径失败: 浏览指定频道好物 / 找到任务标题 | 页面识别: unknown | 原因分析: 决策服务异常: [WinError 10038] 在一个非套接字上尝试了一个操作。 | 建议操作: abort
[2026-06-23 12:41:19] [hamibot] [INFO]:[INFO] [Outer]: [AI分析] context=路径失败: 搜一搜喜欢的商品 / 找到任务标题 | 页面识别: unknown | 原因分析: 决策服务异常: [WinError 10038] 在一个非套接字上尝试了一个操作。 | 建议操作: abort
[2026-06-23 12:41:29] [hamibot] [INFO]:[INFO] [findTaskTitleStrict]: [taskPopup] strict「去浏览全新好物」miss 8ms
[2026-06-23 12:41:29] [hamibot] [WARN]:[WARN] [logPathFailure]: [路径失败] 去浏览全新好物: 弹框已开，步骤[找到任务标题]失败：taskListWrap 内未找到文本[去浏览全新好物]，任务可能已完成或不在本轮列表
[2026-06-23 12:41:39] [hamibot] [INFO]:[INFO] [findTaskTitleStrict]: [taskPopup] strict「浏览推荐的国补商品」miss 7ms
[2026-06-23 12:41:39] [hamibot] [WARN]:[WARN] [logPathFailure]: [路径失败] 浏览推荐的国补商品: 弹框已开，步骤[找到任务标题]失败：taskListWrap 内未找到文本[浏览推荐的国补商品]，任务可能已完成或不在本轮列表
[2026-06-23 12:41:41] [hamibot] [INFO]:[INFO] [Outer]: [AI分析] context=路径失败: 去浏览全新好物 / 找到任务标题 | 页面识别: unknown | 原因分析: 决策服务异常: [WinError 10038] 在一个非套接字上尝试了一个操作。 | 建议操作: abort
[2026-06-23 12:41:49] [hamibot] [INFO]:[INFO] [Outer]: [AI分析] context=路径失败: 浏览推荐的国补商品 / 找到任务标题 | 页面识别: unknown | 原因分析: 决策服务异常: [WinError 10038] 在一个非套接字上尝试了一个操作。 | 建议操作: abort
[2026-06-23 12:41:59] [hamibot] [INFO]:[INFO] [findTaskTitleStrict]: [taskPopup] strict「去蚂蚁森林逛一逛」miss 8ms
[2026-06-23 12:41:59] [hamibot] [WARN]:[WARN] [logPathFailure]: [路径失败] 去蚂蚁森林逛一逛: 弹框已开，步骤[找到任务标题]失败：taskListWrap 内未找到文本[去蚂蚁森林逛一逛]，任务可能已完成或不在本轮列表
[2026-06-23 12:42:10] [hamibot] [INFO]:[INFO] [findTaskTitleStrict]: [taskPopup] strict「去支付宝农场领水果」miss 8ms
[2026-06-23 12:42:10] [hamibot] [WARN]:[WARN] [logPathFailure]: [路径失败] 去支付宝农场领水果: 弹框已开，步骤[找到任务标题]失败：taskListWrap 内未找到文本[去支付宝农场领水果]，任务可能已完成或不在本轮列表
[2026-06-23 12:42:12] [hamibot] [INFO]:[INFO] [Outer]: [AI分析] context=路径失败: 去蚂蚁森林逛一逛 / 找到任务标题 | 页面识别: unknown | 原因分析: 决策服务异常: [WinError 10038] 在一个非套接字上尝试了一个操作。 | 建议操作: abort
[2026-06-23 12:42:23] [hamibot] [INFO]:[INFO] [Outer]: [AI分析] context=路径失败: 去支付宝农场领水果 / 找到任务标题 | 页面识别: unknown | 原因分析: 决策服务异常: [WinError 10038] 在一个非套接字上尝试了一个操作。 | 建议操作: abort
[2026-06-23 12:42:34] [hamibot] [INFO]:[INFO] [findTaskTitleStrict]: [taskPopup] strict「去淘宝签到领红包」miss 6ms
[2026-06-23 12:42:34] [hamibot] [WARN]:[WARN] [logPathFailure]: [路径失败] 去淘宝签到领红包: 弹框已开，步骤[找到任务标题]失败：taskListWrap 内未找到文本[去淘宝签到领红包]，任务可能已完成或不在本轮列表
[2026-06-23 12:42:44] [hamibot] [INFO]:[INFO] [findTaskTitleStrict]: [taskPopup] strict「去蚂蚁森林逛一逛」miss 7ms
[2026-06-23 12:42:44] [hamibot] [WARN]:[WARN] [logPathFailure]: [路径失败] 去蚂蚁森林逛一逛: 弹框已开，步骤[找到任务标题]失败：taskListWrap 内未找到文本[去蚂蚁森林逛一逛]，任务可能已完成或不在本轮列表
[2026-06-23 12:42:46] [hamibot] [INFO]:[INFO] [Outer]: [AI分析] context=路径失败: 去淘宝签到领红包 / 找到任务标题 | 页面识别: unknown | 原因分析: 决策服务异常: [WinError 10038] 在一个非套接字上尝试了一个操作。 | 建议操作: abort
[2026-06-23 12:42:57] [hamibot] [INFO]:[INFO] [Outer]: [AI分析] context=路径失败: 去蚂蚁森林逛一逛 / 找到任务标题 | 页面识别: unknown | 原因分析: 决策服务异常: [WinError 10038] 在一个非套接字上尝试了一个操作。 | 建议操作: abort
[2026-06-23 12:43:06] [hamibot] [INFO]:[INFO] [findTaskTitleStrict]: [taskPopup] strict「去蚂蚁庄园逛一逛」miss 7ms
[2026-06-23 12:43:07] [hamibot] [WARN]:[WARN] [logPathFailure]: [路径失败] 去蚂蚁庄园逛一逛: 弹框已开，步骤[找到任务标题]失败：taskListWrap 内未找到文本[去蚂蚁庄园逛一逛]，任务可能已完成或不在本轮列表
[2026-06-23 12:43:18] [hamibot] [INFO]:[INFO] [Outer]: [AI分析] context=路径失败: 去蚂蚁庄园逛一逛 / 找到任务标题 | 页面识别: unknown | 原因分析: 决策服务异常: [WinError 10038] 在一个非套接字上尝试了一个操作。 | 建议操作: abort
[2026-06-23 12:43:30] [hamibot] [INFO]:[INFO] [findTaskTitleStrict]: [taskPopup] strict「去支付宝领积分」miss 8ms
[2026-06-23 12:43:30] [hamibot] [WARN]:[WARN] [logPathFailure]: [路径失败] 去支付宝领积分: 弹框已开，步骤[找到任务标题]失败：taskListWrap 内未找到文本[去支付宝领积分]，任务可能已完成或不在本轮列表
[2026-06-23 12:43:40] [hamibot] [INFO]:[INFO] [findTaskTitleStrict]: [taskPopup] strict「浏览鱼小铺工作台」miss 8ms
[2026-06-23 12:43:40] [hamibot] [WARN]:[WARN] [logPathFailure]: [路径失败] 浏览鱼小铺工作台: 弹框已开，步骤[找到任务标题]失败：taskListWrap 内未找到文本[浏览鱼小铺工作台]，任务可能已完成或不在本轮列表
[2026-06-23 12:43:43] [hamibot] [INFO]:[INFO] [Outer]: [AI分析] context=路径失败: 去支付宝领积分 / 找到任务标题 | 页面识别: unknown | 原因分析: 决策服务异常: [WinError 10038] 在一个非套接字上尝试了一个操作。 | 建议操作: abort
[2026-06-23 12:43:53] [hamibot] [INFO]:[INFO] [Outer]: [AI分析] context=路径失败: 浏览鱼小铺工作台 / 找到任务标题 | 页面识别: unknown | 原因分析: 决策服务异常: [WinError 10038] 在一个非套接字上尝试了一个操作。 | 建议操作: abort
[2026-06-23 12:44:02] [hamibot] [INFO]:[INFO] [findTaskTitleStrict]: [taskPopup] strict「搜一搜推荐商品」exact 0ms
[2026-06-23 12:44:02] [hamibot] [INFO]:[INFO] [findTaskTitleStrict]: [taskPopup] strict「搜一搜推荐商品」exact 1ms
[2026-06-23 12:44:02] [hamibot] [INFO]:[INFO] [findTaskTitleStrict]: [taskPopup] strict「搜一搜推荐商品」exact 0ms
[2026-06-23 12:44:02] [hamibot] [INFO]:[INFO] [findAllInTaskList]: [taskPopup] findAll「去完成」23个 3ms
[2026-06-23 12:44:03] [hamibot] [INFO]:[INFO] [findTargetElementWithCache]: [sel#1] searchForRecommendedGoods/搜索有福利 串行启动 12 条策略
[2026-06-23 12:44:03] [hamibot] [INFO]:[INFO] [findTargetElementWithCache]: [sel#1] searchForRecommendedGoods/搜索有福利 串行#1 ✓ 串行58ms 总58ms
[2026-06-23 12:44:03] [hamibot] [INFO]:[INFO] [saveElementCache]: saveElementCache 服务端共 19 条 (本次新增/更新 19 条)
[2026-06-23 12:44:05] [hamibot] [INFO]:[INFO] [findTargetElementWithCache]: [sel#1] searchForRecommendedGoods/任务完成 串行启动 12 条策略
[2026-06-23 12:44:06] [hamibot] [INFO]:[INFO] [findTargetElementWithCache]: [sel#1] searchForRecommendedGoods/任务完成 串行全部✗ 串行1000ms 总1001ms
[2026-06-23 12:44:36] [hamibot] [INFO]:[INFO] [findTargetElementWithCache]: [sel#2] searchForRecommendedGoods/任务完成 串行启动 12 条策略
[2026-06-23 12:44:36] [hamibot] [INFO]:[INFO] [findTargetElementWithCache]: [sel#2] searchForRecommendedGoods/任务完成 串行#9 ✓ 串行728ms 总729ms
[2026-06-23 12:44:36] [hamibot] [INFO]:[INFO] [saveElementCache]: saveElementCache 服务端共 20 条 (本次新增/更新 20 条)
[2026-06-23 12:44:38] [hamibot] [INFO]:[INFO] [backMainPage]: backMainPage: on xianyu activity=com.taobao.idlefish.webview.WebHybridActivity, goto goldCoin
[2026-06-23 12:44:42] [hamibot] [INFO]:[INFO] [backMainPage]: backMainPage: goldCoin wait 缺少 newGameContainer（金币页独占 id，其他 H5/首页均无）
[2026-06-23 12:45:21] [hamibot] [INFO]:[INFO] [tryClickNode]: tryClickNode com.stardust.automator.UiObject@2b8c4e; boundsInParent: Rect(142, -9 - 267, 116); boundsInScreen: Rect(372, 1244 - 700, 1572); packageName: com.taobao.idlefish; className: android.view.View; text: ; contentDescription: null; viewId: mapDiceBtn; checkable: false; checked: false; focusable: false; focused: false; selected: false; clickable: true; longClickable: false; enabled: true; password: false; scrollable: false; [ACTION_CLICK, ACTION_ACCESSIBILITY_FOCUS, ACTION_NEXT_HTML_ELEMENT, ACTION_PREVIOUS_HTML_ELEMENT]
[2026-06-23 12:45:21] [hamibot] [ LOG ]:[ LOG ] [tryClickNode]: tryClickNode: 开始尝试点击节点 com.stardust.automator.UiObject@2b8c4e; boundsInParent: Rect(142, -9 - 267, 116); boundsInScreen: Rect(372, 1244 - 700, 1572); packageName: com.taobao.idlefish; className: android.view.View; text: ; contentDescription: null; viewId: mapDiceBtn; checkable: false; checked: false; focusable: false; focused: false; selected: false; clickable: true; longClickable: false; enabled: true; password: false; scrollable: false; [ACTION_CLICK, ACTION_ACCESSIBILITY_FOCUS, ACTION_NEXT_HTML_ELEMENT, ACTION_PREVIOUS_HTML_ELEMENT]
[2026-06-23 12:45:21] [hamibot] [ LOG ]:[ LOG ] [tryClickNode]: tryClickNode: 节点clickable值: function clickable() {/*
boolean clickable()
*/}

[2026-06-23 12:45:21] [hamibot] [ LOG ]:[ LOG ] [tryClickNode]: tryClickNode: 节点clickable toString: function clickable() {/*
boolean clickable()
*/}

[2026-06-23 12:45:21] [hamibot] [ LOG ]:[ LOG ] [tryClickNode]: tryClickNode: 解析后的clickable值: true
[2026-06-23 12:45:21] [hamibot] [ LOG ]:[ LOG ] [tryClickNode]: tryClickNode: 节点本身可点击，执行直接点击
[2026-06-23 12:45:21] [hamibot] [ LOG ]:[ LOG ] [tryClickNode]: tryClickNode: 直接点击结果: true
[2026-06-23 12:45:31] [hamibot] [INFO]:[INFO] [tryClickNode]: tryClickNode com.stardust.automator.UiObject@2b8c4e; boundsInParent: Rect(142, -9 - 267, 116); boundsInScreen: Rect(372, 1244 - 700, 1572); packageName: com.taobao.idlefish; className: android.view.View; text: ; contentDescription: null; viewId: mapDiceBtn; checkable: false; checked: false; focusable: false; focused: false; selected: false; clickable: true; longClickable: false; enabled: true; password: false; scrollable: false; [ACTION_CLICK, ACTION_ACCESSIBILITY_FOCUS, ACTION_NEXT_HTML_ELEMENT, ACTION_PREVIOUS_HTML_ELEMENT]
[2026-06-23 12:45:31] [hamibot] [ LOG ]:[ LOG ] [tryClickNode]: tryClickNode: 开始尝试点击节点 com.stardust.automator.UiObject@2b8c4e; boundsInParent: Rect(142, -9 - 267, 116); boundsInScreen: Rect(372, 1244 - 700, 1572); packageName: com.taobao.idlefish; className: android.view.View; text: ; contentDescription: null; viewId: mapDiceBtn; checkable: false; checked: false; focusable: false; focused: false; selected: false; clickable: true; longClickable: false; enabled: true; password: false; scrollable: false; [ACTION_CLICK, ACTION_ACCESSIBILITY_FOCUS, ACTION_NEXT_HTML_ELEMENT, ACTION_PREVIOUS_HTML_ELEMENT]
[2026-06-23 12:45:31] [hamibot] [ LOG ]:[ LOG ] [tryClickNode]: tryClickNode: 节点clickable值: function clickable() {/*
boolean clickable()
*/}

[2026-06-23 12:45:31] [hamibot] [ LOG ]:[ LOG ] [tryClickNode]: tryClickNode: 节点clickable toString: function clickable() {/*
boolean clickable()
*/}

[2026-06-23 12:45:32] [hamibot] [ LOG ]:[ LOG ] [tryClickNode]: tryClickNode: 解析后的clickable值: true
[2026-06-23 12:45:32] [hamibot] [ LOG ]:[ LOG ] [tryClickNode]: tryClickNode: 节点本身可点击，执行直接点击
[2026-06-23 12:45:32] [hamibot] [ LOG ]:[ LOG ] [tryClickNode]: tryClickNode: 直接点击结果: true
[2026-06-23 12:45:50] [hamibot] [INFO]:[INFO] [findAllInTaskList]: [taskPopup] findAll「领取奖励」1个 1ms
[2026-06-23 12:45:59] [hamibot] [INFO]:[INFO] [findTaskTitleStrict]: [taskPopup] strict「浏览指定频道好物」miss 8ms
[2026-06-23 12:45:59] [hamibot] [WARN]:[WARN] [logPathFailure]: [路径失败] 浏览指定频道好物: 弹框已开，步骤[找到任务标题]失败：taskListWrap 内未找到文本[浏览指定频道好物]，任务可能已完成或不在本轮列表
[2026-06-23 12:46:09] [hamibot] [INFO]:[INFO] [findTaskTitleStrict]: [taskPopup] strict「搜一搜喜欢的商品」miss 9ms
[2026-06-23 12:46:09] [hamibot] [WARN]:[WARN] [logPathFailure]: [路径失败] 搜一搜喜欢的商品: 弹框已开，步骤[找到任务标题]失败：taskListWrap 内未找到文本[搜一搜喜欢的商品]，任务可能已完成或不在本轮列表
[2026-06-23 12:46:11] [hamibot] [INFO]:[INFO] [Outer]: [AI分析] context=路径失败: 浏览指定频道好物 / 找到任务标题 | 页面识别: unknown | 原因分析: 决策服务异常: [WinError 10038] 在一个非套接字上尝试了一个操作。 | 建议操作: abort
[2026-06-23 12:46:22] [hamibot] [INFO]:[INFO] [Outer]: [AI分析] context=路径失败: 搜一搜喜欢的商品 / 找到任务标题 | 页面识别: unknown | 原因分析: 决策服务异常: [WinError 10038] 在一个非套接字上尝试了一个操作。 | 建议操作: abort
[2026-06-23 12:46:30] [hamibot] [INFO]:[INFO] [findTaskTitleStrict]: [taskPopup] strict「去浏览全新好物」miss 8ms
[2026-06-23 12:46:30] [hamibot] [WARN]:[WARN] [logPathFailure]: [路径失败] 去浏览全新好物: 弹框已开，步骤[找到任务标题]失败：taskListWrap 内未找到文本[去浏览全新好物]，任务可能已完成或不在本轮列表
[2026-06-23 12:46:40] [hamibot] [INFO]:[INFO] [findTaskTitleStrict]: [taskPopup] strict「浏览推荐的国补商品」miss 9ms
[2026-06-23 12:46:42] [hamibot] [INFO]:[INFO] [Outer]: [AI分析] context=路径失败: 去浏览全新好物 / 找到任务标题 | 页面识别: unknown | 原因分析: 决策服务异常: [WinError 10038] 在一个非套接字上尝试了一个操作。 | 建议操作: abort
[2026-06-23 12:46:45] [hamibot] [WARN]:[WARN] [logPathFailure]: [路径失败] 浏览推荐的国补商品: 弹框已开，步骤[找到任务标题]失败：taskListWrap 内未找到文本[浏览推荐的国补商品]，任务可能已完成或不在本轮列表
[2026-06-23 12:46:56] [hamibot] [INFO]:[INFO] [findTaskTitleStrict]: [taskPopup] strict「去蚂蚁森林逛一逛」miss 14ms
[2026-06-23 12:46:56] [hamibot] [WARN]:[WARN] [logPathFailure]: [路径失败] 去蚂蚁森林逛一逛: 弹框已开，步骤[找到任务标题]失败：taskListWrap 内未找到文本[去蚂蚁森林逛一逛]，任务可能已完成或不在本轮列表
[2026-06-23 12:46:59] [hamibot] [INFO]:[INFO] [Outer]: [AI分析] context=路径失败: 浏览推荐的国补商品 / 找到任务标题 | 页面识别: unknown | 原因分析: 决策服务异常: [WinError 10038] 在一个非套接字上尝试了一个操作。 | 建议操作: abort
[2026-06-23 12:47:10] [hamibot] [INFO]:[INFO] [Outer]: [AI分析] context=路径失败: 去蚂蚁森林逛一逛 / 找到任务标题 | 页面识别: unknown | 原因分析: 决策服务异常: [WinError 10038] 在一个非套接字上尝试了一个操作。 | 建议操作: abort
[2026-06-23 12:47:18] [hamibot] [INFO]:[INFO] [findTaskTitleStrict]: [taskPopup] strict「去支付宝农场领水果」miss 9ms
[2026-06-23 12:47:18] [hamibot] [WARN]:[WARN] [logPathFailure]: [路径失败] 去支付宝农场领水果: 弹框已开，步骤[找到任务标题]失败：taskListWrap 内未找到文本[去支付宝农场领水果]，任务可能已完成或不在本轮列表
[2026-06-23 12:47:29] [hamibot] [INFO]:[INFO] [findTaskTitleStrict]: [taskPopup] strict「去淘宝签到领红包」miss 8ms
[2026-06-23 12:47:29] [hamibot] [WARN]:[WARN] [logPathFailure]: [路径失败] 去淘宝签到领红包: 弹框已开，步骤[找到任务标题]失败：taskListWrap 内未找到文本[去淘宝签到领红包]，任务可能已完成或不在本轮列表
[2026-06-23 12:47:31] [hamibot] [INFO]:[INFO] [Outer]: [AI分析] context=路径失败: 去支付宝农场领水果 / 找到任务标题 | 页面识别: unknown | 原因分析: 决策服务异常: [WinError 10038] 在一个非套接字上尝试了一个操作。 | 建议操作: abort
[2026-06-23 12:47:42] [hamibot] [INFO]:[INFO] [Outer]: [AI分析] context=路径失败: 去淘宝签到领红包 / 找到任务标题 | 页面识别: unknown | 原因分析: 决策服务异常: [WinError 10038] 在一个非套接字上尝试了一个操作。 | 建议操作: abort
[2026-06-23 12:47:50] [hamibot] [INFO]:[INFO] [findTaskTitleStrict]: [taskPopup] strict「去蚂蚁森林逛一逛」miss 12ms
[2026-06-23 12:47:50] [hamibot] [WARN]:[WARN] [logPathFailure]: [路径失败] 去蚂蚁森林逛一逛: 弹框已开，步骤[找到任务标题]失败：taskListWrap 内未找到文本[去蚂蚁森林逛一逛]，任务可能已完成或不在本轮列表
[2026-06-23 12:47:59] [hamibot] [INFO]:[INFO] [findTaskTitleStrict]: [taskPopup] strict「去蚂蚁庄园逛一逛」miss 9ms
[2026-06-23 12:47:59] [hamibot] [WARN]:[WARN] [logPathFailure]: [路径失败] 去蚂蚁庄园逛一逛: 弹框已开，步骤[找到任务标题]失败：taskListWrap 内未找到文本[去蚂蚁庄园逛一逛]，任务可能已完成或不在本轮列表
[2026-06-23 12:48:02] [hamibot] [INFO]:[INFO] [Outer]: [AI分析] context=路径失败: 去蚂蚁森林逛一逛 / 找到任务标题 | 页面识别: unknown | 原因分析: 决策服务异常: [WinError 10038] 在一个非套接字上尝试了一个操作。 | 建议操作: abort
[2026-06-23 12:48:12] [hamibot] [INFO]:[INFO] [Outer]: [AI分析] context=路径失败: 去蚂蚁庄园逛一逛 / 找到任务标题 | 页面识别: unknown | 原因分析: 决策服务异常: [WinError 10038] 在一个非套接字上尝试了一个操作。 | 建议操作: abort
[2026-06-23 12:48:20] [hamibot] [INFO]:[INFO] [findTaskTitleStrict]: [taskPopup] strict「去支付宝领积分」miss 9ms
[2026-06-23 12:48:21] [hamibot] [WARN]:[WARN] [logPathFailure]: [路径失败] 去支付宝领积分: 弹框已开，步骤[找到任务标题]失败：taskListWrap 内未找到文本[去支付宝领积分]，任务可能已完成或不在本轮列表
[2026-06-23 12:48:31] [hamibot] [INFO]:[INFO] [findTaskTitleStrict]: [taskPopup] strict「浏览鱼小铺工作台」miss 9ms
[2026-06-23 12:48:31] [hamibot] [WARN]:[WARN] [logPathFailure]: [路径失败] 浏览鱼小铺工作台: 弹框已开，步骤[找到任务标题]失败：taskListWrap 内未找到文本[浏览鱼小铺工作台]，任务可能已完成或不在本轮列表
[2026-06-23 12:48:33] [hamibot] [INFO]:[INFO] [Outer]: [AI分析] context=路径失败: 去支付宝领积分 / 找到任务标题 | 页面识别: unknown | 原因分析: 决策服务异常: [WinError 10038] 在一个非套接字上尝试了一个操作。 | 建议操作: abort
[2026-06-23 12:48:44] [hamibot] [INFO]:[INFO] [Outer]: [AI分析] context=路径失败: 浏览鱼小铺工作台 / 找到任务标题 | 页面识别: unknown | 原因分析: 决策服务异常: [WinError 10038] 在一个非套接字上尝试了一个操作。 | 建议操作: abort
[2026-06-23 12:48:52] [hamibot] [INFO]:[INFO] [findTaskTitleStrict]: [taskPopup] strict「搜一搜推荐商品」miss 9ms
[2026-06-23 12:48:53] [hamibot] [WARN]:[WARN] [logPathFailure]: [路径失败] 搜一搜推荐商品: 弹框已开，步骤[找到任务标题]失败：taskListWrap 内未找到文本[搜一搜推荐商品]，任务可能已完成或不在本轮列表
[2026-06-23 12:49:03] [hamibot] [INFO]:[INFO] [findTaskTitleStrict]: [taskPopup] strict「领至高20元外卖红包」miss 12ms
[2026-06-23 12:49:03] [hamibot] [WARN]:[WARN] [logPathFailure]: [路径失败] 领至高20元外卖红包: 弹框已开，步骤[找到任务标题]失败：taskListWrap 内未找到文本[领至高20元外卖红包]，任务可能已完成或不在本轮列表
[2026-06-23 12:49:05] [hamibot] [INFO]:[INFO] [Outer]: [AI分析] context=路径失败: 搜一搜推荐商品 / 找到任务标题 | 页面识别: unknown | 原因分析: 决策服务异常: [WinError 10038] 在一个非套接字上尝试了一个操作。 | 建议操作: abort
[2026-06-23 12:49:15] [hamibot] [INFO]:[INFO] [Outer]: [AI分析] context=路径失败: 领至高20元外卖红包 / 找到任务标题 | 页面识别: unknown | 原因分析: 决策服务异常: [WinError 10038] 在一个非套接字上尝试了一个操作。 | 建议操作: abort
[2026-06-23 12:49:24] [hamibot] [INFO]:[INFO] [findTaskTitleStrict]: [taskPopup] strict「看视频奖励100币」contains 8ms
[2026-06-23 12:49:24] [hamibot] [INFO]:[INFO] [findTaskTitleStrict]: [taskPopup] strict「看视频奖励100币」contains 11ms
[2026-06-23 12:49:24] [hamibot] [INFO]:[INFO] [findTaskTitleStrict]: [taskPopup] strict「看视频奖励100币」contains 9ms
[2026-06-23 12:49:24] [hamibot] [INFO]:[INFO] [findAllInTaskList]: [taskPopup] findAll「去完成」23个 2ms
[2026-06-23 12:49:35] [hamibot] [INFO]:[INFO] [findTargetElementWithCache]: [sel#1] get100Coin/前往加速 串行启动 12 条策略
[2026-06-23 12:49:36] [hamibot] [INFO]:[INFO] [findTargetElementWithCache]: [sel#1] get100Coin/前往加速 串行全部✗ 串行900ms 总900ms
[2026-06-23 12:49:36] [hamibot] [INFO]:[INFO] [findTargetElementWithCache]: [sel#1] get100Coin/直接拿奖励 串行启动 12 条策略
[2026-06-23 12:49:37] [hamibot] [INFO]:[INFO] [findTargetElementWithCache]: [sel#1] get100Coin/直接拿奖励 串行全部✗ 串行931ms 总931ms
[2026-06-23 12:49:37] [hamibot] [INFO]:[INFO] [findTargetElementWithCache]: [sel#1] get100Coin/去加速 串行启动 12 条策略
[2026-06-23 12:49:38] [hamibot] [INFO]:[INFO] [findTargetElementWithCache]: [sel#1] get100Coin/去加速 串行全部✗ 串行828ms 总828ms
[2026-06-23 12:49:38] [hamibot] [INFO]:[INFO] [findTargetElementWithCache]: [sel#1] get100Coin/加速领奖 串行启动 12 条策略
[2026-06-23 12:49:39] [hamibot] [INFO]:[INFO] [findTargetElementWithCache]: [sel#1] get100Coin/加速领奖 串行全部✗ 串行899ms 总899ms
[2026-06-23 12:49:39] [hamibot] [INFO]:[INFO] [findTargetElementWithCache]: [sel#1] get100Coin/去看看 串行启动 12 条策略
[2026-06-23 12:49:39] [hamibot] [INFO]:[INFO] [findTargetElementWithCache]: [sel#1] get100Coin/去看看 串行全部✗ 串行842ms 总842ms
[2026-06-23 12:49:39] [hamibot] [INFO]:[INFO] [findTargetElementWithCache]: [sel#1] get100Coin/滑动浏览 串行启动 12 条策略
[2026-06-23 12:49:40] [hamibot] [INFO]:[INFO] [findTargetElementWithCache]: [sel#1] get100Coin/滑动浏览 串行全部✗ 串行820ms 总821ms
[2026-06-23 12:49:40] [hamibot] [INFO]:[INFO] [get100Coin]: 没有找到任何可用按钮，直接返回
[2026-06-23 12:49:40] [hamibot] [INFO]:[INFO] [backMainPage]: backMainPage: on xianyu activity=com.taobao.idlefish.ads.ylh.YlhPortraitADActivity, goto goldCoin
[2026-06-23 12:50:12] [hamibot] [INFO]:[INFO] [tryClickNode]: tryClickNode com.stardust.automator.UiObject@2e8716; boundsInParent: Rect(142, -9 - 267, 116); boundsInScreen: Rect(372, 1244 - 700, 1572); packageName: com.taobao.idlefish; className: android.view.View; text: ; contentDescription: null; viewId: mapDiceBtn; checkable: false; checked: false; focusable: false; focused: false; selected: false; clickable: true; longClickable: false; enabled: true; password: false; scrollable: false; [ACTION_CLICK, ACTION_ACCESSIBILITY_FOCUS, ACTION_NEXT_HTML_ELEMENT, ACTION_PREVIOUS_HTML_ELEMENT]
[2026-06-23 12:50:12] [hamibot] [ LOG ]:[ LOG ] [tryClickNode]: tryClickNode: 开始尝试点击节点 com.stardust.automator.UiObject@2e8716; boundsInParent: Rect(142, -9 - 267, 116); boundsInScreen: Rect(372, 1244 - 700, 1572); packageName: com.taobao.idlefish; className: android.view.View; text: ; contentDescription: null; viewId: mapDiceBtn; checkable: false; checked: false; focusable: false; focused: false; selected: false; clickable: true; longClickable: false; enabled: true; password: false; scrollable: false; [ACTION_CLICK, ACTION_ACCESSIBILITY_FOCUS, ACTION_NEXT_HTML_ELEMENT, ACTION_PREVIOUS_HTML_ELEMENT]
[2026-06-23 12:50:12] [hamibot] [ LOG ]:[ LOG ] [tryClickNode]: tryClickNode: 节点clickable值: function clickable() {/*
boolean clickable()
*/}

[2026-06-23 12:50:12] [hamibot] [ LOG ]:[ LOG ] [tryClickNode]: tryClickNode: 节点clickable toString: function clickable() {/*
boolean clickable()
*/}

[2026-06-23 12:50:12] [hamibot] [ LOG ]:[ LOG ] [tryClickNode]: tryClickNode: 解析后的clickable值: true
[2026-06-23 12:50:12] [hamibot] [ LOG ]:[ LOG ] [tryClickNode]: tryClickNode: 节点本身可点击，执行直接点击
[2026-06-23 12:50:12] [hamibot] [ LOG ]:[ LOG ] [tryClickNode]: tryClickNode: 直接点击结果: true
[2026-06-23 12:50:25] [hamibot] [INFO]:[INFO] [tryClickNode]: tryClickNode com.stardust.automator.UiObject@2e8716; boundsInParent: Rect(142, -9 - 267, 116); boundsInScreen: Rect(372, 1244 - 700, 1572); packageName: com.taobao.idlefish; className: android.view.View; text: ; contentDescription: null; viewId: mapDiceBtn; checkable: false; checked: false; focusable: false; focused: false; selected: false; clickable: true; longClickable: false; enabled: true; password: false; scrollable: false; [ACTION_CLICK, ACTION_ACCESSIBILITY_FOCUS, ACTION_NEXT_HTML_ELEMENT, ACTION_PREVIOUS_HTML_ELEMENT]
[2026-06-23 12:50:25] [hamibot] [ LOG ]:[ LOG ] [tryClickNode]: tryClickNode: 开始尝试点击节点 com.stardust.automator.UiObject@2e8716; boundsInParent: Rect(142, -9 - 267, 116); boundsInScreen: Rect(372, 1244 - 700, 1572); packageName: com.taobao.idlefish; className: android.view.View; text: ; contentDescription: null; viewId: mapDiceBtn; checkable: false; checked: false; focusable: false; focused: false; selected: false; clickable: true; longClickable: false; enabled: true; password: false; scrollable: false; [ACTION_CLICK, ACTION_ACCESSIBILITY_FOCUS, ACTION_NEXT_HTML_ELEMENT, ACTION_PREVIOUS_HTML_ELEMENT]
[2026-06-23 12:50:25] [hamibot] [ LOG ]:[ LOG ] [tryClickNode]: tryClickNode: 节点clickable值: function clickable() {/*
boolean clickable()
*/}

[2026-06-23 12:50:25] [hamibot] [ LOG ]:[ LOG ] [tryClickNode]: tryClickNode: 节点clickable toString: function clickable() {/*
boolean clickable()
*/}

[2026-06-23 12:50:25] [hamibot] [ LOG ]:[ LOG ] [tryClickNode]: tryClickNode: 解析后的clickable值: true
[2026-06-23 12:50:25] [hamibot] [ LOG ]:[ LOG ] [tryClickNode]: tryClickNode: 节点本身可点击，执行直接点击
[2026-06-23 12:50:25] [hamibot] [ LOG ]:[ LOG ] [tryClickNode]: tryClickNode: 直接点击结果: true
[2026-06-23 12:50:40] [hamibot] [INFO]:[INFO] [findAllInTaskList]: [taskPopup] findAll「领取奖励」1个 1ms
[2026-06-23 12:50:49] [hamibot] [INFO]:[INFO] [findTaskTitleStrict]: [taskPopup] strict「浏览指定频道好物」miss 10ms
[2026-06-23 12:50:49] [hamibot] [WARN]:[WARN] [logPathFailure]: [路径失败] 浏览指定频道好物: 弹框已开，步骤[找到任务标题]失败：taskListWrap 内未找到文本[浏览指定频道好物]，任务可能已完成或不在本轮列表
[2026-06-23 12:51:00] [hamibot] [INFO]:[INFO] [findTaskTitleStrict]: [taskPopup] strict「搜一搜喜欢的商品」miss 9ms
[2026-06-23 12:51:00] [hamibot] [WARN]:[WARN] [logPathFailure]: [路径失败] 搜一搜喜欢的商品: 弹框已开，步骤[找到任务标题]失败：taskListWrap 内未找到文本[搜一搜喜欢的商品]，任务可能已完成或不在本轮列表
[2026-06-23 12:51:02] [hamibot] [INFO]:[INFO] [Outer]: [AI分析] context=路径失败: 浏览指定频道好物 / 找到任务标题 | 页面识别: unknown | 原因分析: 决策服务异常: [WinError 10038] 在一个非套接字上尝试了一个操作。 | 建议操作: abort
[2026-06-23 12:51:13] [hamibot] [INFO]:[INFO] [Outer]: [AI分析] context=路径失败: 搜一搜喜欢的商品 / 找到任务标题 | 页面识别: unknown | 原因分析: 决策服务异常: [WinError 10038] 在一个非套接字上尝试了一个操作。 | 建议操作: abort
[2026-06-23 12:51:22] [hamibot] [INFO]:[INFO] [findTaskTitleStrict]: [taskPopup] strict「去浏览全新好物」miss 10ms
[2026-06-23 12:51:22] [hamibot] [WARN]:[WARN] [logPathFailure]: [路径失败] 去浏览全新好物: 弹框已开，步骤[找到任务标题]失败：taskListWrap 内未找到文本[去浏览全新好物]，任务可能已完成或不在本轮列表
[2026-06-23 12:51:33] [hamibot] [INFO]:[INFO] [Outer]: [AI分析] context=路径失败: 去浏览全新好物 / 找到任务标题 | 页面识别: unknown | 原因分析: 决策服务异常: [WinError 10038] 在一个非套接字上尝试了一个操作。 | 建议操作: abort
[2026-06-23 12:51:43] [hamibot] [INFO]:[INFO] [findTaskTitleStrict]: [taskPopup] strict「浏览推荐的国补商品」miss 10ms
[2026-06-23 12:51:43] [hamibot] [WARN]:[WARN] [logPathFailure]: [路径失败] 浏览推荐的国补商品: 弹框已开，步骤[找到任务标题]失败：taskListWrap 内未找到文本[浏览推荐的国补商品]，任务可能已完成或不在本轮列表
[2026-06-23 12:51:55] [hamibot] [INFO]:[INFO] [findTaskTitleStrict]: [taskPopup] strict「去蚂蚁森林逛一逛」miss 10ms
[2026-06-23 12:51:55] [hamibot] [WARN]:[WARN] [logPathFailure]: [路径失败] 去蚂蚁森林逛一逛: 弹框已开，步骤[找到任务标题]失败：taskListWrap 内未找到文本[去蚂蚁森林逛一逛]，任务可能已完成或不在本轮列表
[2026-06-23 12:51:57] [hamibot] [INFO]:[INFO] [Outer]: [AI分析] context=路径失败: 浏览推荐的国补商品 / 找到任务标题 | 页面识别: unknown | 原因分析: 决策服务异常: [WinError 10038] 在一个非套接字上尝试了一个操作。 | 建议操作: abort
[2026-06-23 12:52:08] [hamibot] [INFO]:[INFO] [Outer]: [AI分析] context=路径失败: 去蚂蚁森林逛一逛 / 找到任务标题 | 页面识别: unknown | 原因分析: 决策服务异常: [WinError 10038] 在一个非套接字上尝试了一个操作。 | 建议操作: abort
[2026-06-23 12:52:14] [hamibot] [INFO]:[INFO] [Outer]: Exit...
[2026-06-23 12:52:14] [hamibot] [INFO]:[INFO] [Anonymous functions]: Launching...

	Current script version: 1.0.4

[2026-06-23 12:52:14] [hamibot] [INFO]:[INFO] [Anonymous functions]: Configuration loaded {"APP_ENV":"development","USER_ID":"6723480da777ba4dbbb4bfe9","ROBOT_ID":"67242f26e2fed0e6e3d11b91","SCRIPT_ID":"6723493b364a634dae6c9099","TIMESTAMP":"2026-06-23 12:53:16"}
[2026-06-23 12:52:14] [hamibot] [INFO]:[INFO] [Anonymous functions]: Verifying configurations
[2026-06-23 12:52:14] [hamibot] [INFO]:[INFO] [Anonymous functions]: Start running script
[2026-06-23 12:52:14] [hamibot] [INFO]:[INFO] [getElementCache]: getElementCache 加载成功，共 20 条 (第1次)
[2026-06-23 12:52:14] [hamibot] [DEBUG]:[DEBUG] [init]: Accessibility permissions enabled
[2026-06-23 12:52:14] [hamibot] [DEBUG]:[DEBUG] [init]: Screen size: 2400 x 1080
[2026-06-23 12:52:14] [hamibot] [INFO]:[INFO] [saveElementCache]: saveElementCache 服务端共 20 条 (本次新增/更新 20 条)
[2026-06-23 12:52:14] [hamibot] [INFO]:[INFO] [flushElementCache]: 已触发异步刷新元素查找缓存
[2026-06-23 12:52:14] [hamibot] [INFO]:[INFO] [closeApp]: openHamibot true
[2026-06-23 12:52:24] [hamibot] [INFO]:[INFO] [closeApp]: 已通过最近任务页卡片滑动关闭应用
[2026-06-23 12:52:24] [hamibot] [INFO]:[INFO] [saveElementCache]: saveElementCache 服务端共 20 条 (本次新增/更新 20 条)
[2026-06-23 12:52:24] [hamibot] [INFO]:[INFO] [flushElementCache]: 已触发异步刷新元素查找缓存
[2026-06-23 12:52:25] [hamibot] [INFO]:[INFO] [Outer]: 开始查找商品详情
[2026-06-23 12:53:05] [hamibot] [ LOG ]:[ LOG ] [Outer]: mediaProjection: 自动确认线程启动 35000ms
[2026-06-23 12:53:05] [hamibot] [INFO]:[INFO] [Outer]: 找到商品数量: 0
[2026-06-23 12:53:05] [hamibot] [INFO]:[INFO] [fetchPendingTasks]: fetchPendingTasks raw[288]: {"code":0,"data":[{"id":"054c0e62-2e05-477f-9147-ee54c7e754b6","type":"goldCoin","status":"pending",
[2026-06-23 12:53:14] [hamibot] [ LOG ]:[ LOG ] [Outer]: mediaProjection: 弹框未稳定，继续等待
[2026-06-23 12:53:42] [hamibot] [INFO]:[INFO] [saveElementCache]: saveElementCache 服务端共 20 条 (本次新增/更新 20 条)
[2026-06-23 12:53:42] [hamibot] [INFO]:[INFO] [flushElementCache]: 已触发异步刷新元素查找缓存
[2026-06-23 12:53:42] [hamibot] [INFO]:[INFO] [closeApp]: openHamibot true
[2026-06-23 12:53:42] [hamibot] [ LOG ]:[ LOG ] [Outer]: mediaProjection: 自动确认线程结束
[2026-06-23 12:53:45] [hamibot] [INFO]:[INFO] [tryClickNode]: tryClickNode com.stardust.automator.UiObject@2a022; boundsInParent: Rect(0, 0 - 240, 240); boundsInScreen: Rect(420, 2057 - 660, 2297); packageName: com.miui.home; className: android.view.View; text: null; contentDescription: 本机共有12.0 G内存，当前5.5 G可用，双击清理全部任务; viewId: com.miui.home:id/clearAnimView; checkable: false; checked: false; focusable: true; focused: false; selected: false; clickable: true; longClickable: true; enabled: true; password: false; scrollable: false; [ACTION_FOCUS, ACTION_SELECT, ACTION_CLEAR_SELECTION, ACTION_CLICK, ACTION_LONG_CLICK, ACTION_ACCESSIBILITY_FOCUS, ACTION_NEXT_AT_MOVEMENT_GRANULARITY, ACTION_PREVIOUS_AT_MOVEMENT_GRANULARITY, ACTION_SET_SELECTION]
[2026-06-23 12:53:45] [hamibot] [ LOG ]:[ LOG ] [tryClickNode]: tryClickNode: 开始尝试点击节点 com.stardust.automator.UiObject@2a022; boundsInParent: Rect(0, 0 - 240, 240); boundsInScreen: Rect(420, 2057 - 660, 2297); packageName: com.miui.home; className: android.view.View; text: null; contentDescription: 本机共有12.0 G内存，当前5.5 G可用，双击清理全部任务; viewId: com.miui.home:id/clearAnimView; checkable: false; checked: false; focusable: true; focused: false; selected: false; clickable: true; longClickable: true; enabled: true; password: false; scrollable: false; [ACTION_FOCUS, ACTION_SELECT, ACTION_CLEAR_SELECTION, ACTION_CLICK, ACTION_LONG_CLICK, ACTION_ACCESSIBILITY_FOCUS, ACTION_NEXT_AT_MOVEMENT_GRANULARITY, ACTION_PREVIOUS_AT_MOVEMENT_GRANULARITY, ACTION_SET_SELECTION]
[2026-06-23 12:53:45] [hamibot] [ LOG ]:[ LOG ] [tryClickNode]: tryClickNode: 节点clickable值: function clickable() {/*
boolean clickable()
*/}

[2026-06-23 12:53:45] [hamibot] [ LOG ]:[ LOG ] [tryClickNode]: tryClickNode: 节点clickable toString: function clickable() {/*
boolean clickable()
*/}

[2026-06-23 12:53:45] [hamibot] [ LOG ]:[ LOG ] [tryClickNode]: tryClickNode: 解析后的clickable值: true
[2026-06-23 12:53:45] [hamibot] [ LOG ]:[ LOG ] [tryClickNode]: tryClickNode: 节点本身可点击，执行直接点击
[2026-06-23 12:53:45] [hamibot] [ LOG ]:[ LOG ] [tryClickNode]: tryClickNode: 直接点击结果: true
[2026-06-23 12:53:46] [hamibot] [INFO]:[INFO] [closeApp]: 已通过最近任务页‘关闭全部’关闭应用
[2026-06-23 12:54:04] [hamibot] [INFO]:[INFO] [tryClickNode]: tryClickNode com.stardust.automator.UiObject@106670; boundsInParent: Rect(142, -9 - 267, 116); boundsInScreen: Rect(372, 1244 - 700, 1572); packageName: com.taobao.idlefish; className: android.view.View; text: ; contentDescription: null; viewId: mapDiceBtn; checkable: false; checked: false; focusable: false; focused: false; selected: false; clickable: true; longClickable: false; enabled: true; password: false; scrollable: false; [ACTION_CLICK, ACTION_ACCESSIBILITY_FOCUS, ACTION_NEXT_HTML_ELEMENT, ACTION_PREVIOUS_HTML_ELEMENT]
[2026-06-23 12:54:04] [hamibot] [ LOG ]:[ LOG ] [tryClickNode]: tryClickNode: 开始尝试点击节点 com.stardust.automator.UiObject@106670; boundsInParent: Rect(142, -9 - 267, 116); boundsInScreen: Rect(372, 1244 - 700, 1572); packageName: com.taobao.idlefish; className: android.view.View; text: ; contentDescription: null; viewId: mapDiceBtn; checkable: false; checked: false; focusable: false; focused: false; selected: false; clickable: true; longClickable: false; enabled: true; password: false; scrollable: false; [ACTION_CLICK, ACTION_ACCESSIBILITY_FOCUS, ACTION_NEXT_HTML_ELEMENT, ACTION_PREVIOUS_HTML_ELEMENT]
[2026-06-23 12:54:04] [hamibot] [ LOG ]:[ LOG ] [tryClickNode]: tryClickNode: 节点clickable值: function clickable() {/*
boolean clickable()
*/}

[2026-06-23 12:54:04] [hamibot] [ LOG ]:[ LOG ] [tryClickNode]: tryClickNode: 节点clickable toString: function clickable() {/*
boolean clickable()
*/}

[2026-06-23 12:54:04] [hamibot] [ LOG ]:[ LOG ] [tryClickNode]: tryClickNode: 解析后的clickable值: true
[2026-06-23 12:54:04] [hamibot] [ LOG ]:[ LOG ] [tryClickNode]: tryClickNode: 节点本身可点击，执行直接点击
[2026-06-23 12:54:04] [hamibot] [ LOG ]:[ LOG ] [tryClickNode]: tryClickNode: 直接点击结果: true
[2026-06-23 12:54:16] [hamibot] [INFO]:[INFO] [tryClickNode]: tryClickNode com.stardust.automator.UiObject@106670; boundsInParent: Rect(142, -9 - 267, 116); boundsInScreen: Rect(372, 1244 - 700, 1572); packageName: com.taobao.idlefish; className: android.view.View; text: ; contentDescription: null; viewId: mapDiceBtn; checkable: false; checked: false; focusable: false; focused: false; selected: false; clickable: true; longClickable: false; enabled: true; password: false; scrollable: false; [ACTION_CLICK, ACTION_ACCESSIBILITY_FOCUS, ACTION_NEXT_HTML_ELEMENT, ACTION_PREVIOUS_HTML_ELEMENT]
[2026-06-23 12:54:16] [hamibot] [ LOG ]:[ LOG ] [tryClickNode]: tryClickNode: 开始尝试点击节点 com.stardust.automator.UiObject@106670; boundsInParent: Rect(142, -9 - 267, 116); boundsInScreen: Rect(372, 1244 - 700, 1572); packageName: com.taobao.idlefish; className: android.view.View; text: ; contentDescription: null; viewId: mapDiceBtn; checkable: false; checked: false; focusable: false; focused: false; selected: false; clickable: true; longClickable: false; enabled: true; password: false; scrollable: false; [ACTION_CLICK, ACTION_ACCESSIBILITY_FOCUS, ACTION_NEXT_HTML_ELEMENT, ACTION_PREVIOUS_HTML_ELEMENT]
[2026-06-23 12:54:16] [hamibot] [ LOG ]:[ LOG ] [tryClickNode]: tryClickNode: 节点clickable值: function clickable() {/*
boolean clickable()
*/}

[2026-06-23 12:54:16] [hamibot] [ LOG ]:[ LOG ] [tryClickNode]: tryClickNode: 节点clickable toString: function clickable() {/*
boolean clickable()
*/}

[2026-06-23 12:54:16] [hamibot] [ LOG ]:[ LOG ] [tryClickNode]: tryClickNode: 解析后的clickable值: true
[2026-06-23 12:54:16] [hamibot] [ LOG ]:[ LOG ] [tryClickNode]: tryClickNode: 节点本身可点击，执行直接点击
[2026-06-23 12:54:16] [hamibot] [ LOG ]:[ LOG ] [tryClickNode]: tryClickNode: 直接点击结果: true
[2026-06-23 12:54:37] [hamibot] [INFO]:[INFO] [findTaskTitleStrict]: [taskPopup] strict「浏览指定频道好物」miss 9ms
[2026-06-23 12:54:37] [hamibot] [WARN]:[WARN] [logPathFailure]: [路径失败] 浏览指定频道好物: 弹框已开，步骤[找到任务标题]失败：taskListWrap 内未找到文本[浏览指定频道好物]，任务可能已完成或不在本轮列表
[2026-06-23 12:54:48] [hamibot] [INFO]:[INFO] [findTaskTitleStrict]: [taskPopup] strict「搜一搜喜欢的商品」miss 11ms
[2026-06-23 12:54:48] [hamibot] [WARN]:[WARN] [captureScreenshotBase64]: captureScreenshotBase64: JavaException: java.lang.SecurityException: No screen capture permission
[2026-06-23 12:54:48] [hamibot] [WARN]:[WARN] [logPathFailure]: [路径失败] 搜一搜喜欢的商品: 弹框已开，步骤[找到任务标题]失败：taskListWrap 内未找到文本[搜一搜喜欢的商品]，任务可能已完成或不在本轮列表
[2026-06-23 12:54:50] [hamibot] [INFO]:[INFO] [Outer]: [AI分析] context=路径失败: 浏览指定频道好物 / 找到任务标题 | 页面识别: unknown | 原因分析: 决策服务异常: [WinError 10038] 在一个非套接字上尝试了一个操作。 | 建议操作: abort
[2026-06-23 12:54:59] [hamibot] [WARN]:[WARN] [captureScreenshotBase64]: captureScreenshotBase64: JavaException: java.lang.SecurityException: No screen capture permission
[2026-06-23 12:55:01] [hamibot] [INFO]:[INFO] [Outer]: [AI分析] context=路径失败: 搜一搜喜欢的商品 / 找到任务标题 | 页面识别: unknown | 原因分析: 决策服务异常: [WinError 10038] 在一个非套接字上尝试了一个操作。 | 建议操作: abort
[2026-06-23 12:55:09] [hamibot] [INFO]:[INFO] [findTaskTitleStrict]: [taskPopup] strict「去浏览全新好物」miss 10ms
[2026-06-23 12:55:09] [hamibot] [WARN]:[WARN] [logPathFailure]: [路径失败] 去浏览全新好物: 弹框已开，步骤[找到任务标题]失败：taskListWrap 内未找到文本[去浏览全新好物]，任务可能已完成或不在本轮列表
[2026-06-23 12:55:20] [hamibot] [WARN]:[WARN] [captureScreenshotBase64]: captureScreenshotBase64: JavaException: java.lang.SecurityException: No screen capture permission
[2026-06-23 12:55:20] [hamibot] [INFO]:[INFO] [findTaskTitleStrict]: [taskPopup] strict「浏览推荐的国补商品」miss 12ms
[2026-06-23 12:55:20] [hamibot] [WARN]:[WARN] [logPathFailure]: [路径失败] 浏览推荐的国补商品: 弹框已开，步骤[找到任务标题]失败：taskListWrap 内未找到文本[浏览推荐的国补商品]，任务可能已完成或不在本轮列表
[2026-06-23 12:55:22] [hamibot] [INFO]:[INFO] [Outer]: [AI分析] context=路径失败: 去浏览全新好物 / 找到任务标题 | 页面识别: unknown | 原因分析: 决策服务异常: [WinError 10038] 在一个非套接字上尝试了一个操作。 | 建议操作: abort
[2026-06-23 12:55:31] [hamibot] [WARN]:[WARN] [captureScreenshotBase64]: captureScreenshotBase64: JavaException: java.lang.SecurityException: No screen capture permission
[2026-06-23 12:55:34] [hamibot] [INFO]:[INFO] [Outer]: [AI分析] context=路径失败: 浏览推荐的国补商品 / 找到任务标题 | 页面识别: unknown | 原因分析: 决策服务异常: [WinError 10038] 在一个非套接字上尝试了一个操作。 | 建议操作: abort
[2026-06-23 12:55:42] [hamibot] [INFO]:[INFO] [findTaskTitleStrict]: [taskPopup] strict「去蚂蚁森林逛一逛」miss 11ms
[2026-06-23 12:55:42] [hamibot] [WARN]:[WARN] [logPathFailure]: [路径失败] 去蚂蚁森林逛一逛: 弹框已开，步骤[找到任务标题]失败：taskListWrap 内未找到文本[去蚂蚁森林逛一逛]，任务可能已完成或不在本轮列表
[2026-06-23 12:55:53] [hamibot] [WARN]:[WARN] [captureScreenshotBase64]: captureScreenshotBase64: JavaException: java.lang.SecurityException: No screen capture permission
[2026-06-23 12:55:53] [hamibot] [INFO]:[INFO] [findTaskTitleStrict]: [taskPopup] strict「去支付宝农场领水果」miss 9ms
[2026-06-23 12:55:53] [hamibot] [WARN]:[WARN] [logPathFailure]: [路径失败] 去支付宝农场领水果: 弹框已开，步骤[找到任务标题]失败：taskListWrap 内未找到文本[去支付宝农场领水果]，任务可能已完成或不在本轮列表
[2026-06-23 12:55:56] [hamibot] [INFO]:[INFO] [Outer]: [AI分析] context=路径失败: 去蚂蚁森林逛一逛 / 找到任务标题 | 页面识别: unknown | 原因分析: 决策服务异常: [WinError 10038] 在一个非套接字上尝试了一个操作。 | 建议操作: abort
[2026-06-23 12:56:05] [hamibot] [WARN]:[WARN] [captureScreenshotBase64]: captureScreenshotBase64: JavaException: java.lang.SecurityException: No screen capture permission
[2026-06-23 12:56:07] [hamibot] [INFO]:[INFO] [Outer]: [AI分析] context=路径失败: 去支付宝农场领水果 / 找到任务标题 | 页面识别: unknown | 原因分析: 决策服务异常: [WinError 10038] 在一个非套接字上尝试了一个操作。 | 建议操作: abort
[2026-06-23 12:56:16] [hamibot] [INFO]:[INFO] [findTaskTitleStrict]: [taskPopup] strict「去淘宝签到领红包」miss 9ms
[2026-06-23 12:56:16] [hamibot] [WARN]:[WARN] [logPathFailure]: [路径失败] 去淘宝签到领红包: 弹框已开，步骤[找到任务标题]失败：taskListWrap 内未找到文本[去淘宝签到领红包]，任务可能已完成或不在本轮列表
[2026-06-23 12:56:27] [hamibot] [INFO]:[INFO] [findTaskTitleStrict]: [taskPopup] strict「去蚂蚁森林逛一逛」miss 9ms
[2026-06-23 12:56:27] [hamibot] [WARN]:[WARN] [captureScreenshotBase64]: captureScreenshotBase64: JavaException: java.lang.SecurityException: No screen capture permission
[2026-06-23 12:56:27] [hamibot] [WARN]:[WARN] [logPathFailure]: [路径失败] 去蚂蚁森林逛一逛: 弹框已开，步骤[找到任务标题]失败：taskListWrap 内未找到文本[去蚂蚁森林逛一逛]，任务可能已完成或不在本轮列表
[2026-06-23 12:56:29] [hamibot] [INFO]:[INFO] [Outer]: [AI分析] context=路径失败: 去淘宝签到领红包 / 找到任务标题 | 页面识别: unknown | 原因分析: 决策服务异常: [WinError 10038] 在一个非套接字上尝试了一个操作。 | 建议操作: abort
[2026-06-23 12:56:38] [hamibot] [WARN]:[WARN] [captureScreenshotBase64]: captureScreenshotBase64: JavaException: java.lang.SecurityException: No screen capture permission
[2026-06-23 12:56:40] [hamibot] [INFO]:[INFO] [Outer]: [AI分析] context=路径失败: 去蚂蚁森林逛一逛 / 找到任务标题 | 页面识别: unknown | 原因分析: 决策服务异常: [WinError 10038] 在一个非套接字上尝试了一个操作。 | 建议操作: abort
[2026-06-23 12:56:49] [hamibot] [INFO]:[INFO] [findTaskTitleStrict]: [taskPopup] strict「去蚂蚁庄园逛一逛」miss 10ms
[2026-06-23 12:56:49] [hamibot] [WARN]:[WARN] [logPathFailure]: [路径失败] 去蚂蚁庄园逛一逛: 弹框已开，步骤[找到任务标题]失败：taskListWrap 内未找到文本[去蚂蚁庄园逛一逛]，任务可能已完成或不在本轮列表
[2026-06-23 12:56:59] [hamibot] [INFO]:[INFO] [findTaskTitleStrict]: [taskPopup] strict「去支付宝领积分」miss 9ms
[2026-06-23 12:56:59] [hamibot] [WARN]:[WARN] [captureScreenshotBase64]: captureScreenshotBase64: JavaException: java.lang.SecurityException: No screen capture permission
[2026-06-23 12:56:59] [hamibot] [WARN]:[WARN] [logPathFailure]: [路径失败] 去支付宝领积分: 弹框已开，步骤[找到任务标题]失败：taskListWrap 内未找到文本[去支付宝领积分]，任务可能已完成或不在本轮列表
[2026-06-23 12:57:01] [hamibot] [INFO]:[INFO] [Outer]: [AI分析] context=路径失败: 去蚂蚁庄园逛一逛 / 找到任务标题 | 页面识别: unknown | 原因分析: 决策服务异常: [WinError 10038] 在一个非套接字上尝试了一个操作。 | 建议操作: abort
[2026-06-23 12:57:11] [hamibot] [WARN]:[WARN] [captureScreenshotBase64]: captureScreenshotBase64: JavaException: java.lang.SecurityException: No screen capture permission
[2026-06-23 12:57:13] [hamibot] [INFO]:[INFO] [Outer]: [AI分析] context=路径失败: 去支付宝领积分 / 找到任务标题 | 页面识别: unknown | 原因分析: 决策服务异常: [WinError 10038] 在一个非套接字上尝试了一个操作。 | 建议操作: abort
[2026-06-23 12:57:23] [hamibot] [INFO]:[INFO] [findTaskTitleStrict]: [taskPopup] strict「浏览鱼小铺工作台」miss 8ms
[2026-06-23 12:57:23] [hamibot] [WARN]:[WARN] [logPathFailure]: [路径失败] 浏览鱼小铺工作台: 弹框已开，步骤[找到任务标题]失败：taskListWrap 内未找到文本[浏览鱼小铺工作台]，任务可能已完成或不在本轮列表
[2026-06-23 12:57:34] [hamibot] [WARN]:[WARN] [captureScreenshotBase64]: captureScreenshotBase64: JavaException: java.lang.SecurityException: No screen capture permission
[2026-06-23 12:57:34] [hamibot] [INFO]:[INFO] [findTaskTitleStrict]: [taskPopup] strict「搜一搜推荐商品」miss 10ms
[2026-06-23 12:57:34] [hamibot] [WARN]:[WARN] [logPathFailure]: [路径失败] 搜一搜推荐商品: 弹框已开，步骤[找到任务标题]失败：taskListWrap 内未找到文本[搜一搜推荐商品]，任务可能已完成或不在本轮列表
[2026-06-23 12:57:36] [hamibot] [INFO]:[INFO] [Outer]: [AI分析] context=路径失败: 浏览鱼小铺工作台 / 找到任务标题 | 页面识别: unknown | 原因分析: 决策服务异常: [WinError 10038] 在一个非套接字上尝试了一个操作。 | 建议操作: abort
[2026-06-23 12:57:45] [hamibot] [WARN]:[WARN] [captureScreenshotBase64]: captureScreenshotBase64: JavaException: java.lang.SecurityException: No screen capture permission
[2026-06-23 12:57:47] [hamibot] [INFO]:[INFO] [Outer]: [AI分析] context=路径失败: 搜一搜推荐商品 / 找到任务标题 | 页面识别: unknown | 原因分析: 决策服务异常: [WinError 10038] 在一个非套接字上尝试了一个操作。 | 建议操作: abort
[2026-06-23 12:57:55] [hamibot] [INFO]:[INFO] [findTaskTitleStrict]: [taskPopup] strict「领至高20元外卖红包」miss 23ms
[2026-06-23 12:57:55] [hamibot] [WARN]:[WARN] [logPathFailure]: [路径失败] 领至高20元外卖红包: 弹框已开，步骤[找到任务标题]失败：taskListWrap 内未找到文本[领至高20元外卖红包]，任务可能已完成或不在本轮列表
[2026-06-23 12:58:06] [hamibot] [INFO]:[INFO] [findTaskTitleStrict]: [taskPopup] strict「看视频奖励100币」contains 9ms
[2026-06-23 12:58:06] [hamibot] [WARN]:[WARN] [captureScreenshotBase64]: captureScreenshotBase64: JavaException: java.lang.SecurityException: No screen capture permission
[2026-06-23 12:58:06] [hamibot] [INFO]:[INFO] [findTaskTitleStrict]: [taskPopup] strict「看视频奖励100币」contains 10ms
[2026-06-23 12:58:06] [hamibot] [INFO]:[INFO] [findTaskTitleStrict]: [taskPopup] strict「看视频奖励100币」contains 8ms
[2026-06-23 12:58:06] [hamibot] [INFO]:[INFO] [findAllInTaskList]: [taskPopup] findAll「去完成」23个 2ms
[2026-06-23 12:58:08] [hamibot] [INFO]:[INFO] [Outer]: [AI分析] context=路径失败: 领至高20元外卖红包 / 找到任务标题 | 页面识别: unknown | 原因分析: 决策服务异常: [WinError 10038] 在一个非套接字上尝试了一个操作。 | 建议操作: abort
[2026-06-23 12:58:17] [hamibot] [INFO]:[INFO] [findTargetElementWithCache]: [sel#1] get100Coin/前往加速 串行启动 12 条策略
[2026-06-23 12:58:18] [hamibot] [INFO]:[INFO] [findTargetElementWithCache]: [sel#1] get100Coin/前往加速 串行全部✗ 串行900ms 总900ms
[2026-06-23 12:58:18] [hamibot] [INFO]:[INFO] [findTargetElementWithCache]: [sel#1] get100Coin/直接拿奖励 串行启动 12 条策略
[2026-06-23 12:58:19] [hamibot] [INFO]:[INFO] [findTargetElementWithCache]: [sel#1] get100Coin/直接拿奖励 串行全部✗ 串行863ms 总863ms
[2026-06-23 12:58:19] [hamibot] [INFO]:[INFO] [findTargetElementWithCache]: [sel#1] get100Coin/去加速 串行启动 12 条策略
[2026-06-23 12:58:20] [hamibot] [INFO]:[INFO] [findTargetElementWithCache]: [sel#1] get100Coin/去加速 串行全部✗ 串行900ms 总900ms
[2026-06-23 12:58:20] [hamibot] [INFO]:[INFO] [findTargetElementWithCache]: [sel#1] get100Coin/加速领奖 串行启动 12 条策略
[2026-06-23 12:58:21] [hamibot] [INFO]:[INFO] [findTargetElementWithCache]: [sel#1] get100Coin/加速领奖 串行全部✗ 串行868ms 总868ms
[2026-06-23 12:58:21] [hamibot] [INFO]:[INFO] [findTargetElementWithCache]: [sel#1] get100Coin/去看看 串行启动 12 条策略
[2026-06-23 12:58:22] [hamibot] [INFO]:[INFO] [findTargetElementWithCache]: [sel#1] get100Coin/去看看 串行全部✗ 串行936ms 总936ms
[2026-06-23 12:58:23] [hamibot] [INFO]:[INFO] [findTargetElementWithCache]: [sel#1] get100Coin/滑动浏览 串行启动 12 条策略
[2026-06-23 12:58:23] [hamibot] [INFO]:[INFO] [findTargetElementWithCache]: [sel#1] get100Coin/滑动浏览 串行全部✗ 串行962ms 总962ms
[2026-06-23 12:58:23] [hamibot] [INFO]:[INFO] [get100Coin]: 没有找到任何可用按钮
[2026-06-23 12:58:23] [hamibot] [INFO]:[INFO] [findTargetElementWithCache]: [sel#1] get100Coin/奖励已领取 串行启动 12 条策略
[2026-06-23 12:58:24] [hamibot] [INFO]:[INFO] [findTargetElementWithCache]: [sel#1] get100Coin/奖励已领取 串行全部✗ 串行945ms 总946ms
[2026-06-23 12:58:54] [hamibot] [INFO]:[INFO] [saveElementCache]: saveElementCache 服务端共 20 条 (本次新增/更新 20 条)
[2026-06-23 12:58:54] [hamibot] [INFO]:[INFO] [flushElementCache]: 已触发异步刷新元素查找缓存
[2026-06-23 12:58:54] [hamibot] [INFO]:[INFO] [closeApp]: openHamibot true
[2026-06-23 12:58:58] [hamibot] [INFO]:[INFO] [tryClickNode]: tryClickNode com.stardust.automator.UiObject@2a022; boundsInParent: Rect(0, 0 - 240, 240); boundsInScreen: Rect(420, 2057 - 660, 2297); packageName: com.miui.home; className: android.view.View; text: null; contentDescription: 本机共有12.0 G内存，当前4.8 G可用，双击清理全部任务; viewId: com.miui.home:id/clearAnimView; checkable: false; checked: false; focusable: true; focused: false; selected: false; clickable: true; longClickable: true; enabled: true; password: false; scrollable: false; [ACTION_FOCUS, ACTION_SELECT, ACTION_CLEAR_SELECTION, ACTION_CLICK, ACTION_LONG_CLICK, ACTION_ACCESSIBILITY_FOCUS, ACTION_NEXT_AT_MOVEMENT_GRANULARITY, ACTION_PREVIOUS_AT_MOVEMENT_GRANULARITY, ACTION_SET_SELECTION]
[2026-06-23 12:58:58] [hamibot] [ LOG ]:[ LOG ] [tryClickNode]: tryClickNode: 开始尝试点击节点 com.stardust.automator.UiObject@2a022; boundsInParent: Rect(0, 0 - 240, 240); boundsInScreen: Rect(420, 2057 - 660, 2297); packageName: com.miui.home; className: android.view.View; text: null; contentDescription: 本机共有12.0 G内存，当前4.8 G可用，双击清理全部任务; viewId: com.miui.home:id/clearAnimView; checkable: false; checked: false; focusable: true; focused: false; selected: false; clickable: true; longClickable: true; enabled: true; password: false; scrollable: false; [ACTION_FOCUS, ACTION_SELECT, ACTION_CLEAR_SELECTION, ACTION_CLICK, ACTION_LONG_CLICK, ACTION_ACCESSIBILITY_FOCUS, ACTION_NEXT_AT_MOVEMENT_GRANULARITY, ACTION_PREVIOUS_AT_MOVEMENT_GRANULARITY, ACTION_SET_SELECTION]
[2026-06-23 12:58:58] [hamibot] [ LOG ]:[ LOG ] [tryClickNode]: tryClickNode: 节点clickable值: function clickable() {/*
boolean clickable()
*/}

[2026-06-23 12:58:58] [hamibot] [ LOG ]:[ LOG ] [tryClickNode]: tryClickNode: 节点clickable toString: function clickable() {/*
boolean clickable()
*/}

[2026-06-23 12:58:58] [hamibot] [ LOG ]:[ LOG ] [tryClickNode]: tryClickNode: 解析后的clickable值: true
[2026-06-23 12:58:58] [hamibot] [ LOG ]:[ LOG ] [tryClickNode]: tryClickNode: 节点本身可点击，执行直接点击
[2026-06-23 12:58:58] [hamibot] [ LOG ]:[ LOG ] [tryClickNode]: tryClickNode: 直接点击结果: true
[2026-06-23 12:58:59] [hamibot] [INFO]:[INFO] [closeApp]: 已通过最近任务页‘关闭全部’关闭应用
[2026-06-23 12:59:20] [hamibot] [INFO]:[INFO] [tryClickNode]: tryClickNode com.stardust.automator.UiObject@11774b; boundsInParent: Rect(142, -9 - 267, 116); boundsInScreen: Rect(372, 1244 - 700, 1572); packageName: com.taobao.idlefish; className: android.view.View; text: ; contentDescription: null; viewId: mapDiceBtn; checkable: false; checked: false; focusable: false; focused: false; selected: false; clickable: true; longClickable: false; enabled: true; password: false; scrollable: false; [ACTION_CLICK, ACTION_ACCESSIBILITY_FOCUS, ACTION_NEXT_HTML_ELEMENT, ACTION_PREVIOUS_HTML_ELEMENT]
[2026-06-23 12:59:20] [hamibot] [ LOG ]:[ LOG ] [tryClickNode]: tryClickNode: 开始尝试点击节点 com.stardust.automator.UiObject@11774b; boundsInParent: Rect(142, -9 - 267, 116); boundsInScreen: Rect(372, 1244 - 700, 1572); packageName: com.taobao.idlefish; className: android.view.View; text: ; contentDescription: null; viewId: mapDiceBtn; checkable: false; checked: false; focusable: false; focused: false; selected: false; clickable: true; longClickable: false; enabled: true; password: false; scrollable: false; [ACTION_CLICK, ACTION_ACCESSIBILITY_FOCUS, ACTION_NEXT_HTML_ELEMENT, ACTION_PREVIOUS_HTML_ELEMENT]
[2026-06-23 12:59:20] [hamibot] [ LOG ]:[ LOG ] [tryClickNode]: tryClickNode: 节点clickable值: function clickable() {/*
boolean clickable()
*/}

[2026-06-23 12:59:20] [hamibot] [ LOG ]:[ LOG ] [tryClickNode]: tryClickNode: 节点clickable toString: function clickable() {/*
boolean clickable()
*/}

[2026-06-23 12:59:20] [hamibot] [ LOG ]:[ LOG ] [tryClickNode]: tryClickNode: 解析后的clickable值: true
[2026-06-23 12:59:20] [hamibot] [ LOG ]:[ LOG ] [tryClickNode]: tryClickNode: 节点本身可点击，执行直接点击
[2026-06-23 12:59:20] [hamibot] [ LOG ]:[ LOG ] [tryClickNode]: tryClickNode: 直接点击结果: true
[2026-06-23 12:59:54] [hamibot] [INFO]:[INFO] [findTaskTitleStrict]: [taskPopup] strict「看视频奖励100币」contains 10ms
[2026-06-23 12:59:54] [hamibot] [INFO]:[INFO] [findTaskTitleStrict]: [taskPopup] strict「看视频奖励100币」contains 10ms
[2026-06-23 12:59:55] [hamibot] [INFO]:[INFO] [findTaskTitleStrict]: [taskPopup] strict「看视频奖励100币」contains 10ms
[2026-06-23 12:59:55] [hamibot] [INFO]:[INFO] [findTaskTitleStrict]: [taskPopup] strict「看视频奖励100币」contains 9ms
[2026-06-23 12:59:55] [hamibot] [INFO]:[INFO] [findAllInTaskList]: [taskPopup] findAll「去完成」23个 3ms
[2026-06-23 13:00:06] [hamibot] [INFO]:[INFO] [findTargetElementWithCache]: [sel#2] get100Coin/前往加速 串行启动 12 条策略
[2026-06-23 13:00:07] [hamibot] [INFO]:[INFO] [findTargetElementWithCache]: [sel#2] get100Coin/前往加速 串行全部✗ 串行904ms 总904ms
[2026-06-23 13:00:07] [hamibot] [INFO]:[INFO] [findTargetElementWithCache]: [sel#2] get100Coin/直接拿奖励 串行启动 12 条策略
[2026-06-23 13:00:08] [hamibot] [INFO]:[INFO] [findTargetElementWithCache]: [sel#2] get100Coin/直接拿奖励 串行全部✗ 串行825ms 总825ms
[2026-06-23 13:00:08] [hamibot] [INFO]:[INFO] [findTargetElementWithCache]: [sel#2] get100Coin/去加速 串行启动 12 条策略
[2026-06-23 13:00:08] [hamibot] [INFO]:[INFO] [findTargetElementWithCache]: [sel#2] get100Coin/去加速 串行全部✗ 串行840ms 总840ms
[2026-06-23 13:00:09] [hamibot] [INFO]:[INFO] [findTargetElementWithCache]: [sel#2] get100Coin/加速领奖 串行启动 12 条策略
[2026-06-23 13:00:10] [hamibot] [INFO]:[INFO] [findTargetElementWithCache]: [sel#2] get100Coin/加速领奖 串行全部✗ 串行892ms 总892ms
[2026-06-23 13:00:10] [hamibot] [INFO]:[INFO] [findTargetElementWithCache]: [sel#2] get100Coin/去看看 串行启动 12 条策略
[2026-06-23 13:00:10] [hamibot] [INFO]:[INFO] [findTargetElementWithCache]: [sel#2] get100Coin/去看看 串行全部✗ 串行833ms 总833ms
[2026-06-23 13:00:10] [hamibot] [INFO]:[INFO] [findTargetElementWithCache]: [sel#2] get100Coin/滑动浏览 串行启动 12 条策略
[2026-06-23 13:00:11] [hamibot] [INFO]:[INFO] [findTargetElementWithCache]: [sel#2] get100Coin/滑动浏览 串行全部✗ 串行832ms 总834ms
[2026-06-23 13:00:11] [hamibot] [INFO]:[INFO] [get100Coin]: 没有找到任何可用按钮
[2026-06-23 13:00:11] [hamibot] [INFO]:[INFO] [findTargetElementWithCache]: [sel#2] get100Coin/奖励已领取 串行启动 12 条策略
[2026-06-23 13:00:12] [hamibot] [INFO]:[INFO] [findTargetElementWithCache]: [sel#2] get100Coin/奖励已领取 串行全部✗ 串行860ms 总861ms
[2026-06-23 13:00:42] [hamibot] [INFO]:[INFO] [saveElementCache]: saveElementCache 服务端共 20 条 (本次新增/更新 20 条)
[2026-06-23 13:00:42] [hamibot] [INFO]:[INFO] [flushElementCache]: 已触发异步刷新元素查找缓存
[2026-06-23 13:00:42] [hamibot] [INFO]:[INFO] [closeApp]: openHamibot true
[2026-06-23 13:00:45] [hamibot] [INFO]:[INFO] [tryClickNode]: tryClickNode com.stardust.automator.UiObject@2a022; boundsInParent: Rect(0, 0 - 240, 240); boundsInScreen: Rect(420, 2057 - 660, 2297); packageName: com.miui.home; className: android.view.View; text: null; contentDescription: 本机共有12.0 G内存，当前4.8 G可用，双击清理全部任务; viewId: com.miui.home:id/clearAnimView; checkable: false; checked: false; focusable: true; focused: false; selected: false; clickable: true; longClickable: true; enabled: true; password: false; scrollable: false; [ACTION_FOCUS, ACTION_SELECT, ACTION_CLEAR_SELECTION, ACTION_CLICK, ACTION_LONG_CLICK, ACTION_ACCESSIBILITY_FOCUS, ACTION_NEXT_AT_MOVEMENT_GRANULARITY, ACTION_PREVIOUS_AT_MOVEMENT_GRANULARITY, ACTION_SET_SELECTION]
[2026-06-23 13:00:45] [hamibot] [ LOG ]:[ LOG ] [tryClickNode]: tryClickNode: 开始尝试点击节点 com.stardust.automator.UiObject@2a022; boundsInParent: Rect(0, 0 - 240, 240); boundsInScreen: Rect(420, 2057 - 660, 2297); packageName: com.miui.home; className: android.view.View; text: null; contentDescription: 本机共有12.0 G内存，当前4.8 G可用，双击清理全部任务; viewId: com.miui.home:id/clearAnimView; checkable: false; checked: false; focusable: true; focused: false; selected: false; clickable: true; longClickable: true; enabled: true; password: false; scrollable: false; [ACTION_FOCUS, ACTION_SELECT, ACTION_CLEAR_SELECTION, ACTION_CLICK, ACTION_LONG_CLICK, ACTION_ACCESSIBILITY_FOCUS, ACTION_NEXT_AT_MOVEMENT_GRANULARITY, ACTION_PREVIOUS_AT_MOVEMENT_GRANULARITY, ACTION_SET_SELECTION]
[2026-06-23 13:00:45] [hamibot] [ LOG ]:[ LOG ] [tryClickNode]: tryClickNode: 节点clickable值: function clickable() {/*
boolean clickable()
*/}

[2026-06-23 13:00:45] [hamibot] [ LOG ]:[ LOG ] [tryClickNode]: tryClickNode: 节点clickable toString: function clickable() {/*
boolean clickable()
*/}

[2026-06-23 13:00:45] [hamibot] [ LOG ]:[ LOG ] [tryClickNode]: tryClickNode: 解析后的clickable值: true
[2026-06-23 13:00:45] [hamibot] [ LOG ]:[ LOG ] [tryClickNode]: tryClickNode: 节点本身可点击，执行直接点击
[2026-06-23 13:00:45] [hamibot] [ LOG ]:[ LOG ] [tryClickNode]: tryClickNode: 直接点击结果: true
[2026-06-23 13:00:46] [hamibot] [INFO]:[INFO] [closeApp]: 已通过最近任务页‘关闭全部’关闭应用
[2026-06-23 13:01:08] [hamibot] [INFO]:[INFO] [tryClickNode]: tryClickNode com.stardust.automator.UiObject@fe33d; boundsInParent: Rect(142, -9 - 267, 116); boundsInScreen: Rect(372, 1244 - 700, 1572); packageName: com.taobao.idlefish; className: android.view.View; text: ; contentDescription: null; viewId: mapDiceBtn; checkable: false; checked: false; focusable: false; focused: false; selected: false; clickable: true; longClickable: false; enabled: true; password: false; scrollable: false; [ACTION_CLICK, ACTION_ACCESSIBILITY_FOCUS, ACTION_NEXT_HTML_ELEMENT, ACTION_PREVIOUS_HTML_ELEMENT]
[2026-06-23 13:01:08] [hamibot] [ LOG ]:[ LOG ] [tryClickNode]: tryClickNode: 开始尝试点击节点 com.stardust.automator.UiObject@fe33d; boundsInParent: Rect(142, -9 - 267, 116); boundsInScreen: Rect(372, 1244 - 700, 1572); packageName: com.taobao.idlefish; className: android.view.View; text: ; contentDescription: null; viewId: mapDiceBtn; checkable: false; checked: false; focusable: false; focused: false; selected: false; clickable: true; longClickable: false; enabled: true; password: false; scrollable: false; [ACTION_CLICK, ACTION_ACCESSIBILITY_FOCUS, ACTION_NEXT_HTML_ELEMENT, ACTION_PREVIOUS_HTML_ELEMENT]
[2026-06-23 13:01:08] [hamibot] [ LOG ]:[ LOG ] [tryClickNode]: tryClickNode: 节点clickable值: function clickable() {/*
boolean clickable()
*/}

[2026-06-23 13:01:08] [hamibot] [ LOG ]:[ LOG ] [tryClickNode]: tryClickNode: 节点clickable toString: function clickable() {/*
boolean clickable()
*/}

[2026-06-23 13:01:08] [hamibot] [ LOG ]:[ LOG ] [tryClickNode]: tryClickNode: 解析后的clickable值: true
[2026-06-23 13:01:08] [hamibot] [ LOG ]:[ LOG ] [tryClickNode]: tryClickNode: 节点本身可点击，执行直接点击
[2026-06-23 13:01:08] [hamibot] [ LOG ]:[ LOG ] [tryClickNode]: tryClickNode: 直接点击结果: true
[2026-06-23 13:01:38] [hamibot] [INFO]:[INFO] [findTaskTitleStrict]: [taskPopup] strict「看视频奖励100币」contains 10ms
[2026-06-23 13:01:38] [hamibot] [INFO]:[INFO] [findTaskTitleStrict]: [taskPopup] strict「看视频奖励100币」contains 10ms
[2026-06-23 13:01:38] [hamibot] [INFO]:[INFO] [findTaskTitleStrict]: [taskPopup] strict「看视频奖励100币」contains 10ms
[2026-06-23 13:01:38] [hamibot] [INFO]:[INFO] [findTaskTitleStrict]: [taskPopup] strict「看视频奖励100币」contains 10ms
[2026-06-23 13:01:38] [hamibot] [INFO]:[INFO] [findAllInTaskList]: [taskPopup] findAll「去完成」23个 3ms
[2026-06-23 13:01:49] [hamibot] [INFO]:[INFO] [findTargetElementWithCache]: [sel#3] get100Coin/前往加速 串行启动 12 条策略
[2026-06-23 13:01:50] [hamibot] [INFO]:[INFO] [findTargetElementWithCache]: [sel#3] get100Coin/前往加速 串行全部✗ 串行916ms 总916ms
[2026-06-23 13:01:50] [hamibot] [INFO]:[INFO] [findTargetElementWithCache]: [sel#3] get100Coin/直接拿奖励 串行启动 12 条策略
[2026-06-23 13:01:51] [hamibot] [INFO]:[INFO] [findTargetElementWithCache]: [sel#3] get100Coin/直接拿奖励 串行全部✗ 串行952ms 总952ms
[2026-06-23 13:01:51] [hamibot] [INFO]:[INFO] [findTargetElementWithCache]: [sel#3] get100Coin/去加速 串行启动 12 条策略
[2026-06-23 13:01:52] [hamibot] [INFO]:[INFO] [findTargetElementWithCache]: [sel#3] get100Coin/去加速 串行全部✗ 串行906ms 总906ms
[2026-06-23 13:01:52] [hamibot] [INFO]:[INFO] [findTargetElementWithCache]: [sel#3] get100Coin/加速领奖 串行启动 12 条策略
[2026-06-23 13:01:53] [hamibot] [INFO]:[INFO] [findTargetElementWithCache]: [sel#3] get100Coin/加速领奖 串行全部✗ 串行945ms 总945ms
[2026-06-23 13:01:53] [hamibot] [INFO]:[INFO] [findTargetElementWithCache]: [sel#3] get100Coin/去看看 串行启动 12 条策略
[2026-06-23 13:01:54] [hamibot] [INFO]:[INFO] [findTargetElementWithCache]: [sel#3] get100Coin/去看看 串行全部✗ 串行812ms 总812ms
[2026-06-23 13:01:54] [hamibot] [INFO]:[INFO] [findTargetElementWithCache]: [sel#3] get100Coin/滑动浏览 串行启动 12 条策略
[2026-06-23 13:01:55] [hamibot] [INFO]:[INFO] [findTargetElementWithCache]: [sel#3] get100Coin/滑动浏览 串行全部✗ 串行911ms 总912ms
[2026-06-23 13:01:55] [hamibot] [INFO]:[INFO] [get100Coin]: 没有找到任何可用按钮
[2026-06-23 13:01:55] [hamibot] [INFO]:[INFO] [findTargetElementWithCache]: [sel#3] get100Coin/奖励已领取 串行启动 12 条策略
[2026-06-23 13:01:56] [hamibot] [INFO]:[INFO] [findTargetElementWithCache]: [sel#3] get100Coin/奖励已领取 串行全部✗ 串行998ms 总998ms
[2026-06-23 13:02:26] [hamibot] [INFO]:[INFO] [saveElementCache]: saveElementCache 服务端共 20 条 (本次新增/更新 20 条)
[2026-06-23 13:02:26] [hamibot] [INFO]:[INFO] [flushElementCache]: 已触发异步刷新元素查找缓存
[2026-06-23 13:02:26] [hamibot] [INFO]:[INFO] [closeApp]: openHamibot true
[2026-06-23 13:02:29] [hamibot] [INFO]:[INFO] [tryClickNode]: tryClickNode com.stardust.automator.UiObject@2a022; boundsInParent: Rect(0, 0 - 240, 240); boundsInScreen: Rect(420, 2057 - 660, 2297); packageName: com.miui.home; className: android.view.View; text: null; contentDescription: 本机共有12.0 G内存，当前4.5 G可用，双击清理全部任务; viewId: com.miui.home:id/clearAnimView; checkable: false; checked: false; focusable: true; focused: false; selected: false; clickable: true; longClickable: true; enabled: true; password: false; scrollable: false; [ACTION_FOCUS, ACTION_SELECT, ACTION_CLEAR_SELECTION, ACTION_CLICK, ACTION_LONG_CLICK, ACTION_ACCESSIBILITY_FOCUS, ACTION_NEXT_AT_MOVEMENT_GRANULARITY, ACTION_PREVIOUS_AT_MOVEMENT_GRANULARITY, ACTION_SET_SELECTION]
[2026-06-23 13:02:29] [hamibot] [ LOG ]:[ LOG ] [tryClickNode]: tryClickNode: 开始尝试点击节点 com.stardust.automator.UiObject@2a022; boundsInParent: Rect(0, 0 - 240, 240); boundsInScreen: Rect(420, 2057 - 660, 2297); packageName: com.miui.home; className: android.view.View; text: null; contentDescription: 本机共有12.0 G内存，当前4.5 G可用，双击清理全部任务; viewId: com.miui.home:id/clearAnimView; checkable: false; checked: false; focusable: true; focused: false; selected: false; clickable: true; longClickable: true; enabled: true; password: false; scrollable: false; [ACTION_FOCUS, ACTION_SELECT, ACTION_CLEAR_SELECTION, ACTION_CLICK, ACTION_LONG_CLICK, ACTION_ACCESSIBILITY_FOCUS, ACTION_NEXT_AT_MOVEMENT_GRANULARITY, ACTION_PREVIOUS_AT_MOVEMENT_GRANULARITY, ACTION_SET_SELECTION]
[2026-06-23 13:02:29] [hamibot] [ LOG ]:[ LOG ] [tryClickNode]: tryClickNode: 节点clickable值: function clickable() {/*
boolean clickable()
*/}

[2026-06-23 13:02:29] [hamibot] [ LOG ]:[ LOG ] [tryClickNode]: tryClickNode: 节点clickable toString: function clickable() {/*
boolean clickable()
*/}

[2026-06-23 13:02:29] [hamibot] [ LOG ]:[ LOG ] [tryClickNode]: tryClickNode: 解析后的clickable值: true
[2026-06-23 13:02:29] [hamibot] [ LOG ]:[ LOG ] [tryClickNode]: tryClickNode: 节点本身可点击，执行直接点击
[2026-06-23 13:02:29] [hamibot] [ LOG ]:[ LOG ] [tryClickNode]: tryClickNode: 直接点击结果: true
[2026-06-23 13:02:30] [hamibot] [INFO]:[INFO] [closeApp]: 已通过最近任务页‘关闭全部’关闭应用
[2026-06-23 13:02:53] [hamibot] [INFO]:[INFO] [tryClickNode]: tryClickNode com.stardust.automator.UiObject@108036; boundsInParent: Rect(142, -9 - 267, 116); boundsInScreen: Rect(372, 1244 - 700, 1572); packageName: com.taobao.idlefish; className: android.view.View; text: ; contentDescription: null; viewId: mapDiceBtn; checkable: false; checked: false; focusable: false; focused: false; selected: false; clickable: true; longClickable: false; enabled: true; password: false; scrollable: false; [ACTION_CLICK, ACTION_ACCESSIBILITY_FOCUS, ACTION_NEXT_HTML_ELEMENT, ACTION_PREVIOUS_HTML_ELEMENT]
[2026-06-23 13:02:53] [hamibot] [ LOG ]:[ LOG ] [tryClickNode]: tryClickNode: 开始尝试点击节点 com.stardust.automator.UiObject@108036; boundsInParent: Rect(142, -9 - 267, 116); boundsInScreen: Rect(372, 1244 - 700, 1572); packageName: com.taobao.idlefish; className: android.view.View; text: ; contentDescription: null; viewId: mapDiceBtn; checkable: false; checked: false; focusable: false; focused: false; selected: false; clickable: true; longClickable: false; enabled: true; password: false; scrollable: false; [ACTION_CLICK, ACTION_ACCESSIBILITY_FOCUS, ACTION_NEXT_HTML_ELEMENT, ACTION_PREVIOUS_HTML_ELEMENT]
[2026-06-23 13:02:53] [hamibot] [ LOG ]:[ LOG ] [tryClickNode]: tryClickNode: 节点clickable值: function clickable() {/*
boolean clickable()
*/}

[2026-06-23 13:02:53] [hamibot] [ LOG ]:[ LOG ] [tryClickNode]: tryClickNode: 节点clickable toString: function clickable() {/*
boolean clickable()
*/}

[2026-06-23 13:02:53] [hamibot] [ LOG ]:[ LOG ] [tryClickNode]: tryClickNode: 解析后的clickable值: true
[2026-06-23 13:02:53] [hamibot] [ LOG ]:[ LOG ] [tryClickNode]: tryClickNode: 节点本身可点击，执行直接点击
[2026-06-23 13:02:54] [hamibot] [ LOG ]:[ LOG ] [tryClickNode]: tryClickNode: 直接点击结果: true
[2026-06-23 13:03:23] [hamibot] [INFO]:[INFO] [findTaskTitleStrict]: [taskPopup] strict「看视频奖励100币」contains 11ms
[2026-06-23 13:03:23] [hamibot] [INFO]:[INFO] [findTaskTitleStrict]: [taskPopup] strict「看视频奖励100币」contains 10ms
[2026-06-23 13:03:23] [hamibot] [INFO]:[INFO] [findTaskTitleStrict]: [taskPopup] strict「看视频奖励100币」contains 11ms
[2026-06-23 13:03:23] [hamibot] [INFO]:[INFO] [findTaskTitleStrict]: [taskPopup] strict「看视频奖励100币」contains 10ms
[2026-06-23 13:03:23] [hamibot] [INFO]:[INFO] [findAllInTaskList]: [taskPopup] findAll「去完成」23个 4ms
[2026-06-23 13:03:34] [hamibot] [INFO]:[INFO] [findTargetElementWithCache]: [sel#4] get100Coin/前往加速 串行启动 12 条策略
[2026-06-23 13:03:35] [hamibot] [INFO]:[INFO] [findTargetElementWithCache]: [sel#4] get100Coin/前往加速 串行全部✗ 串行808ms 总808ms
[2026-06-23 13:03:35] [hamibot] [INFO]:[INFO] [findTargetElementWithCache]: [sel#4] get100Coin/直接拿奖励 串行启动 12 条策略
[2026-06-23 13:03:36] [hamibot] [INFO]:[INFO] [findTargetElementWithCache]: [sel#4] get100Coin/直接拿奖励 串行全部✗ 串行844ms 总844ms
[2026-06-23 13:03:36] [hamibot] [INFO]:[INFO] [findTargetElementWithCache]: [sel#4] get100Coin/去加速 串行启动 12 条策略
[2026-06-23 13:03:37] [hamibot] [INFO]:[INFO] [findTargetElementWithCache]: [sel#4] get100Coin/去加速 串行全部✗ 串行756ms 总757ms
[2026-06-23 13:03:37] [hamibot] [INFO]:[INFO] [findTargetElementWithCache]: [sel#4] get100Coin/加速领奖 串行启动 12 条策略
[2026-06-23 13:03:38] [hamibot] [INFO]:[INFO] [findTargetElementWithCache]: [sel#4] get100Coin/加速领奖 串行全部✗ 串行811ms 总811ms
[2026-06-23 13:03:38] [hamibot] [INFO]:[INFO] [findTargetElementWithCache]: [sel#4] get100Coin/去看看 串行启动 12 条策略
[2026-06-23 13:03:38] [hamibot] [INFO]:[INFO] [findTargetElementWithCache]: [sel#4] get100Coin/去看看 串行全部✗ 串行791ms 总791ms
[2026-06-23 13:03:38] [hamibot] [INFO]:[INFO] [findTargetElementWithCache]: [sel#4] get100Coin/滑动浏览 串行启动 12 条策略
[2026-06-23 13:03:39] [hamibot] [INFO]:[INFO] [findTargetElementWithCache]: [sel#4] get100Coin/滑动浏览 串行全部✗ 串行773ms 总774ms
[2026-06-23 13:03:39] [hamibot] [INFO]:[INFO] [get100Coin]: 没有找到任何可用按钮
[2026-06-23 13:03:39] [hamibot] [INFO]:[INFO] [findTargetElementWithCache]: [sel#4] get100Coin/奖励已领取 串行启动 12 条策略
[2026-06-23 13:03:40] [hamibot] [INFO]:[INFO] [findTargetElementWithCache]: [sel#4] get100Coin/奖励已领取 串行全部✗ 串行811ms 总811ms
[2026-06-23 13:04:10] [hamibot] [INFO]:[INFO] [saveElementCache]: saveElementCache 服务端共 20 条 (本次新增/更新 20 条)
[2026-06-23 13:04:10] [hamibot] [INFO]:[INFO] [flushElementCache]: 已触发异步刷新元素查找缓存
[2026-06-23 13:04:10] [hamibot] [INFO]:[INFO] [closeApp]: openHamibot true
[2026-06-23 13:04:13] [hamibot] [INFO]:[INFO] [tryClickNode]: tryClickNode com.stardust.automator.UiObject@2a022; boundsInParent: Rect(0, 0 - 240, 240); boundsInScreen: Rect(420, 2057 - 660, 2297); packageName: com.miui.home; className: android.view.View; text: null; contentDescription: 本机共有12.0 G内存，当前4.6 G可用，双击清理全部任务; viewId: com.miui.home:id/clearAnimView; checkable: false; checked: false; focusable: true; focused: false; selected: false; clickable: true; longClickable: true; enabled: true; password: false; scrollable: false; [ACTION_FOCUS, ACTION_SELECT, ACTION_CLEAR_SELECTION, ACTION_CLICK, ACTION_LONG_CLICK, ACTION_ACCESSIBILITY_FOCUS, ACTION_NEXT_AT_MOVEMENT_GRANULARITY, ACTION_PREVIOUS_AT_MOVEMENT_GRANULARITY, ACTION_SET_SELECTION]
[2026-06-23 13:04:13] [hamibot] [ LOG ]:[ LOG ] [tryClickNode]: tryClickNode: 开始尝试点击节点 com.stardust.automator.UiObject@2a022; boundsInParent: Rect(0, 0 - 240, 240); boundsInScreen: Rect(420, 2057 - 660, 2297); packageName: com.miui.home; className: android.view.View; text: null; contentDescription: 本机共有12.0 G内存，当前4.6 G可用，双击清理全部任务; viewId: com.miui.home:id/clearAnimView; checkable: false; checked: false; focusable: true; focused: false; selected: false; clickable: true; longClickable: true; enabled: true; password: false; scrollable: false; [ACTION_FOCUS, ACTION_SELECT, ACTION_CLEAR_SELECTION, ACTION_CLICK, ACTION_LONG_CLICK, ACTION_ACCESSIBILITY_FOCUS, ACTION_NEXT_AT_MOVEMENT_GRANULARITY, ACTION_PREVIOUS_AT_MOVEMENT_GRANULARITY, ACTION_SET_SELECTION]
[2026-06-23 13:04:13] [hamibot] [ LOG ]:[ LOG ] [tryClickNode]: tryClickNode: 节点clickable值: function clickable() {/*
boolean clickable()
*/}

[2026-06-23 13:04:13] [hamibot] [ LOG ]:[ LOG ] [tryClickNode]: tryClickNode: 节点clickable toString: function clickable() {/*
boolean clickable()
*/}

[2026-06-23 13:04:13] [hamibot] [ LOG ]:[ LOG ] [tryClickNode]: tryClickNode: 解析后的clickable值: true
[2026-06-23 13:04:13] [hamibot] [ LOG ]:[ LOG ] [tryClickNode]: tryClickNode: 节点本身可点击，执行直接点击
[2026-06-23 13:04:13] [hamibot] [ LOG ]:[ LOG ] [tryClickNode]: tryClickNode: 直接点击结果: true
[2026-06-23 13:04:14] [hamibot] [INFO]:[INFO] [closeApp]: 已通过最近任务页‘关闭全部’关闭应用
[2026-06-23 13:04:33] [hamibot] [INFO]:[INFO] [tryClickNode]: tryClickNode com.stardust.automator.UiObject@1035a7; boundsInParent: Rect(142, -9 - 267, 116); boundsInScreen: Rect(372, 1244 - 700, 1572); packageName: com.taobao.idlefish; className: android.view.View; text: ; contentDescription: null; viewId: mapDiceBtn; checkable: false; checked: false; focusable: false; focused: false; selected: false; clickable: true; longClickable: false; enabled: true; password: false; scrollable: false; [ACTION_CLICK, ACTION_ACCESSIBILITY_FOCUS, ACTION_NEXT_HTML_ELEMENT, ACTION_PREVIOUS_HTML_ELEMENT]
[2026-06-23 13:04:33] [hamibot] [ LOG ]:[ LOG ] [tryClickNode]: tryClickNode: 开始尝试点击节点 com.stardust.automator.UiObject@1035a7; boundsInParent: Rect(142, -9 - 267, 116); boundsInScreen: Rect(372, 1244 - 700, 1572); packageName: com.taobao.idlefish; className: android.view.View; text: ; contentDescription: null; viewId: mapDiceBtn; checkable: false; checked: false; focusable: false; focused: false; selected: false; clickable: true; longClickable: false; enabled: true; password: false; scrollable: false; [ACTION_CLICK, ACTION_ACCESSIBILITY_FOCUS, ACTION_NEXT_HTML_ELEMENT, ACTION_PREVIOUS_HTML_ELEMENT]
[2026-06-23 13:04:33] [hamibot] [ LOG ]:[ LOG ] [tryClickNode]: tryClickNode: 节点clickable值: function clickable() {/*
boolean clickable()
*/}

[2026-06-23 13:04:33] [hamibot] [ LOG ]:[ LOG ] [tryClickNode]: tryClickNode: 节点clickable toString: function clickable() {/*
boolean clickable()
*/}

[2026-06-23 13:04:33] [hamibot] [ LOG ]:[ LOG ] [tryClickNode]: tryClickNode: 解析后的clickable值: true
[2026-06-23 13:04:33] [hamibot] [ LOG ]:[ LOG ] [tryClickNode]: tryClickNode: 节点本身可点击，执行直接点击
[2026-06-23 13:04:33] [hamibot] [ LOG ]:[ LOG ] [tryClickNode]: tryClickNode: 直接点击结果: true
[2026-06-23 13:05:07] [hamibot] [INFO]:[INFO] [findTaskTitleStrict]: [taskPopup] strict「看视频奖励100币」contains 9ms
[2026-06-23 13:05:07] [hamibot] [INFO]:[INFO] [findTaskTitleStrict]: [taskPopup] strict「发布一件新宝贝」exact 1ms
[2026-06-23 13:05:07] [hamibot] [INFO]:[INFO] [findTaskTitleStrict]: [taskPopup] strict「发布一件新宝贝」exact 0ms
[2026-06-23 13:05:15] [hamibot] [INFO]:[INFO] [findTaskTitleStrict]: [taskPopup] strict「发布一件新宝贝」exact 4ms
[2026-06-23 13:05:15] [hamibot] [INFO]:[INFO] [findTaskTitleStrict]: [taskPopup] strict「发布一件新宝贝」exact 1ms
[2026-06-23 13:05:15] [hamibot] [INFO]:[INFO] [findAllInTaskList]: [taskPopup] findAll「去完成」23个 3ms
[2026-06-23 13:05:16] [hamibot] [INFO]:[INFO] [findTargetElementWithCache]: [sel#1] publishNewGoods/宝贝不在身边？点我 串行启动 12 条策略
[2026-06-23 13:05:17] [hamibot] [INFO]:[INFO] [findTargetElementWithCache]: [sel#1] publishNewGoods/宝贝不在身边？点我 串行全部✗ 串行1127ms 总1127ms
[2026-06-23 13:05:17] [hamibot] [INFO]:[INFO] [findTargetElementWithCache]: [sel#1] publishNewGoods/iPhone 12 串行启动 12 条策略
[2026-06-23 13:05:18] [hamibot] [INFO]:[INFO] [findTargetElementWithCache]: [sel#1] publishNewGoods/iPhone 12 串行全部✗ 串行739ms 总739ms
[2026-06-23 13:05:18] [hamibot] [INFO]:[INFO] [findTargetElementWithCache]: [sel#1] publishNewGoods/发布 串行启动 12 条策略
[2026-06-23 13:05:19] [hamibot] [INFO]:[INFO] [findTargetElementWithCache]: [sel#1] publishNewGoods/发布 串行全部✗ 串行709ms 总709ms
[2026-06-23 13:05:19] [hamibot] [INFO]:[INFO] [findTargetElementWithCache]: [sel#1] publishNewGoods/继续发布 串行启动 12 条策略
[2026-06-23 13:05:19] [hamibot] [INFO]:[INFO] [findTargetElementWithCache]: [sel#1] publishNewGoods/继续发布 串行全部✗ 串行723ms 总723ms
[2026-06-23 13:05:19] [hamibot] [INFO]:[INFO] [findTargetElementWithCache]: [sel#1] publishNewGoods/发布成功 串行启动 12 条策略
[2026-06-23 13:05:20] [hamibot] [INFO]:[INFO] [findTargetElementWithCache]: [sel#1] publishNewGoods/发布成功 串行全部✗ 串行760ms 总760ms
[2026-06-23 13:05:20] [hamibot] [INFO]:[INFO] [findTargetElementWithCache]: [sel#1] publishNewGoods/管理 串行启动 12 条策略
[2026-06-23 13:05:21] [hamibot] [INFO]:[INFO] [findTargetElementWithCache]: [sel#1] publishNewGoods/管理 串行全部✗ 串行1175ms 总1176ms
[2026-06-23 13:05:21] [hamibot] [INFO]:[INFO] [findTargetElementWithCache]: [sel#1] publishNewGoods/删除 串行启动 12 条策略
[2026-06-23 13:05:22] [hamibot] [INFO]:[INFO] [findTargetElementWithCache]: [sel#1] publishNewGoods/删除 串行全部✗ 串行738ms 总739ms
[2026-06-23 13:05:22] [hamibot] [INFO]:[INFO] [findTargetElementWithCache]: [sel#1] publishNewGoods/确定 串行启动 12 条策略
[2026-06-23 13:05:23] [hamibot] [INFO]:[INFO] [findTargetElementWithCache]: [sel#1] publishNewGoods/确定 串行全部✗ 串行731ms 总732ms
[2026-06-23 13:05:23] [hamibot] [ERROR]:[ERROR] [publishNewGoods]: 确认删除
[2026-06-23 13:06:04] [hamibot] [INFO]:[INFO] [tryClickNode]: tryClickNode com.stardust.automator.UiObject@1376aa; boundsInParent: Rect(142, -9 - 267, 116); boundsInScreen: Rect(372, 1244 - 700, 1572); packageName: com.taobao.idlefish; className: android.view.View; text: ; contentDescription: null; viewId: mapDiceBtn; checkable: false; checked: false; focusable: false; focused: false; selected: false; clickable: true; longClickable: false; enabled: true; password: false; scrollable: false; [ACTION_CLICK, ACTION_ACCESSIBILITY_FOCUS, ACTION_NEXT_HTML_ELEMENT, ACTION_PREVIOUS_HTML_ELEMENT]
[2026-06-23 13:06:04] [hamibot] [ LOG ]:[ LOG ] [tryClickNode]: tryClickNode: 开始尝试点击节点 com.stardust.automator.UiObject@1376aa; boundsInParent: Rect(142, -9 - 267, 116); boundsInScreen: Rect(372, 1244 - 700, 1572); packageName: com.taobao.idlefish; className: android.view.View; text: ; contentDescription: null; viewId: mapDiceBtn; checkable: false; checked: false; focusable: false; focused: false; selected: false; clickable: true; longClickable: false; enabled: true; password: false; scrollable: false; [ACTION_CLICK, ACTION_ACCESSIBILITY_FOCUS, ACTION_NEXT_HTML_ELEMENT, ACTION_PREVIOUS_HTML_ELEMENT]
[2026-06-23 13:06:04] [hamibot] [ LOG ]:[ LOG ] [tryClickNode]: tryClickNode: 节点clickable值: function clickable() {/*
boolean clickable()
*/}

[2026-06-23 13:06:04] [hamibot] [ LOG ]:[ LOG ] [tryClickNode]: tryClickNode: 节点clickable toString: function clickable() {/*
boolean clickable()
*/}

[2026-06-23 13:06:04] [hamibot] [ LOG ]:[ LOG ] [tryClickNode]: tryClickNode: 解析后的clickable值: true
[2026-06-23 13:06:04] [hamibot] [ LOG ]:[ LOG ] [tryClickNode]: tryClickNode: 节点本身可点击，执行直接点击
[2026-06-23 13:06:05] [hamibot] [ LOG ]:[ LOG ] [tryClickNode]: tryClickNode: 直接点击结果: true
[2026-06-23 13:06:25] [hamibot] [INFO]:[INFO] [findTaskTitleStrict]: [taskPopup] strict「发布一件新宝贝」exact 1ms
[2026-06-23 13:06:26] [hamibot] [INFO]:[INFO] [findTaskTitleStrict]: [taskPopup] strict「浏览指定频道好物」miss 9ms
[2026-06-23 13:06:26] [hamibot] [WARN]:[WARN] [logPathFailure]: [路径失败] 浏览指定频道好物: 弹框已开，步骤[找到任务标题]失败：taskListWrap 内未找到文本[浏览指定频道好物]，任务可能已完成或不在本轮列表
[2026-06-23 13:06:36] [hamibot] [INFO]:[INFO] [findTaskTitleStrict]: [taskPopup] strict「搜一搜喜欢的商品」miss 9ms
[2026-06-23 13:06:36] [hamibot] [WARN]:[WARN] [captureScreenshotBase64]: captureScreenshotBase64: JavaException: java.lang.SecurityException: No screen capture permission
[2026-06-23 13:06:37] [hamibot] [WARN]:[WARN] [logPathFailure]: [路径失败] 搜一搜喜欢的商品: 弹框已开，步骤[找到任务标题]失败：taskListWrap 内未找到文本[搜一搜喜欢的商品]，任务可能已完成或不在本轮列表
[2026-06-23 13:06:39] [hamibot] [INFO]:[INFO] [Outer]: [AI分析] context=路径失败: 浏览指定频道好物 / 找到任务标题 | 页面识别: unknown | 原因分析: 决策服务异常: [WinError 10038] 在一个非套接字上尝试了一个操作。 | 建议操作: abort
[2026-06-23 13:06:49] [hamibot] [WARN]:[WARN] [captureScreenshotBase64]: captureScreenshotBase64: JavaException: java.lang.SecurityException: No screen capture permission
[2026-06-23 13:06:51] [hamibot] [INFO]:[INFO] [Outer]: [AI分析] context=路径失败: 搜一搜喜欢的商品 / 找到任务标题 | 页面识别: unknown | 原因分析: 决策服务异常: [WinError 10038] 在一个非套接字上尝试了一个操作。 | 建议操作: abort
[2026-06-23 13:06:58] [hamibot] [INFO]:[INFO] [findTaskTitleStrict]: [taskPopup] strict「去浏览全新好物」miss 9ms
[2026-06-23 13:06:59] [hamibot] [WARN]:[WARN] [logPathFailure]: [路径失败] 去浏览全新好物: 弹框已开，步骤[找到任务标题]失败：taskListWrap 内未找到文本[去浏览全新好物]，任务可能已完成或不在本轮列表
[2026-06-23 13:07:09] [hamibot] [INFO]:[INFO] [findTaskTitleStrict]: [taskPopup] strict「浏览推荐的国补商品」miss 10ms
[2026-06-23 13:07:09] [hamibot] [WARN]:[WARN] [captureScreenshotBase64]: captureScreenshotBase64: JavaException: java.lang.SecurityException: No screen capture permission
[2026-06-23 13:07:12] [hamibot] [INFO]:[INFO] [Outer]: [AI分析] context=路径失败: 去浏览全新好物 / 找到任务标题 | 页面识别: unknown | 原因分析: 决策服务异常: [WinError 10038] 在一个非套接字上尝试了一个操作。 | 建议操作: abort
[2026-06-23 13:07:16] [hamibot] [WARN]:[WARN] [logPathFailure]: [路径失败] 浏览推荐的国补商品: 弹框已开，步骤[找到任务标题]失败：taskListWrap 内未找到文本[浏览推荐的国补商品]，任务可能已完成或不在本轮列表
[2026-06-23 13:07:20] [hamibot] [INFO]:[INFO] [findTaskTitleStrict]: [taskPopup] strict「去蚂蚁森林逛一逛」miss 10ms
[2026-06-23 13:07:20] [hamibot] [WARN]:[WARN] [logPathFailure]: [路径失败] 去蚂蚁森林逛一逛: 弹框已开，步骤[找到任务标题]失败：taskListWrap 内未找到文本[去蚂蚁森林逛一逛]，任务可能已完成或不在本轮列表
[2026-06-23 13:07:20] [hamibot] [WARN]:[WARN] [captureScreenshotBase64]: captureScreenshotBase64: JavaException: java.lang.SecurityException: No screen capture permission
[2026-06-23 13:07:22] [hamibot] [INFO]:[INFO] [Outer]: [AI分析] context=路径失败: 浏览推荐的国补商品 / 找到任务标题 | 页面识别: unknown | 原因分析: 决策服务异常: [WinError 10038] 在一个非套接字上尝试了一个操作。 | 建议操作: abort
[2026-06-23 13:07:32] [hamibot] [WARN]:[WARN] [captureScreenshotBase64]: captureScreenshotBase64: JavaException: java.lang.SecurityException: No screen capture permission
[2026-06-23 13:07:35] [hamibot] [INFO]:[INFO] [Outer]: [AI分析] context=路径失败: 去蚂蚁森林逛一逛 / 找到任务标题 | 页面识别: unknown | 原因分析: 决策服务异常: [WinError 10038] 在一个非套接字上尝试了一个操作。 | 建议操作: abort
[2026-06-23 13:07:45] [hamibot] [INFO]:[INFO] [findTaskTitleStrict]: [taskPopup] strict「去支付宝农场领水果」miss 10ms
[2026-06-23 13:07:52] [hamibot] [WARN]:[WARN] [logPathFailure]: [路径失败] 去支付宝农场领水果: 弹框已开，步骤[找到任务标题]失败：taskListWrap 内未找到文本[去支付宝农场领水果]，任务可能已完成或不在本轮列表
[2026-06-23 13:07:55] [hamibot] [WARN]:[WARN] [captureScreenshotBase64]: captureScreenshotBase64: JavaException: java.lang.SecurityException: No screen capture permission
[2026-06-23 13:07:58] [hamibot] [INFO]:[INFO] [Outer]: [AI分析] context=路径失败: 去支付宝农场领水果 / 找到任务标题 | 页面识别: unknown | 原因分析: 决策服务异常: [WinError 10038] 在一个非套接字上尝试了一个操作。 | 建议操作: abort
[2026-06-23 13:08:07] [hamibot] [INFO]:[INFO] [findTaskTitleStrict]: [taskPopup] strict「去淘宝签到领红包」miss 9ms
[2026-06-23 13:08:07] [hamibot] [WARN]:[WARN] [logPathFailure]: [路径失败] 去淘宝签到领红包: 弹框已开，步骤[找到任务标题]失败：taskListWrap 内未找到文本[去淘宝签到领红包]，任务可能已完成或不在本轮列表
[2026-06-23 13:08:18] [hamibot] [INFO]:[INFO] [findTaskTitleStrict]: [taskPopup] strict「去蚂蚁森林逛一逛」miss 10ms
[2026-06-23 13:08:19] [hamibot] [WARN]:[WARN] [captureScreenshotBase64]: captureScreenshotBase64: JavaException: java.lang.SecurityException: No screen capture permission
[2026-06-23 13:08:19] [hamibot] [WARN]:[WARN] [logPathFailure]: [路径失败] 去蚂蚁森林逛一逛: 弹框已开，步骤[找到任务标题]失败：taskListWrap 内未找到文本[去蚂蚁森林逛一逛]，任务可能已完成或不在本轮列表
[2026-06-23 13:08:21] [hamibot] [INFO]:[INFO] [Outer]: [AI分析] context=路径失败: 去淘宝签到领红包 / 找到任务标题 | 页面识别: unknown | 原因分析: 决策服务异常: [WinError 10038] 在一个非套接字上尝试了一个操作。 | 建议操作: abort
[2026-06-23 13:08:30] [hamibot] [WARN]:[WARN] [captureScreenshotBase64]: captureScreenshotBase64: JavaException: java.lang.SecurityException: No screen capture permission
[2026-06-23 13:08:32] [hamibot] [INFO]:[INFO] [Outer]: [AI分析] context=路径失败: 去蚂蚁森林逛一逛 / 找到任务标题 | 页面识别: unknown | 原因分析: 决策服务异常: [WinError 10038] 在一个非套接字上尝试了一个操作。 | 建议操作: abort
[2026-06-23 13:08:41] [hamibot] [INFO]:[INFO] [findTaskTitleStrict]: [taskPopup] strict「去蚂蚁庄园逛一逛」miss 8ms
[2026-06-23 13:08:41] [hamibot] [WARN]:[WARN] [logPathFailure]: [路径失败] 去蚂蚁庄园逛一逛: 弹框已开，步骤[找到任务标题]失败：taskListWrap 内未找到文本[去蚂蚁庄园逛一逛]，任务可能已完成或不在本轮列表
[2026-06-23 13:08:53] [hamibot] [INFO]:[INFO] [findTaskTitleStrict]: [taskPopup] strict「去支付宝领积分」miss 10ms
[2026-06-23 13:08:53] [hamibot] [WARN]:[WARN] [captureScreenshotBase64]: captureScreenshotBase64: JavaException: java.lang.SecurityException: No screen capture permission
[2026-06-23 13:08:53] [hamibot] [WARN]:[WARN] [logPathFailure]: [路径失败] 去支付宝领积分: 弹框已开，步骤[找到任务标题]失败：taskListWrap 内未找到文本[去支付宝领积分]，任务可能已完成或不在本轮列表
[2026-06-23 13:08:55] [hamibot] [INFO]:[INFO] [Outer]: [AI分析] context=路径失败: 去蚂蚁庄园逛一逛 / 找到任务标题 | 页面识别: unknown | 原因分析: 决策服务异常: [WinError 10038] 在一个非套接字上尝试了一个操作。 | 建议操作: abort
[2026-06-23 13:09:04] [hamibot] [WARN]:[WARN] [captureScreenshotBase64]: captureScreenshotBase64: JavaException: java.lang.SecurityException: No screen capture permission
[2026-06-23 13:09:06] [hamibot] [INFO]:[INFO] [Outer]: [AI分析] context=路径失败: 去支付宝领积分 / 找到任务标题 | 页面识别: unknown | 原因分析: 决策服务异常: [WinError 10038] 在一个非套接字上尝试了一个操作。 | 建议操作: abort
[2026-06-23 13:09:15] [hamibot] [INFO]:[INFO] [findTaskTitleStrict]: [taskPopup] strict「浏览鱼小铺工作台」miss 9ms
[2026-06-23 13:09:15] [hamibot] [WARN]:[WARN] [logPathFailure]: [路径失败] 浏览鱼小铺工作台: 弹框已开，步骤[找到任务标题]失败：taskListWrap 内未找到文本[浏览鱼小铺工作台]，任务可能已完成或不在本轮列表
[2026-06-23 13:09:22] [hamibot] [INFO]:[INFO] [findTaskTitleStrict]: [taskPopup] strict「搜一搜推荐商品」miss 9ms
[2026-06-23 13:09:22] [hamibot] [WARN]:[WARN] [captureScreenshotBase64]: captureScreenshotBase64: JavaException: java.lang.SecurityException: No screen capture permission
[2026-06-23 13:09:22] [hamibot] [WARN]:[WARN] [logPathFailure]: [路径失败] 搜一搜推荐商品: 弹框已开，步骤[找到任务标题]失败：taskListWrap 内未找到文本[搜一搜推荐商品]，任务可能已完成或不在本轮列表
[2026-06-23 13:09:24] [hamibot] [INFO]:[INFO] [Outer]: [AI分析] context=路径失败: 浏览鱼小铺工作台 / 找到任务标题 | 页面识别: unknown | 原因分析: 决策服务异常: [WinError 10038] 在一个非套接字上尝试了一个操作。 | 建议操作: abort
[2026-06-23 13:09:34] [hamibot] [WARN]:[WARN] [captureScreenshotBase64]: captureScreenshotBase64: JavaException: java.lang.SecurityException: No screen capture permission
[2026-06-23 13:09:36] [hamibot] [INFO]:[INFO] [Outer]: [AI分析] context=路径失败: 搜一搜推荐商品 / 找到任务标题 | 页面识别: unknown | 原因分析: 决策服务异常: [WinError 10038] 在一个非套接字上尝试了一个操作。 | 建议操作: abort
[2026-06-23 13:09:45] [hamibot] [INFO]:[INFO] [findTaskTitleStrict]: [taskPopup] strict「领至高20元外卖红包」miss 9ms
[2026-06-23 13:09:45] [hamibot] [WARN]:[WARN] [logPathFailure]: [路径失败] 领至高20元外卖红包: 弹框已开，步骤[找到任务标题]失败：taskListWrap 内未找到文本[领至高20元外卖红包]，任务可能已完成或不在本轮列表
[2026-06-23 13:09:56] [hamibot] [WARN]:[WARN] [captureScreenshotBase64]: captureScreenshotBase64: JavaException: java.lang.SecurityException: No screen capture permission
[2026-06-23 13:09:59] [hamibot] [INFO]:[INFO] [Outer]: [AI分析] context=路径失败: 领至高20元外卖红包 / 找到任务标题 | 页面识别: unknown | 原因分析: 决策服务异常: [WinError 10038] 在一个非套接字上尝试了一个操作。 | 建议操作: abort
[2026-06-23 13:10:09] [hamibot] [INFO]:[INFO] [findTaskTitleStrict]: [taskPopup] strict「浏览指定频道好物」miss 9ms
[2026-06-23 13:10:10] [hamibot] [WARN]:[WARN] [logPathFailure]: [路径失败] 浏览指定频道好物: 弹框已开，步骤[找到任务标题]失败：taskListWrap 内未找到文本[浏览指定频道好物]，任务可能已完成或不在本轮列表
[2026-06-23 13:10:20] [hamibot] [INFO]:[INFO] [findTaskTitleStrict]: [taskPopup] strict「搜一搜喜欢的商品」miss 10ms
[2026-06-23 13:10:20] [hamibot] [WARN]:[WARN] [captureScreenshotBase64]: captureScreenshotBase64: JavaException: java.lang.SecurityException: No screen capture permission
[2026-06-23 13:10:21] [hamibot] [WARN]:[WARN] [logPathFailure]: [路径失败] 搜一搜喜欢的商品: 弹框已开，步骤[找到任务标题]失败：taskListWrap 内未找到文本[搜一搜喜欢的商品]，任务可能已完成或不在本轮列表
[2026-06-23 13:10:23] [hamibot] [INFO]:[INFO] [Outer]: [AI分析] context=路径失败: 浏览指定频道好物 / 找到任务标题 | 页面识别: unknown | 原因分析: 决策服务异常: [WinError 10038] 在一个非套接字上尝试了一个操作。 | 建议操作: abort
[2026-06-23 13:10:31] [hamibot] [WARN]:[WARN] [captureScreenshotBase64]: captureScreenshotBase64: JavaException: java.lang.SecurityException: No screen capture permission
[2026-06-23 13:10:33] [hamibot] [INFO]:[INFO] [Outer]: [AI分析] context=路径失败: 搜一搜喜欢的商品 / 找到任务标题 | 页面识别: unknown | 原因分析: 决策服务异常: [WinError 10038] 在一个非套接字上尝试了一个操作。 | 建议操作: abort
[2026-06-23 13:10:42] [hamibot] [INFO]:[INFO] [findTaskTitleStrict]: [taskPopup] strict「去浏览全新好物」miss 8ms
[2026-06-23 13:10:42] [hamibot] [WARN]:[WARN] [logPathFailure]: [路径失败] 去浏览全新好物: 弹框已开，步骤[找到任务标题]失败：taskListWrap 内未找到文本[去浏览全新好物]，任务可能已完成或不在本轮列表
[2026-06-23 13:10:54] [hamibot] [INFO]:[INFO] [findTaskTitleStrict]: [taskPopup] strict「浏览推荐的国补商品」miss 9ms
[2026-06-23 13:10:54] [hamibot] [WARN]:[WARN] [captureScreenshotBase64]: captureScreenshotBase64: JavaException: java.lang.SecurityException: No screen capture permission
[2026-06-23 13:10:54] [hamibot] [WARN]:[WARN] [logPathFailure]: [路径失败] 浏览推荐的国补商品: 弹框已开，步骤[找到任务标题]失败：taskListWrap 内未找到文本[浏览推荐的国补商品]，任务可能已完成或不在本轮列表
[2026-06-23 13:10:56] [hamibot] [INFO]:[INFO] [Outer]: [AI分析] context=路径失败: 去浏览全新好物 / 找到任务标题 | 页面识别: unknown | 原因分析: 决策服务异常: [WinError 10038] 在一个非套接字上尝试了一个操作。 | 建议操作: abort
[2026-06-23 13:11:04] [hamibot] [WARN]:[WARN] [captureScreenshotBase64]: captureScreenshotBase64: JavaException: java.lang.SecurityException: No screen capture permission
[2026-06-23 13:11:06] [hamibot] [INFO]:[INFO] [Outer]: [AI分析] context=路径失败: 浏览推荐的国补商品 / 找到任务标题 | 页面识别: unknown | 原因分析: 决策服务异常: [WinError 10038] 在一个非套接字上尝试了一个操作。 | 建议操作: abort
[2026-06-23 13:11:16] [hamibot] [INFO]:[INFO] [findTaskTitleStrict]: [taskPopup] strict「去蚂蚁森林逛一逛」miss 9ms
[2026-06-23 13:11:16] [hamibot] [WARN]:[WARN] [logPathFailure]: [路径失败] 去蚂蚁森林逛一逛: 弹框已开，步骤[找到任务标题]失败：taskListWrap 内未找到文本[去蚂蚁森林逛一逛]，任务可能已完成或不在本轮列表
[2026-06-23 13:11:27] [hamibot] [INFO]:[INFO] [findTaskTitleStrict]: [taskPopup] strict「去支付宝农场领水果」miss 18ms
[2026-06-23 13:11:27] [hamibot] [WARN]:[WARN] [captureScreenshotBase64]: captureScreenshotBase64: JavaException: java.lang.SecurityException: No screen capture permission
[2026-06-23 13:11:30] [hamibot] [INFO]:[INFO] [Outer]: [AI分析] context=路径失败: 去蚂蚁森林逛一逛 / 找到任务标题 | 页面识别: unknown | 原因分析: 决策服务异常: [WinError 10038] 在一个非套接字上尝试了一个操作。 | 建议操作: abort
[2026-06-23 13:11:35] [hamibot] [WARN]:[WARN] [logPathFailure]: [路径失败] 去支付宝农场领水果: 弹框已开，步骤[找到任务标题]失败：taskListWrap 内未找到文本[去支付宝农场领水果]，任务可能已完成或不在本轮列表
[2026-06-23 13:11:40] [hamibot] [WARN]:[WARN] [captureScreenshotBase64]: captureScreenshotBase64: JavaException: java.lang.SecurityException: No screen capture permission
[2026-06-23 13:11:42] [hamibot] [INFO]:[INFO] [Outer]: [AI分析] context=路径失败: 去支付宝农场领水果 / 找到任务标题 | 页面识别: unknown | 原因分析: 决策服务异常: [WinError 10038] 在一个非套接字上尝试了一个操作。 | 建议操作: abort
[2026-06-23 13:11:51] [hamibot] [INFO]:[INFO] [findTaskTitleStrict]: [taskPopup] strict「去淘宝签到领红包」miss 16ms
[2026-06-23 13:11:57] [hamibot] [WARN]:[WARN] [logPathFailure]: [路径失败] 去淘宝签到领红包: 弹框已开，步骤[找到任务标题]失败：taskListWrap 内未找到文本[去淘宝签到领红包]，任务可能已完成或不在本轮列表
[2026-06-23 13:12:02] [hamibot] [INFO]:[INFO] [findTaskTitleStrict]: [taskPopup] strict「去蚂蚁森林逛一逛」miss 8ms
[2026-06-23 13:12:02] [hamibot] [WARN]:[WARN] [logPathFailure]: [路径失败] 去蚂蚁森林逛一逛: 弹框已开，步骤[找到任务标题]失败：taskListWrap 内未找到文本[去蚂蚁森林逛一逛]，任务可能已完成或不在本轮列表
[2026-06-23 13:12:02] [hamibot] [WARN]:[WARN] [captureScreenshotBase64]: captureScreenshotBase64: JavaException: java.lang.SecurityException: No screen capture permission
[2026-06-23 13:12:04] [hamibot] [INFO]:[INFO] [Outer]: [AI分析] context=路径失败: 去淘宝签到领红包 / 找到任务标题 | 页面识别: unknown | 原因分析: 决策服务异常: [WinError 10038] 在一个非套接字上尝试了一个操作。 | 建议操作: abort
[2026-06-23 13:12:14] [hamibot] [WARN]:[WARN] [captureScreenshotBase64]: captureScreenshotBase64: JavaException: java.lang.SecurityException: No screen capture permission
[2026-06-23 13:12:16] [hamibot] [INFO]:[INFO] [Outer]: [AI分析] context=路径失败: 去蚂蚁森林逛一逛 / 找到任务标题 | 页面识别: unknown | 原因分析: 决策服务异常: [WinError 10038] 在一个非套接字上尝试了一个操作。 | 建议操作: abort
[2026-06-23 13:12:24] [hamibot] [INFO]:[INFO] [findTaskTitleStrict]: [taskPopup] strict「去蚂蚁庄园逛一逛」miss 8ms
[2026-06-23 13:12:30] [hamibot] [WARN]:[WARN] [logPathFailure]: [路径失败] 去蚂蚁庄园逛一逛: 弹框已开，步骤[找到任务标题]失败：taskListWrap 内未找到文本[去蚂蚁庄园逛一逛]，任务可能已完成或不在本轮列表
[2026-06-23 13:12:33] [hamibot] [WARN]:[WARN] [captureScreenshotBase64]: captureScreenshotBase64: JavaException: java.lang.SecurityException: No screen capture permission
[2026-06-23 13:12:35] [hamibot] [INFO]:[INFO] [Outer]: [AI分析] context=路径失败: 去蚂蚁庄园逛一逛 / 找到任务标题 | 页面识别: unknown | 原因分析: 决策服务异常: [WinError 10038] 在一个非套接字上尝试了一个操作。 | 建议操作: abort
[2026-06-23 13:12:43] [hamibot] [INFO]:[INFO] [findTaskTitleStrict]: [taskPopup] strict「去支付宝领积分」miss 8ms
[2026-06-23 13:12:43] [hamibot] [WARN]:[WARN] [logPathFailure]: [路径失败] 去支付宝领积分: 弹框已开，步骤[找到任务标题]失败：taskListWrap 内未找到文本[去支付宝领积分]，任务可能已完成或不在本轮列表
[2026-06-23 13:12:54] [hamibot] [INFO]:[INFO] [findTaskTitleStrict]: [taskPopup] strict「浏览鱼小铺工作台」miss 9ms
[2026-06-23 13:12:54] [hamibot] [WARN]:[WARN] [captureScreenshotBase64]: captureScreenshotBase64: JavaException: java.lang.SecurityException: No screen capture permission
[2026-06-23 13:12:54] [hamibot] [WARN]:[WARN] [logPathFailure]: [路径失败] 浏览鱼小铺工作台: 弹框已开，步骤[找到任务标题]失败：taskListWrap 内未找到文本[浏览鱼小铺工作台]，任务可能已完成或不在本轮列表
[2026-06-23 13:12:56] [hamibot] [INFO]:[INFO] [Outer]: [AI分析] context=路径失败: 去支付宝领积分 / 找到任务标题 | 页面识别: unknown | 原因分析: 决策服务异常: [WinError 10038] 在一个非套接字上尝试了一个操作。 | 建议操作: abort
[2026-06-23 13:13:06] [hamibot] [WARN]:[WARN] [captureScreenshotBase64]: captureScreenshotBase64: JavaException: java.lang.SecurityException: No screen capture permission
[2026-06-23 13:13:08] [hamibot] [INFO]:[INFO] [Outer]: [AI分析] context=路径失败: 浏览鱼小铺工作台 / 找到任务标题 | 页面识别: unknown | 原因分析: 决策服务异常: [WinError 10038] 在一个非套接字上尝试了一个操作。 | 建议操作: abort
[2026-06-23 13:13:16] [hamibot] [INFO]:[INFO] [findTaskTitleStrict]: [taskPopup] strict「搜一搜推荐商品」miss 8ms
[2026-06-23 13:13:16] [hamibot] [WARN]:[WARN] [logPathFailure]: [路径失败] 搜一搜推荐商品: 弹框已开，步骤[找到任务标题]失败：taskListWrap 内未找到文本[搜一搜推荐商品]，任务可能已完成或不在本轮列表
[2026-06-23 13:13:28] [hamibot] [WARN]:[WARN] [captureScreenshotBase64]: captureScreenshotBase64: JavaException: java.lang.SecurityException: No screen capture permission
[2026-06-23 13:13:28] [hamibot] [INFO]:[INFO] [findTaskTitleStrict]: [taskPopup] strict「领至高20元外卖红包」miss 15ms
[2026-06-23 13:13:28] [hamibot] [WARN]:[WARN] [logPathFailure]: [路径失败] 领至高20元外卖红包: 弹框已开，步骤[找到任务标题]失败：taskListWrap 内未找到文本[领至高20元外卖红包]，任务可能已完成或不在本轮列表
[2026-06-23 13:13:30] [hamibot] [INFO]:[INFO] [Outer]: [AI分析] context=路径失败: 搜一搜推荐商品 / 找到任务标题 | 页面识别: unknown | 原因分析: 决策服务异常: [WinError 10038] 在一个非套接字上尝试了一个操作。 | 建议操作: abort
[2026-06-23 13:13:39] [hamibot] [WARN]:[WARN] [captureScreenshotBase64]: captureScreenshotBase64: JavaException: java.lang.SecurityException: No screen capture permission
[2026-06-23 13:13:41] [hamibot] [INFO]:[INFO] [Outer]: [AI分析] context=路径失败: 领至高20元外卖红包 / 找到任务标题 | 页面识别: unknown | 原因分析: 决策服务异常: [WinError 10038] 在一个非套接字上尝试了一个操作。 | 建议操作: abort
[2026-06-23 13:14:04] [hamibot] [INFO]:[INFO] [fetchPendingTasks]: fetchPendingTasks raw[30]: {"code":0,"data":[],"total":0}
[2026-06-23 13:14:19] [hamibot] [INFO]:[INFO] [fetchPendingTasks]: fetchPendingTasks raw[30]: {"code":0,"data":[],"total":0}
[2026-06-23 13:14:34] [hamibot] [INFO]:[INFO] [fetchPendingTasks]: fetchPendingTasks raw[30]: {"code":0,"data":[],"total":0}
[2026-06-23 13:14:50] [hamibot] [INFO]:[INFO] [fetchPendingTasks]: fetchPendingTasks raw[30]: {"code":0,"data":[],"total":0}
[2026-06-23 13:15:05] [hamibot] [INFO]:[INFO] [fetchPendingTasks]: fetchPendingTasks raw[30]: {"code":0,"data":[],"total":0}
[2026-06-23 13:15:20] [hamibot] [INFO]:[INFO] [fetchPendingTasks]: fetchPendingTasks raw[30]: {"code":0,"data":[],"total":0}
[2026-06-23 13:15:35] [hamibot] [INFO]:[INFO] [fetchPendingTasks]: fetchPendingTasks raw[30]: {"code":0,"data":[],"total":0}
[2026-06-23 13:15:50] [hamibot] [INFO]:[INFO] [fetchPendingTasks]: fetchPendingTasks raw[30]: {"code":0,"data":[],"total":0}
[2026-06-23 13:16:05] [hamibot] [INFO]:[INFO] [fetchPendingTasks]: fetchPendingTasks raw[30]: {"code":0,"data":[],"total":0}
[2026-06-23 13:16:20] [hamibot] [INFO]:[INFO] [fetchPendingTasks]: fetchPendingTasks raw[30]: {"code":0,"data":[],"total":0}
[2026-06-23 13:16:35] [hamibot] [INFO]:[INFO] [fetchPendingTasks]: fetchPendingTasks raw[30]: {"code":0,"data":[],"total":0}
[2026-06-23 13:16:50] [hamibot] [INFO]:[INFO] [fetchPendingTasks]: fetchPendingTasks raw[30]: {"code":0,"data":[],"total":0}
[2026-06-23 13:17:05] [hamibot] [INFO]:[INFO] [fetchPendingTasks]: fetchPendingTasks raw[30]: {"code":0,"data":[],"total":0}
[2026-06-23 13:17:20] [hamibot] [INFO]:[INFO] [fetchPendingTasks]: fetchPendingTasks raw[30]: {"code":0,"data":[],"total":0}
[2026-06-23 13:17:35] [hamibot] [INFO]:[INFO] [fetchPendingTasks]: fetchPendingTasks raw[30]: {"code":0,"data":[],"total":0}
[2026-06-23 13:17:50] [hamibot] [INFO]:[INFO] [fetchPendingTasks]: fetchPendingTasks raw[30]: {"code":0,"data":[],"total":0}
[2026-06-23 13:18:05] [hamibot] [INFO]:[INFO] [fetchPendingTasks]: fetchPendingTasks raw[30]: {"code":0,"data":[],"total":0}
[2026-06-23 13:18:21] [hamibot] [INFO]:[INFO] [fetchPendingTasks]: fetchPendingTasks raw[30]: {"code":0,"data":[],"total":0}
[2026-06-23 13:18:36] [hamibot] [INFO]:[INFO] [fetchPendingTasks]: fetchPendingTasks raw[30]: {"code":0,"data":[],"total":0}
[2026-06-23 13:18:51] [hamibot] [INFO]:[INFO] [fetchPendingTasks]: fetchPendingTasks raw[30]: {"code":0,"data":[],"total":0}
[2026-06-23 13:19:06] [hamibot] [INFO]:[INFO] [fetchPendingTasks]: fetchPendingTasks raw[30]: {"code":0,"data":[],"total":0}
[2026-06-23 13:19:21] [hamibot] [INFO]:[INFO] [fetchPendingTasks]: fetchPendingTasks raw[30]: {"code":0,"data":[],"total":0}
[2026-06-23 13:19:36] [hamibot] [INFO]:[INFO] [fetchPendingTasks]: fetchPendingTasks raw[30]: {"code":0,"data":[],"total":0}
[2026-06-23 13:19:51] [hamibot] [INFO]:[INFO] [fetchPendingTasks]: fetchPendingTasks raw[30]: {"code":0,"data":[],"total":0}
[2026-06-23 13:20:06] [hamibot] [INFO]:[INFO] [fetchPendingTasks]: fetchPendingTasks raw[30]: {"code":0,"data":[],"total":0}
[2026-06-23 13:20:21] [hamibot] [INFO]:[INFO] [fetchPendingTasks]: fetchPendingTasks raw[30]: {"code":0,"data":[],"total":0}
[2026-06-23 13:20:36] [hamibot] [INFO]:[INFO] [fetchPendingTasks]: fetchPendingTasks raw[30]: {"code":0,"data":[],"total":0}
[2026-06-23 13:20:51] [hamibot] [INFO]:[INFO] [fetchPendingTasks]: fetchPendingTasks raw[30]: {"code":0,"data":[],"total":0}
[2026-06-23 13:21:07] [hamibot] [INFO]:[INFO] [fetchPendingTasks]: fetchPendingTasks raw[30]: {"code":0,"data":[],"total":0}
[2026-06-23 13:21:23] [hamibot] [INFO]:[INFO] [fetchPendingTasks]: fetchPendingTasks raw[30]: {"code":0,"data":[],"total":0}
[2026-06-23 13:21:38] [hamibot] [INFO]:[INFO] [fetchPendingTasks]: fetchPendingTasks raw[30]: {"code":0,"data":[],"total":0}
[2026-06-23 13:21:53] [hamibot] [INFO]:[INFO] [fetchPendingTasks]: fetchPendingTasks raw[30]: {"code":0,"data":[],"total":0}
[2026-06-23 13:22:08] [hamibot] [INFO]:[INFO] [fetchPendingTasks]: fetchPendingTasks raw[30]: {"code":0,"data":[],"total":0}
[2026-06-23 13:22:23] [hamibot] [INFO]:[INFO] [fetchPendingTasks]: fetchPendingTasks raw[30]: {"code":0,"data":[],"total":0}
[2026-06-23 13:22:38] [hamibot] [INFO]:[INFO] [fetchPendingTasks]: fetchPendingTasks raw[30]: {"code":0,"data":[],"total":0}
[2026-06-23 13:22:54] [hamibot] [INFO]:[INFO] [fetchPendingTasks]: fetchPendingTasks raw[30]: {"code":0,"data":[],"total":0}
[2026-06-23 13:23:09] [hamibot] [INFO]:[INFO] [fetchPendingTasks]: fetchPendingTasks raw[30]: {"code":0,"data":[],"total":0}
[2026-06-23 13:23:24] [hamibot] [INFO]:[INFO] [fetchPendingTasks]: fetchPendingTasks raw[30]: {"code":0,"data":[],"total":0}
[2026-06-23 13:23:39] [hamibot] [INFO]:[INFO] [fetchPendingTasks]: fetchPendingTasks raw[30]: {"code":0,"data":[],"total":0}
[2026-06-23 13:23:54] [hamibot] [INFO]:[INFO] [fetchPendingTasks]: fetchPendingTasks raw[30]: {"code":0,"data":[],"total":0}
[2026-06-23 13:24:09] [hamibot] [INFO]:[INFO] [fetchPendingTasks]: fetchPendingTasks raw[30]: {"code":0,"data":[],"total":0}
[2026-06-23 13:24:24] [hamibot] [INFO]:[INFO] [fetchPendingTasks]: fetchPendingTasks raw[30]: {"code":0,"data":[],"total":0}
[2026-06-23 13:24:39] [hamibot] [INFO]:[INFO] [fetchPendingTasks]: fetchPendingTasks raw[30]: {"code":0,"data":[],"total":0}
[2026-06-23 13:24:54] [hamibot] [INFO]:[INFO] [fetchPendingTasks]: fetchPendingTasks raw[30]: {"code":0,"data":[],"total":0}
[2026-06-23 13:25:09] [hamibot] [INFO]:[INFO] [fetchPendingTasks]: fetchPendingTasks raw[30]: {"code":0,"data":[],"total":0}
[2026-06-23 13:25:24] [hamibot] [INFO]:[INFO] [fetchPendingTasks]: fetchPendingTasks raw[30]: {"code":0,"data":[],"total":0}
[2026-06-23 13:25:39] [hamibot] [INFO]:[INFO] [fetchPendingTasks]: fetchPendingTasks raw[30]: {"code":0,"data":[],"total":0}
[2026-06-23 13:25:54] [hamibot] [INFO]:[INFO] [fetchPendingTasks]: fetchPendingTasks raw[30]: {"code":0,"data":[],"total":0}
[2026-06-23 13:26:10] [hamibot] [INFO]:[INFO] [fetchPendingTasks]: fetchPendingTasks raw[30]: {"code":0,"data":[],"total":0}
[2026-06-23 13:26:25] [hamibot] [INFO]:[INFO] [fetchPendingTasks]: fetchPendingTasks raw[30]: {"code":0,"data":[],"total":0}
[2026-06-23 13:26:40] [hamibot] [INFO]:[INFO] [fetchPendingTasks]: fetchPendingTasks raw[30]: {"code":0,"data":[],"total":0}
[2026-06-23 13:26:55] [hamibot] [INFO]:[INFO] [fetchPendingTasks]: fetchPendingTasks raw[30]: {"code":0,"data":[],"total":0}
[2026-06-23 13:27:10] [hamibot] [INFO]:[INFO] [fetchPendingTasks]: fetchPendingTasks raw[30]: {"code":0,"data":[],"total":0}
[2026-06-23 13:27:25] [hamibot] [INFO]:[INFO] [fetchPendingTasks]: fetchPendingTasks raw[30]: {"code":0,"data":[],"total":0}
[2026-06-23 13:27:40] [hamibot] [INFO]:[INFO] [fetchPendingTasks]: fetchPendingTasks raw[30]: {"code":0,"data":[],"total":0}
[2026-06-23 13:27:55] [hamibot] [INFO]:[INFO] [fetchPendingTasks]: fetchPendingTasks raw[30]: {"code":0,"data":[],"total":0}
[2026-06-23 13:28:10] [hamibot] [INFO]:[INFO] [fetchPendingTasks]: fetchPendingTasks raw[30]: {"code":0,"data":[],"total":0}
[2026-06-23 13:28:25] [hamibot] [INFO]:[INFO] [fetchPendingTasks]: fetchPendingTasks raw[30]: {"code":0,"data":[],"total":0}
[2026-06-23 13:28:40] [hamibot] [INFO]:[INFO] [fetchPendingTasks]: fetchPendingTasks raw[30]: {"code":0,"data":[],"total":0}
[2026-06-23 13:28:55] [hamibot] [INFO]:[INFO] [fetchPendingTasks]: fetchPendingTasks raw[30]: {"code":0,"data":[],"total":0}
[2026-06-23 13:29:11] [hamibot] [INFO]:[INFO] [fetchPendingTasks]: fetchPendingTasks raw[30]: {"code":0,"data":[],"total":0}
[2026-06-23 13:29:26] [hamibot] [INFO]:[INFO] [fetchPendingTasks]: fetchPendingTasks raw[30]: {"code":0,"data":[],"total":0}
[2026-06-23 13:29:41] [hamibot] [INFO]:[INFO] [fetchPendingTasks]: fetchPendingTasks raw[30]: {"code":0,"data":[],"total":0}
[2026-06-23 13:29:56] [hamibot] [INFO]:[INFO] [fetchPendingTasks]: fetchPendingTasks raw[30]: {"code":0,"data":[],"total":0}
[2026-06-23 13:30:11] [hamibot] [INFO]:[INFO] [fetchPendingTasks]: fetchPendingTasks raw[30]: {"code":0,"data":[],"total":0}
[2026-06-23 13:30:26] [hamibot] [INFO]:[INFO] [fetchPendingTasks]: fetchPendingTasks raw[30]: {"code":0,"data":[],"total":0}
[2026-06-23 13:30:41] [hamibot] [INFO]:[INFO] [fetchPendingTasks]: fetchPendingTasks raw[30]: {"code":0,"data":[],"total":0}
[2026-06-23 13:30:56] [hamibot] [INFO]:[INFO] [fetchPendingTasks]: fetchPendingTasks raw[30]: {"code":0,"data":[],"total":0}
[2026-06-23 13:31:11] [hamibot] [INFO]:[INFO] [fetchPendingTasks]: fetchPendingTasks raw[30]: {"code":0,"data":[],"total":0}
[2026-06-23 13:31:26] [hamibot] [INFO]:[INFO] [fetchPendingTasks]: fetchPendingTasks raw[30]: {"code":0,"data":[],"total":0}
[2026-06-23 13:31:41] [hamibot] [INFO]:[INFO] [fetchPendingTasks]: fetchPendingTasks raw[30]: {"code":0,"data":[],"total":0}
[2026-06-23 13:31:56] [hamibot] [INFO]:[INFO] [fetchPendingTasks]: fetchPendingTasks raw[30]: {"code":0,"data":[],"total":0}
[2026-06-23 13:32:12] [hamibot] [INFO]:[INFO] [fetchPendingTasks]: fetchPendingTasks raw[30]: {"code":0,"data":[],"total":0}
[2026-06-23 13:32:27] [hamibot] [INFO]:[INFO] [fetchPendingTasks]: fetchPendingTasks raw[30]: {"code":0,"data":[],"total":0}
[2026-06-23 13:32:42] [hamibot] [INFO]:[INFO] [fetchPendingTasks]: fetchPendingTasks raw[30]: {"code":0,"data":[],"total":0}
[2026-06-23 13:32:57] [hamibot] [INFO]:[INFO] [fetchPendingTasks]: fetchPendingTasks raw[30]: {"code":0,"data":[],"total":0}
[2026-06-23 13:33:12] [hamibot] [INFO]:[INFO] [fetchPendingTasks]: fetchPendingTasks raw[30]: {"code":0,"data":[],"total":0}
[2026-06-23 13:33:27] [hamibot] [INFO]:[INFO] [fetchPendingTasks]: fetchPendingTasks raw[30]: {"code":0,"data":[],"total":0}
[2026-06-23 13:33:43] [hamibot] [INFO]:[INFO] [fetchPendingTasks]: fetchPendingTasks raw[30]: {"code":0,"data":[],"total":0}
[2026-06-23 13:33:58] [hamibot] [INFO]:[INFO] [fetchPendingTasks]: fetchPendingTasks raw[30]: {"code":0,"data":[],"total":0}
[2026-06-23 13:34:13] [hamibot] [INFO]:[INFO] [fetchPendingTasks]: fetchPendingTasks raw[30]: {"code":0,"data":[],"total":0}
[2026-06-23 13:34:28] [hamibot] [INFO]:[INFO] [fetchPendingTasks]: fetchPendingTasks raw[30]: {"code":0,"data":[],"total":0}
[2026-06-23 13:34:43] [hamibot] [INFO]:[INFO] [fetchPendingTasks]: fetchPendingTasks raw[30]: {"code":0,"data":[],"total":0}
[2026-06-23 13:34:58] [hamibot] [INFO]:[INFO] [fetchPendingTasks]: fetchPendingTasks raw[30]: {"code":0,"data":[],"total":0}
[2026-06-23 13:35:13] [hamibot] [INFO]:[INFO] [fetchPendingTasks]: fetchPendingTasks raw[30]: {"code":0,"data":[],"total":0}
[2026-06-23 13:35:29] [hamibot] [INFO]:[INFO] [fetchPendingTasks]: fetchPendingTasks raw[30]: {"code":0,"data":[],"total":0}
[2026-06-23 13:35:44] [hamibot] [INFO]:[INFO] [fetchPendingTasks]: fetchPendingTasks raw[30]: {"code":0,"data":[],"total":0}
[2026-06-23 13:35:59] [hamibot] [INFO]:[INFO] [fetchPendingTasks]: fetchPendingTasks raw[30]: {"code":0,"data":[],"total":0}
[2026-06-23 13:36:15] [hamibot] [INFO]:[INFO] [fetchPendingTasks]: fetchPendingTasks raw[30]: {"code":0,"data":[],"total":0}
[2026-06-23 13:36:30] [hamibot] [INFO]:[INFO] [fetchPendingTasks]: fetchPendingTasks raw[30]: {"code":0,"data":[],"total":0}
[2026-06-23 13:36:45] [hamibot] [INFO]:[INFO] [fetchPendingTasks]: fetchPendingTasks raw[30]: {"code":0,"data":[],"total":0}
[2026-06-23 13:37:02] [hamibot] [INFO]:[INFO] [fetchPendingTasks]: fetchPendingTasks raw[30]: {"code":0,"data":[],"total":0}
[2026-06-23 13:37:18] [hamibot] [INFO]:[INFO] [fetchPendingTasks]: fetchPendingTasks raw[30]: {"code":0,"data":[],"total":0}
[2026-06-23 13:37:33] [hamibot] [INFO]:[INFO] [fetchPendingTasks]: fetchPendingTasks raw[30]: {"code":0,"data":[],"total":0}
[2026-06-23 13:37:49] [hamibot] [INFO]:[INFO] [fetchPendingTasks]: fetchPendingTasks raw[30]: {"code":0,"data":[],"total":0}
[2026-06-23 13:38:04] [hamibot] [INFO]:[INFO] [fetchPendingTasks]: fetchPendingTasks raw[30]: {"code":0,"data":[],"total":0}
[2026-06-23 13:38:19] [hamibot] [INFO]:[INFO] [fetchPendingTasks]: fetchPendingTasks raw[30]: {"code":0,"data":[],"total":0}
[2026-06-23 13:38:37] [hamibot] [INFO]:[INFO] [fetchPendingTasks]: fetchPendingTasks raw[30]: {"code":0,"data":[],"total":0}
[2026-06-23 13:38:52] [hamibot] [INFO]:[INFO] [fetchPendingTasks]: fetchPendingTasks raw[30]: {"code":0,"data":[],"total":0}
[2026-06-23 13:39:07] [hamibot] [INFO]:[INFO] [fetchPendingTasks]: fetchPendingTasks raw[30]: {"code":0,"data":[],"total":0}
[2026-06-23 13:39:22] [hamibot] [INFO]:[INFO] [fetchPendingTasks]: fetchPendingTasks raw[30]: {"code":0,"data":[],"total":0}
[2026-06-23 13:39:37] [hamibot] [INFO]:[INFO] [fetchPendingTasks]: fetchPendingTasks raw[30]: {"code":0,"data":[],"total":0}
[2026-06-23 13:39:53] [hamibot] [INFO]:[INFO] [fetchPendingTasks]: fetchPendingTasks raw[30]: {"code":0,"data":[],"total":0}
[2026-06-23 13:40:08] [hamibot] [INFO]:[INFO] [fetchPendingTasks]: fetchPendingTasks raw[30]: {"code":0,"data":[],"total":0}
[2026-06-23 13:40:23] [hamibot] [INFO]:[INFO] [fetchPendingTasks]: fetchPendingTasks raw[30]: {"code":0,"data":[],"total":0}
[2026-06-23 13:40:38] [hamibot] [INFO]:[INFO] [fetchPendingTasks]: fetchPendingTasks raw[30]: {"code":0,"data":[],"total":0}
[2026-06-23 13:40:53] [hamibot] [INFO]:[INFO] [fetchPendingTasks]: fetchPendingTasks raw[30]: {"code":0,"data":[],"total":0}
[2026-06-23 13:41:08] [hamibot] [INFO]:[INFO] [fetchPendingTasks]: fetchPendingTasks raw[30]: {"code":0,"data":[],"total":0}
[2026-06-23 13:41:23] [hamibot] [INFO]:[INFO] [fetchPendingTasks]: fetchPendingTasks raw[30]: {"code":0,"data":[],"total":0}
[2026-06-23 13:41:38] [hamibot] [INFO]:[INFO] [fetchPendingTasks]: fetchPendingTasks raw[30]: {"code":0,"data":[],"total":0}
[2026-06-23 13:41:54] [hamibot] [INFO]:[INFO] [fetchPendingTasks]: fetchPendingTasks raw[30]: {"code":0,"data":[],"total":0}
[2026-06-23 13:42:10] [hamibot] [INFO]:[INFO] [fetchPendingTasks]: fetchPendingTasks raw[30]: {"code":0,"data":[],"total":0}
[2026-06-23 13:42:25] [hamibot] [INFO]:[INFO] [fetchPendingTasks]: fetchPendingTasks raw[30]: {"code":0,"data":[],"total":0}
[2026-06-23 13:42:40] [hamibot] [INFO]:[INFO] [fetchPendingTasks]: fetchPendingTasks raw[30]: {"code":0,"data":[],"total":0}
[2026-06-23 13:42:55] [hamibot] [INFO]:[INFO] [fetchPendingTasks]: fetchPendingTasks raw[30]: {"code":0,"data":[],"total":0}
[2026-06-23 13:43:10] [hamibot] [INFO]:[INFO] [fetchPendingTasks]: fetchPendingTasks raw[30]: {"code":0,"data":[],"total":0}
[2026-06-23 13:43:25] [hamibot] [INFO]:[INFO] [fetchPendingTasks]: fetchPendingTasks raw[30]: {"code":0,"data":[],"total":0}
[2026-06-23 13:43:40] [hamibot] [INFO]:[INFO] [fetchPendingTasks]: fetchPendingTasks raw[30]: {"code":0,"data":[],"total":0}
[2026-06-23 13:43:55] [hamibot] [INFO]:[INFO] [fetchPendingTasks]: fetchPendingTasks raw[30]: {"code":0,"data":[],"total":0}
[2026-06-23 13:44:10] [hamibot] [INFO]:[INFO] [fetchPendingTasks]: fetchPendingTasks raw[30]: {"code":0,"data":[],"total":0}
[2026-06-23 13:44:26] [hamibot] [INFO]:[INFO] [fetchPendingTasks]: fetchPendingTasks raw[30]: {"code":0,"data":[],"total":0}
[2026-06-23 13:44:41] [hamibot] [INFO]:[INFO] [fetchPendingTasks]: fetchPendingTasks raw[30]: {"code":0,"data":[],"total":0}
[2026-06-23 13:44:56] [hamibot] [INFO]:[INFO] [fetchPendingTasks]: fetchPendingTasks raw[30]: {"code":0,"data":[],"total":0}
[2026-06-23 13:45:11] [hamibot] [INFO]:[INFO] [fetchPendingTasks]: fetchPendingTasks raw[30]: {"code":0,"data":[],"total":0}
[2026-06-23 13:45:26] [hamibot] [INFO]:[INFO] [fetchPendingTasks]: fetchPendingTasks raw[30]: {"code":0,"data":[],"total":0}
[2026-06-23 13:45:41] [hamibot] [INFO]:[INFO] [fetchPendingTasks]: fetchPendingTasks raw[30]: {"code":0,"data":[],"total":0}
[2026-06-23 13:45:56] [hamibot] [INFO]:[INFO] [fetchPendingTasks]: fetchPendingTasks raw[30]: {"code":0,"data":[],"total":0}
[2026-06-23 13:46:12] [hamibot] [INFO]:[INFO] [fetchPendingTasks]: fetchPendingTasks raw[30]: {"code":0,"data":[],"total":0}
[2026-06-23 13:46:27] [hamibot] [INFO]:[INFO] [fetchPendingTasks]: fetchPendingTasks raw[30]: {"code":0,"data":[],"total":0}
[2026-06-23 13:46:42] [hamibot] [INFO]:[INFO] [fetchPendingTasks]: fetchPendingTasks raw[30]: {"code":0,"data":[],"total":0}
[2026-06-23 13:46:57] [hamibot] [INFO]:[INFO] [fetchPendingTasks]: fetchPendingTasks raw[30]: {"code":0,"data":[],"total":0}
[2026-06-23 13:47:12] [hamibot] [INFO]:[INFO] [fetchPendingTasks]: fetchPendingTasks raw[30]: {"code":0,"data":[],"total":0}
[2026-06-23 13:47:27] [hamibot] [INFO]:[INFO] [fetchPendingTasks]: fetchPendingTasks raw[30]: {"code":0,"data":[],"total":0}
[2026-06-23 13:47:42] [hamibot] [INFO]:[INFO] [fetchPendingTasks]: fetchPendingTasks raw[30]: {"code":0,"data":[],"total":0}
[2026-06-23 13:47:57] [hamibot] [INFO]:[INFO] [fetchPendingTasks]: fetchPendingTasks raw[30]: {"code":0,"data":[],"total":0}
[2026-06-23 13:48:12] [hamibot] [INFO]:[INFO] [fetchPendingTasks]: fetchPendingTasks raw[30]: {"code":0,"data":[],"total":0}
[2026-06-23 13:48:28] [hamibot] [INFO]:[INFO] [fetchPendingTasks]: fetchPendingTasks raw[30]: {"code":0,"data":[],"total":0}
[2026-06-23 13:48:43] [hamibot] [INFO]:[INFO] [fetchPendingTasks]: fetchPendingTasks raw[30]: {"code":0,"data":[],"total":0}
[2026-06-23 13:48:58] [hamibot] [INFO]:[INFO] [fetchPendingTasks]: fetchPendingTasks raw[30]: {"code":0,"data":[],"total":0}
[2026-06-23 13:49:13] [hamibot] [INFO]:[INFO] [fetchPendingTasks]: fetchPendingTasks raw[30]: {"code":0,"data":[],"total":0}
[2026-06-23 13:49:28] [hamibot] [INFO]:[INFO] [fetchPendingTasks]: fetchPendingTasks raw[30]: {"code":0,"data":[],"total":0}
[2026-06-23 13:49:45] [hamibot] [INFO]:[INFO] [fetchPendingTasks]: fetchPendingTasks raw[30]: {"code":0,"data":[],"total":0}
[2026-06-23 13:50:01] [hamibot] [INFO]:[INFO] [fetchPendingTasks]: fetchPendingTasks raw[30]: {"code":0,"data":[],"total":0}
[2026-06-23 13:50:16] [hamibot] [INFO]:[INFO] [fetchPendingTasks]: fetchPendingTasks raw[30]: {"code":0,"data":[],"total":0}
[2026-06-23 13:50:31] [hamibot] [INFO]:[INFO] [fetchPendingTasks]: fetchPendingTasks raw[30]: {"code":0,"data":[],"total":0}
[2026-06-23 13:50:46] [hamibot] [INFO]:[INFO] [fetchPendingTasks]: fetchPendingTasks raw[30]: {"code":0,"data":[],"total":0}
[2026-06-23 13:51:01] [hamibot] [INFO]:[INFO] [fetchPendingTasks]: fetchPendingTasks raw[30]: {"code":0,"data":[],"total":0}
[2026-06-23 13:51:16] [hamibot] [INFO]:[INFO] [fetchPendingTasks]: fetchPendingTasks raw[30]: {"code":0,"data":[],"total":0}
[2026-06-23 13:51:31] [hamibot] [INFO]:[INFO] [fetchPendingTasks]: fetchPendingTasks raw[30]: {"code":0,"data":[],"total":0}
[2026-06-23 13:51:46] [hamibot] [INFO]:[INFO] [fetchPendingTasks]: fetchPendingTasks raw[30]: {"code":0,"data":[],"total":0}
[2026-06-23 13:52:02] [hamibot] [INFO]:[INFO] [fetchPendingTasks]: fetchPendingTasks raw[30]: {"code":0,"data":[],"total":0}
[2026-06-23 13:52:17] [hamibot] [INFO]:[INFO] [fetchPendingTasks]: fetchPendingTasks raw[30]: {"code":0,"data":[],"total":0}
[2026-06-23 13:52:32] [hamibot] [INFO]:[INFO] [fetchPendingTasks]: fetchPendingTasks raw[30]: {"code":0,"data":[],"total":0}
[2026-06-23 13:52:47] [hamibot] [INFO]:[INFO] [fetchPendingTasks]: fetchPendingTasks raw[30]: {"code":0,"data":[],"total":0}
[2026-06-23 13:53:02] [hamibot] [INFO]:[INFO] [fetchPendingTasks]: fetchPendingTasks raw[30]: {"code":0,"data":[],"total":0}
[2026-06-23 13:53:17] [hamibot] [INFO]:[INFO] [fetchPendingTasks]: fetchPendingTasks raw[30]: {"code":0,"data":[],"total":0}
[2026-06-23 13:53:32] [hamibot] [INFO]:[INFO] [fetchPendingTasks]: fetchPendingTasks raw[30]: {"code":0,"data":[],"total":0}
[2026-06-23 13:53:47] [hamibot] [INFO]:[INFO] [fetchPendingTasks]: fetchPendingTasks raw[30]: {"code":0,"data":[],"total":0}
[2026-06-23 13:54:02] [hamibot] [INFO]:[INFO] [fetchPendingTasks]: fetchPendingTasks raw[30]: {"code":0,"data":[],"total":0}
[2026-06-23 13:54:17] [hamibot] [INFO]:[INFO] [fetchPendingTasks]: fetchPendingTasks raw[30]: {"code":0,"data":[],"total":0}
[2026-06-23 13:54:32] [hamibot] [INFO]:[INFO] [fetchPendingTasks]: fetchPendingTasks raw[30]: {"code":0,"data":[],"total":0}
[2026-06-23 13:54:48] [hamibot] [INFO]:[INFO] [fetchPendingTasks]: fetchPendingTasks raw[30]: {"code":0,"data":[],"total":0}
[2026-06-23 13:55:03] [hamibot] [INFO]:[INFO] [fetchPendingTasks]: fetchPendingTasks raw[30]: {"code":0,"data":[],"total":0}
[2026-06-23 13:55:18] [hamibot] [INFO]:[INFO] [fetchPendingTasks]: fetchPendingTasks raw[30]: {"code":0,"data":[],"total":0}
[2026-06-23 13:55:33] [hamibot] [INFO]:[INFO] [fetchPendingTasks]: fetchPendingTasks raw[30]: {"code":0,"data":[],"total":0}
[2026-06-23 13:55:48] [hamibot] [INFO]:[INFO] [fetchPendingTasks]: fetchPendingTasks raw[30]: {"code":0,"data":[],"total":0}
[2026-06-23 13:56:03] [hamibot] [INFO]:[INFO] [fetchPendingTasks]: fetchPendingTasks raw[30]: {"code":0,"data":[],"total":0}
[2026-06-23 13:56:18] [hamibot] [INFO]:[INFO] [fetchPendingTasks]: fetchPendingTasks raw[30]: {"code":0,"data":[],"total":0}
[2026-06-23 13:56:34] [hamibot] [INFO]:[INFO] [fetchPendingTasks]: fetchPendingTasks raw[30]: {"code":0,"data":[],"total":0}
[2026-06-23 13:56:49] [hamibot] [INFO]:[INFO] [fetchPendingTasks]: fetchPendingTasks raw[30]: {"code":0,"data":[],"total":0}
[2026-06-23 13:57:04] [hamibot] [INFO]:[INFO] [fetchPendingTasks]: fetchPendingTasks raw[30]: {"code":0,"data":[],"total":0}
[2026-06-23 13:57:19] [hamibot] [INFO]:[INFO] [fetchPendingTasks]: fetchPendingTasks raw[30]: {"code":0,"data":[],"total":0}
[2026-06-23 13:57:35] [hamibot] [INFO]:[INFO] [fetchPendingTasks]: fetchPendingTasks raw[30]: {"code":0,"data":[],"total":0}
[2026-06-23 13:57:50] [hamibot] [INFO]:[INFO] [fetchPendingTasks]: fetchPendingTasks raw[30]: {"code":0,"data":[],"total":0}
[2026-06-23 13:58:06] [hamibot] [INFO]:[INFO] [fetchPendingTasks]: fetchPendingTasks raw[30]: {"code":0,"data":[],"total":0}
[2026-06-23 13:58:21] [hamibot] [INFO]:[INFO] [fetchPendingTasks]: fetchPendingTasks raw[30]: {"code":0,"data":[],"total":0}
[2026-06-23 13:58:37] [hamibot] [INFO]:[INFO] [fetchPendingTasks]: fetchPendingTasks raw[30]: {"code":0,"data":[],"total":0}
[2026-06-23 13:58:52] [hamibot] [INFO]:[INFO] [fetchPendingTasks]: fetchPendingTasks raw[30]: {"code":0,"data":[],"total":0}
[2026-06-23 13:59:07] [hamibot] [INFO]:[INFO] [fetchPendingTasks]: fetchPendingTasks raw[30]: {"code":0,"data":[],"total":0}
[2026-06-23 13:59:23] [hamibot] [INFO]:[INFO] [fetchPendingTasks]: fetchPendingTasks raw[30]: {"code":0,"data":[],"total":0}
[2026-06-23 13:59:40] [hamibot] [INFO]:[INFO] [fetchPendingTasks]: fetchPendingTasks raw[30]: {"code":0,"data":[],"total":0}
[2026-06-23 13:59:56] [hamibot] [INFO]:[INFO] [fetchPendingTasks]: fetchPendingTasks raw[30]: {"code":0,"data":[],"total":0}
[2026-06-23 14:00:11] [hamibot] [INFO]:[INFO] [fetchPendingTasks]: fetchPendingTasks raw[30]: {"code":0,"data":[],"total":0}
[2026-06-23 14:00:27] [hamibot] [INFO]:[INFO] [fetchPendingTasks]: fetchPendingTasks raw[30]: {"code":0,"data":[],"total":0}
[2026-06-23 14:00:42] [hamibot] [INFO]:[INFO] [fetchPendingTasks]: fetchPendingTasks raw[30]: {"code":0,"data":[],"total":0}
[2026-06-23 14:00:58] [hamibot] [INFO]:[INFO] [fetchPendingTasks]: fetchPendingTasks raw[30]: {"code":0,"data":[],"total":0}
[2026-06-23 14:01:13] [hamibot] [INFO]:[INFO] [fetchPendingTasks]: fetchPendingTasks raw[30]: {"code":0,"data":[],"total":0}
[2026-06-23 14:01:28] [hamibot] [INFO]:[INFO] [fetchPendingTasks]: fetchPendingTasks raw[30]: {"code":0,"data":[],"total":0}
[2026-06-23 14:01:43] [hamibot] [INFO]:[INFO] [fetchPendingTasks]: fetchPendingTasks raw[30]: {"code":0,"data":[],"total":0}
[2026-06-23 14:01:58] [hamibot] [INFO]:[INFO] [fetchPendingTasks]: fetchPendingTasks raw[30]: {"code":0,"data":[],"total":0}
[2026-06-23 14:02:13] [hamibot] [INFO]:[INFO] [fetchPendingTasks]: fetchPendingTasks raw[30]: {"code":0,"data":[],"total":0}
[2026-06-23 14:02:29] [hamibot] [INFO]:[INFO] [fetchPendingTasks]: fetchPendingTasks raw[30]: {"code":0,"data":[],"total":0}
[2026-06-23 14:02:44] [hamibot] [INFO]:[INFO] [fetchPendingTasks]: fetchPendingTasks raw[30]: {"code":0,"data":[],"total":0}
[2026-06-23 14:02:59] [hamibot] [INFO]:[INFO] [fetchPendingTasks]: fetchPendingTasks raw[30]: {"code":0,"data":[],"total":0}
[2026-06-23 14:03:14] [hamibot] [INFO]:[INFO] [fetchPendingTasks]: fetchPendingTasks raw[30]: {"code":0,"data":[],"total":0}
[2026-06-23 14:03:29] [hamibot] [INFO]:[INFO] [fetchPendingTasks]: fetchPendingTasks raw[30]: {"code":0,"data":[],"total":0}
[2026-06-23 14:03:44] [hamibot] [INFO]:[INFO] [fetchPendingTasks]: fetchPendingTasks raw[30]: {"code":0,"data":[],"total":0}
[2026-06-23 14:03:59] [hamibot] [INFO]:[INFO] [fetchPendingTasks]: fetchPendingTasks raw[30]: {"code":0,"data":[],"total":0}
[2026-06-23 14:04:15] [hamibot] [INFO]:[INFO] [fetchPendingTasks]: fetchPendingTasks raw[30]: {"code":0,"data":[],"total":0}
[2026-06-23 14:04:30] [hamibot] [INFO]:[INFO] [fetchPendingTasks]: fetchPendingTasks raw[30]: {"code":0,"data":[],"total":0}
[2026-06-23 14:04:45] [hamibot] [INFO]:[INFO] [fetchPendingTasks]: fetchPendingTasks raw[30]: {"code":0,"data":[],"total":0}
[2026-06-23 14:05:00] [hamibot] [INFO]:[INFO] [fetchPendingTasks]: fetchPendingTasks raw[30]: {"code":0,"data":[],"total":0}
[2026-06-23 14:05:15] [hamibot] [INFO]:[INFO] [fetchPendingTasks]: fetchPendingTasks raw[30]: {"code":0,"data":[],"total":0}
[2026-06-23 14:05:30] [hamibot] [INFO]:[INFO] [fetchPendingTasks]: fetchPendingTasks raw[30]: {"code":0,"data":[],"total":0}
[2026-06-23 14:05:45] [hamibot] [INFO]:[INFO] [fetchPendingTasks]: fetchPendingTasks raw[30]: {"code":0,"data":[],"total":0}
[2026-06-23 14:06:01] [hamibot] [INFO]:[INFO] [fetchPendingTasks]: fetchPendingTasks raw[30]: {"code":0,"data":[],"total":0}
[2026-06-23 14:06:16] [hamibot] [INFO]:[INFO] [fetchPendingTasks]: fetchPendingTasks raw[30]: {"code":0,"data":[],"total":0}
[2026-06-23 14:06:31] [hamibot] [INFO]:[INFO] [fetchPendingTasks]: fetchPendingTasks raw[30]: {"code":0,"data":[],"total":0}
[2026-06-23 14:06:46] [hamibot] [INFO]:[INFO] [fetchPendingTasks]: fetchPendingTasks raw[30]: {"code":0,"data":[],"total":0}
[2026-06-23 14:07:01] [hamibot] [INFO]:[INFO] [fetchPendingTasks]: fetchPendingTasks raw[30]: {"code":0,"data":[],"total":0}
[2026-06-23 14:07:16] [hamibot] [INFO]:[INFO] [fetchPendingTasks]: fetchPendingTasks raw[30]: {"code":0,"data":[],"total":0}
[2026-06-23 14:07:31] [hamibot] [INFO]:[INFO] [fetchPendingTasks]: fetchPendingTasks raw[30]: {"code":0,"data":[],"total":0}
[2026-06-23 14:07:47] [hamibot] [INFO]:[INFO] [fetchPendingTasks]: fetchPendingTasks raw[30]: {"code":0,"data":[],"total":0}
[2026-06-23 14:08:02] [hamibot] [INFO]:[INFO] [fetchPendingTasks]: fetchPendingTasks raw[30]: {"code":0,"data":[],"total":0}
[2026-06-23 14:08:17] [hamibot] [INFO]:[INFO] [fetchPendingTasks]: fetchPendingTasks raw[30]: {"code":0,"data":[],"total":0}
[2026-06-23 14:08:33] [hamibot] [INFO]:[INFO] [fetchPendingTasks]: fetchPendingTasks raw[30]: {"code":0,"data":[],"total":0}
[2026-06-23 14:08:48] [hamibot] [INFO]:[INFO] [fetchPendingTasks]: fetchPendingTasks raw[30]: {"code":0,"data":[],"total":0}
[2026-06-23 14:09:03] [hamibot] [INFO]:[INFO] [fetchPendingTasks]: fetchPendingTasks raw[30]: {"code":0,"data":[],"total":0}
[2026-06-23 14:09:18] [hamibot] [INFO]:[INFO] [fetchPendingTasks]: fetchPendingTasks raw[30]: {"code":0,"data":[],"total":0}
[2026-06-23 14:09:33] [hamibot] [INFO]:[INFO] [fetchPendingTasks]: fetchPendingTasks raw[30]: {"code":0,"data":[],"total":0}
[2026-06-23 14:09:48] [hamibot] [INFO]:[INFO] [fetchPendingTasks]: fetchPendingTasks raw[30]: {"code":0,"data":[],"total":0}
[2026-06-23 14:10:03] [hamibot] [INFO]:[INFO] [fetchPendingTasks]: fetchPendingTasks raw[30]: {"code":0,"data":[],"total":0}
[2026-06-23 14:10:18] [hamibot] [INFO]:[INFO] [fetchPendingTasks]: fetchPendingTasks raw[30]: {"code":0,"data":[],"total":0}
[2026-06-23 14:10:34] [hamibot] [INFO]:[INFO] [fetchPendingTasks]: fetchPendingTasks raw[30]: {"code":0,"data":[],"total":0}
[2026-06-23 14:10:49] [hamibot] [INFO]:[INFO] [fetchPendingTasks]: fetchPendingTasks raw[30]: {"code":0,"data":[],"total":0}
[2026-06-23 14:11:04] [hamibot] [INFO]:[INFO] [fetchPendingTasks]: fetchPendingTasks raw[30]: {"code":0,"data":[],"total":0}
[2026-06-23 14:11:19] [hamibot] [INFO]:[INFO] [fetchPendingTasks]: fetchPendingTasks raw[30]: {"code":0,"data":[],"total":0}
[2026-06-23 14:11:34] [hamibot] [INFO]:[INFO] [fetchPendingTasks]: fetchPendingTasks raw[30]: {"code":0,"data":[],"total":0}
[2026-06-23 14:11:49] [hamibot] [INFO]:[INFO] [fetchPendingTasks]: fetchPendingTasks raw[30]: {"code":0,"data":[],"total":0}
[2026-06-23 14:12:04] [hamibot] [INFO]:[INFO] [fetchPendingTasks]: fetchPendingTasks raw[30]: {"code":0,"data":[],"total":0}
[2026-06-23 14:12:20] [hamibot] [INFO]:[INFO] [fetchPendingTasks]: fetchPendingTasks raw[30]: {"code":0,"data":[],"total":0}
[2026-06-23 14:12:35] [hamibot] [INFO]:[INFO] [fetchPendingTasks]: fetchPendingTasks raw[30]: {"code":0,"data":[],"total":0}
[2026-06-23 14:12:50] [hamibot] [INFO]:[INFO] [fetchPendingTasks]: fetchPendingTasks raw[30]: {"code":0,"data":[],"total":0}
[2026-06-23 14:13:05] [hamibot] [INFO]:[INFO] [fetchPendingTasks]: fetchPendingTasks raw[30]: {"code":0,"data":[],"total":0}
[2026-06-23 14:13:20] [hamibot] [INFO]:[INFO] [fetchPendingTasks]: fetchPendingTasks raw[30]: {"code":0,"data":[],"total":0}
[2026-06-23 14:13:35] [hamibot] [INFO]:[INFO] [fetchPendingTasks]: fetchPendingTasks raw[30]: {"code":0,"data":[],"total":0}
[2026-06-23 14:13:50] [hamibot] [INFO]:[INFO] [fetchPendingTasks]: fetchPendingTasks raw[30]: {"code":0,"data":[],"total":0}
[2026-06-23 14:14:05] [hamibot] [INFO]:[INFO] [fetchPendingTasks]: fetchPendingTasks raw[30]: {"code":0,"data":[],"total":0}
[2026-06-23 14:14:20] [hamibot] [INFO]:[INFO] [fetchPendingTasks]: fetchPendingTasks raw[30]: {"code":0,"data":[],"total":0}
[2026-06-23 14:14:35] [hamibot] [INFO]:[INFO] [fetchPendingTasks]: fetchPendingTasks raw[30]: {"code":0,"data":[],"total":0}
[2026-06-23 14:14:50] [hamibot] [INFO]:[INFO] [fetchPendingTasks]: fetchPendingTasks raw[30]: {"code":0,"data":[],"total":0}
[2026-06-23 14:15:05] [hamibot] [INFO]:[INFO] [fetchPendingTasks]: fetchPendingTasks raw[30]: {"code":0,"data":[],"total":0}
[2026-06-23 14:15:20] [hamibot] [INFO]:[INFO] [fetchPendingTasks]: fetchPendingTasks raw[30]: {"code":0,"data":[],"total":0}
[2026-06-23 14:15:36] [hamibot] [INFO]:[INFO] [fetchPendingTasks]: fetchPendingTasks raw[30]: {"code":0,"data":[],"total":0}
[2026-06-23 14:15:51] [hamibot] [INFO]:[INFO] [fetchPendingTasks]: fetchPendingTasks raw[30]: {"code":0,"data":[],"total":0}
[2026-06-23 14:16:06] [hamibot] [INFO]:[INFO] [fetchPendingTasks]: fetchPendingTasks raw[30]: {"code":0,"data":[],"total":0}
[2026-06-23 14:16:21] [hamibot] [INFO]:[INFO] [fetchPendingTasks]: fetchPendingTasks raw[30]: {"code":0,"data":[],"total":0}
[2026-06-23 14:16:36] [hamibot] [INFO]:[INFO] [fetchPendingTasks]: fetchPendingTasks raw[30]: {"code":0,"data":[],"total":0}
[2026-06-23 14:16:51] [hamibot] [INFO]:[INFO] [fetchPendingTasks]: fetchPendingTasks raw[30]: {"code":0,"data":[],"total":0}
[2026-06-23 14:17:06] [hamibot] [INFO]:[INFO] [fetchPendingTasks]: fetchPendingTasks raw[30]: {"code":0,"data":[],"total":0}
[2026-06-23 14:17:21] [hamibot] [INFO]:[INFO] [fetchPendingTasks]: fetchPendingTasks raw[30]: {"code":0,"data":[],"total":0}
[2026-06-23 14:17:36] [hamibot] [INFO]:[INFO] [fetchPendingTasks]: fetchPendingTasks raw[30]: {"code":0,"data":[],"total":0}
[2026-06-23 14:17:51] [hamibot] [INFO]:[INFO] [fetchPendingTasks]: fetchPendingTasks raw[30]: {"code":0,"data":[],"total":0}
[2026-06-23 14:18:06] [hamibot] [INFO]:[INFO] [fetchPendingTasks]: fetchPendingTasks raw[30]: {"code":0,"data":[],"total":0}
[2026-06-23 14:18:21] [hamibot] [INFO]:[INFO] [fetchPendingTasks]: fetchPendingTasks raw[30]: {"code":0,"data":[],"total":0}
[2026-06-23 14:18:36] [hamibot] [INFO]:[INFO] [fetchPendingTasks]: fetchPendingTasks raw[30]: {"code":0,"data":[],"total":0}
[2026-06-23 14:18:51] [hamibot] [INFO]:[INFO] [fetchPendingTasks]: fetchPendingTasks raw[30]: {"code":0,"data":[],"total":0}
[2026-06-23 14:19:07] [hamibot] [INFO]:[INFO] [fetchPendingTasks]: fetchPendingTasks raw[30]: {"code":0,"data":[],"total":0}
[2026-06-23 14:19:22] [hamibot] [INFO]:[INFO] [fetchPendingTasks]: fetchPendingTasks raw[30]: {"code":0,"data":[],"total":0}
[2026-06-23 14:19:37] [hamibot] [INFO]:[INFO] [fetchPendingTasks]: fetchPendingTasks raw[30]: {"code":0,"data":[],"total":0}
[2026-06-23 14:19:52] [hamibot] [INFO]:[INFO] [fetchPendingTasks]: fetchPendingTasks raw[30]: {"code":0,"data":[],"total":0}
[2026-06-23 14:20:07] [hamibot] [INFO]:[INFO] [fetchPendingTasks]: fetchPendingTasks raw[30]: {"code":0,"data":[],"total":0}
[2026-06-23 14:20:22] [hamibot] [INFO]:[INFO] [fetchPendingTasks]: fetchPendingTasks raw[30]: {"code":0,"data":[],"total":0}
[2026-06-23 14:20:37] [hamibot] [INFO]:[INFO] [fetchPendingTasks]: fetchPendingTasks raw[30]: {"code":0,"data":[],"total":0}
[2026-06-23 14:20:52] [hamibot] [INFO]:[INFO] [fetchPendingTasks]: fetchPendingTasks raw[30]: {"code":0,"data":[],"total":0}
[2026-06-23 14:21:07] [hamibot] [INFO]:[INFO] [fetchPendingTasks]: fetchPendingTasks raw[30]: {"code":0,"data":[],"total":0}
[2026-06-23 14:21:23] [hamibot] [INFO]:[INFO] [fetchPendingTasks]: fetchPendingTasks raw[30]: {"code":0,"data":[],"total":0}
[2026-06-23 14:21:38] [hamibot] [INFO]:[INFO] [fetchPendingTasks]: fetchPendingTasks raw[30]: {"code":0,"data":[],"total":0}
[2026-06-23 14:21:53] [hamibot] [INFO]:[INFO] [fetchPendingTasks]: fetchPendingTasks raw[30]: {"code":0,"data":[],"total":0}
[2026-06-23 14:22:08] [hamibot] [INFO]:[INFO] [fetchPendingTasks]: fetchPendingTasks raw[30]: {"code":0,"data":[],"total":0}
[2026-06-23 14:22:23] [hamibot] [INFO]:[INFO] [fetchPendingTasks]: fetchPendingTasks raw[30]: {"code":0,"data":[],"total":0}
[2026-06-23 14:22:38] [hamibot] [INFO]:[INFO] [fetchPendingTasks]: fetchPendingTasks raw[30]: {"code":0,"data":[],"total":0}
[2026-06-23 14:22:53] [hamibot] [INFO]:[INFO] [fetchPendingTasks]: fetchPendingTasks raw[30]: {"code":0,"data":[],"total":0}
[2026-06-23 14:23:08] [hamibot] [INFO]:[INFO] [fetchPendingTasks]: fetchPendingTasks raw[30]: {"code":0,"data":[],"total":0}
[2026-06-23 14:23:23] [hamibot] [INFO]:[INFO] [fetchPendingTasks]: fetchPendingTasks raw[30]: {"code":0,"data":[],"total":0}
[2026-06-23 14:23:38] [hamibot] [INFO]:[INFO] [fetchPendingTasks]: fetchPendingTasks raw[30]: {"code":0,"data":[],"total":0}
[2026-06-23 14:23:53] [hamibot] [INFO]:[INFO] [fetchPendingTasks]: fetchPendingTasks raw[30]: {"code":0,"data":[],"total":0}
[2026-06-23 14:24:09] [hamibot] [INFO]:[INFO] [fetchPendingTasks]: fetchPendingTasks raw[30]: {"code":0,"data":[],"total":0}
[2026-06-23 14:24:24] [hamibot] [INFO]:[INFO] [fetchPendingTasks]: fetchPendingTasks raw[30]: {"code":0,"data":[],"total":0}
[2026-06-23 14:24:39] [hamibot] [INFO]:[INFO] [fetchPendingTasks]: fetchPendingTasks raw[30]: {"code":0,"data":[],"total":0}
[2026-06-23 14:24:54] [hamibot] [INFO]:[INFO] [fetchPendingTasks]: fetchPendingTasks raw[30]: {"code":0,"data":[],"total":0}
[2026-06-23 14:25:09] [hamibot] [INFO]:[INFO] [fetchPendingTasks]: fetchPendingTasks raw[30]: {"code":0,"data":[],"total":0}
[2026-06-23 14:25:24] [hamibot] [INFO]:[INFO] [fetchPendingTasks]: fetchPendingTasks raw[30]: {"code":0,"data":[],"total":0}
[2026-06-23 14:25:24] [hamibot] [INFO]:[INFO] [Outer]: Exit...
[2026-06-23 14:25:24] [hamibot] [INFO]:[INFO] [Anonymous functions]: Launching...

	Current script version: 1.0.4

[2026-06-23 14:25:24] [hamibot] [INFO]:[INFO] [Anonymous functions]: Configuration loaded {"APP_ENV":"development","USER_ID":"6723480da777ba4dbbb4bfe9","ROBOT_ID":"67242f26e2fed0e6e3d11b91","SCRIPT_ID":"6723493b364a634dae6c9099","TIMESTAMP":"2026-06-23 14:26:28"}
[2026-06-23 14:25:25] [hamibot] [INFO]:[INFO] [Anonymous functions]: Verifying configurations
[2026-06-23 14:25:25] [hamibot] [INFO]:[INFO] [Anonymous functions]: Start running script
[2026-06-23 14:25:25] [hamibot] [INFO]:[INFO] [getElementCache]: getElementCache 加载成功，共 20 条 (第1次)
[2026-06-23 14:25:25] [hamibot] [DEBUG]:[DEBUG] [init]: Accessibility permissions enabled
[2026-06-23 14:25:25] [hamibot] [DEBUG]:[DEBUG] [init]: Screen size: 2400 x 1080
[2026-06-23 14:25:25] [hamibot] [INFO]:[INFO] [saveElementCache]: saveElementCache 服务端共 20 条 (本次新增/更新 20 条)
[2026-06-23 14:25:25] [hamibot] [INFO]:[INFO] [flushElementCache]: 已触发异步刷新元素查找缓存
[2026-06-23 14:25:25] [hamibot] [INFO]:[INFO] [closeApp]: openHamibot true
[2026-06-23 14:25:33] [hamibot] [INFO]:[INFO] [closeApp]: 已通过最近任务页卡片滑动关闭应用
[2026-06-23 14:25:34] [hamibot] [INFO]:[INFO] [saveElementCache]: saveElementCache 服务端共 20 条 (本次新增/更新 20 条)
[2026-06-23 14:25:34] [hamibot] [INFO]:[INFO] [flushElementCache]: 已触发异步刷新元素查找缓存
[2026-06-23 14:25:35] [hamibot] [INFO]:[INFO] [Outer]: 开始查找商品详情
[2026-06-23 14:25:51] [hamibot] [ LOG ]:[ LOG ] [Outer]: mediaProjection: 自动确认线程启动 35000ms
[2026-06-23 14:25:53] [hamibot] [INFO]:[INFO] [Outer]: 找到商品数量: 0
[2026-06-23 14:25:53] [hamibot] [INFO]:[INFO] [fetchPendingTasks]: fetchPendingTasks raw[30]: {"code":0,"data":[],"total":0}
[2026-06-23 14:25:54] [hamibot] [ LOG ]:[ LOG ] [Outer]: mediaProjection: 坐标确认 (769, 2190)
[2026-06-23 14:25:54] [hamibot] [ LOG ]:[ LOG ] [Outer]: mediaProjection: 已点击确认 (1/3)，等待授权生效
[2026-06-23 14:25:58] [hamibot] [ LOG ]:[ LOG ] [Outer]: mediaProjection: 坐标确认 (769, 2190)
[2026-06-23 14:25:59] [hamibot] [ LOG ]:[ LOG ] [Outer]: mediaProjection: 已点击确认 (2/3)，等待授权生效
[2026-06-23 14:26:08] [hamibot] [INFO]:[INFO] [fetchPendingTasks]: fetchPendingTasks raw[30]: {"code":0,"data":[],"total":0}
[2026-06-23 14:26:23] [hamibot] [INFO]:[INFO] [fetchPendingTasks]: fetchPendingTasks raw[288]: {"code":0,"data":[{"id":"0e6e2231-f947-4034-8ef9-57962d91befe","type":"goldCoin","status":"pending",
[2026-06-23 14:26:32] [hamibot] [ LOG ]:[ LOG ] [Outer]: mediaProjection: 自动确认线程结束
[2026-06-23 14:26:59] [hamibot] [INFO]:[INFO] [tryClickNode]: tryClickNode com.stardust.automator.UiObject@186009; boundsInParent: Rect(142, -9 - 267, 116); boundsInScreen: Rect(372, 1244 - 700, 1572); packageName: com.taobao.idlefish; className: android.view.View; text: ; contentDescription: null; viewId: mapDiceBtn; checkable: false; checked: false; focusable: false; focused: false; selected: false; clickable: true; longClickable: false; enabled: true; password: false; scrollable: false; [ACTION_CLICK, ACTION_ACCESSIBILITY_FOCUS, ACTION_NEXT_HTML_ELEMENT, ACTION_PREVIOUS_HTML_ELEMENT]
[2026-06-23 14:26:59] [hamibot] [ LOG ]:[ LOG ] [tryClickNode]: tryClickNode: 开始尝试点击节点 com.stardust.automator.UiObject@186009; boundsInParent: Rect(142, -9 - 267, 116); boundsInScreen: Rect(372, 1244 - 700, 1572); packageName: com.taobao.idlefish; className: android.view.View; text: ; contentDescription: null; viewId: mapDiceBtn; checkable: false; checked: false; focusable: false; focused: false; selected: false; clickable: true; longClickable: false; enabled: true; password: false; scrollable: false; [ACTION_CLICK, ACTION_ACCESSIBILITY_FOCUS, ACTION_NEXT_HTML_ELEMENT, ACTION_PREVIOUS_HTML_ELEMENT]
[2026-06-23 14:26:59] [hamibot] [ LOG ]:[ LOG ] [tryClickNode]: tryClickNode: 节点clickable值: function clickable() {/*
boolean clickable()
*/}

[2026-06-23 14:26:59] [hamibot] [ LOG ]:[ LOG ] [tryClickNode]: tryClickNode: 节点clickable toString: function clickable() {/*
boolean clickable()
*/}

[2026-06-23 14:26:59] [hamibot] [ LOG ]:[ LOG ] [tryClickNode]: tryClickNode: 解析后的clickable值: true
[2026-06-23 14:26:59] [hamibot] [ LOG ]:[ LOG ] [tryClickNode]: tryClickNode: 节点本身可点击，执行直接点击
[2026-06-23 14:26:59] [hamibot] [ LOG ]:[ LOG ] [tryClickNode]: tryClickNode: 直接点击结果: true
[2026-06-23 14:27:22] [hamibot] [INFO]:[INFO] [findAllInTaskList]: [taskPopup] findAll「领取奖励」2个 1ms
[2026-06-23 14:27:31] [hamibot] [INFO]:[INFO] [findTaskTitleStrict]: [taskPopup] strict「浏览指定频道好物」miss 8ms
[2026-06-23 14:27:31] [hamibot] [INFO]:[INFO] [findTaskTitleStrict]: [taskPopup] strict「搜一搜喜欢的商品」miss 9ms
[2026-06-23 14:27:32] [hamibot] [INFO]:[INFO] [findTaskTitleStrict]: [taskPopup] strict「去浏览全新好物」miss 9ms
[2026-06-23 14:27:32] [hamibot] [INFO]:[INFO] [findTaskTitleStrict]: [taskPopup] strict「浏览推荐的国补商品」miss 11ms
[2026-06-23 14:27:32] [hamibot] [INFO]:[INFO] [findTaskTitleStrict]: [taskPopup] strict「去蚂蚁森林逛一逛」miss 9ms
[2026-06-23 14:27:33] [hamibot] [INFO]:[INFO] [findTaskTitleStrict]: [taskPopup] strict「去支付宝农场领水果」miss 8ms
[2026-06-23 14:27:33] [hamibot] [INFO]:[INFO] [findTaskTitleStrict]: [taskPopup] strict「去淘宝签到领红包」miss 8ms
[2026-06-23 14:27:33] [hamibot] [INFO]:[INFO] [findTaskTitleStrict]: [taskPopup] strict「去蚂蚁森林逛一逛」miss 8ms
[2026-06-23 14:27:33] [hamibot] [INFO]:[INFO] [findTaskTitleStrict]: [taskPopup] strict「去蚂蚁庄园逛一逛」miss 11ms
[2026-06-23 14:27:34] [hamibot] [INFO]:[INFO] [findTaskTitleStrict]: [taskPopup] strict「去支付宝领积分」miss 11ms
[2026-06-23 14:27:34] [hamibot] [INFO]:[INFO] [findTaskTitleStrict]: [taskPopup] strict「浏览鱼小铺工作台」miss 10ms
[2026-06-23 14:27:34] [hamibot] [INFO]:[INFO] [findTaskTitleStrict]: [taskPopup] strict「搜一搜推荐商品」miss 8ms
[2026-06-23 14:27:34] [hamibot] [INFO]:[INFO] [findTaskTitleStrict]: [taskPopup] strict「领至高20元外卖红包」miss 17ms
[2026-06-23 14:27:34] [hamibot] [INFO]:[INFO] [findTaskTitleStrict]: [taskPopup] strict「看视频奖励100币」contains 10ms
[2026-06-23 14:27:34] [hamibot] [INFO]:[INFO] [findTaskTitleStrict]: [taskPopup] strict「看视频奖励100币」contains 21ms
[2026-06-23 14:27:34] [hamibot] [INFO]:[INFO] [findTaskTitleStrict]: [taskPopup] strict「看视频奖励100币」contains 26ms
[2026-06-23 14:27:35] [hamibot] [INFO]:[INFO] [findAllInTaskList]: [taskPopup] findAll「去完成」23个 3ms
[2026-06-23 14:27:46] [hamibot] [INFO]:[INFO] [findTargetElementWithCache]: [sel#1] get100Coin/前往加速 串行启动 12 条策略
[2026-06-23 14:27:46] [hamibot] [INFO]:[INFO] [findTargetElementWithCache]: [sel#1] get100Coin/前往加速 串行全部✗ 串行851ms 总852ms
[2026-06-23 14:27:46] [hamibot] [INFO]:[INFO] [findTargetElementWithCache]: [sel#1] get100Coin/直接拿奖励 串行启动 12 条策略
[2026-06-23 14:27:47] [hamibot] [INFO]:[INFO] [findTargetElementWithCache]: [sel#1] get100Coin/直接拿奖励 串行全部✗ 串行909ms 总909ms
[2026-06-23 14:27:47] [hamibot] [INFO]:[INFO] [findTargetElementWithCache]: [sel#1] get100Coin/去加速 串行启动 12 条策略
[2026-06-23 14:27:48] [hamibot] [INFO]:[INFO] [findTargetElementWithCache]: [sel#1] get100Coin/去加速 串行全部✗ 串行777ms 总778ms
[2026-06-23 14:27:48] [hamibot] [INFO]:[INFO] [findTargetElementWithCache]: [sel#1] get100Coin/加速领奖 串行启动 12 条策略
[2026-06-23 14:27:49] [hamibot] [INFO]:[INFO] [findTargetElementWithCache]: [sel#1] get100Coin/加速领奖 串行全部✗ 串行807ms 总807ms
[2026-06-23 14:27:49] [hamibot] [INFO]:[INFO] [findTargetElementWithCache]: [sel#1] get100Coin/去看看 串行启动 12 条策略
[2026-06-23 14:27:50] [hamibot] [INFO]:[INFO] [findTargetElementWithCache]: [sel#1] get100Coin/去看看 串行全部✗ 串行795ms 总795ms
[2026-06-23 14:27:50] [hamibot] [INFO]:[INFO] [findTargetElementWithCache]: [sel#1] get100Coin/滑动浏览 串行启动 12 条策略
[2026-06-23 14:27:51] [hamibot] [INFO]:[INFO] [findTargetElementWithCache]: [sel#1] get100Coin/滑动浏览 串行全部✗ 串行825ms 总825ms
[2026-06-23 14:27:51] [hamibot] [INFO]:[INFO] [get100Coin]: 没有找到任何可用按钮
[2026-06-23 14:27:51] [hamibot] [INFO]:[INFO] [findTargetElementWithCache]: [sel#1] get100Coin/奖励已领取 串行启动 12 条策略
[2026-06-23 14:27:52] [hamibot] [INFO]:[INFO] [findTargetElementWithCache]: [sel#1] get100Coin/奖励已领取 串行全部✗ 串行867ms 总867ms
[2026-06-23 14:28:22] [hamibot] [INFO]:[INFO] [saveElementCache]: saveElementCache 服务端共 20 条 (本次新增/更新 20 条)
[2026-06-23 14:28:22] [hamibot] [INFO]:[INFO] [flushElementCache]: 已触发异步刷新元素查找缓存
[2026-06-23 14:28:22] [hamibot] [INFO]:[INFO] [closeApp]: openHamibot true
[2026-06-23 14:28:26] [hamibot] [INFO]:[INFO] [tryClickNode]: tryClickNode com.stardust.automator.UiObject@2a022; boundsInParent: Rect(0, 0 - 240, 240); boundsInScreen: Rect(420, 2057 - 660, 2297); packageName: com.miui.home; className: android.view.View; text: null; contentDescription: 本机共有12.0 G内存，当前5.0 G可用，双击清理全部任务; viewId: com.miui.home:id/clearAnimView; checkable: false; checked: false; focusable: true; focused: false; selected: false; clickable: true; longClickable: true; enabled: true; password: false; scrollable: false; [ACTION_FOCUS, ACTION_SELECT, ACTION_CLEAR_SELECTION, ACTION_CLICK, ACTION_LONG_CLICK, ACTION_ACCESSIBILITY_FOCUS, ACTION_NEXT_AT_MOVEMENT_GRANULARITY, ACTION_PREVIOUS_AT_MOVEMENT_GRANULARITY, ACTION_SET_SELECTION]
[2026-06-23 14:28:26] [hamibot] [ LOG ]:[ LOG ] [tryClickNode]: tryClickNode: 开始尝试点击节点 com.stardust.automator.UiObject@2a022; boundsInParent: Rect(0, 0 - 240, 240); boundsInScreen: Rect(420, 2057 - 660, 2297); packageName: com.miui.home; className: android.view.View; text: null; contentDescription: 本机共有12.0 G内存，当前5.0 G可用，双击清理全部任务; viewId: com.miui.home:id/clearAnimView; checkable: false; checked: false; focusable: true; focused: false; selected: false; clickable: true; longClickable: true; enabled: true; password: false; scrollable: false; [ACTION_FOCUS, ACTION_SELECT, ACTION_CLEAR_SELECTION, ACTION_CLICK, ACTION_LONG_CLICK, ACTION_ACCESSIBILITY_FOCUS, ACTION_NEXT_AT_MOVEMENT_GRANULARITY, ACTION_PREVIOUS_AT_MOVEMENT_GRANULARITY, ACTION_SET_SELECTION]
[2026-06-23 14:28:26] [hamibot] [ LOG ]:[ LOG ] [tryClickNode]: tryClickNode: 节点clickable值: function clickable() {/*
boolean clickable()
*/}

[2026-06-23 14:28:26] [hamibot] [ LOG ]:[ LOG ] [tryClickNode]: tryClickNode: 节点clickable toString: function clickable() {/*
boolean clickable()
*/}

[2026-06-23 14:28:26] [hamibot] [ LOG ]:[ LOG ] [tryClickNode]: tryClickNode: 解析后的clickable值: true
[2026-06-23 14:28:26] [hamibot] [ LOG ]:[ LOG ] [tryClickNode]: tryClickNode: 节点本身可点击，执行直接点击
[2026-06-23 14:28:26] [hamibot] [ LOG ]:[ LOG ] [tryClickNode]: tryClickNode: 直接点击结果: true
[2026-06-23 14:28:27] [hamibot] [INFO]:[INFO] [closeApp]: 已通过最近任务页‘关闭全部’关闭应用
[2026-06-23 14:29:07] [hamibot] [ERROR]:[ERROR] [haltGoldFlow]: 【金币任务停止】mainPopupTask: 任务弹框不可见（taskWrap/taskListWrap 均缺失）
[2026-06-23 14:29:07] [hamibot] [INFO]:[INFO] [requestTaskStop]: taskControl: 收到停止请求 (mainPopupTask: 任务弹框不可见（taskWrap/taskListWrap 均缺失）)
[2026-06-23 14:29:18] [hamibot] [INFO]:[INFO] [Outer]: [AI分析] context=haltGoldFlow: mainPopupTask: 任务弹框不可见（taskWrap/taskListWrap 均缺失） | 页面识别: unknown | 原因分析: 决策服务异常: [WinError 10038] 在一个非套接字上尝试了一个操作。 | 建议操作: abort
[2026-06-23 14:29:22] [hamibot] [INFO]:[INFO] [fetchPendingTasks]: fetchPendingTasks raw[30]: {"code":0,"data":[],"total":0}
[2026-06-23 14:29:37] [hamibot] [INFO]:[INFO] [fetchPendingTasks]: fetchPendingTasks raw[30]: {"code":0,"data":[],"total":0}
[2026-06-23 14:29:52] [hamibot] [INFO]:[INFO] [fetchPendingTasks]: fetchPendingTasks raw[30]: {"code":0,"data":[],"total":0}
[2026-06-23 14:30:07] [hamibot] [INFO]:[INFO] [fetchPendingTasks]: fetchPendingTasks raw[30]: {"code":0,"data":[],"total":0}
[2026-06-23 14:30:22] [hamibot] [INFO]:[INFO] [fetchPendingTasks]: fetchPendingTasks raw[30]: {"code":0,"data":[],"total":0}
[2026-06-23 14:30:37] [hamibot] [INFO]:[INFO] [fetchPendingTasks]: fetchPendingTasks raw[30]: {"code":0,"data":[],"total":0}
[2026-06-23 14:30:52] [hamibot] [INFO]:[INFO] [fetchPendingTasks]: fetchPendingTasks raw[30]: {"code":0,"data":[],"total":0}
[2026-06-23 14:31:07] [hamibot] [INFO]:[INFO] [fetchPendingTasks]: fetchPendingTasks raw[30]: {"code":0,"data":[],"total":0}
[2026-06-23 14:31:23] [hamibot] [INFO]:[INFO] [fetchPendingTasks]: fetchPendingTasks raw[30]: {"code":0,"data":[],"total":0}
[2026-06-23 14:31:38] [hamibot] [INFO]:[INFO] [fetchPendingTasks]: fetchPendingTasks raw[30]: {"code":0,"data":[],"total":0}
[2026-06-23 14:31:53] [hamibot] [INFO]:[INFO] [fetchPendingTasks]: fetchPendingTasks raw[30]: {"code":0,"data":[],"total":0}
[2026-06-23 14:32:08] [hamibot] [INFO]:[INFO] [fetchPendingTasks]: fetchPendingTasks raw[30]: {"code":0,"data":[],"total":0}
[2026-06-23 14:32:23] [hamibot] [INFO]:[INFO] [fetchPendingTasks]: fetchPendingTasks raw[30]: {"code":0,"data":[],"total":0}
[2026-06-23 14:32:38] [hamibot] [INFO]:[INFO] [fetchPendingTasks]: fetchPendingTasks raw[30]: {"code":0,"data":[],"total":0}
[2026-06-23 14:32:53] [hamibot] [INFO]:[INFO] [fetchPendingTasks]: fetchPendingTasks raw[30]: {"code":0,"data":[],"total":0}
[2026-06-23 14:33:08] [hamibot] [INFO]:[INFO] [fetchPendingTasks]: fetchPendingTasks raw[30]: {"code":0,"data":[],"total":0}
[2026-06-23 14:33:23] [hamibot] [INFO]:[INFO] [fetchPendingTasks]: fetchPendingTasks raw[30]: {"code":0,"data":[],"total":0}
[2026-06-23 14:33:38] [hamibot] [INFO]:[INFO] [fetchPendingTasks]: fetchPendingTasks raw[30]: {"code":0,"data":[],"total":0}
[2026-06-23 14:33:53] [hamibot] [INFO]:[INFO] [fetchPendingTasks]: fetchPendingTasks raw[30]: {"code":0,"data":[],"total":0}
[2026-06-23 14:34:08] [hamibot] [INFO]:[INFO] [fetchPendingTasks]: fetchPendingTasks raw[30]: {"code":0,"data":[],"total":0}
[2026-06-23 14:34:24] [hamibot] [INFO]:[INFO] [fetchPendingTasks]: fetchPendingTasks raw[30]: {"code":0,"data":[],"total":0}
[2026-06-23 14:34:39] [hamibot] [INFO]:[INFO] [fetchPendingTasks]: fetchPendingTasks raw[30]: {"code":0,"data":[],"total":0}
[2026-06-23 14:34:54] [hamibot] [INFO]:[INFO] [fetchPendingTasks]: fetchPendingTasks raw[288]: {"code":0,"data":[{"id":"bc4ade58-c6d9-4471-9916-ec8da0ed7ffc","type":"goldCoin","status":"pending",
[2026-06-23 14:35:21] [hamibot] [INFO]:[INFO] [fetchPendingTasks]: fetchPendingTasks raw[30]: {"code":0,"data":[],"total":0}
[2026-06-23 14:35:36] [hamibot] [INFO]:[INFO] [fetchPendingTasks]: fetchPendingTasks raw[30]: {"code":0,"data":[],"total":0}
[2026-06-23 14:35:51] [hamibot] [INFO]:[INFO] [fetchPendingTasks]: fetchPendingTasks raw[30]: {"code":0,"data":[],"total":0}
[2026-06-23 14:36:06] [hamibot] [INFO]:[INFO] [fetchPendingTasks]: fetchPendingTasks raw[30]: {"code":0,"data":[],"total":0}
[2026-06-23 14:36:21] [hamibot] [INFO]:[INFO] [fetchPendingTasks]: fetchPendingTasks raw[30]: {"code":0,"data":[],"total":0}
[2026-06-23 14:36:36] [hamibot] [INFO]:[INFO] [fetchPendingTasks]: fetchPendingTasks raw[30]: {"code":0,"data":[],"total":0}
[2026-06-23 14:36:51] [hamibot] [INFO]:[INFO] [fetchPendingTasks]: fetchPendingTasks raw[30]: {"code":0,"data":[],"total":0}
[2026-06-23 14:37:06] [hamibot] [INFO]:[INFO] [fetchPendingTasks]: fetchPendingTasks raw[30]: {"code":0,"data":[],"total":0}
[2026-06-23 14:37:21] [hamibot] [INFO]:[INFO] [fetchPendingTasks]: fetchPendingTasks raw[30]: {"code":0,"data":[],"total":0}
[2026-06-23 14:37:36] [hamibot] [INFO]:[INFO] [fetchPendingTasks]: fetchPendingTasks raw[30]: {"code":0,"data":[],"total":0}
[2026-06-23 14:37:51] [hamibot] [INFO]:[INFO] [fetchPendingTasks]: fetchPendingTasks raw[30]: {"code":0,"data":[],"total":0}
[2026-06-23 14:38:06] [hamibot] [INFO]:[INFO] [fetchPendingTasks]: fetchPendingTasks raw[30]: {"code":0,"data":[],"total":0}
[2026-06-23 14:38:21] [hamibot] [INFO]:[INFO] [fetchPendingTasks]: fetchPendingTasks raw[30]: {"code":0,"data":[],"total":0}
[2026-06-23 14:38:37] [hamibot] [INFO]:[INFO] [fetchPendingTasks]: fetchPendingTasks raw[30]: {"code":0,"data":[],"total":0}
[2026-06-23 14:38:52] [hamibot] [INFO]:[INFO] [fetchPendingTasks]: fetchPendingTasks raw[30]: {"code":0,"data":[],"total":0}
[2026-06-23 14:39:07] [hamibot] [INFO]:[INFO] [fetchPendingTasks]: fetchPendingTasks raw[30]: {"code":0,"data":[],"total":0}
[2026-06-23 14:39:22] [hamibot] [INFO]:[INFO] [fetchPendingTasks]: fetchPendingTasks raw[30]: {"code":0,"data":[],"total":0}
[2026-06-23 14:39:37] [hamibot] [INFO]:[INFO] [fetchPendingTasks]: fetchPendingTasks raw[30]: {"code":0,"data":[],"total":0}
[2026-06-23 14:39:52] [hamibot] [INFO]:[INFO] [fetchPendingTasks]: fetchPendingTasks raw[30]: {"code":0,"data":[],"total":0}
[2026-06-23 14:40:07] [hamibot] [INFO]:[INFO] [fetchPendingTasks]: fetchPendingTasks raw[30]: {"code":0,"data":[],"total":0}
[2026-06-23 14:40:22] [hamibot] [INFO]:[INFO] [fetchPendingTasks]: fetchPendingTasks raw[30]: {"code":0,"data":[],"total":0}
[2026-06-23 14:40:37] [hamibot] [INFO]:[INFO] [fetchPendingTasks]: fetchPendingTasks raw[30]: {"code":0,"data":[],"total":0}
[2026-06-23 14:40:52] [hamibot] [INFO]:[INFO] [fetchPendingTasks]: fetchPendingTasks raw[30]: {"code":0,"data":[],"total":0}
[2026-06-23 14:41:07] [hamibot] [INFO]:[INFO] [fetchPendingTasks]: fetchPendingTasks raw[30]: {"code":0,"data":[],"total":0}
[2026-06-23 14:41:22] [hamibot] [INFO]:[INFO] [fetchPendingTasks]: fetchPendingTasks raw[30]: {"code":0,"data":[],"total":0}
[2026-06-23 14:41:37] [hamibot] [INFO]:[INFO] [fetchPendingTasks]: fetchPendingTasks raw[30]: {"code":0,"data":[],"total":0}
[2026-06-23 14:41:52] [hamibot] [INFO]:[INFO] [fetchPendingTasks]: fetchPendingTasks raw[30]: {"code":0,"data":[],"total":0}
[2026-06-23 14:42:08] [hamibot] [INFO]:[INFO] [fetchPendingTasks]: fetchPendingTasks raw[30]: {"code":0,"data":[],"total":0}
[2026-06-23 14:42:23] [hamibot] [INFO]:[INFO] [fetchPendingTasks]: fetchPendingTasks raw[30]: {"code":0,"data":[],"total":0}
[2026-06-23 14:42:38] [hamibot] [INFO]:[INFO] [fetchPendingTasks]: fetchPendingTasks raw[30]: {"code":0,"data":[],"total":0}
[2026-06-23 14:42:53] [hamibot] [INFO]:[INFO] [fetchPendingTasks]: fetchPendingTasks raw[30]: {"code":0,"data":[],"total":0}
[2026-06-23 14:43:08] [hamibot] [INFO]:[INFO] [fetchPendingTasks]: fetchPendingTasks raw[30]: {"code":0,"data":[],"total":0}
[2026-06-23 14:43:23] [hamibot] [INFO]:[INFO] [fetchPendingTasks]: fetchPendingTasks raw[30]: {"code":0,"data":[],"total":0}
[2026-06-23 14:43:38] [hamibot] [INFO]:[INFO] [fetchPendingTasks]: fetchPendingTasks raw[30]: {"code":0,"data":[],"total":0}
[2026-06-23 14:43:53] [hamibot] [INFO]:[INFO] [fetchPendingTasks]: fetchPendingTasks raw[30]: {"code":0,"data":[],"total":0}
[2026-06-23 14:44:08] [hamibot] [INFO]:[INFO] [fetchPendingTasks]: fetchPendingTasks raw[30]: {"code":0,"data":[],"total":0}
[2026-06-23 14:44:24] [hamibot] [INFO]:[INFO] [fetchPendingTasks]: fetchPendingTasks raw[30]: {"code":0,"data":[],"total":0}
[2026-06-23 14:44:39] [hamibot] [INFO]:[INFO] [fetchPendingTasks]: fetchPendingTasks raw[30]: {"code":0,"data":[],"total":0}
[2026-06-23 14:44:54] [hamibot] [INFO]:[INFO] [fetchPendingTasks]: fetchPendingTasks raw[30]: {"code":0,"data":[],"total":0}
[2026-06-23 14:45:09] [hamibot] [INFO]:[INFO] [fetchPendingTasks]: fetchPendingTasks raw[30]: {"code":0,"data":[],"total":0}
[2026-06-23 14:45:24] [hamibot] [INFO]:[INFO] [fetchPendingTasks]: fetchPendingTasks raw[30]: {"code":0,"data":[],"total":0}
[2026-06-23 14:45:39] [hamibot] [INFO]:[INFO] [fetchPendingTasks]: fetchPendingTasks raw[30]: {"code":0,"data":[],"total":0}
[2026-06-23 14:45:54] [hamibot] [INFO]:[INFO] [fetchPendingTasks]: fetchPendingTasks raw[30]: {"code":0,"data":[],"total":0}
[2026-06-23 14:46:09] [hamibot] [INFO]:[INFO] [fetchPendingTasks]: fetchPendingTasks raw[30]: {"code":0,"data":[],"total":0}
[2026-06-23 14:46:24] [hamibot] [INFO]:[INFO] [fetchPendingTasks]: fetchPendingTasks raw[30]: {"code":0,"data":[],"total":0}
[2026-06-23 14:46:40] [hamibot] [INFO]:[INFO] [fetchPendingTasks]: fetchPendingTasks raw[30]: {"code":0,"data":[],"total":0}
[2026-06-23 14:46:55] [hamibot] [INFO]:[INFO] [fetchPendingTasks]: fetchPendingTasks raw[30]: {"code":0,"data":[],"total":0}
[2026-06-23 14:47:10] [hamibot] [INFO]:[INFO] [fetchPendingTasks]: fetchPendingTasks raw[30]: {"code":0,"data":[],"total":0}
[2026-06-23 14:47:25] [hamibot] [INFO]:[INFO] [fetchPendingTasks]: fetchPendingTasks raw[30]: {"code":0,"data":[],"total":0}
[2026-06-23 14:47:41] [hamibot] [INFO]:[INFO] [fetchPendingTasks]: fetchPendingTasks raw[30]: {"code":0,"data":[],"total":0}
[2026-06-23 14:47:56] [hamibot] [INFO]:[INFO] [fetchPendingTasks]: fetchPendingTasks raw[30]: {"code":0,"data":[],"total":0}
[2026-06-23 14:48:11] [hamibot] [INFO]:[INFO] [fetchPendingTasks]: fetchPendingTasks raw[30]: {"code":0,"data":[],"total":0}
[2026-06-23 14:48:26] [hamibot] [INFO]:[INFO] [fetchPendingTasks]: fetchPendingTasks raw[30]: {"code":0,"data":[],"total":0}
[2026-06-23 14:48:41] [hamibot] [INFO]:[INFO] [fetchPendingTasks]: fetchPendingTasks raw[30]: {"code":0,"data":[],"total":0}
[2026-06-23 14:48:56] [hamibot] [INFO]:[INFO] [fetchPendingTasks]: fetchPendingTasks raw[30]: {"code":0,"data":[],"total":0}
[2026-06-23 14:49:11] [hamibot] [INFO]:[INFO] [fetchPendingTasks]: fetchPendingTasks raw[30]: {"code":0,"data":[],"total":0}
[2026-06-23 14:49:26] [hamibot] [INFO]:[INFO] [fetchPendingTasks]: fetchPendingTasks raw[30]: {"code":0,"data":[],"total":0}
[2026-06-23 14:49:41] [hamibot] [INFO]:[INFO] [fetchPendingTasks]: fetchPendingTasks raw[30]: {"code":0,"data":[],"total":0}
[2026-06-23 14:49:57] [hamibot] [INFO]:[INFO] [fetchPendingTasks]: fetchPendingTasks raw[30]: {"code":0,"data":[],"total":0}
[2026-06-23 14:50:12] [hamibot] [INFO]:[INFO] [fetchPendingTasks]: fetchPendingTasks raw[30]: {"code":0,"data":[],"total":0}
[2026-06-23 14:50:27] [hamibot] [INFO]:[INFO] [fetchPendingTasks]: fetchPendingTasks raw[30]: {"code":0,"data":[],"total":0}
[2026-06-23 14:50:42] [hamibot] [INFO]:[INFO] [fetchPendingTasks]: fetchPendingTasks raw[30]: {"code":0,"data":[],"total":0}
[2026-06-23 14:50:57] [hamibot] [INFO]:[INFO] [fetchPendingTasks]: fetchPendingTasks raw[30]: {"code":0,"data":[],"total":0}
[2026-06-23 14:51:12] [hamibot] [INFO]:[INFO] [fetchPendingTasks]: fetchPendingTasks raw[30]: {"code":0,"data":[],"total":0}
[2026-06-23 14:51:27] [hamibot] [INFO]:[INFO] [fetchPendingTasks]: fetchPendingTasks raw[30]: {"code":0,"data":[],"total":0}
[2026-06-23 14:51:43] [hamibot] [INFO]:[INFO] [fetchPendingTasks]: fetchPendingTasks raw[30]: {"code":0,"data":[],"total":0}
[2026-06-23 14:51:58] [hamibot] [INFO]:[INFO] [fetchPendingTasks]: fetchPendingTasks raw[30]: {"code":0,"data":[],"total":0}
[2026-06-23 14:52:13] [hamibot] [INFO]:[INFO] [fetchPendingTasks]: fetchPendingTasks raw[30]: {"code":0,"data":[],"total":0}
[2026-06-23 14:52:28] [hamibot] [INFO]:[INFO] [fetchPendingTasks]: fetchPendingTasks raw[30]: {"code":0,"data":[],"total":0}
[2026-06-23 14:52:44] [hamibot] [INFO]:[INFO] [fetchPendingTasks]: fetchPendingTasks raw[30]: {"code":0,"data":[],"total":0}
[2026-06-23 14:52:59] [hamibot] [INFO]:[INFO] [fetchPendingTasks]: fetchPendingTasks raw[30]: {"code":0,"data":[],"total":0}
[2026-06-23 14:53:14] [hamibot] [INFO]:[INFO] [fetchPendingTasks]: fetchPendingTasks raw[30]: {"code":0,"data":[],"total":0}
[2026-06-23 14:53:29] [hamibot] [INFO]:[INFO] [fetchPendingTasks]: fetchPendingTasks raw[30]: {"code":0,"data":[],"total":0}
[2026-06-23 14:53:44] [hamibot] [INFO]:[INFO] [fetchPendingTasks]: fetchPendingTasks raw[30]: {"code":0,"data":[],"total":0}
[2026-06-23 14:53:59] [hamibot] [INFO]:[INFO] [fetchPendingTasks]: fetchPendingTasks raw[30]: {"code":0,"data":[],"total":0}
[2026-06-23 14:54:15] [hamibot] [INFO]:[INFO] [fetchPendingTasks]: fetchPendingTasks raw[30]: {"code":0,"data":[],"total":0}
[2026-06-23 14:54:30] [hamibot] [INFO]:[INFO] [fetchPendingTasks]: fetchPendingTasks raw[30]: {"code":0,"data":[],"total":0}
[2026-06-23 14:54:45] [hamibot] [INFO]:[INFO] [fetchPendingTasks]: fetchPendingTasks raw[30]: {"code":0,"data":[],"total":0}
[2026-06-23 14:55:00] [hamibot] [INFO]:[INFO] [fetchPendingTasks]: fetchPendingTasks raw[30]: {"code":0,"data":[],"total":0}
[2026-06-23 14:55:15] [hamibot] [INFO]:[INFO] [fetchPendingTasks]: fetchPendingTasks raw[30]: {"code":0,"data":[],"total":0}
[2026-06-23 14:55:30] [hamibot] [INFO]:[INFO] [fetchPendingTasks]: fetchPendingTasks raw[30]: {"code":0,"data":[],"total":0}
[2026-06-23 14:55:46] [hamibot] [INFO]:[INFO] [fetchPendingTasks]: fetchPendingTasks raw[30]: {"code":0,"data":[],"total":0}
[2026-06-23 14:56:01] [hamibot] [INFO]:[INFO] [fetchPendingTasks]: fetchPendingTasks raw[30]: {"code":0,"data":[],"total":0}
[2026-06-23 14:56:16] [hamibot] [INFO]:[INFO] [fetchPendingTasks]: fetchPendingTasks raw[30]: {"code":0,"data":[],"total":0}
[2026-06-23 14:56:31] [hamibot] [INFO]:[INFO] [fetchPendingTasks]: fetchPendingTasks raw[30]: {"code":0,"data":[],"total":0}
[2026-06-23 14:56:47] [hamibot] [INFO]:[INFO] [fetchPendingTasks]: fetchPendingTasks raw[30]: {"code":0,"data":[],"total":0}
[2026-06-23 14:57:02] [hamibot] [INFO]:[INFO] [fetchPendingTasks]: fetchPendingTasks raw[30]: {"code":0,"data":[],"total":0}
[2026-06-23 14:57:17] [hamibot] [INFO]:[INFO] [fetchPendingTasks]: fetchPendingTasks raw[30]: {"code":0,"data":[],"total":0}
[2026-06-23 14:57:32] [hamibot] [INFO]:[INFO] [fetchPendingTasks]: fetchPendingTasks raw[30]: {"code":0,"data":[],"total":0}
[2026-06-23 14:57:47] [hamibot] [INFO]:[INFO] [fetchPendingTasks]: fetchPendingTasks raw[30]: {"code":0,"data":[],"total":0}
[2026-06-23 14:58:03] [hamibot] [INFO]:[INFO] [fetchPendingTasks]: fetchPendingTasks raw[30]: {"code":0,"data":[],"total":0}
[2026-06-23 14:58:18] [hamibot] [INFO]:[INFO] [fetchPendingTasks]: fetchPendingTasks raw[30]: {"code":0,"data":[],"total":0}
[2026-06-23 14:58:34] [hamibot] [INFO]:[INFO] [fetchPendingTasks]: fetchPendingTasks raw[30]: {"code":0,"data":[],"total":0}
[2026-06-23 14:58:49] [hamibot] [INFO]:[INFO] [fetchPendingTasks]: fetchPendingTasks raw[30]: {"code":0,"data":[],"total":0}
[2026-06-23 14:59:05] [hamibot] [INFO]:[INFO] [fetchPendingTasks]: fetchPendingTasks raw[30]: {"code":0,"data":[],"total":0}
[2026-06-23 14:59:20] [hamibot] [INFO]:[INFO] [fetchPendingTasks]: fetchPendingTasks raw[30]: {"code":0,"data":[],"total":0}
[2026-06-23 14:59:35] [hamibot] [INFO]:[INFO] [fetchPendingTasks]: fetchPendingTasks raw[30]: {"code":0,"data":[],"total":0}
[2026-06-23 14:59:51] [hamibot] [INFO]:[INFO] [fetchPendingTasks]: fetchPendingTasks raw[30]: {"code":0,"data":[],"total":0}
[2026-06-23 15:00:08] [hamibot] [INFO]:[INFO] [fetchPendingTasks]: fetchPendingTasks raw[30]: {"code":0,"data":[],"total":0}
[2026-06-23 15:00:23] [hamibot] [INFO]:[INFO] [fetchPendingTasks]: fetchPendingTasks raw[30]: {"code":0,"data":[],"total":0}
[2026-06-23 15:00:38] [hamibot] [INFO]:[INFO] [fetchPendingTasks]: fetchPendingTasks raw[30]: {"code":0,"data":[],"total":0}
[2026-06-23 15:00:53] [hamibot] [INFO]:[INFO] [fetchPendingTasks]: fetchPendingTasks raw[30]: {"code":0,"data":[],"total":0}
[2026-06-23 15:01:09] [hamibot] [INFO]:[INFO] [fetchPendingTasks]: fetchPendingTasks raw[30]: {"code":0,"data":[],"total":0}
[2026-06-23 15:01:24] [hamibot] [INFO]:[INFO] [fetchPendingTasks]: fetchPendingTasks raw[30]: {"code":0,"data":[],"total":0}
[2026-06-23 15:01:40] [hamibot] [INFO]:[INFO] [fetchPendingTasks]: fetchPendingTasks raw[30]: {"code":0,"data":[],"total":0}
[2026-06-23 15:01:55] [hamibot] [INFO]:[INFO] [fetchPendingTasks]: fetchPendingTasks raw[30]: {"code":0,"data":[],"total":0}
[2026-06-23 15:02:11] [hamibot] [INFO]:[INFO] [fetchPendingTasks]: fetchPendingTasks raw[30]: {"code":0,"data":[],"total":0}
[2026-06-23 15:02:27] [hamibot] [INFO]:[INFO] [fetchPendingTasks]: fetchPendingTasks raw[30]: {"code":0,"data":[],"total":0}
[2026-06-23 15:02:43] [hamibot] [INFO]:[INFO] [fetchPendingTasks]: fetchPendingTasks raw[30]: {"code":0,"data":[],"total":0}
[2026-06-23 15:02:58] [hamibot] [INFO]:[INFO] [fetchPendingTasks]: fetchPendingTasks raw[30]: {"code":0,"data":[],"total":0}
[2026-06-23 15:03:13] [hamibot] [INFO]:[INFO] [fetchPendingTasks]: fetchPendingTasks raw[30]: {"code":0,"data":[],"total":0}
[2026-06-23 15:03:28] [hamibot] [INFO]:[INFO] [fetchPendingTasks]: fetchPendingTasks raw[30]: {"code":0,"data":[],"total":0}
[2026-06-23 15:03:44] [hamibot] [INFO]:[INFO] [fetchPendingTasks]: fetchPendingTasks raw[30]: {"code":0,"data":[],"total":0}
[2026-06-23 15:03:59] [hamibot] [INFO]:[INFO] [fetchPendingTasks]: fetchPendingTasks raw[30]: {"code":0,"data":[],"total":0}
[2026-06-23 15:04:15] [hamibot] [INFO]:[INFO] [fetchPendingTasks]: fetchPendingTasks raw[30]: {"code":0,"data":[],"total":0}
[2026-06-23 15:04:31] [hamibot] [INFO]:[INFO] [fetchPendingTasks]: fetchPendingTasks raw[30]: {"code":0,"data":[],"total":0}
[2026-06-23 15:04:46] [hamibot] [INFO]:[INFO] [fetchPendingTasks]: fetchPendingTasks raw[30]: {"code":0,"data":[],"total":0}
[2026-06-23 15:05:01] [hamibot] [INFO]:[INFO] [fetchPendingTasks]: fetchPendingTasks raw[30]: {"code":0,"data":[],"total":0}
[2026-06-23 15:05:16] [hamibot] [INFO]:[INFO] [fetchPendingTasks]: fetchPendingTasks raw[30]: {"code":0,"data":[],"total":0}
[2026-06-23 15:05:31] [hamibot] [INFO]:[INFO] [fetchPendingTasks]: fetchPendingTasks raw[30]: {"code":0,"data":[],"total":0}
[2026-06-23 15:05:46] [hamibot] [INFO]:[INFO] [fetchPendingTasks]: fetchPendingTasks raw[30]: {"code":0,"data":[],"total":0}
[2026-06-23 15:06:01] [hamibot] [INFO]:[INFO] [fetchPendingTasks]: fetchPendingTasks raw[30]: {"code":0,"data":[],"total":0}
[2026-06-23 15:06:17] [hamibot] [INFO]:[INFO] [fetchPendingTasks]: fetchPendingTasks raw[30]: {"code":0,"data":[],"total":0}
[2026-06-23 15:06:32] [hamibot] [INFO]:[INFO] [fetchPendingTasks]: fetchPendingTasks raw[30]: {"code":0,"data":[],"total":0}
[2026-06-23 15:06:47] [hamibot] [INFO]:[INFO] [fetchPendingTasks]: fetchPendingTasks raw[30]: {"code":0,"data":[],"total":0}
[2026-06-23 15:07:02] [hamibot] [INFO]:[INFO] [fetchPendingTasks]: fetchPendingTasks raw[30]: {"code":0,"data":[],"total":0}
[2026-06-23 15:07:17] [hamibot] [INFO]:[INFO] [fetchPendingTasks]: fetchPendingTasks raw[30]: {"code":0,"data":[],"total":0}
[2026-06-23 15:07:32] [hamibot] [INFO]:[INFO] [fetchPendingTasks]: fetchPendingTasks raw[30]: {"code":0,"data":[],"total":0}
[2026-06-23 15:07:47] [hamibot] [INFO]:[INFO] [fetchPendingTasks]: fetchPendingTasks raw[30]: {"code":0,"data":[],"total":0}
[2026-06-23 15:08:02] [hamibot] [INFO]:[INFO] [fetchPendingTasks]: fetchPendingTasks raw[30]: {"code":0,"data":[],"total":0}
[2026-06-23 15:08:17] [hamibot] [INFO]:[INFO] [fetchPendingTasks]: fetchPendingTasks raw[30]: {"code":0,"data":[],"total":0}
[2026-06-23 15:08:32] [hamibot] [INFO]:[INFO] [fetchPendingTasks]: fetchPendingTasks raw[30]: {"code":0,"data":[],"total":0}
[2026-06-23 15:08:47] [hamibot] [INFO]:[INFO] [fetchPendingTasks]: fetchPendingTasks raw[30]: {"code":0,"data":[],"total":0}
[2026-06-23 15:09:03] [hamibot] [INFO]:[INFO] [fetchPendingTasks]: fetchPendingTasks raw[30]: {"code":0,"data":[],"total":0}
[2026-06-23 15:09:18] [hamibot] [INFO]:[INFO] [fetchPendingTasks]: fetchPendingTasks raw[30]: {"code":0,"data":[],"total":0}
[2026-06-23 15:09:33] [hamibot] [INFO]:[INFO] [fetchPendingTasks]: fetchPendingTasks raw[30]: {"code":0,"data":[],"total":0}
[2026-06-23 15:09:48] [hamibot] [INFO]:[INFO] [fetchPendingTasks]: fetchPendingTasks raw[30]: {"code":0,"data":[],"total":0}
[2026-06-23 15:10:03] [hamibot] [INFO]:[INFO] [fetchPendingTasks]: fetchPendingTasks raw[30]: {"code":0,"data":[],"total":0}
[2026-06-23 15:10:18] [hamibot] [INFO]:[INFO] [fetchPendingTasks]: fetchPendingTasks raw[30]: {"code":0,"data":[],"total":0}
[2026-06-23 15:10:33] [hamibot] [INFO]:[INFO] [fetchPendingTasks]: fetchPendingTasks raw[30]: {"code":0,"data":[],"total":0}
[2026-06-23 15:10:48] [hamibot] [INFO]:[INFO] [fetchPendingTasks]: fetchPendingTasks raw[30]: {"code":0,"data":[],"total":0}
[2026-06-23 15:11:03] [hamibot] [INFO]:[INFO] [fetchPendingTasks]: fetchPendingTasks raw[30]: {"code":0,"data":[],"total":0}
[2026-06-23 15:11:18] [hamibot] [INFO]:[INFO] [fetchPendingTasks]: fetchPendingTasks raw[30]: {"code":0,"data":[],"total":0}
[2026-06-23 15:11:33] [hamibot] [INFO]:[INFO] [fetchPendingTasks]: fetchPendingTasks raw[30]: {"code":0,"data":[],"total":0}
[2026-06-23 15:11:49] [hamibot] [INFO]:[INFO] [fetchPendingTasks]: fetchPendingTasks raw[30]: {"code":0,"data":[],"total":0}
[2026-06-23 15:12:04] [hamibot] [INFO]:[INFO] [fetchPendingTasks]: fetchPendingTasks raw[30]: {"code":0,"data":[],"total":0}
[2026-06-23 15:12:19] [hamibot] [INFO]:[INFO] [fetchPendingTasks]: fetchPendingTasks raw[30]: {"code":0,"data":[],"total":0}
[2026-06-23 15:12:34] [hamibot] [INFO]:[INFO] [fetchPendingTasks]: fetchPendingTasks raw[30]: {"code":0,"data":[],"total":0}
[2026-06-23 15:12:49] [hamibot] [INFO]:[INFO] [fetchPendingTasks]: fetchPendingTasks raw[30]: {"code":0,"data":[],"total":0}
[2026-06-23 15:13:05] [hamibot] [INFO]:[INFO] [fetchPendingTasks]: fetchPendingTasks raw[30]: {"code":0,"data":[],"total":0}
[2026-06-23 15:13:20] [hamibot] [INFO]:[INFO] [fetchPendingTasks]: fetchPendingTasks raw[30]: {"code":0,"data":[],"total":0}
[2026-06-23 15:13:35] [hamibot] [INFO]:[INFO] [fetchPendingTasks]: fetchPendingTasks raw[30]: {"code":0,"data":[],"total":0}
[2026-06-23 15:13:50] [hamibot] [INFO]:[INFO] [fetchPendingTasks]: fetchPendingTasks raw[30]: {"code":0,"data":[],"total":0}
[2026-06-23 15:14:05] [hamibot] [INFO]:[INFO] [fetchPendingTasks]: fetchPendingTasks raw[30]: {"code":0,"data":[],"total":0}
[2026-06-23 15:14:20] [hamibot] [INFO]:[INFO] [fetchPendingTasks]: fetchPendingTasks raw[30]: {"code":0,"data":[],"total":0}
[2026-06-23 15:14:35] [hamibot] [INFO]:[INFO] [fetchPendingTasks]: fetchPendingTasks raw[30]: {"code":0,"data":[],"total":0}
[2026-06-23 15:14:50] [hamibot] [INFO]:[INFO] [fetchPendingTasks]: fetchPendingTasks raw[30]: {"code":0,"data":[],"total":0}
[2026-06-23 15:15:05] [hamibot] [INFO]:[INFO] [fetchPendingTasks]: fetchPendingTasks raw[30]: {"code":0,"data":[],"total":0}
[2026-06-23 15:15:20] [hamibot] [INFO]:[INFO] [fetchPendingTasks]: fetchPendingTasks raw[30]: {"code":0,"data":[],"total":0}
[2026-06-23 15:15:36] [hamibot] [INFO]:[INFO] [fetchPendingTasks]: fetchPendingTasks raw[30]: {"code":0,"data":[],"total":0}
[2026-06-23 15:15:51] [hamibot] [INFO]:[INFO] [fetchPendingTasks]: fetchPendingTasks raw[30]: {"code":0,"data":[],"total":0}
[2026-06-23 15:16:06] [hamibot] [INFO]:[INFO] [fetchPendingTasks]: fetchPendingTasks raw[30]: {"code":0,"data":[],"total":0}
[2026-06-23 15:16:21] [hamibot] [INFO]:[INFO] [fetchPendingTasks]: fetchPendingTasks raw[30]: {"code":0,"data":[],"total":0}
[2026-06-23 15:16:36] [hamibot] [INFO]:[INFO] [fetchPendingTasks]: fetchPendingTasks raw[30]: {"code":0,"data":[],"total":0}
[2026-06-23 15:16:51] [hamibot] [INFO]:[INFO] [fetchPendingTasks]: fetchPendingTasks raw[30]: {"code":0,"data":[],"total":0}
[2026-06-23 15:17:07] [hamibot] [INFO]:[INFO] [fetchPendingTasks]: fetchPendingTasks raw[30]: {"code":0,"data":[],"total":0}
[2026-06-23 15:17:22] [hamibot] [INFO]:[INFO] [fetchPendingTasks]: fetchPendingTasks raw[30]: {"code":0,"data":[],"total":0}
[2026-06-23 15:17:37] [hamibot] [INFO]:[INFO] [fetchPendingTasks]: fetchPendingTasks raw[30]: {"code":0,"data":[],"total":0}
[2026-06-23 15:17:52] [hamibot] [INFO]:[INFO] [fetchPendingTasks]: fetchPendingTasks raw[30]: {"code":0,"data":[],"total":0}
[2026-06-23 15:18:07] [hamibot] [INFO]:[INFO] [fetchPendingTasks]: fetchPendingTasks raw[30]: {"code":0,"data":[],"total":0}
[2026-06-23 15:18:22] [hamibot] [INFO]:[INFO] [fetchPendingTasks]: fetchPendingTasks raw[30]: {"code":0,"data":[],"total":0}
[2026-06-23 15:18:37] [hamibot] [INFO]:[INFO] [fetchPendingTasks]: fetchPendingTasks raw[30]: {"code":0,"data":[],"total":0}
[2026-06-23 15:18:52] [hamibot] [INFO]:[INFO] [fetchPendingTasks]: fetchPendingTasks raw[30]: {"code":0,"data":[],"total":0}
[2026-06-23 15:19:08] [hamibot] [INFO]:[INFO] [fetchPendingTasks]: fetchPendingTasks raw[30]: {"code":0,"data":[],"total":0}
[2026-06-23 15:19:23] [hamibot] [INFO]:[INFO] [fetchPendingTasks]: fetchPendingTasks raw[30]: {"code":0,"data":[],"total":0}
[2026-06-23 15:19:38] [hamibot] [INFO]:[INFO] [fetchPendingTasks]: fetchPendingTasks raw[30]: {"code":0,"data":[],"total":0}
[2026-06-23 15:19:53] [hamibot] [INFO]:[INFO] [fetchPendingTasks]: fetchPendingTasks raw[30]: {"code":0,"data":[],"total":0}
[2026-06-23 15:20:08] [hamibot] [INFO]:[INFO] [fetchPendingTasks]: fetchPendingTasks raw[30]: {"code":0,"data":[],"total":0}
[2026-06-23 15:20:23] [hamibot] [INFO]:[INFO] [fetchPendingTasks]: fetchPendingTasks raw[30]: {"code":0,"data":[],"total":0}
[2026-06-23 15:20:38] [hamibot] [INFO]:[INFO] [fetchPendingTasks]: fetchPendingTasks raw[30]: {"code":0,"data":[],"total":0}
[2026-06-23 15:20:53] [hamibot] [INFO]:[INFO] [fetchPendingTasks]: fetchPendingTasks raw[30]: {"code":0,"data":[],"total":0}
[2026-06-23 15:21:09] [hamibot] [INFO]:[INFO] [fetchPendingTasks]: fetchPendingTasks raw[30]: {"code":0,"data":[],"total":0}
[2026-06-23 15:21:24] [hamibot] [INFO]:[INFO] [fetchPendingTasks]: fetchPendingTasks raw[30]: {"code":0,"data":[],"total":0}
[2026-06-23 15:21:39] [hamibot] [INFO]:[INFO] [fetchPendingTasks]: fetchPendingTasks raw[30]: {"code":0,"data":[],"total":0}
[2026-06-23 15:21:54] [hamibot] [INFO]:[INFO] [fetchPendingTasks]: fetchPendingTasks raw[30]: {"code":0,"data":[],"total":0}
[2026-06-23 15:22:09] [hamibot] [INFO]:[INFO] [fetchPendingTasks]: fetchPendingTasks raw[30]: {"code":0,"data":[],"total":0}
[2026-06-23 15:22:24] [hamibot] [INFO]:[INFO] [fetchPendingTasks]: fetchPendingTasks raw[30]: {"code":0,"data":[],"total":0}
[2026-06-23 15:22:39] [hamibot] [INFO]:[INFO] [fetchPendingTasks]: fetchPendingTasks raw[30]: {"code":0,"data":[],"total":0}
[2026-06-23 15:22:54] [hamibot] [INFO]:[INFO] [fetchPendingTasks]: fetchPendingTasks raw[30]: {"code":0,"data":[],"total":0}
[2026-06-23 15:23:10] [hamibot] [INFO]:[INFO] [fetchPendingTasks]: fetchPendingTasks raw[30]: {"code":0,"data":[],"total":0}
[2026-06-23 15:23:25] [hamibot] [INFO]:[INFO] [fetchPendingTasks]: fetchPendingTasks raw[30]: {"code":0,"data":[],"total":0}
[2026-06-23 15:23:40] [hamibot] [INFO]:[INFO] [fetchPendingTasks]: fetchPendingTasks raw[30]: {"code":0,"data":[],"total":0}
[2026-06-23 15:23:55] [hamibot] [INFO]:[INFO] [fetchPendingTasks]: fetchPendingTasks raw[30]: {"code":0,"data":[],"total":0}
[2026-06-23 15:24:10] [hamibot] [INFO]:[INFO] [fetchPendingTasks]: fetchPendingTasks raw[30]: {"code":0,"data":[],"total":0}
[2026-06-23 15:24:25] [hamibot] [INFO]:[INFO] [fetchPendingTasks]: fetchPendingTasks raw[30]: {"code":0,"data":[],"total":0}
[2026-06-23 15:24:40] [hamibot] [INFO]:[INFO] [fetchPendingTasks]: fetchPendingTasks raw[30]: {"code":0,"data":[],"total":0}
[2026-06-23 15:24:55] [hamibot] [INFO]:[INFO] [fetchPendingTasks]: fetchPendingTasks raw[30]: {"code":0,"data":[],"total":0}
[2026-06-23 15:25:11] [hamibot] [INFO]:[INFO] [fetchPendingTasks]: fetchPendingTasks raw[30]: {"code":0,"data":[],"total":0}
[2026-06-23 15:25:26] [hamibot] [INFO]:[INFO] [fetchPendingTasks]: fetchPendingTasks raw[30]: {"code":0,"data":[],"total":0}
[2026-06-23 15:25:41] [hamibot] [INFO]:[INFO] [fetchPendingTasks]: fetchPendingTasks raw[30]: {"code":0,"data":[],"total":0}
[2026-06-23 15:25:56] [hamibot] [INFO]:[INFO] [fetchPendingTasks]: fetchPendingTasks raw[30]: {"code":0,"data":[],"total":0}
[2026-06-23 15:26:11] [hamibot] [INFO]:[INFO] [fetchPendingTasks]: fetchPendingTasks raw[30]: {"code":0,"data":[],"total":0}
[2026-06-23 15:26:26] [hamibot] [INFO]:[INFO] [fetchPendingTasks]: fetchPendingTasks raw[30]: {"code":0,"data":[],"total":0}
[2026-06-23 15:26:41] [hamibot] [INFO]:[INFO] [fetchPendingTasks]: fetchPendingTasks raw[30]: {"code":0,"data":[],"total":0}
[2026-06-23 15:26:56] [hamibot] [INFO]:[INFO] [fetchPendingTasks]: fetchPendingTasks raw[30]: {"code":0,"data":[],"total":0}
[2026-06-23 15:27:11] [hamibot] [INFO]:[INFO] [fetchPendingTasks]: fetchPendingTasks raw[30]: {"code":0,"data":[],"total":0}
[2026-06-23 15:27:26] [hamibot] [INFO]:[INFO] [fetchPendingTasks]: fetchPendingTasks raw[30]: {"code":0,"data":[],"total":0}
[2026-06-23 15:27:42] [hamibot] [INFO]:[INFO] [fetchPendingTasks]: fetchPendingTasks raw[30]: {"code":0,"data":[],"total":0}
[2026-06-23 15:27:57] [hamibot] [INFO]:[INFO] [fetchPendingTasks]: fetchPendingTasks raw[30]: {"code":0,"data":[],"total":0}
[2026-06-23 15:28:12] [hamibot] [INFO]:[INFO] [fetchPendingTasks]: fetchPendingTasks raw[30]: {"code":0,"data":[],"total":0}
[2026-06-23 15:28:27] [hamibot] [INFO]:[INFO] [fetchPendingTasks]: fetchPendingTasks raw[30]: {"code":0,"data":[],"total":0}
[2026-06-23 15:28:42] [hamibot] [INFO]:[INFO] [fetchPendingTasks]: fetchPendingTasks raw[30]: {"code":0,"data":[],"total":0}
[2026-06-23 15:28:57] [hamibot] [INFO]:[INFO] [fetchPendingTasks]: fetchPendingTasks raw[30]: {"code":0,"data":[],"total":0}
[2026-06-23 15:29:13] [hamibot] [INFO]:[INFO] [fetchPendingTasks]: fetchPendingTasks raw[30]: {"code":0,"data":[],"total":0}
[2026-06-23 15:29:28] [hamibot] [INFO]:[INFO] [fetchPendingTasks]: fetchPendingTasks raw[30]: {"code":0,"data":[],"total":0}
[2026-06-23 15:29:43] [hamibot] [INFO]:[INFO] [fetchPendingTasks]: fetchPendingTasks raw[30]: {"code":0,"data":[],"total":0}
[2026-06-23 15:29:58] [hamibot] [INFO]:[INFO] [fetchPendingTasks]: fetchPendingTasks raw[30]: {"code":0,"data":[],"total":0}
[2026-06-23 15:30:13] [hamibot] [INFO]:[INFO] [fetchPendingTasks]: fetchPendingTasks raw[30]: {"code":0,"data":[],"total":0}
[2026-06-23 15:30:28] [hamibot] [INFO]:[INFO] [fetchPendingTasks]: fetchPendingTasks raw[30]: {"code":0,"data":[],"total":0}
[2026-06-23 15:30:43] [hamibot] [INFO]:[INFO] [fetchPendingTasks]: fetchPendingTasks raw[30]: {"code":0,"data":[],"total":0}
[2026-06-23 15:30:58] [hamibot] [INFO]:[INFO] [fetchPendingTasks]: fetchPendingTasks raw[30]: {"code":0,"data":[],"total":0}
[2026-06-23 15:31:13] [hamibot] [INFO]:[INFO] [fetchPendingTasks]: fetchPendingTasks raw[30]: {"code":0,"data":[],"total":0}
[2026-06-23 15:31:29] [hamibot] [INFO]:[INFO] [fetchPendingTasks]: fetchPendingTasks raw[30]: {"code":0,"data":[],"total":0}
[2026-06-23 15:31:44] [hamibot] [INFO]:[INFO] [fetchPendingTasks]: fetchPendingTasks raw[30]: {"code":0,"data":[],"total":0}
[2026-06-23 15:32:00] [hamibot] [INFO]:[INFO] [fetchPendingTasks]: fetchPendingTasks raw[30]: {"code":0,"data":[],"total":0}
[2026-06-23 15:32:15] [hamibot] [INFO]:[INFO] [fetchPendingTasks]: fetchPendingTasks raw[30]: {"code":0,"data":[],"total":0}
[2026-06-23 15:32:30] [hamibot] [INFO]:[INFO] [fetchPendingTasks]: fetchPendingTasks raw[30]: {"code":0,"data":[],"total":0}
[2026-06-23 15:32:45] [hamibot] [INFO]:[INFO] [fetchPendingTasks]: fetchPendingTasks raw[30]: {"code":0,"data":[],"total":0}
[2026-06-23 15:33:00] [hamibot] [INFO]:[INFO] [fetchPendingTasks]: fetchPendingTasks raw[30]: {"code":0,"data":[],"total":0}
[2026-06-23 15:33:15] [hamibot] [INFO]:[INFO] [fetchPendingTasks]: fetchPendingTasks raw[30]: {"code":0,"data":[],"total":0}
[2026-06-23 15:33:30] [hamibot] [INFO]:[INFO] [fetchPendingTasks]: fetchPendingTasks raw[30]: {"code":0,"data":[],"total":0}
[2026-06-23 15:33:45] [hamibot] [INFO]:[INFO] [fetchPendingTasks]: fetchPendingTasks raw[30]: {"code":0,"data":[],"total":0}
[2026-06-23 15:34:01] [hamibot] [INFO]:[INFO] [fetchPendingTasks]: fetchPendingTasks raw[30]: {"code":0,"data":[],"total":0}
[2026-06-23 15:34:16] [hamibot] [INFO]:[INFO] [fetchPendingTasks]: fetchPendingTasks raw[30]: {"code":0,"data":[],"total":0}
[2026-06-23 15:34:31] [hamibot] [INFO]:[INFO] [fetchPendingTasks]: fetchPendingTasks raw[30]: {"code":0,"data":[],"total":0}
[2026-06-23 15:34:46] [hamibot] [INFO]:[INFO] [fetchPendingTasks]: fetchPendingTasks raw[30]: {"code":0,"data":[],"total":0}
[2026-06-23 15:35:01] [hamibot] [INFO]:[INFO] [fetchPendingTasks]: fetchPendingTasks raw[30]: {"code":0,"data":[],"total":0}
[2026-06-23 15:35:17] [hamibot] [INFO]:[INFO] [fetchPendingTasks]: fetchPendingTasks raw[30]: {"code":0,"data":[],"total":0}
[2026-06-23 15:35:32] [hamibot] [INFO]:[INFO] [fetchPendingTasks]: fetchPendingTasks raw[30]: {"code":0,"data":[],"total":0}
[2026-06-23 15:35:47] [hamibot] [INFO]:[INFO] [fetchPendingTasks]: fetchPendingTasks raw[30]: {"code":0,"data":[],"total":0}
[2026-06-23 15:36:02] [hamibot] [INFO]:[INFO] [fetchPendingTasks]: fetchPendingTasks raw[30]: {"code":0,"data":[],"total":0}
[2026-06-23 15:36:17] [hamibot] [INFO]:[INFO] [fetchPendingTasks]: fetchPendingTasks raw[30]: {"code":0,"data":[],"total":0}
[2026-06-23 15:36:33] [hamibot] [INFO]:[INFO] [fetchPendingTasks]: fetchPendingTasks raw[30]: {"code":0,"data":[],"total":0}
[2026-06-23 15:36:48] [hamibot] [INFO]:[INFO] [fetchPendingTasks]: fetchPendingTasks raw[30]: {"code":0,"data":[],"total":0}
[2026-06-23 15:37:04] [hamibot] [INFO]:[INFO] [fetchPendingTasks]: fetchPendingTasks raw[30]: {"code":0,"data":[],"total":0}
[2026-06-23 15:37:19] [hamibot] [INFO]:[INFO] [fetchPendingTasks]: fetchPendingTasks raw[30]: {"code":0,"data":[],"total":0}
[2026-06-23 15:37:34] [hamibot] [INFO]:[INFO] [fetchPendingTasks]: fetchPendingTasks raw[30]: {"code":0,"data":[],"total":0}
[2026-06-23 15:37:49] [hamibot] [INFO]:[INFO] [fetchPendingTasks]: fetchPendingTasks raw[30]: {"code":0,"data":[],"total":0}
[2026-06-23 15:38:04] [hamibot] [INFO]:[INFO] [fetchPendingTasks]: fetchPendingTasks raw[30]: {"code":0,"data":[],"total":0}
[2026-06-23 15:38:20] [hamibot] [INFO]:[INFO] [fetchPendingTasks]: fetchPendingTasks raw[30]: {"code":0,"data":[],"total":0}
[2026-06-23 15:38:35] [hamibot] [INFO]:[INFO] [fetchPendingTasks]: fetchPendingTasks raw[30]: {"code":0,"data":[],"total":0}
[2026-06-23 15:38:50] [hamibot] [INFO]:[INFO] [fetchPendingTasks]: fetchPendingTasks raw[30]: {"code":0,"data":[],"total":0}
[2026-06-23 15:39:05] [hamibot] [INFO]:[INFO] [fetchPendingTasks]: fetchPendingTasks raw[30]: {"code":0,"data":[],"total":0}
[2026-06-23 15:39:20] [hamibot] [INFO]:[INFO] [fetchPendingTasks]: fetchPendingTasks raw[30]: {"code":0,"data":[],"total":0}
[2026-06-23 15:39:36] [hamibot] [INFO]:[INFO] [fetchPendingTasks]: fetchPendingTasks raw[30]: {"code":0,"data":[],"total":0}
[2026-06-23 15:39:51] [hamibot] [INFO]:[INFO] [fetchPendingTasks]: fetchPendingTasks raw[30]: {"code":0,"data":[],"total":0}
[2026-06-23 15:40:07] [hamibot] [INFO]:[INFO] [fetchPendingTasks]: fetchPendingTasks raw[30]: {"code":0,"data":[],"total":0}
[2026-06-23 15:40:22] [hamibot] [INFO]:[INFO] [fetchPendingTasks]: fetchPendingTasks raw[30]: {"code":0,"data":[],"total":0}
[2026-06-23 15:40:37] [hamibot] [INFO]:[INFO] [fetchPendingTasks]: fetchPendingTasks raw[30]: {"code":0,"data":[],"total":0}
[2026-06-23 15:40:53] [hamibot] [INFO]:[INFO] [fetchPendingTasks]: fetchPendingTasks raw[30]: {"code":0,"data":[],"total":0}
[2026-06-23 15:41:08] [hamibot] [INFO]:[INFO] [fetchPendingTasks]: fetchPendingTasks raw[30]: {"code":0,"data":[],"total":0}
[2026-06-23 15:41:24] [hamibot] [INFO]:[INFO] [fetchPendingTasks]: fetchPendingTasks raw[30]: {"code":0,"data":[],"total":0}
[2026-06-23 15:41:39] [hamibot] [INFO]:[INFO] [fetchPendingTasks]: fetchPendingTasks raw[30]: {"code":0,"data":[],"total":0}
[2026-06-23 15:41:54] [hamibot] [INFO]:[INFO] [fetchPendingTasks]: fetchPendingTasks raw[30]: {"code":0,"data":[],"total":0}
[2026-06-23 15:42:09] [hamibot] [INFO]:[INFO] [fetchPendingTasks]: fetchPendingTasks raw[30]: {"code":0,"data":[],"total":0}
[2026-06-23 15:42:25] [hamibot] [INFO]:[INFO] [fetchPendingTasks]: fetchPendingTasks raw[30]: {"code":0,"data":[],"total":0}
[2026-06-23 15:42:40] [hamibot] [INFO]:[INFO] [fetchPendingTasks]: fetchPendingTasks raw[30]: {"code":0,"data":[],"total":0}
[2026-06-23 15:42:55] [hamibot] [INFO]:[INFO] [fetchPendingTasks]: fetchPendingTasks raw[30]: {"code":0,"data":[],"total":0}
[2026-06-23 15:43:10] [hamibot] [INFO]:[INFO] [fetchPendingTasks]: fetchPendingTasks raw[30]: {"code":0,"data":[],"total":0}
[2026-06-23 15:43:25] [hamibot] [INFO]:[INFO] [fetchPendingTasks]: fetchPendingTasks raw[30]: {"code":0,"data":[],"total":0}
[2026-06-23 15:43:40] [hamibot] [INFO]:[INFO] [fetchPendingTasks]: fetchPendingTasks raw[30]: {"code":0,"data":[],"total":0}
[2026-06-23 15:43:55] [hamibot] [INFO]:[INFO] [fetchPendingTasks]: fetchPendingTasks raw[30]: {"code":0,"data":[],"total":0}
[2026-06-23 15:44:10] [hamibot] [INFO]:[INFO] [fetchPendingTasks]: fetchPendingTasks raw[30]: {"code":0,"data":[],"total":0}
[2026-06-23 15:44:25] [hamibot] [INFO]:[INFO] [fetchPendingTasks]: fetchPendingTasks raw[30]: {"code":0,"data":[],"total":0}
[2026-06-23 15:44:40] [hamibot] [INFO]:[INFO] [fetchPendingTasks]: fetchPendingTasks raw[30]: {"code":0,"data":[],"total":0}
[2026-06-23 15:44:56] [hamibot] [INFO]:[INFO] [fetchPendingTasks]: fetchPendingTasks raw[30]: {"code":0,"data":[],"total":0}
[2026-06-23 15:45:11] [hamibot] [INFO]:[INFO] [fetchPendingTasks]: fetchPendingTasks raw[30]: {"code":0,"data":[],"total":0}
[2026-06-23 15:45:26] [hamibot] [INFO]:[INFO] [fetchPendingTasks]: fetchPendingTasks raw[30]: {"code":0,"data":[],"total":0}
[2026-06-23 15:45:41] [hamibot] [INFO]:[INFO] [fetchPendingTasks]: fetchPendingTasks raw[30]: {"code":0,"data":[],"total":0}
[2026-06-23 15:45:57] [hamibot] [INFO]:[INFO] [fetchPendingTasks]: fetchPendingTasks raw[30]: {"code":0,"data":[],"total":0}
[2026-06-23 15:46:12] [hamibot] [INFO]:[INFO] [fetchPendingTasks]: fetchPendingTasks raw[30]: {"code":0,"data":[],"total":0}
[2026-06-23 15:46:27] [hamibot] [INFO]:[INFO] [fetchPendingTasks]: fetchPendingTasks raw[30]: {"code":0,"data":[],"total":0}
[2026-06-23 15:46:42] [hamibot] [INFO]:[INFO] [fetchPendingTasks]: fetchPendingTasks raw[30]: {"code":0,"data":[],"total":0}
[2026-06-23 15:46:57] [hamibot] [INFO]:[INFO] [fetchPendingTasks]: fetchPendingTasks raw[30]: {"code":0,"data":[],"total":0}
[2026-06-23 15:47:12] [hamibot] [INFO]:[INFO] [fetchPendingTasks]: fetchPendingTasks raw[30]: {"code":0,"data":[],"total":0}
[2026-06-23 15:47:28] [hamibot] [INFO]:[INFO] [fetchPendingTasks]: fetchPendingTasks raw[30]: {"code":0,"data":[],"total":0}
[2026-06-23 15:47:43] [hamibot] [INFO]:[INFO] [fetchPendingTasks]: fetchPendingTasks raw[30]: {"code":0,"data":[],"total":0}
[2026-06-23 15:47:58] [hamibot] [INFO]:[INFO] [fetchPendingTasks]: fetchPendingTasks raw[30]: {"code":0,"data":[],"total":0}
[2026-06-23 15:48:13] [hamibot] [INFO]:[INFO] [fetchPendingTasks]: fetchPendingTasks raw[30]: {"code":0,"data":[],"total":0}
[2026-06-23 15:48:29] [hamibot] [INFO]:[INFO] [fetchPendingTasks]: fetchPendingTasks raw[30]: {"code":0,"data":[],"total":0}
[2026-06-23 15:48:44] [hamibot] [INFO]:[INFO] [fetchPendingTasks]: fetchPendingTasks raw[30]: {"code":0,"data":[],"total":0}
[2026-06-23 15:48:59] [hamibot] [INFO]:[INFO] [fetchPendingTasks]: fetchPendingTasks raw[30]: {"code":0,"data":[],"total":0}
[2026-06-23 15:49:14] [hamibot] [INFO]:[INFO] [fetchPendingTasks]: fetchPendingTasks raw[30]: {"code":0,"data":[],"total":0}
[2026-06-23 15:49:29] [hamibot] [INFO]:[INFO] [fetchPendingTasks]: fetchPendingTasks raw[30]: {"code":0,"data":[],"total":0}
[2026-06-23 15:49:44] [hamibot] [INFO]:[INFO] [fetchPendingTasks]: fetchPendingTasks raw[30]: {"code":0,"data":[],"total":0}
[2026-06-23 15:50:00] [hamibot] [INFO]:[INFO] [fetchPendingTasks]: fetchPendingTasks raw[30]: {"code":0,"data":[],"total":0}
[2026-06-23 15:50:15] [hamibot] [INFO]:[INFO] [fetchPendingTasks]: fetchPendingTasks raw[30]: {"code":0,"data":[],"total":0}
[2026-06-23 15:50:30] [hamibot] [INFO]:[INFO] [fetchPendingTasks]: fetchPendingTasks raw[30]: {"code":0,"data":[],"total":0}
[2026-06-23 15:50:45] [hamibot] [INFO]:[INFO] [fetchPendingTasks]: fetchPendingTasks raw[30]: {"code":0,"data":[],"total":0}
[2026-06-23 15:51:00] [hamibot] [INFO]:[INFO] [fetchPendingTasks]: fetchPendingTasks raw[30]: {"code":0,"data":[],"total":0}
[2026-06-23 15:51:15] [hamibot] [INFO]:[INFO] [fetchPendingTasks]: fetchPendingTasks raw[30]: {"code":0,"data":[],"total":0}
[2026-06-23 15:51:30] [hamibot] [INFO]:[INFO] [fetchPendingTasks]: fetchPendingTasks raw[30]: {"code":0,"data":[],"total":0}
[2026-06-23 15:51:45] [hamibot] [INFO]:[INFO] [fetchPendingTasks]: fetchPendingTasks raw[30]: {"code":0,"data":[],"total":0}
[2026-06-23 15:52:00] [hamibot] [INFO]:[INFO] [fetchPendingTasks]: fetchPendingTasks raw[30]: {"code":0,"data":[],"total":0}
[2026-06-23 15:52:15] [hamibot] [INFO]:[INFO] [fetchPendingTasks]: fetchPendingTasks raw[30]: {"code":0,"data":[],"total":0}
[2026-06-23 15:52:30] [hamibot] [INFO]:[INFO] [fetchPendingTasks]: fetchPendingTasks raw[30]: {"code":0,"data":[],"total":0}
[2026-06-23 15:52:46] [hamibot] [INFO]:[INFO] [fetchPendingTasks]: fetchPendingTasks raw[30]: {"code":0,"data":[],"total":0}
[2026-06-23 15:53:01] [hamibot] [INFO]:[INFO] [fetchPendingTasks]: fetchPendingTasks raw[30]: {"code":0,"data":[],"total":0}
[2026-06-23 15:53:16] [hamibot] [INFO]:[INFO] [fetchPendingTasks]: fetchPendingTasks raw[30]: {"code":0,"data":[],"total":0}
[2026-06-23 15:53:31] [hamibot] [INFO]:[INFO] [fetchPendingTasks]: fetchPendingTasks raw[30]: {"code":0,"data":[],"total":0}
[2026-06-23 15:53:46] [hamibot] [INFO]:[INFO] [fetchPendingTasks]: fetchPendingTasks raw[30]: {"code":0,"data":[],"total":0}
[2026-06-23 15:54:01] [hamibot] [INFO]:[INFO] [fetchPendingTasks]: fetchPendingTasks raw[30]: {"code":0,"data":[],"total":0}
[2026-06-23 15:54:16] [hamibot] [INFO]:[INFO] [fetchPendingTasks]: fetchPendingTasks raw[30]: {"code":0,"data":[],"total":0}
[2026-06-23 15:54:31] [hamibot] [INFO]:[INFO] [fetchPendingTasks]: fetchPendingTasks raw[30]: {"code":0,"data":[],"total":0}
[2026-06-23 15:54:46] [hamibot] [INFO]:[INFO] [fetchPendingTasks]: fetchPendingTasks raw[30]: {"code":0,"data":[],"total":0}
[2026-06-23 15:55:01] [hamibot] [INFO]:[INFO] [fetchPendingTasks]: fetchPendingTasks raw[30]: {"code":0,"data":[],"total":0}
[2026-06-23 15:55:17] [hamibot] [INFO]:[INFO] [fetchPendingTasks]: fetchPendingTasks raw[30]: {"code":0,"data":[],"total":0}
[2026-06-23 15:55:32] [hamibot] [INFO]:[INFO] [fetchPendingTasks]: fetchPendingTasks raw[30]: {"code":0,"data":[],"total":0}
[2026-06-23 15:55:47] [hamibot] [INFO]:[INFO] [fetchPendingTasks]: fetchPendingTasks raw[30]: {"code":0,"data":[],"total":0}
[2026-06-23 15:56:02] [hamibot] [INFO]:[INFO] [fetchPendingTasks]: fetchPendingTasks raw[30]: {"code":0,"data":[],"total":0}
[2026-06-23 15:56:17] [hamibot] [INFO]:[INFO] [fetchPendingTasks]: fetchPendingTasks raw[30]: {"code":0,"data":[],"total":0}
[2026-06-23 15:56:32] [hamibot] [INFO]:[INFO] [fetchPendingTasks]: fetchPendingTasks raw[30]: {"code":0,"data":[],"total":0}
[2026-06-23 15:56:47] [hamibot] [INFO]:[INFO] [fetchPendingTasks]: fetchPendingTasks raw[30]: {"code":0,"data":[],"total":0}
[2026-06-23 15:57:03] [hamibot] [INFO]:[INFO] [fetchPendingTasks]: fetchPendingTasks raw[30]: {"code":0,"data":[],"total":0}
[2026-06-23 15:57:18] [hamibot] [INFO]:[INFO] [fetchPendingTasks]: fetchPendingTasks raw[30]: {"code":0,"data":[],"total":0}
[2026-06-23 15:57:33] [hamibot] [INFO]:[INFO] [fetchPendingTasks]: fetchPendingTasks raw[30]: {"code":0,"data":[],"total":0}
[2026-06-23 15:57:48] [hamibot] [INFO]:[INFO] [fetchPendingTasks]: fetchPendingTasks raw[30]: {"code":0,"data":[],"total":0}
[2026-06-23 15:58:04] [hamibot] [INFO]:[INFO] [fetchPendingTasks]: fetchPendingTasks raw[30]: {"code":0,"data":[],"total":0}
[2026-06-23 15:58:19] [hamibot] [INFO]:[INFO] [fetchPendingTasks]: fetchPendingTasks raw[30]: {"code":0,"data":[],"total":0}
[2026-06-23 15:58:34] [hamibot] [INFO]:[INFO] [fetchPendingTasks]: fetchPendingTasks raw[30]: {"code":0,"data":[],"total":0}
[2026-06-23 15:58:50] [hamibot] [INFO]:[INFO] [fetchPendingTasks]: fetchPendingTasks raw[30]: {"code":0,"data":[],"total":0}
[2026-06-23 15:59:05] [hamibot] [INFO]:[INFO] [fetchPendingTasks]: fetchPendingTasks raw[30]: {"code":0,"data":[],"total":0}
[2026-06-23 15:59:20] [hamibot] [INFO]:[INFO] [fetchPendingTasks]: fetchPendingTasks raw[30]: {"code":0,"data":[],"total":0}
[2026-06-23 15:59:36] [hamibot] [INFO]:[INFO] [fetchPendingTasks]: fetchPendingTasks raw[30]: {"code":0,"data":[],"total":0}
[2026-06-23 15:59:51] [hamibot] [INFO]:[INFO] [fetchPendingTasks]: fetchPendingTasks raw[30]: {"code":0,"data":[],"total":0}
[2026-06-23 16:00:06] [hamibot] [INFO]:[INFO] [fetchPendingTasks]: fetchPendingTasks raw[30]: {"code":0,"data":[],"total":0}
[2026-06-23 16:00:21] [hamibot] [INFO]:[INFO] [fetchPendingTasks]: fetchPendingTasks raw[30]: {"code":0,"data":[],"total":0}
[2026-06-23 16:00:37] [hamibot] [INFO]:[INFO] [fetchPendingTasks]: fetchPendingTasks raw[30]: {"code":0,"data":[],"total":0}
[2026-06-23 16:00:52] [hamibot] [INFO]:[INFO] [fetchPendingTasks]: fetchPendingTasks raw[30]: {"code":0,"data":[],"total":0}
[2026-06-23 16:01:07] [hamibot] [INFO]:[INFO] [fetchPendingTasks]: fetchPendingTasks raw[30]: {"code":0,"data":[],"total":0}
[2026-06-23 16:01:22] [hamibot] [INFO]:[INFO] [fetchPendingTasks]: fetchPendingTasks raw[30]: {"code":0,"data":[],"total":0}
[2026-06-23 16:01:37] [hamibot] [INFO]:[INFO] [fetchPendingTasks]: fetchPendingTasks raw[30]: {"code":0,"data":[],"total":0}
[2026-06-23 16:01:52] [hamibot] [INFO]:[INFO] [fetchPendingTasks]: fetchPendingTasks raw[30]: {"code":0,"data":[],"total":0}
[2026-06-23 16:02:07] [hamibot] [INFO]:[INFO] [fetchPendingTasks]: fetchPendingTasks raw[30]: {"code":0,"data":[],"total":0}
[2026-06-23 16:02:22] [hamibot] [INFO]:[INFO] [fetchPendingTasks]: fetchPendingTasks raw[30]: {"code":0,"data":[],"total":0}
[2026-06-23 16:02:37] [hamibot] [INFO]:[INFO] [fetchPendingTasks]: fetchPendingTasks raw[30]: {"code":0,"data":[],"total":0}
[2026-06-23 16:02:52] [hamibot] [INFO]:[INFO] [fetchPendingTasks]: fetchPendingTasks raw[30]: {"code":0,"data":[],"total":0}
[2026-06-23 16:03:07] [hamibot] [INFO]:[INFO] [fetchPendingTasks]: fetchPendingTasks raw[30]: {"code":0,"data":[],"total":0}
[2026-06-23 16:03:23] [hamibot] [INFO]:[INFO] [fetchPendingTasks]: fetchPendingTasks raw[30]: {"code":0,"data":[],"total":0}
[2026-06-23 16:03:38] [hamibot] [INFO]:[INFO] [fetchPendingTasks]: fetchPendingTasks raw[30]: {"code":0,"data":[],"total":0}
[2026-06-23 16:03:53] [hamibot] [INFO]:[INFO] [fetchPendingTasks]: fetchPendingTasks raw[30]: {"code":0,"data":[],"total":0}
[2026-06-23 16:04:08] [hamibot] [INFO]:[INFO] [fetchPendingTasks]: fetchPendingTasks raw[30]: {"code":0,"data":[],"total":0}
[2026-06-23 16:04:23] [hamibot] [INFO]:[INFO] [fetchPendingTasks]: fetchPendingTasks raw[30]: {"code":0,"data":[],"total":0}
[2026-06-23 16:04:38] [hamibot] [INFO]:[INFO] [fetchPendingTasks]: fetchPendingTasks raw[30]: {"code":0,"data":[],"total":0}
[2026-06-23 16:04:53] [hamibot] [INFO]:[INFO] [fetchPendingTasks]: fetchPendingTasks raw[30]: {"code":0,"data":[],"total":0}
[2026-06-23 16:05:08] [hamibot] [INFO]:[INFO] [fetchPendingTasks]: fetchPendingTasks raw[30]: {"code":0,"data":[],"total":0}
[2026-06-23 16:05:23] [hamibot] [INFO]:[INFO] [fetchPendingTasks]: fetchPendingTasks raw[30]: {"code":0,"data":[],"total":0}
[2026-06-23 16:05:38] [hamibot] [INFO]:[INFO] [fetchPendingTasks]: fetchPendingTasks raw[30]: {"code":0,"data":[],"total":0}
[2026-06-23 16:05:54] [hamibot] [INFO]:[INFO] [fetchPendingTasks]: fetchPendingTasks raw[30]: {"code":0,"data":[],"total":0}
[2026-06-23 16:06:09] [hamibot] [INFO]:[INFO] [fetchPendingTasks]: fetchPendingTasks raw[30]: {"code":0,"data":[],"total":0}
[2026-06-23 16:06:24] [hamibot] [INFO]:[INFO] [fetchPendingTasks]: fetchPendingTasks raw[30]: {"code":0,"data":[],"total":0}
[2026-06-23 16:06:39] [hamibot] [INFO]:[INFO] [fetchPendingTasks]: fetchPendingTasks raw[30]: {"code":0,"data":[],"total":0}
[2026-06-23 16:06:54] [hamibot] [INFO]:[INFO] [fetchPendingTasks]: fetchPendingTasks raw[30]: {"code":0,"data":[],"total":0}
[2026-06-23 16:07:09] [hamibot] [INFO]:[INFO] [fetchPendingTasks]: fetchPendingTasks raw[30]: {"code":0,"data":[],"total":0}
[2026-06-23 16:07:25] [hamibot] [INFO]:[INFO] [fetchPendingTasks]: fetchPendingTasks raw[30]: {"code":0,"data":[],"total":0}
[2026-06-23 16:07:40] [hamibot] [INFO]:[INFO] [fetchPendingTasks]: fetchPendingTasks raw[30]: {"code":0,"data":[],"total":0}
[2026-06-23 16:07:55] [hamibot] [INFO]:[INFO] [fetchPendingTasks]: fetchPendingTasks raw[30]: {"code":0,"data":[],"total":0}
[2026-06-23 16:08:10] [hamibot] [INFO]:[INFO] [fetchPendingTasks]: fetchPendingTasks raw[30]: {"code":0,"data":[],"total":0}
[2026-06-23 16:08:25] [hamibot] [INFO]:[INFO] [fetchPendingTasks]: fetchPendingTasks raw[30]: {"code":0,"data":[],"total":0}
[2026-06-23 16:08:40] [hamibot] [INFO]:[INFO] [fetchPendingTasks]: fetchPendingTasks raw[30]: {"code":0,"data":[],"total":0}
[2026-06-23 16:08:55] [hamibot] [INFO]:[INFO] [fetchPendingTasks]: fetchPendingTasks raw[30]: {"code":0,"data":[],"total":0}
[2026-06-23 16:09:10] [hamibot] [INFO]:[INFO] [fetchPendingTasks]: fetchPendingTasks raw[30]: {"code":0,"data":[],"total":0}
[2026-06-23 16:09:26] [hamibot] [INFO]:[INFO] [fetchPendingTasks]: fetchPendingTasks raw[30]: {"code":0,"data":[],"total":0}
[2026-06-23 16:09:41] [hamibot] [INFO]:[INFO] [fetchPendingTasks]: fetchPendingTasks raw[30]: {"code":0,"data":[],"total":0}
[2026-06-23 16:09:56] [hamibot] [INFO]:[INFO] [fetchPendingTasks]: fetchPendingTasks raw[30]: {"code":0,"data":[],"total":0}
[2026-06-23 16:10:11] [hamibot] [INFO]:[INFO] [fetchPendingTasks]: fetchPendingTasks raw[30]: {"code":0,"data":[],"total":0}
[2026-06-23 16:10:26] [hamibot] [INFO]:[INFO] [fetchPendingTasks]: fetchPendingTasks raw[30]: {"code":0,"data":[],"total":0}
[2026-06-23 16:10:42] [hamibot] [INFO]:[INFO] [fetchPendingTasks]: fetchPendingTasks raw[30]: {"code":0,"data":[],"total":0}
[2026-06-23 16:10:57] [hamibot] [INFO]:[INFO] [fetchPendingTasks]: fetchPendingTasks raw[30]: {"code":0,"data":[],"total":0}
[2026-06-23 16:11:12] [hamibot] [INFO]:[INFO] [fetchPendingTasks]: fetchPendingTasks raw[30]: {"code":0,"data":[],"total":0}
[2026-06-23 16:11:28] [hamibot] [INFO]:[INFO] [fetchPendingTasks]: fetchPendingTasks raw[30]: {"code":0,"data":[],"total":0}
[2026-06-23 16:11:43] [hamibot] [INFO]:[INFO] [fetchPendingTasks]: fetchPendingTasks raw[30]: {"code":0,"data":[],"total":0}
[2026-06-23 16:11:58] [hamibot] [INFO]:[INFO] [fetchPendingTasks]: fetchPendingTasks raw[30]: {"code":0,"data":[],"total":0}
[2026-06-23 16:12:13] [hamibot] [INFO]:[INFO] [fetchPendingTasks]: fetchPendingTasks raw[30]: {"code":0,"data":[],"total":0}
[2026-06-23 16:12:28] [hamibot] [INFO]:[INFO] [fetchPendingTasks]: fetchPendingTasks raw[30]: {"code":0,"data":[],"total":0}
[2026-06-23 16:12:44] [hamibot] [INFO]:[INFO] [fetchPendingTasks]: fetchPendingTasks raw[30]: {"code":0,"data":[],"total":0}
[2026-06-23 16:12:59] [hamibot] [INFO]:[INFO] [fetchPendingTasks]: fetchPendingTasks raw[30]: {"code":0,"data":[],"total":0}
[2026-06-23 16:13:14] [hamibot] [INFO]:[INFO] [fetchPendingTasks]: fetchPendingTasks raw[30]: {"code":0,"data":[],"total":0}
[2026-06-23 16:13:29] [hamibot] [INFO]:[INFO] [fetchPendingTasks]: fetchPendingTasks raw[30]: {"code":0,"data":[],"total":0}
[2026-06-23 16:13:44] [hamibot] [INFO]:[INFO] [fetchPendingTasks]: fetchPendingTasks raw[30]: {"code":0,"data":[],"total":0}
[2026-06-23 16:14:00] [hamibot] [INFO]:[INFO] [fetchPendingTasks]: fetchPendingTasks raw[30]: {"code":0,"data":[],"total":0}
[2026-06-23 16:14:15] [hamibot] [INFO]:[INFO] [fetchPendingTasks]: fetchPendingTasks raw[30]: {"code":0,"data":[],"total":0}
[2026-06-23 16:14:30] [hamibot] [INFO]:[INFO] [fetchPendingTasks]: fetchPendingTasks raw[30]: {"code":0,"data":[],"total":0}
[2026-06-23 16:14:46] [hamibot] [INFO]:[INFO] [fetchPendingTasks]: fetchPendingTasks raw[30]: {"code":0,"data":[],"total":0}
[2026-06-23 16:15:01] [hamibot] [INFO]:[INFO] [fetchPendingTasks]: fetchPendingTasks raw[30]: {"code":0,"data":[],"total":0}
[2026-06-23 16:15:18] [hamibot] [INFO]:[INFO] [fetchPendingTasks]: fetchPendingTasks raw[30]: {"code":0,"data":[],"total":0}
[2026-06-23 16:15:33] [hamibot] [INFO]:[INFO] [fetchPendingTasks]: fetchPendingTasks raw[30]: {"code":0,"data":[],"total":0}
[2026-06-23 16:15:49] [hamibot] [INFO]:[INFO] [fetchPendingTasks]: fetchPendingTasks raw[30]: {"code":0,"data":[],"total":0}
[2026-06-23 16:16:04] [hamibot] [INFO]:[INFO] [fetchPendingTasks]: fetchPendingTasks raw[30]: {"code":0,"data":[],"total":0}
[2026-06-23 16:16:19] [hamibot] [INFO]:[INFO] [fetchPendingTasks]: fetchPendingTasks raw[30]: {"code":0,"data":[],"total":0}
[2026-06-23 16:16:34] [hamibot] [INFO]:[INFO] [fetchPendingTasks]: fetchPendingTasks raw[30]: {"code":0,"data":[],"total":0}
[2026-06-23 16:16:49] [hamibot] [INFO]:[INFO] [fetchPendingTasks]: fetchPendingTasks raw[30]: {"code":0,"data":[],"total":0}
[2026-06-23 16:17:04] [hamibot] [INFO]:[INFO] [fetchPendingTasks]: fetchPendingTasks raw[30]: {"code":0,"data":[],"total":0}
[2026-06-23 16:17:21] [hamibot] [INFO]:[INFO] [fetchPendingTasks]: fetchPendingTasks raw[30]: {"code":0,"data":[],"total":0}
[2026-06-23 16:17:37] [hamibot] [INFO]:[INFO] [fetchPendingTasks]: fetchPendingTasks raw[30]: {"code":0,"data":[],"total":0}
[2026-06-23 16:17:52] [hamibot] [INFO]:[INFO] [fetchPendingTasks]: fetchPendingTasks raw[30]: {"code":0,"data":[],"total":0}
[2026-06-23 16:18:07] [hamibot] [INFO]:[INFO] [fetchPendingTasks]: fetchPendingTasks raw[30]: {"code":0,"data":[],"total":0}
[2026-06-23 16:18:22] [hamibot] [INFO]:[INFO] [fetchPendingTasks]: fetchPendingTasks raw[30]: {"code":0,"data":[],"total":0}
[2026-06-23 16:18:37] [hamibot] [INFO]:[INFO] [fetchPendingTasks]: fetchPendingTasks raw[30]: {"code":0,"data":[],"total":0}
[2026-06-23 16:18:52] [hamibot] [INFO]:[INFO] [fetchPendingTasks]: fetchPendingTasks raw[30]: {"code":0,"data":[],"total":0}
[2026-06-23 16:19:08] [hamibot] [INFO]:[INFO] [fetchPendingTasks]: fetchPendingTasks raw[30]: {"code":0,"data":[],"total":0}
[2026-06-23 16:19:23] [hamibot] [INFO]:[INFO] [fetchPendingTasks]: fetchPendingTasks raw[30]: {"code":0,"data":[],"total":0}
[2026-06-23 16:19:38] [hamibot] [INFO]:[INFO] [fetchPendingTasks]: fetchPendingTasks raw[30]: {"code":0,"data":[],"total":0}
[2026-06-23 16:19:53] [hamibot] [INFO]:[INFO] [fetchPendingTasks]: fetchPendingTasks raw[30]: {"code":0,"data":[],"total":0}
[2026-06-23 16:20:10] [hamibot] [INFO]:[INFO] [fetchPendingTasks]: fetchPendingTasks raw[30]: {"code":0,"data":[],"total":0}
[2026-06-23 16:20:25] [hamibot] [INFO]:[INFO] [fetchPendingTasks]: fetchPendingTasks raw[30]: {"code":0,"data":[],"total":0}
[2026-06-23 16:20:40] [hamibot] [INFO]:[INFO] [fetchPendingTasks]: fetchPendingTasks raw[30]: {"code":0,"data":[],"total":0}
[2026-06-23 16:20:55] [hamibot] [INFO]:[INFO] [fetchPendingTasks]: fetchPendingTasks raw[30]: {"code":0,"data":[],"total":0}
[2026-06-23 16:21:12] [hamibot] [INFO]:[INFO] [fetchPendingTasks]: fetchPendingTasks raw[30]: {"code":0,"data":[],"total":0}
[2026-06-23 16:21:27] [hamibot] [INFO]:[INFO] [fetchPendingTasks]: fetchPendingTasks raw[30]: {"code":0,"data":[],"total":0}
[2026-06-23 16:21:42] [hamibot] [INFO]:[INFO] [fetchPendingTasks]: fetchPendingTasks raw[30]: {"code":0,"data":[],"total":0}
[2026-06-23 16:21:58] [hamibot] [INFO]:[INFO] [fetchPendingTasks]: fetchPendingTasks raw[30]: {"code":0,"data":[],"total":0}
[2026-06-23 16:22:13] [hamibot] [INFO]:[INFO] [fetchPendingTasks]: fetchPendingTasks raw[30]: {"code":0,"data":[],"total":0}
[2026-06-23 16:22:28] [hamibot] [INFO]:[INFO] [fetchPendingTasks]: fetchPendingTasks raw[30]: {"code":0,"data":[],"total":0}
[2026-06-23 16:22:44] [hamibot] [INFO]:[INFO] [fetchPendingTasks]: fetchPendingTasks raw[30]: {"code":0,"data":[],"total":0}
[2026-06-23 16:23:00] [hamibot] [INFO]:[INFO] [fetchPendingTasks]: fetchPendingTasks raw[30]: {"code":0,"data":[],"total":0}
[2026-06-23 16:23:15] [hamibot] [INFO]:[INFO] [fetchPendingTasks]: fetchPendingTasks raw[30]: {"code":0,"data":[],"total":0}
[2026-06-23 16:23:31] [hamibot] [INFO]:[INFO] [fetchPendingTasks]: fetchPendingTasks raw[30]: {"code":0,"data":[],"total":0}
[2026-06-23 16:23:47] [hamibot] [INFO]:[INFO] [fetchPendingTasks]: fetchPendingTasks raw[30]: {"code":0,"data":[],"total":0}
[2026-06-23 16:24:02] [hamibot] [INFO]:[INFO] [fetchPendingTasks]: fetchPendingTasks raw[30]: {"code":0,"data":[],"total":0}
[2026-06-23 16:24:18] [hamibot] [INFO]:[INFO] [fetchPendingTasks]: fetchPendingTasks raw[30]: {"code":0,"data":[],"total":0}
[2026-06-23 16:24:33] [hamibot] [INFO]:[INFO] [fetchPendingTasks]: fetchPendingTasks raw[30]: {"code":0,"data":[],"total":0}
[2026-06-23 16:24:49] [hamibot] [INFO]:[INFO] [fetchPendingTasks]: fetchPendingTasks raw[30]: {"code":0,"data":[],"total":0}
[2026-06-23 16:25:04] [hamibot] [INFO]:[INFO] [fetchPendingTasks]: fetchPendingTasks raw[30]: {"code":0,"data":[],"total":0}
[2026-06-23 16:25:19] [hamibot] [INFO]:[INFO] [fetchPendingTasks]: fetchPendingTasks raw[30]: {"code":0,"data":[],"total":0}
[2026-06-23 16:25:34] [hamibot] [INFO]:[INFO] [fetchPendingTasks]: fetchPendingTasks raw[30]: {"code":0,"data":[],"total":0}
[2026-06-23 16:25:50] [hamibot] [INFO]:[INFO] [fetchPendingTasks]: fetchPendingTasks raw[30]: {"code":0,"data":[],"total":0}
[2026-06-23 16:26:05] [hamibot] [INFO]:[INFO] [fetchPendingTasks]: fetchPendingTasks raw[30]: {"code":0,"data":[],"total":0}
[2026-06-23 16:26:21] [hamibot] [INFO]:[INFO] [fetchPendingTasks]: fetchPendingTasks raw[30]: {"code":0,"data":[],"total":0}
[2026-06-23 16:26:36] [hamibot] [INFO]:[INFO] [fetchPendingTasks]: fetchPendingTasks raw[30]: {"code":0,"data":[],"total":0}
[2026-06-23 16:26:52] [hamibot] [INFO]:[INFO] [fetchPendingTasks]: fetchPendingTasks raw[30]: {"code":0,"data":[],"total":0}
[2026-06-23 16:27:08] [hamibot] [INFO]:[INFO] [fetchPendingTasks]: fetchPendingTasks raw[30]: {"code":0,"data":[],"total":0}
[2026-06-23 16:27:24] [hamibot] [INFO]:[INFO] [fetchPendingTasks]: fetchPendingTasks raw[30]: {"code":0,"data":[],"total":0}
[2026-06-23 16:27:40] [hamibot] [INFO]:[INFO] [fetchPendingTasks]: fetchPendingTasks raw[30]: {"code":0,"data":[],"total":0}
[2026-06-23 16:27:55] [hamibot] [INFO]:[INFO] [fetchPendingTasks]: fetchPendingTasks raw[30]: {"code":0,"data":[],"total":0}
[2026-06-23 16:28:10] [hamibot] [INFO]:[INFO] [fetchPendingTasks]: fetchPendingTasks raw[30]: {"code":0,"data":[],"total":0}
[2026-06-23 16:28:25] [hamibot] [INFO]:[INFO] [fetchPendingTasks]: fetchPendingTasks raw[30]: {"code":0,"data":[],"total":0}
[2026-06-23 16:28:40] [hamibot] [INFO]:[INFO] [fetchPendingTasks]: fetchPendingTasks raw[30]: {"code":0,"data":[],"total":0}
[2026-06-23 16:28:56] [hamibot] [INFO]:[INFO] [fetchPendingTasks]: fetchPendingTasks raw[30]: {"code":0,"data":[],"total":0}
[2026-06-23 16:29:11] [hamibot] [INFO]:[INFO] [fetchPendingTasks]: fetchPendingTasks raw[30]: {"code":0,"data":[],"total":0}
[2026-06-23 16:29:27] [hamibot] [INFO]:[INFO] [fetchPendingTasks]: fetchPendingTasks raw[30]: {"code":0,"data":[],"total":0}
[2026-06-23 16:29:43] [hamibot] [INFO]:[INFO] [fetchPendingTasks]: fetchPendingTasks raw[30]: {"code":0,"data":[],"total":0}
[2026-06-23 16:29:58] [hamibot] [INFO]:[INFO] [fetchPendingTasks]: fetchPendingTasks raw[30]: {"code":0,"data":[],"total":0}
[2026-06-23 16:30:13] [hamibot] [INFO]:[INFO] [fetchPendingTasks]: fetchPendingTasks raw[30]: {"code":0,"data":[],"total":0}
[2026-06-23 16:30:28] [hamibot] [INFO]:[INFO] [fetchPendingTasks]: fetchPendingTasks raw[30]: {"code":0,"data":[],"total":0}
[2026-06-23 16:30:43] [hamibot] [INFO]:[INFO] [fetchPendingTasks]: fetchPendingTasks raw[30]: {"code":0,"data":[],"total":0}
[2026-06-23 16:30:59] [hamibot] [INFO]:[INFO] [fetchPendingTasks]: fetchPendingTasks raw[30]: {"code":0,"data":[],"total":0}
[2026-06-23 16:31:14] [hamibot] [INFO]:[INFO] [fetchPendingTasks]: fetchPendingTasks raw[30]: {"code":0,"data":[],"total":0}
[2026-06-23 16:31:29] [hamibot] [INFO]:[INFO] [fetchPendingTasks]: fetchPendingTasks raw[30]: {"code":0,"data":[],"total":0}
[2026-06-23 16:31:44] [hamibot] [INFO]:[INFO] [fetchPendingTasks]: fetchPendingTasks raw[30]: {"code":0,"data":[],"total":0}
[2026-06-23 16:32:00] [hamibot] [INFO]:[INFO] [fetchPendingTasks]: fetchPendingTasks raw[30]: {"code":0,"data":[],"total":0}
[2026-06-23 16:32:15] [hamibot] [INFO]:[INFO] [fetchPendingTasks]: fetchPendingTasks raw[30]: {"code":0,"data":[],"total":0}
[2026-06-23 16:32:30] [hamibot] [INFO]:[INFO] [fetchPendingTasks]: fetchPendingTasks raw[30]: {"code":0,"data":[],"total":0}
[2026-06-23 16:32:45] [hamibot] [INFO]:[INFO] [fetchPendingTasks]: fetchPendingTasks raw[30]: {"code":0,"data":[],"total":0}
[2026-06-23 16:33:00] [hamibot] [INFO]:[INFO] [fetchPendingTasks]: fetchPendingTasks raw[30]: {"code":0,"data":[],"total":0}
[2026-06-23 16:33:15] [hamibot] [INFO]:[INFO] [fetchPendingTasks]: fetchPendingTasks raw[30]: {"code":0,"data":[],"total":0}
[2026-06-23 16:33:30] [hamibot] [INFO]:[INFO] [fetchPendingTasks]: fetchPendingTasks raw[30]: {"code":0,"data":[],"total":0}
[2026-06-23 16:33:45] [hamibot] [INFO]:[INFO] [fetchPendingTasks]: fetchPendingTasks raw[30]: {"code":0,"data":[],"total":0}
[2026-06-23 16:34:00] [hamibot] [INFO]:[INFO] [fetchPendingTasks]: fetchPendingTasks raw[30]: {"code":0,"data":[],"total":0}
[2026-06-23 16:34:15] [hamibot] [INFO]:[INFO] [fetchPendingTasks]: fetchPendingTasks raw[30]: {"code":0,"data":[],"total":0}
[2026-06-23 16:34:31] [hamibot] [INFO]:[INFO] [fetchPendingTasks]: fetchPendingTasks raw[30]: {"code":0,"data":[],"total":0}
[2026-06-23 16:34:46] [hamibot] [INFO]:[INFO] [fetchPendingTasks]: fetchPendingTasks raw[30]: {"code":0,"data":[],"total":0}
[2026-06-23 16:35:01] [hamibot] [INFO]:[INFO] [fetchPendingTasks]: fetchPendingTasks raw[30]: {"code":0,"data":[],"total":0}
[2026-06-23 16:35:16] [hamibot] [INFO]:[INFO] [fetchPendingTasks]: fetchPendingTasks raw[30]: {"code":0,"data":[],"total":0}
[2026-06-23 16:35:31] [hamibot] [INFO]:[INFO] [fetchPendingTasks]: fetchPendingTasks raw[30]: {"code":0,"data":[],"total":0}
[2026-06-23 16:35:46] [hamibot] [INFO]:[INFO] [fetchPendingTasks]: fetchPendingTasks raw[30]: {"code":0,"data":[],"total":0}
[2026-06-23 16:36:01] [hamibot] [INFO]:[INFO] [fetchPendingTasks]: fetchPendingTasks raw[30]: {"code":0,"data":[],"total":0}
[2026-06-23 16:36:17] [hamibot] [INFO]:[INFO] [fetchPendingTasks]: fetchPendingTasks raw[30]: {"code":0,"data":[],"total":0}
[2026-06-23 16:36:32] [hamibot] [INFO]:[INFO] [fetchPendingTasks]: fetchPendingTasks raw[30]: {"code":0,"data":[],"total":0}
[2026-06-23 16:36:47] [hamibot] [INFO]:[INFO] [fetchPendingTasks]: fetchPendingTasks raw[30]: {"code":0,"data":[],"total":0}
[2026-06-23 16:37:02] [hamibot] [INFO]:[INFO] [fetchPendingTasks]: fetchPendingTasks raw[30]: {"code":0,"data":[],"total":0}
[2026-06-23 16:37:17] [hamibot] [INFO]:[INFO] [fetchPendingTasks]: fetchPendingTasks raw[30]: {"code":0,"data":[],"total":0}
[2026-06-23 16:37:32] [hamibot] [INFO]:[INFO] [fetchPendingTasks]: fetchPendingTasks raw[30]: {"code":0,"data":[],"total":0}
[2026-06-23 16:37:47] [hamibot] [INFO]:[INFO] [fetchPendingTasks]: fetchPendingTasks raw[30]: {"code":0,"data":[],"total":0}
[2026-06-23 16:38:02] [hamibot] [INFO]:[INFO] [fetchPendingTasks]: fetchPendingTasks raw[30]: {"code":0,"data":[],"total":0}
[2026-06-23 16:38:17] [hamibot] [INFO]:[INFO] [fetchPendingTasks]: fetchPendingTasks raw[30]: {"code":0,"data":[],"total":0}
[2026-06-23 16:38:32] [hamibot] [INFO]:[INFO] [fetchPendingTasks]: fetchPendingTasks raw[30]: {"code":0,"data":[],"total":0}
[2026-06-23 16:38:48] [hamibot] [INFO]:[INFO] [fetchPendingTasks]: fetchPendingTasks raw[30]: {"code":0,"data":[],"total":0}
[2026-06-23 16:39:03] [hamibot] [INFO]:[INFO] [fetchPendingTasks]: fetchPendingTasks raw[30]: {"code":0,"data":[],"total":0}
[2026-06-23 16:39:18] [hamibot] [INFO]:[INFO] [fetchPendingTasks]: fetchPendingTasks raw[30]: {"code":0,"data":[],"total":0}
[2026-06-23 16:39:33] [hamibot] [INFO]:[INFO] [fetchPendingTasks]: fetchPendingTasks raw[30]: {"code":0,"data":[],"total":0}
[2026-06-23 16:39:48] [hamibot] [INFO]:[INFO] [fetchPendingTasks]: fetchPendingTasks raw[30]: {"code":0,"data":[],"total":0}
[2026-06-23 16:40:03] [hamibot] [INFO]:[INFO] [fetchPendingTasks]: fetchPendingTasks raw[30]: {"code":0,"data":[],"total":0}
[2026-06-23 16:40:18] [hamibot] [INFO]:[INFO] [fetchPendingTasks]: fetchPendingTasks raw[30]: {"code":0,"data":[],"total":0}
[2026-06-23 16:40:33] [hamibot] [INFO]:[INFO] [fetchPendingTasks]: fetchPendingTasks raw[30]: {"code":0,"data":[],"total":0}
[2026-06-23 16:40:48] [hamibot] [INFO]:[INFO] [fetchPendingTasks]: fetchPendingTasks raw[30]: {"code":0,"data":[],"total":0}
[2026-06-23 16:41:03] [hamibot] [INFO]:[INFO] [fetchPendingTasks]: fetchPendingTasks raw[30]: {"code":0,"data":[],"total":0}
[2026-06-23 16:41:18] [hamibot] [INFO]:[INFO] [fetchPendingTasks]: fetchPendingTasks raw[30]: {"code":0,"data":[],"total":0}
[2026-06-23 16:41:34] [hamibot] [INFO]:[INFO] [fetchPendingTasks]: fetchPendingTasks raw[30]: {"code":0,"data":[],"total":0}
[2026-06-23 16:41:49] [hamibot] [INFO]:[INFO] [fetchPendingTasks]: fetchPendingTasks raw[30]: {"code":0,"data":[],"total":0}
[2026-06-23 16:42:04] [hamibot] [INFO]:[INFO] [fetchPendingTasks]: fetchPendingTasks raw[30]: {"code":0,"data":[],"total":0}
[2026-06-23 16:42:19] [hamibot] [INFO]:[INFO] [fetchPendingTasks]: fetchPendingTasks raw[30]: {"code":0,"data":[],"total":0}
[2026-06-23 16:42:34] [hamibot] [INFO]:[INFO] [fetchPendingTasks]: fetchPendingTasks raw[30]: {"code":0,"data":[],"total":0}
[2026-06-23 16:42:49] [hamibot] [INFO]:[INFO] [fetchPendingTasks]: fetchPendingTasks raw[30]: {"code":0,"data":[],"total":0}
[2026-06-23 16:43:04] [hamibot] [INFO]:[INFO] [fetchPendingTasks]: fetchPendingTasks raw[30]: {"code":0,"data":[],"total":0}
[2026-06-23 16:43:19] [hamibot] [INFO]:[INFO] [fetchPendingTasks]: fetchPendingTasks raw[30]: {"code":0,"data":[],"total":0}
[2026-06-23 16:43:34] [hamibot] [INFO]:[INFO] [fetchPendingTasks]: fetchPendingTasks raw[30]: {"code":0,"data":[],"total":0}
[2026-06-23 16:43:49] [hamibot] [INFO]:[INFO] [fetchPendingTasks]: fetchPendingTasks raw[30]: {"code":0,"data":[],"total":0}
[2026-06-23 16:44:04] [hamibot] [INFO]:[INFO] [fetchPendingTasks]: fetchPendingTasks raw[30]: {"code":0,"data":[],"total":0}
[2026-06-23 16:44:20] [hamibot] [INFO]:[INFO] [fetchPendingTasks]: fetchPendingTasks raw[30]: {"code":0,"data":[],"total":0}
[2026-06-23 16:44:35] [hamibot] [INFO]:[INFO] [fetchPendingTasks]: fetchPendingTasks raw[30]: {"code":0,"data":[],"total":0}
[2026-06-23 16:44:50] [hamibot] [INFO]:[INFO] [fetchPendingTasks]: fetchPendingTasks raw[30]: {"code":0,"data":[],"total":0}
[2026-06-23 16:45:05] [hamibot] [INFO]:[INFO] [fetchPendingTasks]: fetchPendingTasks raw[30]: {"code":0,"data":[],"total":0}
[2026-06-23 16:45:20] [hamibot] [INFO]:[INFO] [fetchPendingTasks]: fetchPendingTasks raw[30]: {"code":0,"data":[],"total":0}
[2026-06-23 16:45:35] [hamibot] [INFO]:[INFO] [fetchPendingTasks]: fetchPendingTasks raw[30]: {"code":0,"data":[],"total":0}
[2026-06-23 16:45:50] [hamibot] [INFO]:[INFO] [fetchPendingTasks]: fetchPendingTasks raw[30]: {"code":0,"data":[],"total":0}
[2026-06-23 16:46:05] [hamibot] [INFO]:[INFO] [fetchPendingTasks]: fetchPendingTasks raw[30]: {"code":0,"data":[],"total":0}
[2026-06-23 16:46:20] [hamibot] [INFO]:[INFO] [fetchPendingTasks]: fetchPendingTasks raw[30]: {"code":0,"data":[],"total":0}
[2026-06-23 16:46:35] [hamibot] [INFO]:[INFO] [fetchPendingTasks]: fetchPendingTasks raw[30]: {"code":0,"data":[],"total":0}
[2026-06-23 16:46:50] [hamibot] [INFO]:[INFO] [fetchPendingTasks]: fetchPendingTasks raw[30]: {"code":0,"data":[],"total":0}
[2026-06-23 16:47:06] [hamibot] [INFO]:[INFO] [fetchPendingTasks]: fetchPendingTasks raw[30]: {"code":0,"data":[],"total":0}
[2026-06-23 16:47:21] [hamibot] [INFO]:[INFO] [fetchPendingTasks]: fetchPendingTasks raw[30]: {"code":0,"data":[],"total":0}
[2026-06-23 16:47:36] [hamibot] [INFO]:[INFO] [fetchPendingTasks]: fetchPendingTasks raw[30]: {"code":0,"data":[],"total":0}
[2026-06-23 16:47:51] [hamibot] [INFO]:[INFO] [fetchPendingTasks]: fetchPendingTasks raw[30]: {"code":0,"data":[],"total":0}
[2026-06-23 16:48:06] [hamibot] [INFO]:[INFO] [fetchPendingTasks]: fetchPendingTasks raw[30]: {"code":0,"data":[],"total":0}
[2026-06-23 16:48:21] [hamibot] [INFO]:[INFO] [fetchPendingTasks]: fetchPendingTasks raw[30]: {"code":0,"data":[],"total":0}
[2026-06-23 16:49:15] [hamibot] [INFO]:[INFO] [fetchPendingTasks]: fetchPendingTasks raw[30]: {"code":0,"data":[],"total":0}
[2026-06-23 16:49:34] [hamibot] [INFO]:[INFO] [fetchPendingTasks]: fetchPendingTasks raw[30]: {"code":0,"data":[],"total":0}
[2026-06-23 16:49:49] [hamibot] [INFO]:[INFO] [fetchPendingTasks]: fetchPendingTasks raw[30]: {"code":0,"data":[],"total":0}
[2026-06-23 16:50:04] [hamibot] [INFO]:[INFO] [fetchPendingTasks]: fetchPendingTasks raw[30]: {"code":0,"data":[],"total":0}
[2026-06-23 16:50:19] [hamibot] [INFO]:[INFO] [fetchPendingTasks]: fetchPendingTasks raw[30]: {"code":0,"data":[],"total":0}
[2026-06-23 16:50:35] [hamibot] [INFO]:[INFO] [fetchPendingTasks]: fetchPendingTasks raw[30]: {"code":0,"data":[],"total":0}
[2026-06-23 16:50:50] [hamibot] [INFO]:[INFO] [fetchPendingTasks]: fetchPendingTasks raw[30]: {"code":0,"data":[],"total":0}
[2026-06-23 16:51:05] [hamibot] [INFO]:[INFO] [fetchPendingTasks]: fetchPendingTasks raw[30]: {"code":0,"data":[],"total":0}
[2026-06-23 16:51:20] [hamibot] [INFO]:[INFO] [fetchPendingTasks]: fetchPendingTasks raw[30]: {"code":0,"data":[],"total":0}
[2026-06-23 16:51:36] [hamibot] [INFO]:[INFO] [fetchPendingTasks]: fetchPendingTasks raw[30]: {"code":0,"data":[],"total":0}
[2026-06-23 16:51:51] [hamibot] [INFO]:[INFO] [fetchPendingTasks]: fetchPendingTasks raw[30]: {"code":0,"data":[],"total":0}
[2026-06-23 16:52:06] [hamibot] [INFO]:[INFO] [fetchPendingTasks]: fetchPendingTasks raw[30]: {"code":0,"data":[],"total":0}
[2026-06-23 16:52:21] [hamibot] [INFO]:[INFO] [fetchPendingTasks]: fetchPendingTasks raw[30]: {"code":0,"data":[],"total":0}
[2026-06-23 16:52:36] [hamibot] [INFO]:[INFO] [fetchPendingTasks]: fetchPendingTasks raw[30]: {"code":0,"data":[],"total":0}
[2026-06-23 16:52:51] [hamibot] [INFO]:[INFO] [fetchPendingTasks]: fetchPendingTasks raw[30]: {"code":0,"data":[],"total":0}
[2026-06-23 16:53:06] [hamibot] [INFO]:[INFO] [fetchPendingTasks]: fetchPendingTasks raw[30]: {"code":0,"data":[],"total":0}
[2026-06-23 16:53:21] [hamibot] [INFO]:[INFO] [fetchPendingTasks]: fetchPendingTasks raw[30]: {"code":0,"data":[],"total":0}
[2026-06-23 16:53:37] [hamibot] [INFO]:[INFO] [fetchPendingTasks]: fetchPendingTasks raw[30]: {"code":0,"data":[],"total":0}
[2026-06-23 16:53:52] [hamibot] [INFO]:[INFO] [fetchPendingTasks]: fetchPendingTasks raw[30]: {"code":0,"data":[],"total":0}
[2026-06-23 16:54:07] [hamibot] [INFO]:[INFO] [fetchPendingTasks]: fetchPendingTasks raw[30]: {"code":0,"data":[],"total":0}
[2026-06-23 16:54:23] [hamibot] [INFO]:[INFO] [fetchPendingTasks]: fetchPendingTasks raw[30]: {"code":0,"data":[],"total":0}
[2026-06-23 16:54:38] [hamibot] [INFO]:[INFO] [fetchPendingTasks]: fetchPendingTasks raw[30]: {"code":0,"data":[],"total":0}
[2026-06-23 16:54:53] [hamibot] [INFO]:[INFO] [fetchPendingTasks]: fetchPendingTasks raw[30]: {"code":0,"data":[],"total":0}
[2026-06-23 16:55:08] [hamibot] [INFO]:[INFO] [fetchPendingTasks]: fetchPendingTasks raw[30]: {"code":0,"data":[],"total":0}
[2026-06-23 16:55:23] [hamibot] [INFO]:[INFO] [fetchPendingTasks]: fetchPendingTasks raw[30]: {"code":0,"data":[],"total":0}
[2026-06-23 16:55:38] [hamibot] [INFO]:[INFO] [fetchPendingTasks]: fetchPendingTasks raw[30]: {"code":0,"data":[],"total":0}
[2026-06-23 16:55:53] [hamibot] [INFO]:[INFO] [fetchPendingTasks]: fetchPendingTasks raw[30]: {"code":0,"data":[],"total":0}
[2026-06-23 16:56:09] [hamibot] [INFO]:[INFO] [fetchPendingTasks]: fetchPendingTasks raw[30]: {"code":0,"data":[],"total":0}
[2026-06-23 16:56:24] [hamibot] [INFO]:[INFO] [fetchPendingTasks]: fetchPendingTasks raw[30]: {"code":0,"data":[],"total":0}
[2026-06-23 16:56:39] [hamibot] [INFO]:[INFO] [fetchPendingTasks]: fetchPendingTasks raw[30]: {"code":0,"data":[],"total":0}
[2026-06-23 16:56:54] [hamibot] [INFO]:[INFO] [fetchPendingTasks]: fetchPendingTasks raw[30]: {"code":0,"data":[],"total":0}
[2026-06-23 16:57:09] [hamibot] [INFO]:[INFO] [fetchPendingTasks]: fetchPendingTasks raw[30]: {"code":0,"data":[],"total":0}
[2026-06-23 16:57:24] [hamibot] [INFO]:[INFO] [fetchPendingTasks]: fetchPendingTasks raw[30]: {"code":0,"data":[],"total":0}
[2026-06-23 16:57:39] [hamibot] [INFO]:[INFO] [fetchPendingTasks]: fetchPendingTasks raw[30]: {"code":0,"data":[],"total":0}
[2026-06-23 16:57:55] [hamibot] [INFO]:[INFO] [fetchPendingTasks]: fetchPendingTasks raw[30]: {"code":0,"data":[],"total":0}
[2026-06-23 16:58:10] [hamibot] [INFO]:[INFO] [fetchPendingTasks]: fetchPendingTasks raw[30]: {"code":0,"data":[],"total":0}
[2026-06-23 16:58:26] [hamibot] [INFO]:[INFO] [fetchPendingTasks]: fetchPendingTasks raw[30]: {"code":0,"data":[],"total":0}
[2026-06-23 16:58:41] [hamibot] [INFO]:[INFO] [fetchPendingTasks]: fetchPendingTasks raw[30]: {"code":0,"data":[],"total":0}
[2026-06-23 16:58:56] [hamibot] [INFO]:[INFO] [fetchPendingTasks]: fetchPendingTasks raw[30]: {"code":0,"data":[],"total":0}
[2026-06-23 16:59:11] [hamibot] [INFO]:[INFO] [fetchPendingTasks]: fetchPendingTasks raw[30]: {"code":0,"data":[],"total":0}
[2026-06-23 16:59:27] [hamibot] [INFO]:[INFO] [fetchPendingTasks]: fetchPendingTasks raw[30]: {"code":0,"data":[],"total":0}
[2026-06-23 16:59:42] [hamibot] [INFO]:[INFO] [fetchPendingTasks]: fetchPendingTasks raw[30]: {"code":0,"data":[],"total":0}
[2026-06-23 16:59:57] [hamibot] [INFO]:[INFO] [fetchPendingTasks]: fetchPendingTasks raw[30]: {"code":0,"data":[],"total":0}
[2026-06-23 17:00:12] [hamibot] [INFO]:[INFO] [fetchPendingTasks]: fetchPendingTasks raw[30]: {"code":0,"data":[],"total":0}
[2026-06-23 17:00:27] [hamibot] [INFO]:[INFO] [fetchPendingTasks]: fetchPendingTasks raw[30]: {"code":0,"data":[],"total":0}
[2026-06-23 17:00:43] [hamibot] [INFO]:[INFO] [fetchPendingTasks]: fetchPendingTasks raw[30]: {"code":0,"data":[],"total":0}
[2026-06-23 17:00:58] [hamibot] [INFO]:[INFO] [fetchPendingTasks]: fetchPendingTasks raw[30]: {"code":0,"data":[],"total":0}
[2026-06-23 17:01:13] [hamibot] [INFO]:[INFO] [fetchPendingTasks]: fetchPendingTasks raw[30]: {"code":0,"data":[],"total":0}
[2026-06-23 17:01:28] [hamibot] [INFO]:[INFO] [fetchPendingTasks]: fetchPendingTasks raw[30]: {"code":0,"data":[],"total":0}
[2026-06-23 17:01:43] [hamibot] [INFO]:[INFO] [fetchPendingTasks]: fetchPendingTasks raw[30]: {"code":0,"data":[],"total":0}
[2026-06-23 17:01:59] [hamibot] [INFO]:[INFO] [fetchPendingTasks]: fetchPendingTasks raw[30]: {"code":0,"data":[],"total":0}
[2026-06-23 17:02:14] [hamibot] [INFO]:[INFO] [fetchPendingTasks]: fetchPendingTasks raw[30]: {"code":0,"data":[],"total":0}
[2026-06-23 17:02:29] [hamibot] [INFO]:[INFO] [fetchPendingTasks]: fetchPendingTasks raw[30]: {"code":0,"data":[],"total":0}
[2026-06-23 17:02:44] [hamibot] [INFO]:[INFO] [fetchPendingTasks]: fetchPendingTasks raw[30]: {"code":0,"data":[],"total":0}
[2026-06-23 17:02:59] [hamibot] [INFO]:[INFO] [fetchPendingTasks]: fetchPendingTasks raw[30]: {"code":0,"data":[],"total":0}
[2026-06-23 17:03:14] [hamibot] [INFO]:[INFO] [fetchPendingTasks]: fetchPendingTasks raw[30]: {"code":0,"data":[],"total":0}
[2026-06-23 17:03:30] [hamibot] [INFO]:[INFO] [fetchPendingTasks]: fetchPendingTasks raw[30]: {"code":0,"data":[],"total":0}
[2026-06-23 17:03:45] [hamibot] [INFO]:[INFO] [fetchPendingTasks]: fetchPendingTasks raw[30]: {"code":0,"data":[],"total":0}
[2026-06-23 17:04:01] [hamibot] [INFO]:[INFO] [fetchPendingTasks]: fetchPendingTasks raw[30]: {"code":0,"data":[],"total":0}
[2026-06-23 17:04:16] [hamibot] [INFO]:[INFO] [fetchPendingTasks]: fetchPendingTasks raw[30]: {"code":0,"data":[],"total":0}
[2026-06-23 17:04:33] [hamibot] [INFO]:[INFO] [fetchPendingTasks]: fetchPendingTasks raw[30]: {"code":0,"data":[],"total":0}
[2026-06-23 17:04:48] [hamibot] [INFO]:[INFO] [fetchPendingTasks]: fetchPendingTasks raw[30]: {"code":0,"data":[],"total":0}
[2026-06-23 17:05:04] [hamibot] [INFO]:[INFO] [fetchPendingTasks]: fetchPendingTasks raw[30]: {"code":0,"data":[],"total":0}
[2026-06-23 17:05:19] [hamibot] [INFO]:[INFO] [fetchPendingTasks]: fetchPendingTasks raw[30]: {"code":0,"data":[],"total":0}
[2026-06-23 17:05:35] [hamibot] [INFO]:[INFO] [fetchPendingTasks]: fetchPendingTasks raw[30]: {"code":0,"data":[],"total":0}
[2026-06-23 17:05:50] [hamibot] [INFO]:[INFO] [fetchPendingTasks]: fetchPendingTasks raw[30]: {"code":0,"data":[],"total":0}
[2026-06-23 17:06:06] [hamibot] [INFO]:[INFO] [fetchPendingTasks]: fetchPendingTasks raw[30]: {"code":0,"data":[],"total":0}
[2026-06-23 17:06:23] [hamibot] [INFO]:[INFO] [fetchPendingTasks]: fetchPendingTasks raw[30]: {"code":0,"data":[],"total":0}
[2026-06-23 17:06:39] [hamibot] [INFO]:[INFO] [fetchPendingTasks]: fetchPendingTasks raw[30]: {"code":0,"data":[],"total":0}
[2026-06-23 17:06:55] [hamibot] [INFO]:[INFO] [fetchPendingTasks]: fetchPendingTasks raw[30]: {"code":0,"data":[],"total":0}
[2026-06-23 17:07:11] [hamibot] [INFO]:[INFO] [fetchPendingTasks]: fetchPendingTasks raw[30]: {"code":0,"data":[],"total":0}
[2026-06-23 17:07:27] [hamibot] [INFO]:[INFO] [fetchPendingTasks]: fetchPendingTasks raw[30]: {"code":0,"data":[],"total":0}
[2026-06-23 17:07:43] [hamibot] [INFO]:[INFO] [fetchPendingTasks]: fetchPendingTasks raw[30]: {"code":0,"data":[],"total":0}
[2026-06-23 17:07:58] [hamibot] [INFO]:[INFO] [fetchPendingTasks]: fetchPendingTasks raw[30]: {"code":0,"data":[],"total":0}
[2026-06-23 17:08:14] [hamibot] [INFO]:[INFO] [fetchPendingTasks]: fetchPendingTasks raw[30]: {"code":0,"data":[],"total":0}
[2026-06-23 17:08:29] [hamibot] [INFO]:[INFO] [fetchPendingTasks]: fetchPendingTasks raw[30]: {"code":0,"data":[],"total":0}
[2026-06-23 17:08:44] [hamibot] [INFO]:[INFO] [fetchPendingTasks]: fetchPendingTasks raw[30]: {"code":0,"data":[],"total":0}
[2026-06-23 17:08:59] [hamibot] [INFO]:[INFO] [fetchPendingTasks]: fetchPendingTasks raw[30]: {"code":0,"data":[],"total":0}
[2026-06-23 17:09:15] [hamibot] [INFO]:[INFO] [fetchPendingTasks]: fetchPendingTasks raw[30]: {"code":0,"data":[],"total":0}
[2026-06-23 17:09:30] [hamibot] [INFO]:[INFO] [fetchPendingTasks]: fetchPendingTasks raw[30]: {"code":0,"data":[],"total":0}
[2026-06-23 17:09:45] [hamibot] [INFO]:[INFO] [fetchPendingTasks]: fetchPendingTasks raw[30]: {"code":0,"data":[],"total":0}
[2026-06-23 17:10:01] [hamibot] [INFO]:[INFO] [fetchPendingTasks]: fetchPendingTasks raw[30]: {"code":0,"data":[],"total":0}
[2026-06-23 17:10:16] [hamibot] [INFO]:[INFO] [fetchPendingTasks]: fetchPendingTasks raw[30]: {"code":0,"data":[],"total":0}
[2026-06-23 17:10:31] [hamibot] [INFO]:[INFO] [fetchPendingTasks]: fetchPendingTasks raw[30]: {"code":0,"data":[],"total":0}
[2026-06-23 17:10:46] [hamibot] [INFO]:[INFO] [fetchPendingTasks]: fetchPendingTasks raw[30]: {"code":0,"data":[],"total":0}
[2026-06-23 17:11:01] [hamibot] [INFO]:[INFO] [fetchPendingTasks]: fetchPendingTasks raw[30]: {"code":0,"data":[],"total":0}
[2026-06-23 17:11:16] [hamibot] [INFO]:[INFO] [fetchPendingTasks]: fetchPendingTasks raw[30]: {"code":0,"data":[],"total":0}
[2026-06-23 17:11:31] [hamibot] [INFO]:[INFO] [fetchPendingTasks]: fetchPendingTasks raw[30]: {"code":0,"data":[],"total":0}
[2026-06-23 17:11:47] [hamibot] [INFO]:[INFO] [fetchPendingTasks]: fetchPendingTasks raw[30]: {"code":0,"data":[],"total":0}
[2026-06-23 17:12:02] [hamibot] [INFO]:[INFO] [fetchPendingTasks]: fetchPendingTasks raw[30]: {"code":0,"data":[],"total":0}
[2026-06-23 17:12:17] [hamibot] [INFO]:[INFO] [fetchPendingTasks]: fetchPendingTasks raw[30]: {"code":0,"data":[],"total":0}
[2026-06-23 17:12:32] [hamibot] [INFO]:[INFO] [fetchPendingTasks]: fetchPendingTasks raw[30]: {"code":0,"data":[],"total":0}
[2026-06-23 17:12:47] [hamibot] [INFO]:[INFO] [fetchPendingTasks]: fetchPendingTasks raw[30]: {"code":0,"data":[],"total":0}
[2026-06-23 17:13:02] [hamibot] [INFO]:[INFO] [fetchPendingTasks]: fetchPendingTasks raw[30]: {"code":0,"data":[],"total":0}
[2026-06-23 17:13:17] [hamibot] [INFO]:[INFO] [fetchPendingTasks]: fetchPendingTasks raw[30]: {"code":0,"data":[],"total":0}
[2026-06-23 17:13:32] [hamibot] [INFO]:[INFO] [fetchPendingTasks]: fetchPendingTasks raw[30]: {"code":0,"data":[],"total":0}
[2026-06-23 17:13:48] [hamibot] [INFO]:[INFO] [fetchPendingTasks]: fetchPendingTasks raw[30]: {"code":0,"data":[],"total":0}
[2026-06-23 17:14:03] [hamibot] [INFO]:[INFO] [fetchPendingTasks]: fetchPendingTasks raw[30]: {"code":0,"data":[],"total":0}
[2026-06-23 17:14:19] [hamibot] [INFO]:[INFO] [fetchPendingTasks]: fetchPendingTasks raw[30]: {"code":0,"data":[],"total":0}
[2026-06-23 17:14:34] [hamibot] [INFO]:[INFO] [fetchPendingTasks]: fetchPendingTasks raw[30]: {"code":0,"data":[],"total":0}
[2026-06-23 17:14:49] [hamibot] [INFO]:[INFO] [fetchPendingTasks]: fetchPendingTasks raw[30]: {"code":0,"data":[],"total":0}
[2026-06-23 17:15:04] [hamibot] [INFO]:[INFO] [fetchPendingTasks]: fetchPendingTasks raw[30]: {"code":0,"data":[],"total":0}
[2026-06-23 17:15:19] [hamibot] [INFO]:[INFO] [fetchPendingTasks]: fetchPendingTasks raw[30]: {"code":0,"data":[],"total":0}
[2026-06-23 17:15:35] [hamibot] [INFO]:[INFO] [fetchPendingTasks]: fetchPendingTasks raw[30]: {"code":0,"data":[],"total":0}
[2026-06-23 17:15:50] [hamibot] [INFO]:[INFO] [fetchPendingTasks]: fetchPendingTasks raw[30]: {"code":0,"data":[],"total":0}
[2026-06-23 17:16:05] [hamibot] [INFO]:[INFO] [fetchPendingTasks]: fetchPendingTasks raw[30]: {"code":0,"data":[],"total":0}
[2026-06-23 17:16:20] [hamibot] [INFO]:[INFO] [fetchPendingTasks]: fetchPendingTasks raw[30]: {"code":0,"data":[],"total":0}
[2026-06-23 17:16:35] [hamibot] [INFO]:[INFO] [fetchPendingTasks]: fetchPendingTasks raw[30]: {"code":0,"data":[],"total":0}
[2026-06-23 17:16:51] [hamibot] [INFO]:[INFO] [fetchPendingTasks]: fetchPendingTasks raw[30]: {"code":0,"data":[],"total":0}
[2026-06-23 17:17:06] [hamibot] [INFO]:[INFO] [fetchPendingTasks]: fetchPendingTasks raw[30]: {"code":0,"data":[],"total":0}
[2026-06-23 17:17:21] [hamibot] [INFO]:[INFO] [fetchPendingTasks]: fetchPendingTasks raw[30]: {"code":0,"data":[],"total":0}
[2026-06-23 17:17:37] [hamibot] [INFO]:[INFO] [fetchPendingTasks]: fetchPendingTasks raw[30]: {"code":0,"data":[],"total":0}
[2026-06-23 17:17:52] [hamibot] [INFO]:[INFO] [fetchPendingTasks]: fetchPendingTasks raw[30]: {"code":0,"data":[],"total":0}
[2026-06-23 17:18:07] [hamibot] [INFO]:[INFO] [fetchPendingTasks]: fetchPendingTasks raw[30]: {"code":0,"data":[],"total":0}
[2026-06-23 17:18:22] [hamibot] [INFO]:[INFO] [fetchPendingTasks]: fetchPendingTasks raw[30]: {"code":0,"data":[],"total":0}
[2026-06-23 17:18:38] [hamibot] [INFO]:[INFO] [fetchPendingTasks]: fetchPendingTasks raw[30]: {"code":0,"data":[],"total":0}
[2026-06-23 17:18:53] [hamibot] [INFO]:[INFO] [fetchPendingTasks]: fetchPendingTasks raw[30]: {"code":0,"data":[],"total":0}
[2026-06-23 17:19:08] [hamibot] [INFO]:[INFO] [fetchPendingTasks]: fetchPendingTasks raw[30]: {"code":0,"data":[],"total":0}
[2026-06-23 17:19:23] [hamibot] [INFO]:[INFO] [fetchPendingTasks]: fetchPendingTasks raw[30]: {"code":0,"data":[],"total":0}
[2026-06-23 17:19:39] [hamibot] [INFO]:[INFO] [fetchPendingTasks]: fetchPendingTasks raw[30]: {"code":0,"data":[],"total":0}
[2026-06-23 17:19:54] [hamibot] [INFO]:[INFO] [fetchPendingTasks]: fetchPendingTasks raw[30]: {"code":0,"data":[],"total":0}
[2026-06-23 17:20:09] [hamibot] [INFO]:[INFO] [fetchPendingTasks]: fetchPendingTasks raw[30]: {"code":0,"data":[],"total":0}
[2026-06-23 17:20:25] [hamibot] [INFO]:[INFO] [fetchPendingTasks]: fetchPendingTasks raw[30]: {"code":0,"data":[],"total":0}
[2026-06-23 17:20:40] [hamibot] [INFO]:[INFO] [fetchPendingTasks]: fetchPendingTasks raw[30]: {"code":0,"data":[],"total":0}
[2026-06-23 17:20:55] [hamibot] [INFO]:[INFO] [fetchPendingTasks]: fetchPendingTasks raw[30]: {"code":0,"data":[],"total":0}
[2026-06-23 17:21:11] [hamibot] [INFO]:[INFO] [fetchPendingTasks]: fetchPendingTasks raw[30]: {"code":0,"data":[],"total":0}
[2026-06-23 17:21:26] [hamibot] [INFO]:[INFO] [fetchPendingTasks]: fetchPendingTasks raw[30]: {"code":0,"data":[],"total":0}
[2026-06-23 17:21:42] [hamibot] [INFO]:[INFO] [fetchPendingTasks]: fetchPendingTasks raw[30]: {"code":0,"data":[],"total":0}
[2026-06-23 17:21:57] [hamibot] [INFO]:[INFO] [fetchPendingTasks]: fetchPendingTasks raw[30]: {"code":0,"data":[],"total":0}
[2026-06-23 17:22:12] [hamibot] [INFO]:[INFO] [fetchPendingTasks]: fetchPendingTasks raw[30]: {"code":0,"data":[],"total":0}
[2026-06-23 17:22:29] [hamibot] [INFO]:[INFO] [fetchPendingTasks]: fetchPendingTasks raw[30]: {"code":0,"data":[],"total":0}
[2026-06-23 17:22:44] [hamibot] [INFO]:[INFO] [fetchPendingTasks]: fetchPendingTasks raw[30]: {"code":0,"data":[],"total":0}
[2026-06-23 17:22:59] [hamibot] [INFO]:[INFO] [fetchPendingTasks]: fetchPendingTasks raw[30]: {"code":0,"data":[],"total":0}
[2026-06-23 17:23:14] [hamibot] [INFO]:[INFO] [fetchPendingTasks]: fetchPendingTasks raw[30]: {"code":0,"data":[],"total":0}
[2026-06-23 17:23:30] [hamibot] [INFO]:[INFO] [fetchPendingTasks]: fetchPendingTasks raw[30]: {"code":0,"data":[],"total":0}
[2026-06-23 17:23:46] [hamibot] [INFO]:[INFO] [fetchPendingTasks]: fetchPendingTasks raw[30]: {"code":0,"data":[],"total":0}
[2026-06-23 17:24:01] [hamibot] [INFO]:[INFO] [fetchPendingTasks]: fetchPendingTasks raw[30]: {"code":0,"data":[],"total":0}
[2026-06-23 17:24:16] [hamibot] [INFO]:[INFO] [fetchPendingTasks]: fetchPendingTasks raw[30]: {"code":0,"data":[],"total":0}
[2026-06-23 17:24:31] [hamibot] [INFO]:[INFO] [fetchPendingTasks]: fetchPendingTasks raw[30]: {"code":0,"data":[],"total":0}
[2026-06-23 17:24:46] [hamibot] [INFO]:[INFO] [fetchPendingTasks]: fetchPendingTasks raw[30]: {"code":0,"data":[],"total":0}
[2026-06-23 17:25:01] [hamibot] [INFO]:[INFO] [fetchPendingTasks]: fetchPendingTasks raw[30]: {"code":0,"data":[],"total":0}
[2026-06-23 17:25:16] [hamibot] [INFO]:[INFO] [fetchPendingTasks]: fetchPendingTasks raw[30]: {"code":0,"data":[],"total":0}
[2026-06-23 17:25:31] [hamibot] [INFO]:[INFO] [fetchPendingTasks]: fetchPendingTasks raw[30]: {"code":0,"data":[],"total":0}
[2026-06-23 17:25:47] [hamibot] [INFO]:[INFO] [fetchPendingTasks]: fetchPendingTasks raw[30]: {"code":0,"data":[],"total":0}
[2026-06-23 17:26:02] [hamibot] [INFO]:[INFO] [fetchPendingTasks]: fetchPendingTasks raw[30]: {"code":0,"data":[],"total":0}
[2026-06-23 17:26:17] [hamibot] [INFO]:[INFO] [fetchPendingTasks]: fetchPendingTasks raw[30]: {"code":0,"data":[],"total":0}
[2026-06-23 17:26:32] [hamibot] [INFO]:[INFO] [fetchPendingTasks]: fetchPendingTasks raw[30]: {"code":0,"data":[],"total":0}
[2026-06-23 17:26:47] [hamibot] [INFO]:[INFO] [fetchPendingTasks]: fetchPendingTasks raw[30]: {"code":0,"data":[],"total":0}
[2026-06-23 17:27:02] [hamibot] [INFO]:[INFO] [fetchPendingTasks]: fetchPendingTasks raw[30]: {"code":0,"data":[],"total":0}
[2026-06-23 17:27:17] [hamibot] [INFO]:[INFO] [fetchPendingTasks]: fetchPendingTasks raw[30]: {"code":0,"data":[],"total":0}
[2026-06-23 17:27:32] [hamibot] [INFO]:[INFO] [fetchPendingTasks]: fetchPendingTasks raw[30]: {"code":0,"data":[],"total":0}
[2026-06-23 17:27:47] [hamibot] [INFO]:[INFO] [fetchPendingTasks]: fetchPendingTasks raw[30]: {"code":0,"data":[],"total":0}
[2026-06-23 17:28:03] [hamibot] [INFO]:[INFO] [fetchPendingTasks]: fetchPendingTasks raw[30]: {"code":0,"data":[],"total":0}
[2026-06-23 17:28:19] [hamibot] [INFO]:[INFO] [fetchPendingTasks]: fetchPendingTasks raw[30]: {"code":0,"data":[],"total":0}
[2026-06-23 17:28:34] [hamibot] [INFO]:[INFO] [fetchPendingTasks]: fetchPendingTasks raw[30]: {"code":0,"data":[],"total":0}
[2026-06-23 17:28:49] [hamibot] [INFO]:[INFO] [fetchPendingTasks]: fetchPendingTasks raw[30]: {"code":0,"data":[],"total":0}
[2026-06-23 17:29:04] [hamibot] [INFO]:[INFO] [fetchPendingTasks]: fetchPendingTasks raw[30]: {"code":0,"data":[],"total":0}
[2026-06-23 17:29:19] [hamibot] [INFO]:[INFO] [fetchPendingTasks]: fetchPendingTasks raw[30]: {"code":0,"data":[],"total":0}
[2026-06-23 17:29:34] [hamibot] [INFO]:[INFO] [fetchPendingTasks]: fetchPendingTasks raw[30]: {"code":0,"data":[],"total":0}
[2026-06-23 17:29:50] [hamibot] [INFO]:[INFO] [fetchPendingTasks]: fetchPendingTasks raw[30]: {"code":0,"data":[],"total":0}
[2026-06-23 17:30:05] [hamibot] [INFO]:[INFO] [fetchPendingTasks]: fetchPendingTasks raw[30]: {"code":0,"data":[],"total":0}
[2026-06-23 17:30:20] [hamibot] [INFO]:[INFO] [fetchPendingTasks]: fetchPendingTasks raw[30]: {"code":0,"data":[],"total":0}
[2026-06-23 17:30:35] [hamibot] [INFO]:[INFO] [fetchPendingTasks]: fetchPendingTasks raw[30]: {"code":0,"data":[],"total":0}
[2026-06-23 17:30:50] [hamibot] [INFO]:[INFO] [fetchPendingTasks]: fetchPendingTasks raw[30]: {"code":0,"data":[],"total":0}
[2026-06-23 17:31:10] [hamibot] [INFO]:[INFO] [fetchPendingTasks]: fetchPendingTasks raw[30]: {"code":0,"data":[],"total":0}
[2026-06-23 17:31:25] [hamibot] [INFO]:[INFO] [fetchPendingTasks]: fetchPendingTasks raw[30]: {"code":0,"data":[],"total":0}
[2026-06-23 17:31:40] [hamibot] [INFO]:[INFO] [fetchPendingTasks]: fetchPendingTasks raw[30]: {"code":0,"data":[],"total":0}
[2026-06-23 17:31:55] [hamibot] [INFO]:[INFO] [fetchPendingTasks]: fetchPendingTasks raw[30]: {"code":0,"data":[],"total":0}
[2026-06-23 17:32:11] [hamibot] [INFO]:[INFO] [fetchPendingTasks]: fetchPendingTasks raw[30]: {"code":0,"data":[],"total":0}
[2026-06-23 17:32:26] [hamibot] [INFO]:[INFO] [fetchPendingTasks]: fetchPendingTasks raw[30]: {"code":0,"data":[],"total":0}
[2026-06-23 17:32:41] [hamibot] [INFO]:[INFO] [fetchPendingTasks]: fetchPendingTasks raw[30]: {"code":0,"data":[],"total":0}
[2026-06-23 17:32:56] [hamibot] [INFO]:[INFO] [fetchPendingTasks]: fetchPendingTasks raw[30]: {"code":0,"data":[],"total":0}
[2026-06-23 17:33:11] [hamibot] [INFO]:[INFO] [fetchPendingTasks]: fetchPendingTasks raw[30]: {"code":0,"data":[],"total":0}
[2026-06-23 17:33:26] [hamibot] [INFO]:[INFO] [fetchPendingTasks]: fetchPendingTasks raw[30]: {"code":0,"data":[],"total":0}
[2026-06-23 17:33:41] [hamibot] [INFO]:[INFO] [fetchPendingTasks]: fetchPendingTasks raw[30]: {"code":0,"data":[],"total":0}
[2026-06-23 17:33:56] [hamibot] [INFO]:[INFO] [fetchPendingTasks]: fetchPendingTasks raw[30]: {"code":0,"data":[],"total":0}
[2026-06-23 17:34:12] [hamibot] [INFO]:[INFO] [fetchPendingTasks]: fetchPendingTasks raw[30]: {"code":0,"data":[],"total":0}
[2026-06-23 17:34:27] [hamibot] [INFO]:[INFO] [fetchPendingTasks]: fetchPendingTasks raw[30]: {"code":0,"data":[],"total":0}
[2026-06-23 17:34:42] [hamibot] [INFO]:[INFO] [fetchPendingTasks]: fetchPendingTasks raw[30]: {"code":0,"data":[],"total":0}
[2026-06-23 17:34:57] [hamibot] [INFO]:[INFO] [fetchPendingTasks]: fetchPendingTasks raw[30]: {"code":0,"data":[],"total":0}
[2026-06-23 17:35:12] [hamibot] [INFO]:[INFO] [fetchPendingTasks]: fetchPendingTasks raw[30]: {"code":0,"data":[],"total":0}
[2026-06-23 17:35:27] [hamibot] [INFO]:[INFO] [fetchPendingTasks]: fetchPendingTasks raw[30]: {"code":0,"data":[],"total":0}
[2026-06-23 17:35:42] [hamibot] [INFO]:[INFO] [fetchPendingTasks]: fetchPendingTasks raw[30]: {"code":0,"data":[],"total":0}
[2026-06-23 17:35:58] [hamibot] [INFO]:[INFO] [fetchPendingTasks]: fetchPendingTasks raw[30]: {"code":0,"data":[],"total":0}
[2026-06-23 17:36:13] [hamibot] [INFO]:[INFO] [fetchPendingTasks]: fetchPendingTasks raw[30]: {"code":0,"data":[],"total":0}
[2026-06-23 17:36:28] [hamibot] [INFO]:[INFO] [fetchPendingTasks]: fetchPendingTasks raw[30]: {"code":0,"data":[],"total":0}
[2026-06-23 17:36:43] [hamibot] [INFO]:[INFO] [fetchPendingTasks]: fetchPendingTasks raw[30]: {"code":0,"data":[],"total":0}
[2026-06-23 17:36:58] [hamibot] [INFO]:[INFO] [fetchPendingTasks]: fetchPendingTasks raw[30]: {"code":0,"data":[],"total":0}
[2026-06-23 17:37:14] [hamibot] [INFO]:[INFO] [fetchPendingTasks]: fetchPendingTasks raw[30]: {"code":0,"data":[],"total":0}
[2026-06-23 17:37:29] [hamibot] [INFO]:[INFO] [fetchPendingTasks]: fetchPendingTasks raw[30]: {"code":0,"data":[],"total":0}
[2026-06-23 17:37:44] [hamibot] [INFO]:[INFO] [fetchPendingTasks]: fetchPendingTasks raw[30]: {"code":0,"data":[],"total":0}
[2026-06-23 17:38:00] [hamibot] [INFO]:[INFO] [fetchPendingTasks]: fetchPendingTasks raw[30]: {"code":0,"data":[],"total":0}
[2026-06-23 17:38:15] [hamibot] [INFO]:[INFO] [fetchPendingTasks]: fetchPendingTasks raw[30]: {"code":0,"data":[],"total":0}
[2026-06-23 17:38:30] [hamibot] [INFO]:[INFO] [fetchPendingTasks]: fetchPendingTasks raw[30]: {"code":0,"data":[],"total":0}
[2026-06-23 17:38:45] [hamibot] [INFO]:[INFO] [fetchPendingTasks]: fetchPendingTasks raw[30]: {"code":0,"data":[],"total":0}
[2026-06-23 17:39:00] [hamibot] [INFO]:[INFO] [fetchPendingTasks]: fetchPendingTasks raw[30]: {"code":0,"data":[],"total":0}
[2026-06-23 17:39:15] [hamibot] [INFO]:[INFO] [fetchPendingTasks]: fetchPendingTasks raw[30]: {"code":0,"data":[],"total":0}
[2026-06-23 17:39:31] [hamibot] [INFO]:[INFO] [fetchPendingTasks]: fetchPendingTasks raw[30]: {"code":0,"data":[],"total":0}
[2026-06-23 17:39:46] [hamibot] [INFO]:[INFO] [fetchPendingTasks]: fetchPendingTasks raw[30]: {"code":0,"data":[],"total":0}
[2026-06-23 17:40:01] [hamibot] [INFO]:[INFO] [fetchPendingTasks]: fetchPendingTasks raw[30]: {"code":0,"data":[],"total":0}
[2026-06-23 17:40:16] [hamibot] [INFO]:[INFO] [fetchPendingTasks]: fetchPendingTasks raw[30]: {"code":0,"data":[],"total":0}
[2026-06-23 17:40:31] [hamibot] [INFO]:[INFO] [fetchPendingTasks]: fetchPendingTasks raw[30]: {"code":0,"data":[],"total":0}
[2026-06-23 17:40:46] [hamibot] [INFO]:[INFO] [fetchPendingTasks]: fetchPendingTasks raw[30]: {"code":0,"data":[],"total":0}
[2026-06-23 17:41:02] [hamibot] [INFO]:[INFO] [fetchPendingTasks]: fetchPendingTasks raw[30]: {"code":0,"data":[],"total":0}
[2026-06-23 17:41:17] [hamibot] [INFO]:[INFO] [fetchPendingTasks]: fetchPendingTasks raw[30]: {"code":0,"data":[],"total":0}
[2026-06-23 17:41:32] [hamibot] [INFO]:[INFO] [fetchPendingTasks]: fetchPendingTasks raw[30]: {"code":0,"data":[],"total":0}
[2026-06-23 17:41:48] [hamibot] [INFO]:[INFO] [fetchPendingTasks]: fetchPendingTasks raw[30]: {"code":0,"data":[],"total":0}
[2026-06-23 17:42:04] [hamibot] [INFO]:[INFO] [fetchPendingTasks]: fetchPendingTasks raw[30]: {"code":0,"data":[],"total":0}
[2026-06-23 17:42:19] [hamibot] [INFO]:[INFO] [fetchPendingTasks]: fetchPendingTasks raw[30]: {"code":0,"data":[],"total":0}
[2026-06-23 17:42:34] [hamibot] [INFO]:[INFO] [fetchPendingTasks]: fetchPendingTasks raw[30]: {"code":0,"data":[],"total":0}
[2026-06-23 17:42:50] [hamibot] [INFO]:[INFO] [fetchPendingTasks]: fetchPendingTasks raw[30]: {"code":0,"data":[],"total":0}
[2026-06-23 17:43:05] [hamibot] [INFO]:[INFO] [fetchPendingTasks]: fetchPendingTasks raw[30]: {"code":0,"data":[],"total":0}
[2026-06-23 17:43:20] [hamibot] [INFO]:[INFO] [fetchPendingTasks]: fetchPendingTasks raw[30]: {"code":0,"data":[],"total":0}
[2026-06-23 17:43:36] [hamibot] [INFO]:[INFO] [fetchPendingTasks]: fetchPendingTasks raw[30]: {"code":0,"data":[],"total":0}
[2026-06-23 17:43:52] [hamibot] [INFO]:[INFO] [fetchPendingTasks]: fetchPendingTasks raw[30]: {"code":0,"data":[],"total":0}
[2026-06-23 17:44:07] [hamibot] [INFO]:[INFO] [fetchPendingTasks]: fetchPendingTasks raw[30]: {"code":0,"data":[],"total":0}
[2026-06-23 17:44:23] [hamibot] [INFO]:[INFO] [fetchPendingTasks]: fetchPendingTasks raw[30]: {"code":0,"data":[],"total":0}
[2026-06-23 17:44:38] [hamibot] [INFO]:[INFO] [fetchPendingTasks]: fetchPendingTasks raw[30]: {"code":0,"data":[],"total":0}
[2026-06-23 17:44:53] [hamibot] [INFO]:[INFO] [fetchPendingTasks]: fetchPendingTasks raw[30]: {"code":0,"data":[],"total":0}
[2026-06-23 17:45:08] [hamibot] [INFO]:[INFO] [fetchPendingTasks]: fetchPendingTasks raw[30]: {"code":0,"data":[],"total":0}
[2026-06-23 17:45:23] [hamibot] [INFO]:[INFO] [fetchPendingTasks]: fetchPendingTasks raw[30]: {"code":0,"data":[],"total":0}
[2026-06-23 17:45:38] [hamibot] [INFO]:[INFO] [fetchPendingTasks]: fetchPendingTasks raw[30]: {"code":0,"data":[],"total":0}
[2026-06-23 17:45:53] [hamibot] [INFO]:[INFO] [fetchPendingTasks]: fetchPendingTasks raw[30]: {"code":0,"data":[],"total":0}
[2026-06-23 17:46:08] [hamibot] [INFO]:[INFO] [fetchPendingTasks]: fetchPendingTasks raw[30]: {"code":0,"data":[],"total":0}
[2026-06-23 17:46:24] [hamibot] [INFO]:[INFO] [fetchPendingTasks]: fetchPendingTasks raw[30]: {"code":0,"data":[],"total":0}
[2026-06-23 17:46:40] [hamibot] [INFO]:[INFO] [fetchPendingTasks]: fetchPendingTasks raw[30]: {"code":0,"data":[],"total":0}
[2026-06-23 17:46:55] [hamibot] [INFO]:[INFO] [fetchPendingTasks]: fetchPendingTasks raw[30]: {"code":0,"data":[],"total":0}
[2026-06-23 17:47:10] [hamibot] [INFO]:[INFO] [fetchPendingTasks]: fetchPendingTasks raw[30]: {"code":0,"data":[],"total":0}
[2026-06-23 17:47:26] [hamibot] [INFO]:[INFO] [fetchPendingTasks]: fetchPendingTasks raw[30]: {"code":0,"data":[],"total":0}
[2026-06-23 17:47:42] [hamibot] [INFO]:[INFO] [fetchPendingTasks]: fetchPendingTasks raw[30]: {"code":0,"data":[],"total":0}
[2026-06-23 17:47:57] [hamibot] [INFO]:[INFO] [fetchPendingTasks]: fetchPendingTasks raw[30]: {"code":0,"data":[],"total":0}
[2026-06-23 17:48:12] [hamibot] [INFO]:[INFO] [fetchPendingTasks]: fetchPendingTasks raw[30]: {"code":0,"data":[],"total":0}
[2026-06-23 17:48:27] [hamibot] [INFO]:[INFO] [fetchPendingTasks]: fetchPendingTasks raw[30]: {"code":0,"data":[],"total":0}
[2026-06-23 17:48:42] [hamibot] [INFO]:[INFO] [fetchPendingTasks]: fetchPendingTasks raw[30]: {"code":0,"data":[],"total":0}
[2026-06-23 17:48:57] [hamibot] [INFO]:[INFO] [fetchPendingTasks]: fetchPendingTasks raw[30]: {"code":0,"data":[],"total":0}
[2026-06-23 17:49:12] [hamibot] [INFO]:[INFO] [fetchPendingTasks]: fetchPendingTasks raw[30]: {"code":0,"data":[],"total":0}
[2026-06-23 17:49:33] [hamibot] [INFO]:[INFO] [fetchPendingTasks]: fetchPendingTasks raw[30]: {"code":0,"data":[],"total":0}
[2026-06-23 17:51:23] [hamibot] [INFO]:[INFO] [fetchPendingTasks]: fetchPendingTasks raw[30]: {"code":0,"data":[],"total":0}
[2026-06-23 17:51:38] [hamibot] [INFO]:[INFO] [fetchPendingTasks]: fetchPendingTasks raw[30]: {"code":0,"data":[],"total":0}
[2026-06-23 17:51:53] [hamibot] [INFO]:[INFO] [fetchPendingTasks]: fetchPendingTasks raw[30]: {"code":0,"data":[],"total":0}
[2026-06-23 17:52:08] [hamibot] [INFO]:[INFO] [fetchPendingTasks]: fetchPendingTasks raw[30]: {"code":0,"data":[],"total":0}
[2026-06-23 17:52:23] [hamibot] [INFO]:[INFO] [fetchPendingTasks]: fetchPendingTasks raw[30]: {"code":0,"data":[],"total":0}
[2026-06-23 17:52:39] [hamibot] [INFO]:[INFO] [fetchPendingTasks]: fetchPendingTasks raw[30]: {"code":0,"data":[],"total":0}
[2026-06-23 17:52:54] [hamibot] [INFO]:[INFO] [fetchPendingTasks]: fetchPendingTasks raw[30]: {"code":0,"data":[],"total":0}
[2026-06-23 17:53:09] [hamibot] [INFO]:[INFO] [fetchPendingTasks]: fetchPendingTasks raw[30]: {"code":0,"data":[],"total":0}
[2026-06-23 17:53:24] [hamibot] [INFO]:[INFO] [fetchPendingTasks]: fetchPendingTasks raw[30]: {"code":0,"data":[],"total":0}
[2026-06-23 17:53:39] [hamibot] [INFO]:[INFO] [fetchPendingTasks]: fetchPendingTasks raw[30]: {"code":0,"data":[],"total":0}
[2026-06-23 17:53:54] [hamibot] [INFO]:[INFO] [fetchPendingTasks]: fetchPendingTasks raw[30]: {"code":0,"data":[],"total":0}
[2026-06-23 17:54:10] [hamibot] [INFO]:[INFO] [fetchPendingTasks]: fetchPendingTasks raw[30]: {"code":0,"data":[],"total":0}
[2026-06-23 17:54:25] [hamibot] [INFO]:[INFO] [fetchPendingTasks]: fetchPendingTasks raw[30]: {"code":0,"data":[],"total":0}
[2026-06-23 17:54:40] [hamibot] [INFO]:[INFO] [fetchPendingTasks]: fetchPendingTasks raw[30]: {"code":0,"data":[],"total":0}
[2026-06-23 17:54:55] [hamibot] [INFO]:[INFO] [fetchPendingTasks]: fetchPendingTasks raw[30]: {"code":0,"data":[],"total":0}
[2026-06-23 17:55:11] [hamibot] [INFO]:[INFO] [fetchPendingTasks]: fetchPendingTasks raw[30]: {"code":0,"data":[],"total":0}
[2026-06-23 17:55:26] [hamibot] [INFO]:[INFO] [fetchPendingTasks]: fetchPendingTasks raw[30]: {"code":0,"data":[],"total":0}
[2026-06-23 17:55:41] [hamibot] [INFO]:[INFO] [fetchPendingTasks]: fetchPendingTasks raw[30]: {"code":0,"data":[],"total":0}
[2026-06-23 17:55:57] [hamibot] [INFO]:[INFO] [fetchPendingTasks]: fetchPendingTasks raw[30]: {"code":0,"data":[],"total":0}
[2026-06-23 17:56:12] [hamibot] [INFO]:[INFO] [fetchPendingTasks]: fetchPendingTasks raw[30]: {"code":0,"data":[],"total":0}
[2026-06-23 17:56:27] [hamibot] [INFO]:[INFO] [fetchPendingTasks]: fetchPendingTasks raw[30]: {"code":0,"data":[],"total":0}
[2026-06-23 17:56:42] [hamibot] [INFO]:[INFO] [fetchPendingTasks]: fetchPendingTasks raw[30]: {"code":0,"data":[],"total":0}
[2026-06-23 17:56:57] [hamibot] [INFO]:[INFO] [fetchPendingTasks]: fetchPendingTasks raw[30]: {"code":0,"data":[],"total":0}
[2026-06-23 17:57:12] [hamibot] [INFO]:[INFO] [fetchPendingTasks]: fetchPendingTasks raw[30]: {"code":0,"data":[],"total":0}
[2026-06-23 17:57:27] [hamibot] [INFO]:[INFO] [fetchPendingTasks]: fetchPendingTasks raw[30]: {"code":0,"data":[],"total":0}
[2026-06-23 17:57:42] [hamibot] [INFO]:[INFO] [fetchPendingTasks]: fetchPendingTasks raw[30]: {"code":0,"data":[],"total":0}
[2026-06-23 17:57:57] [hamibot] [INFO]:[INFO] [fetchPendingTasks]: fetchPendingTasks raw[30]: {"code":0,"data":[],"total":0}
[2026-06-23 17:58:12] [hamibot] [INFO]:[INFO] [fetchPendingTasks]: fetchPendingTasks raw[30]: {"code":0,"data":[],"total":0}
[2026-06-23 17:58:27] [hamibot] [INFO]:[INFO] [fetchPendingTasks]: fetchPendingTasks raw[30]: {"code":0,"data":[],"total":0}
[2026-06-23 17:58:43] [hamibot] [INFO]:[INFO] [fetchPendingTasks]: fetchPendingTasks raw[30]: {"code":0,"data":[],"total":0}
[2026-06-23 17:58:58] [hamibot] [INFO]:[INFO] [fetchPendingTasks]: fetchPendingTasks raw[30]: {"code":0,"data":[],"total":0}
[2026-06-23 17:59:13] [hamibot] [INFO]:[INFO] [fetchPendingTasks]: fetchPendingTasks raw[30]: {"code":0,"data":[],"total":0}
[2026-06-23 17:59:28] [hamibot] [INFO]:[INFO] [fetchPendingTasks]: fetchPendingTasks raw[30]: {"code":0,"data":[],"total":0}
[2026-06-23 17:59:43] [hamibot] [INFO]:[INFO] [fetchPendingTasks]: fetchPendingTasks raw[30]: {"code":0,"data":[],"total":0}
[2026-06-23 17:59:58] [hamibot] [INFO]:[INFO] [fetchPendingTasks]: fetchPendingTasks raw[30]: {"code":0,"data":[],"total":0}
[2026-06-23 18:00:13] [hamibot] [INFO]:[INFO] [fetchPendingTasks]: fetchPendingTasks raw[30]: {"code":0,"data":[],"total":0}
[2026-06-23 18:00:28] [hamibot] [INFO]:[INFO] [fetchPendingTasks]: fetchPendingTasks raw[30]: {"code":0,"data":[],"total":0}
[2026-06-23 18:00:44] [hamibot] [INFO]:[INFO] [fetchPendingTasks]: fetchPendingTasks raw[30]: {"code":0,"data":[],"total":0}
[2026-06-23 18:00:59] [hamibot] [INFO]:[INFO] [fetchPendingTasks]: fetchPendingTasks raw[30]: {"code":0,"data":[],"total":0}
[2026-06-23 18:01:14] [hamibot] [INFO]:[INFO] [fetchPendingTasks]: fetchPendingTasks raw[30]: {"code":0,"data":[],"total":0}
[2026-06-23 18:01:29] [hamibot] [INFO]:[INFO] [fetchPendingTasks]: fetchPendingTasks raw[30]: {"code":0,"data":[],"total":0}
[2026-06-23 18:01:45] [hamibot] [INFO]:[INFO] [fetchPendingTasks]: fetchPendingTasks raw[30]: {"code":0,"data":[],"total":0}
[2026-06-23 18:02:01] [hamibot] [INFO]:[INFO] [fetchPendingTasks]: fetchPendingTasks raw[30]: {"code":0,"data":[],"total":0}
[2026-06-23 18:02:17] [hamibot] [INFO]:[INFO] [fetchPendingTasks]: fetchPendingTasks raw[30]: {"code":0,"data":[],"total":0}
[2026-06-23 18:02:35] [hamibot] [INFO]:[INFO] [fetchPendingTasks]: fetchPendingTasks raw[30]: {"code":0,"data":[],"total":0}
[2026-06-23 18:02:51] [hamibot] [INFO]:[INFO] [fetchPendingTasks]: fetchPendingTasks raw[30]: {"code":0,"data":[],"total":0}
[2026-06-23 18:03:06] [hamibot] [INFO]:[INFO] [fetchPendingTasks]: fetchPendingTasks raw[30]: {"code":0,"data":[],"total":0}
[2026-06-23 18:03:23] [hamibot] [INFO]:[INFO] [fetchPendingTasks]: fetchPendingTasks raw[30]: {"code":0,"data":[],"total":0}
[2026-06-23 18:03:38] [hamibot] [INFO]:[INFO] [fetchPendingTasks]: fetchPendingTasks raw[30]: {"code":0,"data":[],"total":0}
[2026-06-23 18:03:53] [hamibot] [INFO]:[INFO] [fetchPendingTasks]: fetchPendingTasks raw[30]: {"code":0,"data":[],"total":0}
[2026-06-23 18:04:08] [hamibot] [INFO]:[INFO] [fetchPendingTasks]: fetchPendingTasks raw[30]: {"code":0,"data":[],"total":0}
[2026-06-23 18:04:25] [hamibot] [INFO]:[INFO] [fetchPendingTasks]: fetchPendingTasks raw[30]: {"code":0,"data":[],"total":0}
[2026-06-23 18:04:41] [hamibot] [INFO]:[INFO] [fetchPendingTasks]: fetchPendingTasks raw[30]: {"code":0,"data":[],"total":0}
[2026-06-23 18:04:56] [hamibot] [INFO]:[INFO] [fetchPendingTasks]: fetchPendingTasks raw[30]: {"code":0,"data":[],"total":0}
[2026-06-23 18:05:11] [hamibot] [INFO]:[INFO] [fetchPendingTasks]: fetchPendingTasks raw[30]: {"code":0,"data":[],"total":0}
[2026-06-23 18:05:26] [hamibot] [INFO]:[INFO] [fetchPendingTasks]: fetchPendingTasks raw[30]: {"code":0,"data":[],"total":0}
[2026-06-23 18:05:42] [hamibot] [INFO]:[INFO] [fetchPendingTasks]: fetchPendingTasks raw[30]: {"code":0,"data":[],"total":0}
[2026-06-23 18:05:57] [hamibot] [INFO]:[INFO] [fetchPendingTasks]: fetchPendingTasks raw[30]: {"code":0,"data":[],"total":0}
[2026-06-23 18:06:13] [hamibot] [INFO]:[INFO] [fetchPendingTasks]: fetchPendingTasks raw[30]: {"code":0,"data":[],"total":0}
[2026-06-23 18:06:28] [hamibot] [INFO]:[INFO] [fetchPendingTasks]: fetchPendingTasks raw[30]: {"code":0,"data":[],"total":0}
[2026-06-23 18:06:43] [hamibot] [INFO]:[INFO] [fetchPendingTasks]: fetchPendingTasks raw[30]: {"code":0,"data":[],"total":0}
[2026-06-23 18:06:58] [hamibot] [INFO]:[INFO] [fetchPendingTasks]: fetchPendingTasks raw[30]: {"code":0,"data":[],"total":0}
[2026-06-23 18:07:15] [hamibot] [INFO]:[INFO] [fetchPendingTasks]: fetchPendingTasks raw[30]: {"code":0,"data":[],"total":0}
[2026-06-23 18:07:30] [hamibot] [INFO]:[INFO] [fetchPendingTasks]: fetchPendingTasks raw[30]: {"code":0,"data":[],"total":0}
[2026-06-23 18:07:45] [hamibot] [INFO]:[INFO] [fetchPendingTasks]: fetchPendingTasks raw[30]: {"code":0,"data":[],"total":0}
[2026-06-23 18:08:01] [hamibot] [INFO]:[INFO] [fetchPendingTasks]: fetchPendingTasks raw[30]: {"code":0,"data":[],"total":0}
[2026-06-23 18:08:17] [hamibot] [INFO]:[INFO] [fetchPendingTasks]: fetchPendingTasks raw[30]: {"code":0,"data":[],"total":0}
[2026-06-23 18:08:32] [hamibot] [INFO]:[INFO] [fetchPendingTasks]: fetchPendingTasks raw[30]: {"code":0,"data":[],"total":0}
[2026-06-23 18:08:47] [hamibot] [INFO]:[INFO] [fetchPendingTasks]: fetchPendingTasks raw[30]: {"code":0,"data":[],"total":0}
[2026-06-23 18:09:02] [hamibot] [INFO]:[INFO] [fetchPendingTasks]: fetchPendingTasks raw[30]: {"code":0,"data":[],"total":0}
[2026-06-23 18:09:17] [hamibot] [INFO]:[INFO] [fetchPendingTasks]: fetchPendingTasks raw[30]: {"code":0,"data":[],"total":0}
[2026-06-23 18:09:32] [hamibot] [INFO]:[INFO] [fetchPendingTasks]: fetchPendingTasks raw[30]: {"code":0,"data":[],"total":0}
[2026-06-23 18:09:47] [hamibot] [INFO]:[INFO] [fetchPendingTasks]: fetchPendingTasks raw[30]: {"code":0,"data":[],"total":0}
[2026-06-23 18:10:03] [hamibot] [INFO]:[INFO] [fetchPendingTasks]: fetchPendingTasks raw[30]: {"code":0,"data":[],"total":0}
