[2026-03-30 16:58:13] [hamibot] [INFO]:[INFO] [Anonymous functions]: Launching...

	Current script version: 1.0.4

[2026-03-30 16:58:13] [hamibot] [INFO]:[INFO] [Anonymous functions]: Configuration loaded {"APP_ENV":"development","USER_ID":"6723480da777ba4dbbb4bfe9","ROBOT_ID":"67242f26e2fed0e6e3d11b91","SCRIPT_ID":"69c892b6992c1948e94a51a6","TIMESTAMP":"2026-03-30 16:58:13"}
[2026-03-30 16:58:13] [hamibot] [INFO]:[INFO] [Anonymous functions]: Verifying configurations
[2026-03-30 16:58:14] [hamibot] [INFO]:[INFO] [Anonymous functions]: Start running script
[2026-03-30 16:58:14] [hamibot] [INFO]:[INFO] [getElementCache]: getElementCache 加载成功，共 14 条 (第1次)
[2026-03-30 16:58:14] [hamibot] [DEBUG]:[DEBUG] [init]: Accessibility permissions enabled
[2026-03-30 16:58:15] [hamibot] [DEBUG]:[DEBUG] [init]: Screen size: 2400 x 1080
[2026-03-30 16:58:15] [hamibot] [INFO]:[INFO] [saveElementCache]: saveElementCache 服务端共 14 条 (本次新增/更新 14 条)
[2026-03-30 16:58:15] [hamibot] [INFO]:[INFO] [flushElementCache]: 已触发异步刷新元素查找缓存
[2026-03-30 16:58:15] [hamibot] [INFO]:[INFO] [closeApp]: openHamibot true
[2026-03-30 16:58:20] [hamibot] [INFO]:[INFO] [tryClickNode]: tryClickNode com.stardust.automator.UiObject@2a4bc; boundsInParent: Rect(0, 0 - 240, 240); boundsInScreen: Rect(420, 2057 - 660, 2297); packageName: com.miui.home; className: android.view.View; text: null; contentDescription: 本机共有12.0 G内存，当前5.8 G可用，双击清理全部任务; viewId: com.miui.home:id/clearAnimView; checkable: false; checked: false; focusable: true; focused: false; selected: false; clickable: true; longClickable: true; enabled: true; password: false; scrollable: false; [ACTION_FOCUS, ACTION_SELECT, ACTION_CLEAR_SELECTION, ACTION_CLICK, ACTION_LONG_CLICK, ACTION_ACCESSIBILITY_FOCUS, ACTION_NEXT_AT_MOVEMENT_GRANULARITY, ACTION_PREVIOUS_AT_MOVEMENT_GRANULARITY, ACTION_SET_SELECTION]
[2026-03-30 16:58:20] [hamibot] [ LOG ]:[ LOG ] [tryClickNode]: tryClickNode: 开始尝试点击节点 com.stardust.automator.UiObject@2a4bc; boundsInParent: Rect(0, 0 - 240, 240); boundsInScreen: Rect(420, 2057 - 660, 2297); packageName: com.miui.home; className: android.view.View; text: null; contentDescription: 本机共有12.0 G内存，当前5.8 G可用，双击清理全部任务; viewId: com.miui.home:id/clearAnimView; checkable: false; checked: false; focusable: true; focused: false; selected: false; clickable: true; longClickable: true; enabled: true; password: false; scrollable: false; [ACTION_FOCUS, ACTION_SELECT, ACTION_CLEAR_SELECTION, ACTION_CLICK, ACTION_LONG_CLICK, ACTION_ACCESSIBILITY_FOCUS, ACTION_NEXT_AT_MOVEMENT_GRANULARITY, ACTION_PREVIOUS_AT_MOVEMENT_GRANULARITY, ACTION_SET_SELECTION]
[2026-03-30 16:58:20] [hamibot] [ LOG ]:[ LOG ] [tryClickNode]: tryClickNode: 节点clickable值: function clickable() {/*
boolean clickable()
*/}

[2026-03-30 16:58:20] [hamibot] [ LOG ]:[ LOG ] [tryClickNode]: tryClickNode: 节点clickable toString: function clickable() {/*
boolean clickable()
*/}

[2026-03-30 16:58:20] [hamibot] [ LOG ]:[ LOG ] [tryClickNode]: tryClickNode: 解析后的clickable值: true
[2026-03-30 16:58:20] [hamibot] [ LOG ]:[ LOG ] [tryClickNode]: tryClickNode: 节点本身可点击，执行直接点击
[2026-03-30 16:58:20] [hamibot] [ LOG ]:[ LOG ] [tryClickNode]: tryClickNode: 直接点击结果: true
[2026-03-30 16:58:21] [hamibot] [INFO]:[INFO] [closeApp]: 已通过最近任务页‘关闭全部’关闭应用
[2026-03-30 16:58:22] [hamibot] [INFO]:[INFO] [Outer]: 开始查找商品详情
[2026-03-30 16:58:24] [hamibot] [INFO]:[INFO] [Outer]: 找到商品数量: 0
[2026-03-30 16:58:25] [hamibot] [INFO]:[INFO] [fetchPendingTasks]: fetchPendingTasks raw[30]: {"code":0,"data":[],"total":0}
[2026-03-30 16:58:40] [hamibot] [INFO]:[INFO] [fetchPendingTasks]: fetchPendingTasks raw[30]: {"code":0,"data":[],"total":0}
[2026-03-30 16:58:55] [hamibot] [INFO]:[INFO] [fetchPendingTasks]: fetchPendingTasks raw[30]: {"code":0,"data":[],"total":0}
[2026-03-30 16:59:10] [hamibot] [INFO]:[INFO] [fetchPendingTasks]: fetchPendingTasks raw[30]: {"code":0,"data":[],"total":0}
[2026-03-30 16:59:25] [hamibot] [INFO]:[INFO] [fetchPendingTasks]: fetchPendingTasks raw[30]: {"code":0,"data":[],"total":0}
[2026-03-30 16:59:40] [hamibot] [INFO]:[INFO] [fetchPendingTasks]: fetchPendingTasks raw[30]: {"code":0,"data":[],"total":0}
[2026-03-30 16:59:55] [hamibot] [INFO]:[INFO] [fetchPendingTasks]: fetchPendingTasks raw[30]: {"code":0,"data":[],"total":0}
[2026-03-30 17:00:10] [hamibot] [INFO]:[INFO] [fetchPendingTasks]: fetchPendingTasks raw[30]: {"code":0,"data":[],"total":0}
[2026-03-30 17:00:25] [hamibot] [INFO]:[INFO] [fetchPendingTasks]: fetchPendingTasks raw[30]: {"code":0,"data":[],"total":0}
[2026-03-30 17:00:40] [hamibot] [INFO]:[INFO] [fetchPendingTasks]: fetchPendingTasks raw[30]: {"code":0,"data":[],"total":0}
[2026-03-30 17:00:55] [hamibot] [INFO]:[INFO] [fetchPendingTasks]: fetchPendingTasks raw[30]: {"code":0,"data":[],"total":0}
[2026-03-30 17:01:11] [hamibot] [INFO]:[INFO] [fetchPendingTasks]: fetchPendingTasks raw[30]: {"code":0,"data":[],"total":0}
[2026-03-30 17:01:26] [hamibot] [INFO]:[INFO] [fetchPendingTasks]: fetchPendingTasks raw[30]: {"code":0,"data":[],"total":0}
[2026-03-30 17:01:41] [hamibot] [INFO]:[INFO] [fetchPendingTasks]: fetchPendingTasks raw[30]: {"code":0,"data":[],"total":0}
[2026-03-30 17:01:56] [hamibot] [INFO]:[INFO] [fetchPendingTasks]: fetchPendingTasks raw[30]: {"code":0,"data":[],"total":0}
[2026-03-30 17:02:12] [hamibot] [INFO]:[INFO] [fetchPendingTasks]: fetchPendingTasks raw[263]: {"code":0,"data":[{"id":"2f88b4ab-2d9c-4520-bd64-87a507504f9b","type":"goldCoin","status":"pending",
[2026-03-30 17:02:47] [hamibot] [INFO]:[INFO] [fetchPendingTasks]: fetchPendingTasks raw[30]: {"code":0,"data":[],"total":0}
[2026-03-30 17:03:03] [hamibot] [INFO]:[INFO] [fetchPendingTasks]: fetchPendingTasks raw[30]: {"code":0,"data":[],"total":0}
[2026-03-30 17:03:18] [hamibot] [INFO]:[INFO] [fetchPendingTasks]: fetchPendingTasks raw[30]: {"code":0,"data":[],"total":0}
[2026-03-30 17:03:33] [hamibot] [INFO]:[INFO] [fetchPendingTasks]: fetchPendingTasks raw[263]: {"code":0,"data":[{"id":"34ab4d5b-d304-4cac-8277-a0599b687ab8","type":"goldCoin","status":"pending",
[2026-03-30 17:03:38] [hamibot] [INFO]:[INFO] [findTargetElementWithCache]: [sel#1] coinExchangeMain/闲鱼币 缓存#3(1/1) ✓ 464ms
[2026-03-30 17:03:42] [hamibot] [INFO]:[INFO] [findTargetElementWithCache]: [sel#1] mainPopup/今天 缓存#9(1/1) ✓ 3201ms
[2026-03-30 17:03:47] [hamibot] [INFO]:[INFO] [findTargetElementList]: [sel-list#1] mainPopup/领取奖励 缓存#3(1/1) ✓ 2个 3952ms
[2026-03-30 17:03:47] [hamibot] [INFO]:[INFO] [checkGetGold]: checkGetGold, 找到2个领取奖励的按钮
[2026-03-30 17:03:48] [hamibot] [INFO]:[INFO] [checkGetGold]: checkGetGold, 点击领取奖励: com.stardust.automator.UiObject@13f621; boundsInParent: Rect(9, 8 - 63, 27); boundsInScreen: Rect(850, 1165 - 992, 1215); packageName: com.taobao.idlefish; className: android.widget.TextView; text: 领取奖励; contentDescription: null; viewId: null; checkable: false; checked: false; focusable: false; focused: false; selected: false; clickable: true; longClickable: false; enabled: true; password: false; scrollable: false; [ACTION_CLICK, ACTION_ACCESSIBILITY_FOCUS, ACTION_NEXT_AT_MOVEMENT_GRANULARITY, ACTION_PREVIOUS_AT_MOVEMENT_GRANULARITY, ACTION_NEXT_HTML_ELEMENT, ACTION_PREVIOUS_HTML_ELEMENT]
[2026-03-30 17:03:49] [hamibot] [INFO]:[INFO] [checkGetGold]: checkGetGold, 点击领取奖励: com.stardust.automator.UiObject@13f795; boundsInParent: Rect(9, 8 - 63, 26); boundsInScreen: Rect(850, 1351 - 992, 1399); packageName: com.taobao.idlefish; className: android.widget.TextView; text: 领取奖励; contentDescription: null; viewId: null; checkable: false; checked: false; focusable: false; focused: false; selected: false; clickable: true; longClickable: false; enabled: true; password: false; scrollable: false; [ACTION_CLICK, ACTION_ACCESSIBILITY_FOCUS, ACTION_NEXT_AT_MOVEMENT_GRANULARITY, ACTION_PREVIOUS_AT_MOVEMENT_GRANULARITY, ACTION_NEXT_HTML_ELEMENT, ACTION_PREVIOUS_HTML_ELEMENT]
[2026-03-30 17:03:50] [hamibot] [INFO]:[INFO] [Anonymous functions]: 浏览指定频道好物: hasRun=false
[2026-03-30 17:03:50] [hamibot] [INFO]:[INFO] [Anonymous functions]: 搜一搜喜欢的商品: hasRun=false
[2026-03-30 17:03:50] [hamibot] [INFO]:[INFO] [Anonymous functions]: 去浏览全新好物: hasRun=false
[2026-03-30 17:03:50] [hamibot] [INFO]:[INFO] [Anonymous functions]: 浏览推荐的国补商品: hasRun=false
[2026-03-30 17:03:51] [hamibot] [INFO]:[INFO] [Anonymous functions]: 去蚂蚁森林逛一逛: hasRun=undefined
[2026-03-30 17:03:51] [hamibot] [INFO]:[INFO] [Anonymous functions]: 去支付宝农场领水果: hasRun=false
[2026-03-30 17:03:51] [hamibot] [INFO]:[INFO] [Anonymous functions]: 去淘宝签到领红包: hasRun=false
[2026-03-30 17:03:51] [hamibot] [INFO]:[INFO] [Anonymous functions]: 去蚂蚁森林逛一逛: hasRun=false
[2026-03-30 17:03:51] [hamibot] [INFO]:[INFO] [Anonymous functions]: 去蚂蚁庄园逛一逛: hasRun=false
[2026-03-30 17:03:52] [hamibot] [INFO]:[INFO] [Anonymous functions]: 去支付宝领积分: hasRun=false
[2026-03-30 17:03:52] [hamibot] [INFO]:[INFO] [Anonymous functions]: 浏览鱼小铺工作台: hasRun=false
[2026-03-30 17:03:52] [hamibot] [INFO]:[INFO] [Anonymous functions]: 搜一搜推荐商品: hasRun=false
[2026-03-30 17:03:52] [hamibot] [INFO]:[INFO] [Anonymous functions]: 领至高20元外卖红包: hasRun=false
[2026-03-30 17:03:52] [hamibot] [INFO]:[INFO] [Anonymous functions]: 看视频奖励100币: hasRun=false
[2026-03-30 17:03:53] [hamibot] [INFO]:[INFO] [Anonymous functions]: 看视频奖励100币: hasRun=false
[2026-03-30 17:03:53] [hamibot] [INFO]:[INFO] [Anonymous functions]: 看视频奖励100币: hasRun=false
[2026-03-30 17:03:53] [hamibot] [INFO]:[INFO] [Anonymous functions]: 看视频奖励100币: hasRun=false
[2026-03-30 17:03:54] [hamibot] [INFO]:[INFO] [Anonymous functions]: 发布一件新宝贝: hasRun=false
[2026-03-30 17:03:54] [hamibot] [INFO]:[INFO] [findTargetElementWithCacheStrict]: [sel-strict#1] mainPopup/签到 串行启动 12 条策略
[2026-03-30 17:04:16] [hamibot] [INFO]:[INFO] [findTargetElementWithCacheStrict]: [sel-strict#1] mainPopup/签到 串行#3 ✓ 串行22750ms 总22750ms
[2026-03-30 17:04:17] [hamibot] [INFO]:[INFO] [saveElementCache]: saveElementCache 服务端共 15 条 (本次新增/更新 15 条)
[2026-03-30 17:04:24] [hamibot] [INFO]:[INFO] [findTargetElementWithCacheStrict]: [sel-strict#1] mainPopup/浏览指定频道好物 缓存#3(1/1) ✓ 6976ms
[2026-03-30 17:04:32] [hamibot] [INFO]:[INFO] [findTargetElementWithCacheStrict]: [sel-strict#2] mainPopup/浏览指定频道好物 缓存#3(1/1) ✓ 8154ms
[2026-03-30 17:04:48] [hamibot] [INFO]:[INFO] [findTargetElementList]: [sel-list#1] mainPopup/去完成 缓存#3(1/1) ✓ 23个 15896ms
[2026-03-30 17:04:48] [hamibot] [INFO]:[INFO] [findBtn_1]: sysReact, x: 866, y: 2089
[2026-03-30 17:04:50] [hamibot] [INFO]:[INFO] [findBtn_1]: 运行++浏览指定频道好物
[2026-03-30 17:04:50] [hamibot] [INFO]:[INFO] [findTargetElementWithCache]: [sel#1] browseGoodsInSpecifiedChannel/点击领取 串行启动 12 条策略
[2026-03-30 17:04:51] [hamibot] [INFO]:[INFO] [findTargetElementWithCache]: [sel#1] browseGoodsInSpecifiedChannel/点击领取 串行全部✗ 串行1629ms 总1629ms
[2026-03-30 17:05:17] [hamibot] [INFO]:[INFO] [findTargetElementWithCache]: [sel#1] browseGoodsInSpecifiedChannel/任务完成 串行启动 12 条策略
[2026-03-30 17:05:19] [hamibot] [INFO]:[INFO] [findTargetElementWithCache]: [sel#1] browseGoodsInSpecifiedChannel/任务完成 串行全部✗ 串行2018ms 总2018ms
[2026-03-30 17:05:21] [hamibot] [INFO]:[INFO] [findTargetElementWithCache]: [sel#2] browseGoodsInSpecifiedChannel/任务完成 串行启动 12 条策略
[2026-03-30 17:05:23] [hamibot] [INFO]:[INFO] [findTargetElementWithCache]: [sel#2] browseGoodsInSpecifiedChannel/任务完成 串行全部✗ 串行2121ms 总2121ms
[2026-03-30 17:05:24] [hamibot] [INFO]:[INFO] [findTargetElementWithCache]: [sel#3] browseGoodsInSpecifiedChannel/任务完成 串行启动 12 条策略
[2026-03-30 17:05:27] [hamibot] [INFO]:[INFO] [findTargetElementWithCache]: [sel#3] browseGoodsInSpecifiedChannel/任务完成 串行全部✗ 串行2509ms 总2509ms
[2026-03-30 17:05:28] [hamibot] [INFO]:[INFO] [findTargetElementWithCache]: [sel#4] browseGoodsInSpecifiedChannel/任务完成 串行启动 12 条策略
[2026-03-30 17:05:30] [hamibot] [INFO]:[INFO] [findTargetElementWithCache]: [sel#4] browseGoodsInSpecifiedChannel/任务完成 串行全部✗ 串行1772ms 总1772ms
[2026-03-30 17:05:30] [hamibot] [INFO]:[INFO] [findBtn_1]: 已经获取了对应的金币
[2026-03-30 17:05:30] [hamibot] [INFO]:[INFO] [findTargetElementWithCacheStrict]: [sel-strict#1] mainPopup/搜一搜喜欢的商品 串行启动 12 条策略
[2026-03-30 17:05:31] [hamibot] [ERROR]:[ERROR] [findTargetElementWithCacheStrict]: [sel-strict#1] mainPopup/搜一搜喜欢的商品 串行全部✗ 串行1154ms 总1154ms
[2026-03-30 17:05:31] [hamibot] [INFO]:[INFO] [findTargetElementWithCache]: [sel#2] mainPopup/今天 缓存[9] 全部✗ 剩余errorTime=39 120ms
[2026-03-30 17:05:32] [hamibot] [INFO]:[INFO] [findTargetElementWithCache]: [sel#3] mainPopup/今天 缓存[9] 全部✗ 剩余errorTime=38 132ms
[2026-03-30 17:05:32] [hamibot] [INFO]:[INFO] [findTargetElementWithCache]: [sel#1] coinExchangeMain/闲鱼币抵扣 缓存[6] errorTime耗尽，降级串行 400ms
[2026-03-30 17:05:32] [hamibot] [INFO]:[INFO] [findTargetElementWithCache]: [sel#1] coinExchangeMain/闲鱼币抵扣 串行启动 12 条策略
[2026-03-30 17:05:33] [hamibot] [INFO]:[INFO] [findTargetElementWithCache]: [sel#1] coinExchangeMain/闲鱼币抵扣 串行#3 ✓ 串行601ms 总1030ms
[2026-03-30 17:05:33] [hamibot] [INFO]:[INFO] [saveElementCache]: saveElementCache 服务端共 15 条 (本次新增/更新 15 条)
[2026-03-30 17:05:34] [hamibot] [ERROR]:[ERROR] [backMainPage]: 死循环了， 关闭app
[2026-03-30 17:05:34] [hamibot] [INFO]:[INFO] [saveElementCache]: saveElementCache 服务端共 15 条 (本次新增/更新 15 条)
[2026-03-30 17:05:34] [hamibot] [INFO]:[INFO] [flushElementCache]: 已触发异步刷新元素查找缓存
[2026-03-30 17:05:34] [hamibot] [INFO]:[INFO] [closeApp]: openHamibot true
[2026-03-30 17:05:38] [hamibot] [INFO]:[INFO] [tryClickNode]: tryClickNode com.stardust.automator.UiObject@2a4bc; boundsInParent: Rect(0, 0 - 240, 240); boundsInScreen: Rect(420, 2057 - 660, 2297); packageName: com.miui.home; className: android.view.View; text: null; contentDescription: 本机共有12.0 G内存，当前5.3 G可用，双击清理全部任务; viewId: com.miui.home:id/clearAnimView; checkable: false; checked: false; focusable: true; focused: false; selected: false; clickable: true; longClickable: true; enabled: true; password: false; scrollable: false; [ACTION_FOCUS, ACTION_SELECT, ACTION_CLEAR_SELECTION, ACTION_CLICK, ACTION_LONG_CLICK, ACTION_ACCESSIBILITY_FOCUS, ACTION_NEXT_AT_MOVEMENT_GRANULARITY, ACTION_PREVIOUS_AT_MOVEMENT_GRANULARITY, ACTION_SET_SELECTION]
[2026-03-30 17:05:38] [hamibot] [ LOG ]:[ LOG ] [tryClickNode]: tryClickNode: 开始尝试点击节点 com.stardust.automator.UiObject@2a4bc; boundsInParent: Rect(0, 0 - 240, 240); boundsInScreen: Rect(420, 2057 - 660, 2297); packageName: com.miui.home; className: android.view.View; text: null; contentDescription: 本机共有12.0 G内存，当前5.3 G可用，双击清理全部任务; viewId: com.miui.home:id/clearAnimView; checkable: false; checked: false; focusable: true; focused: false; selected: false; clickable: true; longClickable: true; enabled: true; password: false; scrollable: false; [ACTION_FOCUS, ACTION_SELECT, ACTION_CLEAR_SELECTION, ACTION_CLICK, ACTION_LONG_CLICK, ACTION_ACCESSIBILITY_FOCUS, ACTION_NEXT_AT_MOVEMENT_GRANULARITY, ACTION_PREVIOUS_AT_MOVEMENT_GRANULARITY, ACTION_SET_SELECTION]
[2026-03-30 17:05:38] [hamibot] [ LOG ]:[ LOG ] [tryClickNode]: tryClickNode: 节点clickable值: function clickable() {/*
boolean clickable()
*/}

[2026-03-30 17:05:38] [hamibot] [ LOG ]:[ LOG ] [tryClickNode]: tryClickNode: 节点clickable toString: function clickable() {/*
boolean clickable()
*/}

[2026-03-30 17:05:38] [hamibot] [ LOG ]:[ LOG ] [tryClickNode]: tryClickNode: 解析后的clickable值: true
[2026-03-30 17:05:38] [hamibot] [ LOG ]:[ LOG ] [tryClickNode]: tryClickNode: 节点本身可点击，执行直接点击
[2026-03-30 17:05:38] [hamibot] [ LOG ]:[ LOG ] [tryClickNode]: tryClickNode: 直接点击结果: true
[2026-03-30 17:05:39] [hamibot] [INFO]:[INFO] [closeApp]: 已通过最近任务页‘关闭全部’关闭应用
[2026-03-30 17:06:00] [hamibot] [INFO]:[INFO] [findTargetElementWithCache]: [sel#2] coinExchangeMain/闲鱼币 缓存#3(1/1) ✓ 158ms
[2026-03-30 17:06:07] [hamibot] [INFO]:[INFO] [findTargetElementWithCache]: [sel#4] mainPopup/今天 缓存#9(1/1) ✓ 7925ms
[2026-03-30 17:06:23] [hamibot] [INFO]:[INFO] [findTargetElementList]: [sel-list#2] mainPopup/领取奖励 缓存#3(1/1) ✓ 2个 14633ms
[2026-03-30 17:06:23] [hamibot] [INFO]:[INFO] [checkGetGold]: checkGetGold, 找到2个领取奖励的按钮
[2026-03-30 17:06:23] [hamibot] [INFO]:[INFO] [checkGetGold]: checkGetGold, 点击领取奖励: com.stardust.automator.UiObject@110669; boundsInParent: Rect(9, 8 - 63, 27); boundsInScreen: Rect(850, 1165 - 992, 1215); packageName: com.taobao.idlefish; className: android.widget.TextView; text: 领取奖励; contentDescription: null; viewId: null; checkable: false; checked: false; focusable: false; focused: false; selected: false; clickable: true; longClickable: false; enabled: true; password: false; scrollable: false; [ACTION_CLICK, ACTION_ACCESSIBILITY_FOCUS, ACTION_NEXT_AT_MOVEMENT_GRANULARITY, ACTION_PREVIOUS_AT_MOVEMENT_GRANULARITY, ACTION_NEXT_HTML_ELEMENT, ACTION_PREVIOUS_HTML_ELEMENT]
[2026-03-30 17:06:24] [hamibot] [INFO]:[INFO] [checkGetGold]: checkGetGold, 点击领取奖励: com.stardust.automator.UiObject@1107dd; boundsInParent: Rect(9, 8 - 63, 26); boundsInScreen: Rect(850, 1351 - 992, 1399); packageName: com.taobao.idlefish; className: android.widget.TextView; text: 领取奖励; contentDescription: null; viewId: null; checkable: false; checked: false; focusable: false; focused: false; selected: false; clickable: true; longClickable: false; enabled: true; password: false; scrollable: false; [ACTION_CLICK, ACTION_ACCESSIBILITY_FOCUS, ACTION_NEXT_AT_MOVEMENT_GRANULARITY, ACTION_PREVIOUS_AT_MOVEMENT_GRANULARITY, ACTION_NEXT_HTML_ELEMENT, ACTION_PREVIOUS_HTML_ELEMENT]
[2026-03-30 17:06:25] [hamibot] [INFO]:[INFO] [Anonymous functions]: 浏览指定频道好物: hasRun=true
[2026-03-30 17:06:25] [hamibot] [INFO]:[INFO] [Anonymous functions]: 搜一搜喜欢的商品: hasRun=false
[2026-03-30 17:06:26] [hamibot] [INFO]:[INFO] [Anonymous functions]: 去浏览全新好物: hasRun=false
[2026-03-30 17:06:26] [hamibot] [INFO]:[INFO] [Anonymous functions]: 浏览推荐的国补商品: hasRun=false
[2026-03-30 17:06:26] [hamibot] [INFO]:[INFO] [Anonymous functions]: 去蚂蚁森林逛一逛: hasRun=undefined
[2026-03-30 17:06:26] [hamibot] [INFO]:[INFO] [Anonymous functions]: 去支付宝农场领水果: hasRun=false
[2026-03-30 17:06:26] [hamibot] [INFO]:[INFO] [Anonymous functions]: 去淘宝签到领红包: hasRun=false
[2026-03-30 17:06:26] [hamibot] [INFO]:[INFO] [Anonymous functions]: 去蚂蚁森林逛一逛: hasRun=false
[2026-03-30 17:06:26] [hamibot] [INFO]:[INFO] [Anonymous functions]: 去蚂蚁庄园逛一逛: hasRun=false
[2026-03-30 17:06:26] [hamibot] [INFO]:[INFO] [Anonymous functions]: 去支付宝领积分: hasRun=false
[2026-03-30 17:06:26] [hamibot] [INFO]:[INFO] [Anonymous functions]: 浏览鱼小铺工作台: hasRun=false
[2026-03-30 17:06:26] [hamibot] [INFO]:[INFO] [Anonymous functions]: 搜一搜推荐商品: hasRun=false
[2026-03-30 17:06:26] [hamibot] [INFO]:[INFO] [Anonymous functions]: 领至高20元外卖红包: hasRun=false
[2026-03-30 17:06:26] [hamibot] [INFO]:[INFO] [Anonymous functions]: 看视频奖励100币: hasRun=false
[2026-03-30 17:06:26] [hamibot] [INFO]:[INFO] [Anonymous functions]: 看视频奖励100币: hasRun=false
[2026-03-30 17:06:26] [hamibot] [INFO]:[INFO] [Anonymous functions]: 看视频奖励100币: hasRun=false
[2026-03-30 17:06:26] [hamibot] [INFO]:[INFO] [Anonymous functions]: 看视频奖励100币: hasRun=false
[2026-03-30 17:06:26] [hamibot] [INFO]:[INFO] [Anonymous functions]: 发布一件新宝贝: hasRun=false
[2026-03-30 17:06:29] [hamibot] [INFO]:[INFO] [findTargetElementWithCacheStrict]: [sel-strict#2] mainPopup/签到 缓存[3] 全部✗ 剩余errorTime=19 3190ms
[2026-03-30 17:06:29] [hamibot] [INFO]:[INFO] [findTargetElementWithCacheStrict]: [sel-strict#2] mainPopup/搜一搜喜欢的商品 串行启动 12 条策略
[2026-03-30 17:08:03] [hamibot] [ERROR]:[ERROR] [findTargetElementWithCacheStrict]: [sel-strict#2] mainPopup/搜一搜喜欢的商品 串行全部✗ 串行93509ms 总93509ms
[2026-03-30 17:08:08] [hamibot] [INFO]:[INFO] [findTargetElementWithCache]: [sel#5] mainPopup/今天 缓存#9(1/1) ✓ 4816ms
[2026-03-30 17:08:08] [hamibot] [INFO]:[INFO] [mainPopupFn]: 没有找到搜一搜喜欢的商品， 将当前任务改成已经运行
[2026-03-30 17:08:14] [hamibot] [INFO]:[INFO] [findTargetElementWithCacheStrict]: [sel-strict#1] mainPopup/去浏览全新好物 缓存#3(1/1) ✓ 6499ms
[2026-03-30 17:08:23] [hamibot] [INFO]:[INFO] [findTargetElementWithCacheStrict]: [sel-strict#2] mainPopup/去浏览全新好物 缓存#3(1/1) ✓ 8230ms
[2026-03-30 17:08:38] [hamibot] [INFO]:[INFO] [findTargetElementList]: [sel-list#2] mainPopup/去完成 缓存#3(1/1) ✓ 22个 14410ms
[2026-03-30 17:08:38] [hamibot] [INFO]:[INFO] [findBtn_1]: sysReact, x: 866, y: 2089
[2026-03-30 17:08:39] [hamibot] [INFO]:[INFO] [findBtn_1]: 运行++去浏览全新好物
[2026-03-30 17:08:39] [hamibot] [INFO]:[INFO] [findTargetElementWithCache]: [sel#1] scrollPage/滑动浏览 缓存[7] 全部✗ 剩余errorTime=1 86ms
[2026-03-30 17:08:40] [hamibot] [INFO]:[INFO] [findTargetElementWithCache]: [sel#6] mainPopup/今天 缓存[9] 全部✗ 剩余errorTime=39 67ms
[2026-03-30 17:08:40] [hamibot] [INFO]:[INFO] [findTargetElementWithCache]: [sel#2] coinExchangeMain/闲鱼币抵扣 缓存[3,6] 全部✗ 剩余errorTime=19 173ms
[2026-03-30 17:08:42] [hamibot] [INFO]:[INFO] [findTargetElementWithCache]: [sel#7] mainPopup/今天 缓存[9] 全部✗ 剩余errorTime=38 706ms
[2026-03-30 17:08:43] [hamibot] [INFO]:[INFO] [findTargetElementWithCache]: [sel#3] coinExchangeMain/闲鱼币抵扣 缓存[3,6] 全部✗ 剩余errorTime=18 1126ms
[2026-03-30 17:08:45] [hamibot] [INFO]:[INFO] [findTargetElementWithCache]: [sel#8] mainPopup/今天 缓存[9] 全部✗ 剩余errorTime=37 614ms
[2026-03-30 17:08:46] [hamibot] [INFO]:[INFO] [findTargetElementWithCache]: [sel#4] coinExchangeMain/闲鱼币抵扣 缓存[3,6] 全部✗ 剩余errorTime=17 1502ms
[2026-03-30 17:08:49] [hamibot] [INFO]:[INFO] [findTargetElementWithCache]: [sel#9] mainPopup/今天 缓存[9] 全部✗ 剩余errorTime=36 833ms
[2026-03-30 17:08:50] [hamibot] [INFO]:[INFO] [findTargetElementWithCache]: [sel#5] coinExchangeMain/闲鱼币抵扣 缓存[3,6] 全部✗ 剩余errorTime=16 1559ms
[2026-03-30 17:08:52] [hamibot] [INFO]:[INFO] [findTargetElementWithCache]: [sel#10] mainPopup/今天 缓存[9] 全部✗ 剩余errorTime=35 652ms
[2026-03-30 17:08:54] [hamibot] [INFO]:[INFO] [findTargetElementWithCache]: [sel#6] coinExchangeMain/闲鱼币抵扣 缓存[3,6] 全部✗ 剩余errorTime=15 1124ms
[2026-03-30 17:08:56] [hamibot] [INFO]:[INFO] [findTargetElementWithCache]: [sel#11] mainPopup/今天 缓存[9] 全部✗ 剩余errorTime=34 802ms
[2026-03-30 17:08:57] [hamibot] [INFO]:[INFO] [findTargetElementWithCache]: [sel#7] coinExchangeMain/闲鱼币抵扣 缓存[3,6] 全部✗ 剩余errorTime=14 1685ms
[2026-03-30 17:08:59] [hamibot] [ERROR]:[ERROR] [backMainPage]: 死循环了， 关闭app
[2026-03-30 17:09:00] [hamibot] [INFO]:[INFO] [saveElementCache]: saveElementCache 服务端共 15 条 (本次新增/更新 15 条)
[2026-03-30 17:09:00] [hamibot] [INFO]:[INFO] [flushElementCache]: 已触发异步刷新元素查找缓存
[2026-03-30 17:09:00] [hamibot] [INFO]:[INFO] [closeApp]: openHamibot true
[2026-03-30 17:09:03] [hamibot] [INFO]:[INFO] [tryClickNode]: tryClickNode com.stardust.automator.UiObject@2a4bc; boundsInParent: Rect(0, 0 - 240, 240); boundsInScreen: Rect(420, 2057 - 660, 2297); packageName: com.miui.home; className: android.view.View; text: null; contentDescription: 本机共有12.0 G内存，当前4.6 G可用，双击清理全部任务; viewId: com.miui.home:id/clearAnimView; checkable: false; checked: false; focusable: true; focused: false; selected: false; clickable: true; longClickable: true; enabled: true; password: false; scrollable: false; [ACTION_FOCUS, ACTION_SELECT, ACTION_CLEAR_SELECTION, ACTION_CLICK, ACTION_LONG_CLICK, ACTION_ACCESSIBILITY_FOCUS, ACTION_NEXT_AT_MOVEMENT_GRANULARITY, ACTION_PREVIOUS_AT_MOVEMENT_GRANULARITY, ACTION_SET_SELECTION]
[2026-03-30 17:09:03] [hamibot] [ LOG ]:[ LOG ] [tryClickNode]: tryClickNode: 开始尝试点击节点 com.stardust.automator.UiObject@2a4bc; boundsInParent: Rect(0, 0 - 240, 240); boundsInScreen: Rect(420, 2057 - 660, 2297); packageName: com.miui.home; className: android.view.View; text: null; contentDescription: 本机共有12.0 G内存，当前4.6 G可用，双击清理全部任务; viewId: com.miui.home:id/clearAnimView; checkable: false; checked: false; focusable: true; focused: false; selected: false; clickable: true; longClickable: true; enabled: true; password: false; scrollable: false; [ACTION_FOCUS, ACTION_SELECT, ACTION_CLEAR_SELECTION, ACTION_CLICK, ACTION_LONG_CLICK, ACTION_ACCESSIBILITY_FOCUS, ACTION_NEXT_AT_MOVEMENT_GRANULARITY, ACTION_PREVIOUS_AT_MOVEMENT_GRANULARITY, ACTION_SET_SELECTION]
[2026-03-30 17:09:03] [hamibot] [ LOG ]:[ LOG ] [tryClickNode]: tryClickNode: 节点clickable值: function clickable() {/*
boolean clickable()
*/}

[2026-03-30 17:09:04] [hamibot] [ LOG ]:[ LOG ] [tryClickNode]: tryClickNode: 节点clickable toString: function clickable() {/*
boolean clickable()
*/}

[2026-03-30 17:09:04] [hamibot] [ LOG ]:[ LOG ] [tryClickNode]: tryClickNode: 解析后的clickable值: true
[2026-03-30 17:09:04] [hamibot] [ LOG ]:[ LOG ] [tryClickNode]: tryClickNode: 节点本身可点击，执行直接点击
[2026-03-30 17:09:04] [hamibot] [ LOG ]:[ LOG ] [tryClickNode]: tryClickNode: 直接点击结果: true
[2026-03-30 17:09:05] [hamibot] [INFO]:[INFO] [closeApp]: 已通过最近任务页‘关闭全部’关闭应用
[2026-03-30 17:09:24] [hamibot] [INFO]:[INFO] [findTargetElementWithCache]: [sel#3] coinExchangeMain/闲鱼币 缓存#3(1/1) ✓ 195ms
[2026-03-30 17:09:29] [hamibot] [INFO]:[INFO] [findTargetElementWithCache]: [sel#12] mainPopup/今天 缓存#9(1/1) ✓ 5088ms
[2026-03-30 17:09:38] [hamibot] [INFO]:[INFO] [findTargetElementList]: [sel-list#3] mainPopup/领取奖励 缓存[3] 全部✗ 剩余errorTime=19 7397ms
[2026-03-30 17:09:38] [hamibot] [INFO]:[INFO] [Anonymous functions]: 浏览指定频道好物: hasRun=true
[2026-03-30 17:09:38] [hamibot] [INFO]:[INFO] [Anonymous functions]: 搜一搜喜欢的商品: hasRun=true
[2026-03-30 17:09:38] [hamibot] [INFO]:[INFO] [Anonymous functions]: 去浏览全新好物: hasRun=false
[2026-03-30 17:09:38] [hamibot] [INFO]:[INFO] [Anonymous functions]: 浏览推荐的国补商品: hasRun=false
[2026-03-30 17:09:38] [hamibot] [INFO]:[INFO] [Anonymous functions]: 去蚂蚁森林逛一逛: hasRun=undefined
[2026-03-30 17:09:38] [hamibot] [INFO]:[INFO] [Anonymous functions]: 去支付宝农场领水果: hasRun=false
[2026-03-30 17:09:38] [hamibot] [INFO]:[INFO] [Anonymous functions]: 去淘宝签到领红包: hasRun=false
[2026-03-30 17:09:38] [hamibot] [INFO]:[INFO] [Anonymous functions]: 去蚂蚁森林逛一逛: hasRun=false
[2026-03-30 17:09:38] [hamibot] [INFO]:[INFO] [Anonymous functions]: 去蚂蚁庄园逛一逛: hasRun=false
[2026-03-30 17:09:38] [hamibot] [INFO]:[INFO] [Anonymous functions]: 去支付宝领积分: hasRun=false
[2026-03-30 17:09:38] [hamibot] [INFO]:[INFO] [Anonymous functions]: 浏览鱼小铺工作台: hasRun=false
[2026-03-30 17:09:38] [hamibot] [INFO]:[INFO] [Anonymous functions]: 搜一搜推荐商品: hasRun=false
[2026-03-30 17:09:38] [hamibot] [INFO]:[INFO] [Anonymous functions]: 领至高20元外卖红包: hasRun=false
[2026-03-30 17:09:38] [hamibot] [INFO]:[INFO] [Anonymous functions]: 看视频奖励100币: hasRun=false
[2026-03-30 17:09:38] [hamibot] [INFO]:[INFO] [Anonymous functions]: 看视频奖励100币: hasRun=false
[2026-03-30 17:09:38] [hamibot] [INFO]:[INFO] [Anonymous functions]: 看视频奖励100币: hasRun=false
[2026-03-30 17:09:38] [hamibot] [INFO]:[INFO] [Anonymous functions]: 看视频奖励100币: hasRun=false
[2026-03-30 17:09:38] [hamibot] [INFO]:[INFO] [Anonymous functions]: 发布一件新宝贝: hasRun=false
[2026-03-30 17:09:47] [hamibot] [INFO]:[INFO] [findTargetElementWithCacheStrict]: [sel-strict#3] mainPopup/签到 缓存[3] 全部✗ 剩余errorTime=18 8152ms
[2026-03-30 17:09:54] [hamibot] [INFO]:[INFO] [findTargetElementWithCacheStrict]: [sel-strict#3] mainPopup/去浏览全新好物 缓存#3(1/1) ✓ 7440ms
[2026-03-30 17:10:01] [hamibot] [INFO]:[INFO] [findTargetElementWithCacheStrict]: [sel-strict#4] mainPopup/去浏览全新好物 缓存#3(1/1) ✓ 6744ms
[2026-03-30 17:10:10] [hamibot] [INFO]:[INFO] [findTargetElementList]: [sel-list#3] mainPopup/去完成 缓存#3(1/1) ✓ 22个 8324ms
[2026-03-30 17:10:10] [hamibot] [INFO]:[INFO] [findBtn_1]: sysReact, x: 866, y: 2089
[2026-03-30 17:10:11] [hamibot] [INFO]:[INFO] [findBtn_1]: 运行++去浏览全新好物
[2026-03-30 17:10:11] [hamibot] [INFO]:[INFO] [findTargetElementWithCache]: [sel#2] scrollPage/滑动浏览 缓存[7] 全部✗ 剩余errorTime=0 132ms
[2026-03-30 17:10:12] [hamibot] [INFO]:[INFO] [findTargetElementWithCache]: [sel#13] mainPopup/今天 缓存[9] 全部✗ 剩余errorTime=39 99ms
[2026-03-30 17:10:13] [hamibot] [INFO]:[INFO] [findTargetElementWithCache]: [sel#8] coinExchangeMain/闲鱼币抵扣 缓存[3,6] 全部✗ 剩余errorTime=13 1707ms
[2026-03-30 17:10:15] [hamibot] [INFO]:[INFO] [findTargetElementWithCache]: [sel#14] mainPopup/今天 缓存[9] 全部✗ 剩余errorTime=38 657ms
[2026-03-30 17:10:16] [hamibot] [INFO]:[INFO] [findTargetElementWithCache]: [sel#9] coinExchangeMain/闲鱼币抵扣 缓存[3,6] 全部✗ 剩余errorTime=12 959ms
[2026-03-30 17:10:18] [hamibot] [INFO]:[INFO] [findTargetElementWithCache]: [sel#15] mainPopup/今天 缓存[9] 全部✗ 剩余errorTime=37 716ms
[2026-03-30 17:10:19] [hamibot] [INFO]:[INFO] [findTargetElementWithCache]: [sel#10] coinExchangeMain/闲鱼币抵扣 缓存[3,6] 全部✗ 剩余errorTime=11 1410ms
[2026-03-30 17:10:21] [hamibot] [INFO]:[INFO] [findTargetElementWithCache]: [sel#16] mainPopup/今天 缓存[9] 全部✗ 剩余errorTime=36 750ms
[2026-03-30 17:10:23] [hamibot] [INFO]:[INFO] [findTargetElementWithCache]: [sel#11] coinExchangeMain/闲鱼币抵扣 缓存[3,6] 全部✗ 剩余errorTime=10 1511ms
[2026-03-30 17:10:25] [hamibot] [INFO]:[INFO] [findTargetElementWithCache]: [sel#17] mainPopup/今天 缓存[9] 全部✗ 剩余errorTime=35 846ms
[2026-03-30 17:10:25] [hamibot] [INFO]:[INFO] [findTargetElementWithCache]: [sel#12] coinExchangeMain/闲鱼币抵扣 缓存[3,6] 全部✗ 剩余errorTime=9 556ms
[2026-03-30 17:10:27] [hamibot] [INFO]:[INFO] [findTargetElementWithCache]: [sel#18] mainPopup/今天 缓存[9] 全部✗ 剩余errorTime=34 638ms
[2026-03-30 17:10:28] [hamibot] [INFO]:[INFO] [findTargetElementWithCache]: [sel#13] coinExchangeMain/闲鱼币抵扣 缓存[3,6] 全部✗ 剩余errorTime=8 697ms
[2026-03-30 17:10:29] [hamibot] [ERROR]:[ERROR] [backMainPage]: 死循环了， 关闭app
[2026-03-30 17:10:29] [hamibot] [INFO]:[INFO] [saveElementCache]: saveElementCache 服务端共 15 条 (本次新增/更新 15 条)
[2026-03-30 17:10:29] [hamibot] [INFO]:[INFO] [flushElementCache]: 已触发异步刷新元素查找缓存
[2026-03-30 17:10:29] [hamibot] [INFO]:[INFO] [closeApp]: openHamibot true
[2026-03-30 17:10:32] [hamibot] [INFO]:[INFO] [tryClickNode]: tryClickNode com.stardust.automator.UiObject@2a4bc; boundsInParent: Rect(0, 0 - 240, 240); boundsInScreen: Rect(420, 2057 - 660, 2297); packageName: com.miui.home; className: android.view.View; text: null; contentDescription: 本机共有12.0 G内存，当前4.6 G可用，双击清理全部任务; viewId: com.miui.home:id/clearAnimView; checkable: false; checked: false; focusable: true; focused: false; selected: false; clickable: true; longClickable: true; enabled: true; password: false; scrollable: false; [ACTION_FOCUS, ACTION_SELECT, ACTION_CLEAR_SELECTION, ACTION_CLICK, ACTION_LONG_CLICK, ACTION_ACCESSIBILITY_FOCUS, ACTION_NEXT_AT_MOVEMENT_GRANULARITY, ACTION_PREVIOUS_AT_MOVEMENT_GRANULARITY, ACTION_SET_SELECTION]
[2026-03-30 17:10:32] [hamibot] [ LOG ]:[ LOG ] [tryClickNode]: tryClickNode: 开始尝试点击节点 com.stardust.automator.UiObject@2a4bc; boundsInParent: Rect(0, 0 - 240, 240); boundsInScreen: Rect(420, 2057 - 660, 2297); packageName: com.miui.home; className: android.view.View; text: null; contentDescription: 本机共有12.0 G内存，当前4.6 G可用，双击清理全部任务; viewId: com.miui.home:id/clearAnimView; checkable: false; checked: false; focusable: true; focused: false; selected: false; clickable: true; longClickable: true; enabled: true; password: false; scrollable: false; [ACTION_FOCUS, ACTION_SELECT, ACTION_CLEAR_SELECTION, ACTION_CLICK, ACTION_LONG_CLICK, ACTION_ACCESSIBILITY_FOCUS, ACTION_NEXT_AT_MOVEMENT_GRANULARITY, ACTION_PREVIOUS_AT_MOVEMENT_GRANULARITY, ACTION_SET_SELECTION]
[2026-03-30 17:10:33] [hamibot] [ LOG ]:[ LOG ] [tryClickNode]: tryClickNode: 节点clickable值: function clickable() {/*
boolean clickable()
*/}

[2026-03-30 17:10:33] [hamibot] [ LOG ]:[ LOG ] [tryClickNode]: tryClickNode: 节点clickable toString: function clickable() {/*
boolean clickable()
*/}

[2026-03-30 17:10:33] [hamibot] [ LOG ]:[ LOG ] [tryClickNode]: tryClickNode: 解析后的clickable值: true
[2026-03-30 17:10:33] [hamibot] [ LOG ]:[ LOG ] [tryClickNode]: tryClickNode: 节点本身可点击，执行直接点击
[2026-03-30 17:10:33] [hamibot] [ LOG ]:[ LOG ] [tryClickNode]: tryClickNode: 直接点击结果: true
[2026-03-30 17:10:33] [hamibot] [INFO]:[INFO] [closeApp]: 已通过最近任务页‘关闭全部’关闭应用
[2026-03-30 17:10:50] [hamibot] [INFO]:[INFO] [findTargetElementWithCache]: [sel#4] coinExchangeMain/闲鱼币 缓存#3(1/1) ✓ 1041ms
[2026-03-30 17:10:52] [hamibot] [INFO]:[INFO] [findTargetElementWithCache]: [sel#19] mainPopup/今天 缓存#9(1/1) ✓ 2319ms
[2026-03-30 17:10:58] [hamibot] [INFO]:[INFO] [findTargetElementList]: [sel-list#4] mainPopup/领取奖励 缓存[3] 全部✗ 剩余errorTime=18 5444ms
[2026-03-30 17:10:59] [hamibot] [INFO]:[INFO] [Anonymous functions]: 浏览指定频道好物: hasRun=true
[2026-03-30 17:10:59] [hamibot] [INFO]:[INFO] [Anonymous functions]: 搜一搜喜欢的商品: hasRun=true
[2026-03-30 17:10:59] [hamibot] [INFO]:[INFO] [Anonymous functions]: 去浏览全新好物: hasRun=false
[2026-03-30 17:10:59] [hamibot] [INFO]:[INFO] [Anonymous functions]: 浏览推荐的国补商品: hasRun=false
[2026-03-30 17:10:59] [hamibot] [INFO]:[INFO] [Anonymous functions]: 去蚂蚁森林逛一逛: hasRun=undefined
[2026-03-30 17:10:59] [hamibot] [INFO]:[INFO] [Anonymous functions]: 去支付宝农场领水果: hasRun=false
[2026-03-30 17:10:59] [hamibot] [INFO]:[INFO] [Anonymous functions]: 去淘宝签到领红包: hasRun=false
[2026-03-30 17:10:59] [hamibot] [INFO]:[INFO] [Anonymous functions]: 去蚂蚁森林逛一逛: hasRun=false
[2026-03-30 17:10:59] [hamibot] [INFO]:[INFO] [Anonymous functions]: 去蚂蚁庄园逛一逛: hasRun=false
[2026-03-30 17:10:59] [hamibot] [INFO]:[INFO] [Anonymous functions]: 去支付宝领积分: hasRun=false
[2026-03-30 17:10:59] [hamibot] [INFO]:[INFO] [Anonymous functions]: 浏览鱼小铺工作台: hasRun=false
[2026-03-30 17:10:59] [hamibot] [INFO]:[INFO] [Anonymous functions]: 搜一搜推荐商品: hasRun=false
[2026-03-30 17:10:59] [hamibot] [INFO]:[INFO] [Anonymous functions]: 领至高20元外卖红包: hasRun=false
[2026-03-30 17:10:59] [hamibot] [INFO]:[INFO] [Anonymous functions]: 看视频奖励100币: hasRun=false
[2026-03-30 17:10:59] [hamibot] [INFO]:[INFO] [Anonymous functions]: 看视频奖励100币: hasRun=false
[2026-03-30 17:10:59] [hamibot] [INFO]:[INFO] [Anonymous functions]: 看视频奖励100币: hasRun=false
[2026-03-30 17:10:59] [hamibot] [INFO]:[INFO] [Anonymous functions]: 看视频奖励100币: hasRun=false
[2026-03-30 17:10:59] [hamibot] [INFO]:[INFO] [Anonymous functions]: 发布一件新宝贝: hasRun=false
[2026-03-30 17:11:03] [hamibot] [INFO]:[INFO] [findTargetElementWithCacheStrict]: [sel-strict#4] mainPopup/签到 缓存[3] 全部✗ 剩余errorTime=17 3244ms
[2026-03-30 17:11:10] [hamibot] [INFO]:[INFO] [findTargetElementWithCacheStrict]: [sel-strict#5] mainPopup/去浏览全新好物 缓存#3(1/1) ✓ 7407ms
[2026-03-30 17:11:16] [hamibot] [INFO]:[INFO] [findTargetElementWithCacheStrict]: [sel-strict#6] mainPopup/去浏览全新好物 缓存#3(1/1) ✓ 5225ms
[2026-03-30 17:11:28] [hamibot] [INFO]:[INFO] [findTargetElementList]: [sel-list#4] mainPopup/去完成 缓存#3(1/1) ✓ 22个 12033ms
[2026-03-30 17:11:28] [hamibot] [INFO]:[INFO] [findBtn_1]: sysReact, x: 866, y: 2089
[2026-03-30 17:11:29] [hamibot] [INFO]:[INFO] [findBtn_1]: 运行++去浏览全新好物
[2026-03-30 17:11:30] [hamibot] [INFO]:[INFO] [findTargetElementWithCache]: [sel#3] scrollPage/滑动浏览 缓存[7] 全部✗ 剩余errorTime=-1 92ms
[2026-03-30 17:11:30] [hamibot] [INFO]:[INFO] [findTargetElementWithCache]: [sel#20] mainPopup/今天 缓存[9] 全部✗ 剩余errorTime=39 92ms
[2026-03-30 17:11:30] [hamibot] [INFO]:[INFO] [findTargetElementWithCache]: [sel#14] coinExchangeMain/闲鱼币抵扣 缓存[3,6] 全部✗ 剩余errorTime=7 115ms
[2026-03-30 17:11:32] [hamibot] [INFO]:[INFO] [findTargetElementWithCache]: [sel#21] mainPopup/今天 缓存[9] 全部✗ 剩余errorTime=38 1061ms
[2026-03-30 17:11:34] [hamibot] [INFO]:[INFO] [findTargetElementWithCache]: [sel#15] coinExchangeMain/闲鱼币抵扣 缓存[3,6] 全部✗ 剩余errorTime=6 1490ms
[2026-03-30 17:11:36] [hamibot] [INFO]:[INFO] [findTargetElementWithCache]: [sel#22] mainPopup/今天 缓存[9] 全部✗ 剩余errorTime=37 822ms
[2026-03-30 17:11:38] [hamibot] [INFO]:[INFO] [findTargetElementWithCache]: [sel#16] coinExchangeMain/闲鱼币抵扣 缓存[3,6] 全部✗ 剩余errorTime=5 1653ms
[2026-03-30 17:11:40] [hamibot] [INFO]:[INFO] [findTargetElementWithCache]: [sel#23] mainPopup/今天 缓存[9] 全部✗ 剩余errorTime=36 740ms
[2026-03-30 17:11:41] [hamibot] [INFO]:[INFO] [findTargetElementWithCache]: [sel#17] coinExchangeMain/闲鱼币抵扣 缓存[3,6] 全部✗ 剩余errorTime=4 1266ms
[2026-03-30 17:11:43] [hamibot] [INFO]:[INFO] [findTargetElementWithCache]: [sel#24] mainPopup/今天 缓存[9] 全部✗ 剩余errorTime=35 1035ms
[2026-03-30 17:11:45] [hamibot] [INFO]:[INFO] [findTargetElementWithCache]: [sel#18] coinExchangeMain/闲鱼币抵扣 缓存[3,6] 全部✗ 剩余errorTime=3 1371ms
[2026-03-30 17:11:47] [hamibot] [INFO]:[INFO] [findTargetElementWithCache]: [sel#25] mainPopup/今天 缓存[9] 全部✗ 剩余errorTime=34 775ms
[2026-03-30 17:11:48] [hamibot] [INFO]:[INFO] [findTargetElementWithCache]: [sel#19] coinExchangeMain/闲鱼币抵扣 缓存[3,6] 全部✗ 剩余errorTime=2 1711ms
[2026-03-30 17:11:49] [hamibot] [ERROR]:[ERROR] [backMainPage]: 死循环了， 关闭app
[2026-03-30 17:11:50] [hamibot] [INFO]:[INFO] [saveElementCache]: saveElementCache 服务端共 15 条 (本次新增/更新 15 条)
[2026-03-30 17:11:50] [hamibot] [INFO]:[INFO] [flushElementCache]: 已触发异步刷新元素查找缓存
[2026-03-30 17:11:50] [hamibot] [INFO]:[INFO] [closeApp]: openHamibot true
[2026-03-30 17:11:52] [hamibot] [INFO]:[INFO] [tryClickNode]: tryClickNode com.stardust.automator.UiObject@2a4bc; boundsInParent: Rect(0, 0 - 240, 240); boundsInScreen: Rect(420, 2057 - 660, 2297); packageName: com.miui.home; className: android.view.View; text: null; contentDescription: 本机共有12.0 G内存，当前4.6 G可用，双击清理全部任务; viewId: com.miui.home:id/clearAnimView; checkable: false; checked: false; focusable: true; focused: false; selected: false; clickable: true; longClickable: true; enabled: true; password: false; scrollable: false; [ACTION_FOCUS, ACTION_SELECT, ACTION_CLEAR_SELECTION, ACTION_CLICK, ACTION_LONG_CLICK, ACTION_ACCESSIBILITY_FOCUS, ACTION_NEXT_AT_MOVEMENT_GRANULARITY, ACTION_PREVIOUS_AT_MOVEMENT_GRANULARITY, ACTION_SET_SELECTION]
[2026-03-30 17:11:52] [hamibot] [ LOG ]:[ LOG ] [tryClickNode]: tryClickNode: 开始尝试点击节点 com.stardust.automator.UiObject@2a4bc; boundsInParent: Rect(0, 0 - 240, 240); boundsInScreen: Rect(420, 2057 - 660, 2297); packageName: com.miui.home; className: android.view.View; text: null; contentDescription: 本机共有12.0 G内存，当前4.6 G可用，双击清理全部任务; viewId: com.miui.home:id/clearAnimView; checkable: false; checked: false; focusable: true; focused: false; selected: false; clickable: true; longClickable: true; enabled: true; password: false; scrollable: false; [ACTION_FOCUS, ACTION_SELECT, ACTION_CLEAR_SELECTION, ACTION_CLICK, ACTION_LONG_CLICK, ACTION_ACCESSIBILITY_FOCUS, ACTION_NEXT_AT_MOVEMENT_GRANULARITY, ACTION_PREVIOUS_AT_MOVEMENT_GRANULARITY, ACTION_SET_SELECTION]
[2026-03-30 17:11:52] [hamibot] [ LOG ]:[ LOG ] [tryClickNode]: tryClickNode: 节点clickable值: function clickable() {/*
boolean clickable()
*/}

[2026-03-30 17:11:52] [hamibot] [ LOG ]:[ LOG ] [tryClickNode]: tryClickNode: 节点clickable toString: function clickable() {/*
boolean clickable()
*/}

[2026-03-30 17:11:52] [hamibot] [ LOG ]:[ LOG ] [tryClickNode]: tryClickNode: 解析后的clickable值: true
[2026-03-30 17:11:52] [hamibot] [ LOG ]:[ LOG ] [tryClickNode]: tryClickNode: 节点本身可点击，执行直接点击
[2026-03-30 17:11:52] [hamibot] [ LOG ]:[ LOG ] [tryClickNode]: tryClickNode: 直接点击结果: true
[2026-03-30 17:11:53] [hamibot] [INFO]:[INFO] [closeApp]: 已通过最近任务页‘关闭全部’关闭应用
[2026-03-30 17:12:11] [hamibot] [INFO]:[INFO] [findTargetElementWithCache]: [sel#5] coinExchangeMain/闲鱼币 缓存#3(1/1) ✓ 187ms
[2026-03-30 17:12:14] [hamibot] [INFO]:[INFO] [findTargetElementWithCache]: [sel#26] mainPopup/今天 缓存#9(1/1) ✓ 2708ms
[2026-03-30 17:12:22] [hamibot] [INFO]:[INFO] [findTargetElementList]: [sel-list#5] mainPopup/领取奖励 缓存[3] 全部✗ 剩余errorTime=17 6963ms
[2026-03-30 17:12:22] [hamibot] [INFO]:[INFO] [Anonymous functions]: 浏览指定频道好物: hasRun=true
[2026-03-30 17:12:22] [hamibot] [INFO]:[INFO] [Anonymous functions]: 搜一搜喜欢的商品: hasRun=true
[2026-03-30 17:12:22] [hamibot] [INFO]:[INFO] [Anonymous functions]: 去浏览全新好物: hasRun=false
[2026-03-30 17:12:22] [hamibot] [INFO]:[INFO] [Anonymous functions]: 浏览推荐的国补商品: hasRun=false
[2026-03-30 17:12:22] [hamibot] [INFO]:[INFO] [Anonymous functions]: 去蚂蚁森林逛一逛: hasRun=undefined
[2026-03-30 17:12:22] [hamibot] [INFO]:[INFO] [Anonymous functions]: 去支付宝农场领水果: hasRun=false
[2026-03-30 17:12:22] [hamibot] [INFO]:[INFO] [Anonymous functions]: 去淘宝签到领红包: hasRun=false
[2026-03-30 17:12:22] [hamibot] [INFO]:[INFO] [Anonymous functions]: 去蚂蚁森林逛一逛: hasRun=false
[2026-03-30 17:12:23] [hamibot] [INFO]:[INFO] [Anonymous functions]: 去蚂蚁庄园逛一逛: hasRun=false
[2026-03-30 17:12:23] [hamibot] [INFO]:[INFO] [Anonymous functions]: 去支付宝领积分: hasRun=false
[2026-03-30 17:12:23] [hamibot] [INFO]:[INFO] [Anonymous functions]: 浏览鱼小铺工作台: hasRun=false
[2026-03-30 17:12:23] [hamibot] [INFO]:[INFO] [Anonymous functions]: 搜一搜推荐商品: hasRun=false
[2026-03-30 17:12:23] [hamibot] [INFO]:[INFO] [Anonymous functions]: 领至高20元外卖红包: hasRun=false
[2026-03-30 17:12:23] [hamibot] [INFO]:[INFO] [Anonymous functions]: 看视频奖励100币: hasRun=false
[2026-03-30 17:12:23] [hamibot] [INFO]:[INFO] [Anonymous functions]: 看视频奖励100币: hasRun=false
[2026-03-30 17:12:23] [hamibot] [INFO]:[INFO] [Anonymous functions]: 看视频奖励100币: hasRun=false
[2026-03-30 17:12:23] [hamibot] [INFO]:[INFO] [Anonymous functions]: 看视频奖励100币: hasRun=false
[2026-03-30 17:12:23] [hamibot] [INFO]:[INFO] [Anonymous functions]: 发布一件新宝贝: hasRun=false
[2026-03-30 17:12:32] [hamibot] [INFO]:[INFO] [findTargetElementWithCacheStrict]: [sel-strict#5] mainPopup/签到 缓存[3] 全部✗ 剩余errorTime=16 9274ms
[2026-03-30 17:12:40] [hamibot] [INFO]:[INFO] [findTargetElementWithCacheStrict]: [sel-strict#7] mainPopup/去浏览全新好物 缓存#3(1/1) ✓ 7478ms
[2026-03-30 17:12:44] [hamibot] [INFO]:[INFO] [findTargetElementWithCacheStrict]: [sel-strict#8] mainPopup/去浏览全新好物 缓存#3(1/1) ✓ 3703ms
[2026-03-30 17:12:58] [hamibot] [INFO]:[INFO] [findTargetElementList]: [sel-list#5] mainPopup/去完成 缓存#3(1/1) ✓ 22个 14027ms
[2026-03-30 17:12:58] [hamibot] [INFO]:[INFO] [findBtn_1]: sysReact, x: 866, y: 2089
[2026-03-30 17:12:59] [hamibot] [INFO]:[INFO] [findBtn_1]: 运行++去浏览全新好物
[2026-03-30 17:13:00] [hamibot] [INFO]:[INFO] [findTargetElementWithCache]: [sel#4] scrollPage/滑动浏览 缓存[7] errorTime耗尽，降级串行 79ms
[2026-03-30 17:13:00] [hamibot] [INFO]:[INFO] [findTargetElementWithCache]: [sel#4] scrollPage/滑动浏览 串行启动 12 条策略
[2026-03-30 17:13:02] [hamibot] [INFO]:[INFO] [findTargetElementWithCache]: [sel#4] scrollPage/滑动浏览 串行#3 ✓ 串行2224ms 总2400ms
[2026-03-30 17:13:02] [hamibot] [INFO]:[INFO] [saveElementCache]: saveElementCache 服务端共 15 条 (本次新增/更新 15 条)
[2026-03-30 17:13:40] [hamibot] [INFO]:[INFO] [findTargetElementWithCache]: [sel#5] scrollPage/滑动浏览 缓存[3,7] 全部✗ 剩余errorTime=2 1705ms
[2026-03-30 17:13:41] [hamibot] [INFO]:[INFO] [findTargetElementWithCache]: [sel#27] mainPopup/今天 缓存[9] 全部✗ 剩余errorTime=39 696ms
[2026-03-30 17:13:43] [hamibot] [INFO]:[INFO] [findTargetElementWithCache]: [sel#20] coinExchangeMain/闲鱼币抵扣 缓存[3,6] 全部✗ 剩余errorTime=1 1722ms
[2026-03-30 17:13:45] [hamibot] [INFO]:[INFO] [findTargetElementWithCache]: [sel#28] mainPopup/今天 缓存[9] 全部✗ 剩余errorTime=38 638ms
[2026-03-30 17:13:46] [hamibot] [INFO]:[INFO] [findTargetElementWithCache]: [sel#21] coinExchangeMain/闲鱼币抵扣 缓存[3,6] 全部✗ 剩余errorTime=0 1333ms
[2026-03-30 17:13:48] [hamibot] [INFO]:[INFO] [findTargetElementWithCache]: [sel#29] mainPopup/今天 缓存[9] 全部✗ 剩余errorTime=37 683ms
[2026-03-30 17:13:49] [hamibot] [INFO]:[INFO] [findTargetElementWithCache]: [sel#22] coinExchangeMain/闲鱼币抵扣 缓存[3,6] 全部✗ 剩余errorTime=-1 1209ms
[2026-03-30 17:13:52] [hamibot] [INFO]:[INFO] [findTargetElementWithCache]: [sel#30] mainPopup/今天 缓存[9] 全部✗ 剩余errorTime=36 668ms
[2026-03-30 17:13:54] [hamibot] [INFO]:[INFO] [findTargetElementWithCache]: [sel#23] coinExchangeMain/闲鱼币抵扣 缓存[3,6] errorTime耗尽，降级串行 1762ms
[2026-03-30 17:13:54] [hamibot] [INFO]:[INFO] [findTargetElementWithCache]: [sel#23] coinExchangeMain/闲鱼币抵扣 串行启动 12 条策略
[2026-03-30 17:14:01] [hamibot] [INFO]:[INFO] [findTargetElementWithCache]: [sel#23] coinExchangeMain/闲鱼币抵扣 串行全部✗ 串行7112ms 总8914ms
[2026-03-30 17:14:03] [hamibot] [INFO]:[INFO] [findTargetElementWithCache]: [sel#31] mainPopup/今天 缓存[9] 全部✗ 剩余errorTime=35 753ms
[2026-03-30 17:14:04] [hamibot] [INFO]:[INFO] [findTargetElementWithCache]: [sel#24] coinExchangeMain/闲鱼币抵扣 缓存[3,6] errorTime耗尽，降级串行 1351ms
[2026-03-30 17:14:04] [hamibot] [INFO]:[INFO] [findTargetElementWithCache]: [sel#24] coinExchangeMain/闲鱼币抵扣 串行启动 12 条策略
[2026-03-30 17:14:11] [hamibot] [INFO]:[INFO] [findTargetElementWithCache]: [sel#24] coinExchangeMain/闲鱼币抵扣 串行全部✗ 串行6725ms 总8107ms
[2026-03-30 17:14:13] [hamibot] [INFO]:[INFO] [findTargetElementWithCache]: [sel#32] mainPopup/今天 缓存[9] 全部✗ 剩余errorTime=34 586ms
[2026-03-30 17:14:14] [hamibot] [INFO]:[INFO] [findTargetElementWithCache]: [sel#25] coinExchangeMain/闲鱼币抵扣 缓存[3,6] errorTime耗尽，降级串行 1436ms
[2026-03-30 17:14:14] [hamibot] [INFO]:[INFO] [findTargetElementWithCache]: [sel#25] coinExchangeMain/闲鱼币抵扣 串行启动 12 条策略
[2026-03-30 17:14:23] [hamibot] [INFO]:[INFO] [findTargetElementWithCache]: [sel#25] coinExchangeMain/闲鱼币抵扣 串行全部✗ 串行8574ms 总10059ms
[2026-03-30 17:14:24] [hamibot] [ERROR]:[ERROR] [backMainPage]: 死循环了， 关闭app
[2026-03-30 17:14:24] [hamibot] [INFO]:[INFO] [saveElementCache]: saveElementCache 服务端共 15 条 (本次新增/更新 15 条)
[2026-03-30 17:14:24] [hamibot] [INFO]:[INFO] [flushElementCache]: 已触发异步刷新元素查找缓存
[2026-03-30 17:14:24] [hamibot] [INFO]:[INFO] [closeApp]: openHamibot true
[2026-03-30 17:14:26] [hamibot] [INFO]:[INFO] [tryClickNode]: tryClickNode com.stardust.automator.UiObject@2a4bc; boundsInParent: Rect(0, 0 - 240, 240); boundsInScreen: Rect(420, 2057 - 660, 2297); packageName: com.miui.home; className: android.view.View; text: null; contentDescription: 本机共有12.0 G内存，当前4.7 G可用，双击清理全部任务; viewId: com.miui.home:id/clearAnimView; checkable: false; checked: false; focusable: true; focused: false; selected: false; clickable: true; longClickable: true; enabled: true; password: false; scrollable: false; [ACTION_FOCUS, ACTION_SELECT, ACTION_CLEAR_SELECTION, ACTION_CLICK, ACTION_LONG_CLICK, ACTION_ACCESSIBILITY_FOCUS, ACTION_NEXT_AT_MOVEMENT_GRANULARITY, ACTION_PREVIOUS_AT_MOVEMENT_GRANULARITY, ACTION_SET_SELECTION]
[2026-03-30 17:14:26] [hamibot] [ LOG ]:[ LOG ] [tryClickNode]: tryClickNode: 开始尝试点击节点 com.stardust.automator.UiObject@2a4bc; boundsInParent: Rect(0, 0 - 240, 240); boundsInScreen: Rect(420, 2057 - 660, 2297); packageName: com.miui.home; className: android.view.View; text: null; contentDescription: 本机共有12.0 G内存，当前4.7 G可用，双击清理全部任务; viewId: com.miui.home:id/clearAnimView; checkable: false; checked: false; focusable: true; focused: false; selected: false; clickable: true; longClickable: true; enabled: true; password: false; scrollable: false; [ACTION_FOCUS, ACTION_SELECT, ACTION_CLEAR_SELECTION, ACTION_CLICK, ACTION_LONG_CLICK, ACTION_ACCESSIBILITY_FOCUS, ACTION_NEXT_AT_MOVEMENT_GRANULARITY, ACTION_PREVIOUS_AT_MOVEMENT_GRANULARITY, ACTION_SET_SELECTION]
[2026-03-30 17:14:26] [hamibot] [ LOG ]:[ LOG ] [tryClickNode]: tryClickNode: 节点clickable值: function clickable() {/*
boolean clickable()
*/}

[2026-03-30 17:14:26] [hamibot] [ LOG ]:[ LOG ] [tryClickNode]: tryClickNode: 节点clickable toString: function clickable() {/*
boolean clickable()
*/}

[2026-03-30 17:14:26] [hamibot] [ LOG ]:[ LOG ] [tryClickNode]: tryClickNode: 解析后的clickable值: true
[2026-03-30 17:14:27] [hamibot] [ LOG ]:[ LOG ] [tryClickNode]: tryClickNode: 节点本身可点击，执行直接点击
[2026-03-30 17:14:27] [hamibot] [ LOG ]:[ LOG ] [tryClickNode]: tryClickNode: 直接点击结果: true
[2026-03-30 17:14:27] [hamibot] [INFO]:[INFO] [closeApp]: 已通过最近任务页‘关闭全部’关闭应用
[2026-03-30 17:14:43] [hamibot] [INFO]:[INFO] [findTargetElementWithCache]: [sel#6] coinExchangeMain/闲鱼币 缓存#3(1/1) ✓ 305ms
[2026-03-30 17:14:46] [hamibot] [INFO]:[INFO] [findTargetElementWithCache]: [sel#33] mainPopup/今天 缓存#9(1/1) ✓ 2744ms
[2026-03-30 17:15:05] [hamibot] [INFO]:[INFO] [findTargetElementList]: [sel-list#6] mainPopup/领取奖励 缓存#3(1/1) ✓ 1个 17034ms
[2026-03-30 17:15:06] [hamibot] [INFO]:[INFO] [checkGetGold]: checkGetGold, 找到1个领取奖励的按钮
[2026-03-30 17:15:07] [hamibot] [INFO]:[INFO] [checkGetGold]: checkGetGold, 点击领取奖励: com.stardust.automator.UiObject@fda3b; boundsInParent: Rect(9, 8 - 63, 27); boundsInScreen: Rect(850, 1165 - 992, 1215); packageName: com.taobao.idlefish; className: android.widget.TextView; text: 领取奖励; contentDescription: null; viewId: null; checkable: false; checked: false; focusable: false; focused: false; selected: false; clickable: true; longClickable: false; enabled: true; password: false; scrollable: false; [ACTION_CLICK, ACTION_ACCESSIBILITY_FOCUS, ACTION_NEXT_AT_MOVEMENT_GRANULARITY, ACTION_PREVIOUS_AT_MOVEMENT_GRANULARITY, ACTION_NEXT_HTML_ELEMENT, ACTION_PREVIOUS_HTML_ELEMENT]
[2026-03-30 17:15:10] [hamibot] [INFO]:[INFO] [Anonymous functions]: 浏览指定频道好物: hasRun=true
[2026-03-30 17:15:11] [hamibot] [INFO]:[INFO] [Anonymous functions]: 搜一搜喜欢的商品: hasRun=true
[2026-03-30 17:15:11] [hamibot] [INFO]:[INFO] [Anonymous functions]: 去浏览全新好物: hasRun=false
[2026-03-30 17:15:11] [hamibot] [INFO]:[INFO] [Anonymous functions]: 浏览推荐的国补商品: hasRun=false
[2026-03-30 17:15:13] [hamibot] [INFO]:[INFO] [Anonymous functions]: 去蚂蚁森林逛一逛: hasRun=undefined
[2026-03-30 17:15:13] [hamibot] [INFO]:[INFO] [Anonymous functions]: 去支付宝农场领水果: hasRun=false
[2026-03-30 17:15:13] [hamibot] [INFO]:[INFO] [Anonymous functions]: 去淘宝签到领红包: hasRun=false
[2026-03-30 17:15:13] [hamibot] [INFO]:[INFO] [Anonymous functions]: 去蚂蚁森林逛一逛: hasRun=false
[2026-03-30 17:15:14] [hamibot] [INFO]:[INFO] [Anonymous functions]: 去蚂蚁庄园逛一逛: hasRun=false
[2026-03-30 17:15:15] [hamibot] [INFO]:[INFO] [Anonymous functions]: 去支付宝领积分: hasRun=false
[2026-03-30 17:15:15] [hamibot] [INFO]:[INFO] [Anonymous functions]: 浏览鱼小铺工作台: hasRun=false
[2026-03-30 17:15:15] [hamibot] [INFO]:[INFO] [Anonymous functions]: 搜一搜推荐商品: hasRun=false
[2026-03-30 17:15:16] [hamibot] [INFO]:[INFO] [Anonymous functions]: 领至高20元外卖红包: hasRun=false
[2026-03-30 17:15:16] [hamibot] [INFO]:[INFO] [Anonymous functions]: 看视频奖励100币: hasRun=false
[2026-03-30 17:15:16] [hamibot] [INFO]:[INFO] [Anonymous functions]: 看视频奖励100币: hasRun=false
[2026-03-30 17:15:16] [hamibot] [INFO]:[INFO] [Anonymous functions]: 看视频奖励100币: hasRun=false
[2026-03-30 17:15:17] [hamibot] [INFO]:[INFO] [Anonymous functions]: 看视频奖励100币: hasRun=false
[2026-03-30 17:15:17] [hamibot] [INFO]:[INFO] [Anonymous functions]: 发布一件新宝贝: hasRun=false
[2026-03-30 17:15:27] [hamibot] [INFO]:[INFO] [findTargetElementWithCacheStrict]: [sel-strict#6] mainPopup/签到 缓存[3] 全部✗ 剩余errorTime=15 9539ms
[2026-03-30 17:15:38] [hamibot] [INFO]:[INFO] [findTargetElementWithCacheStrict]: [sel-strict#9] mainPopup/去浏览全新好物 缓存[3] 全部✗ 剩余errorTime=2 9520ms
[2026-03-30 17:15:44] [hamibot] [INFO]:[INFO] [findTargetElementWithCache]: [sel#34] mainPopup/今天 缓存#9(1/1) ✓ 5953ms
[2026-03-30 17:15:44] [hamibot] [INFO]:[INFO] [mainPopupFn]: 没有找到去浏览全新好物， 将当前任务改成已经运行
[2026-03-30 17:15:49] [hamibot] [INFO]:[INFO] [findTargetElementWithCacheStrict]: [sel-strict#1] mainPopup/浏览推荐的国补商品 缓存#3(1/1) ✓ 4802ms
[2026-03-30 17:15:59] [hamibot] [INFO]:[INFO] [findTargetElementWithCacheStrict]: [sel-strict#2] mainPopup/浏览推荐的国补商品 缓存#3(1/1) ✓ 9036ms
[2026-03-30 17:16:04] [hamibot] [INFO]:[INFO] [findTargetElementWithCacheStrict]: [sel-strict#3] mainPopup/浏览推荐的国补商品 缓存#3(1/1) ✓ 4614ms
[2026-03-30 17:16:23] [hamibot] [INFO]:[INFO] [findTargetElementList]: [sel-list#6] mainPopup/去完成 缓存#3(1/1) ✓ 22个 18333ms
[2026-03-30 17:16:23] [hamibot] [INFO]:[INFO] [findBtn_1]: sysReact, x: 866, y: 1480
[2026-03-30 17:16:24] [hamibot] [INFO]:[INFO] [findBtn_1]: 运行++浏览推荐的国补商品
[2026-03-30 17:16:25] [hamibot] [INFO]:[INFO] [findTargetElementWithCache]: [sel#6] scrollPage/滑动浏览 缓存[3,7] 全部✗ 剩余errorTime=1 170ms
[2026-03-30 17:16:26] [hamibot] [INFO]:[INFO] [findTargetElementWithCache]: [sel#35] mainPopup/今天 缓存[9] 全部✗ 剩余errorTime=39 88ms
[2026-03-30 17:16:26] [hamibot] [INFO]:[INFO] [findTargetElementWithCache]: [sel#26] coinExchangeMain/闲鱼币抵扣 缓存[3,6] errorTime耗尽，降级串行 167ms
[2026-03-30 17:16:26] [hamibot] [INFO]:[INFO] [findTargetElementWithCache]: [sel#26] coinExchangeMain/闲鱼币抵扣 串行启动 12 条策略
[2026-03-30 17:16:28] [hamibot] [INFO]:[INFO] [findTargetElementWithCache]: [sel#26] coinExchangeMain/闲鱼币抵扣 串行全部✗ 串行1712ms 总2059ms
[2026-03-30 17:16:30] [hamibot] [INFO]:[INFO] [findTargetElementWithCache]: [sel#36] mainPopup/今天 缓存[9] 全部✗ 剩余errorTime=38 330ms
[2026-03-30 17:16:31] [hamibot] [INFO]:[INFO] [findTargetElementWithCache]: [sel#27] coinExchangeMain/闲鱼币抵扣 缓存[3,6] errorTime耗尽，降级串行 284ms
[2026-03-30 17:16:31] [hamibot] [INFO]:[INFO] [findTargetElementWithCache]: [sel#27] coinExchangeMain/闲鱼币抵扣 串行启动 12 条策略
[2026-03-30 17:16:32] [hamibot] [INFO]:[INFO] [findTargetElementWithCache]: [sel#27] coinExchangeMain/闲鱼币抵扣 串行全部✗ 串行1729ms 总2065ms
[2026-03-30 17:16:32] [hamibot] [INFO]:[INFO] [backMainPage]: 当前app不是闲鱼，直接回退 com.taobao.taobao
[2026-03-30 17:16:34] [hamibot] [INFO]:[INFO] [findTargetElementWithCache]: [sel#37] mainPopup/今天 缓存[9] 全部✗ 剩余errorTime=37 127ms
[2026-03-30 17:16:34] [hamibot] [INFO]:[INFO] [findTargetElementWithCache]: [sel#28] coinExchangeMain/闲鱼币抵扣 缓存[3,6] errorTime耗尽，降级串行 173ms
[2026-03-30 17:16:34] [hamibot] [INFO]:[INFO] [findTargetElementWithCache]: [sel#28] coinExchangeMain/闲鱼币抵扣 串行启动 12 条策略
[2026-03-30 17:16:35] [hamibot] [INFO]:[INFO] [findTargetElementWithCache]: [sel#28] coinExchangeMain/闲鱼币抵扣 串行全部✗ 串行986ms 总1232ms
[2026-03-30 17:16:37] [hamibot] [INFO]:[INFO] [findTargetElementWithCache]: [sel#38] mainPopup/今天 缓存#9(1/1) ✓ 1138ms
[2026-03-30 17:16:37] [hamibot] [INFO]:[INFO] [findTargetElementWithCache]: [sel#29] coinExchangeMain/闲鱼币抵扣 缓存#3(1/2) ✓ 119ms
[2026-03-30 17:16:38] [hamibot] [INFO]:[INFO] [backMainPage]: 回到主弹框页面!
[2026-03-30 17:16:38] [hamibot] [INFO]:[INFO] [findBtn_1]: 已经获取了对应的金币
[2026-03-30 17:16:44] [hamibot] [INFO]:[INFO] [findTargetElementWithCacheStrict]: [sel-strict#1] mainPopup/去蚂蚁森林逛一逛 缓存[3] 全部✗ 剩余errorTime=2 6675ms
[2026-03-30 17:16:51] [hamibot] [INFO]:[INFO] [findTargetElementWithCache]: [sel#39] mainPopup/今天 缓存#9(1/1) ✓ 6640ms
[2026-03-30 17:16:51] [hamibot] [INFO]:[INFO] [mainPopupFn]: 没有找到去蚂蚁森林逛一逛， 将当前任务改成已经运行
[2026-03-30 17:16:51] [hamibot] [INFO]:[INFO] [findTargetElementWithCacheStrict]: [sel-strict#1] mainPopup/去支付宝农场领水果 串行启动 12 条策略
[2026-03-30 17:18:39] [hamibot] [ERROR]:[ERROR] [findTargetElementWithCacheStrict]: [sel-strict#1] mainPopup/去支付宝农场领水果 串行全部✗ 串行107974ms 总107974ms
[2026-03-30 17:18:46] [hamibot] [INFO]:[INFO] [findTargetElementWithCache]: [sel#40] mainPopup/今天 缓存#9(1/1) ✓ 6578ms
[2026-03-30 17:18:46] [hamibot] [INFO]:[INFO] [mainPopupFn]: 没有找到去支付宝农场领水果， 将当前任务改成已经运行
[2026-03-30 17:18:54] [hamibot] [INFO]:[INFO] [findTargetElementWithCacheStrict]: [sel-strict#1] mainPopup/去淘宝签到领红包 缓存#3(1/1) ✓ 8342ms
[2026-03-30 17:19:01] [hamibot] [INFO]:[INFO] [findTargetElementWithCacheStrict]: [sel-strict#2] mainPopup/去淘宝签到领红包 缓存#3(1/1) ✓ 6320ms
[2026-03-30 17:19:09] [hamibot] [INFO]:[INFO] [findTargetElementWithCacheStrict]: [sel-strict#3] mainPopup/去淘宝签到领红包 缓存#3(1/1) ✓ 7704ms
[2026-03-30 17:19:26] [hamibot] [INFO]:[INFO] [findTargetElementList]: [sel-list#7] mainPopup/去完成 缓存#3(1/1) ✓ 22个 17223ms
[2026-03-30 17:19:27] [hamibot] [INFO]:[INFO] [findBtn_1]: sysReact, x: 866, y: 2163
[2026-03-30 17:19:28] [hamibot] [INFO]:[INFO] [findBtn_1]: 运行++去淘宝签到领红包
[2026-03-30 17:19:34] [hamibot] [INFO]:[INFO] [findTargetElementWithCache]: [sel#41] mainPopup/今天 缓存[9] 全部✗ 剩余errorTime=39 292ms
[2026-03-30 17:19:34] [hamibot] [INFO]:[INFO] [findTargetElementWithCache]: [sel#30] coinExchangeMain/闲鱼币抵扣 缓存[3,6] 全部✗ 剩余errorTime=19 110ms
[2026-03-30 17:19:34] [hamibot] [INFO]:[INFO] [backMainPage]: 当前app不是闲鱼，直接回退 com.taobao.taobao
[2026-03-30 17:19:37] [hamibot] [INFO]:[INFO] [findTargetElementWithCache]: [sel#42] mainPopup/今天 缓存[9] 全部✗ 剩余errorTime=38 162ms
[2026-03-30 17:19:37] [hamibot] [INFO]:[INFO] [findTargetElementWithCache]: [sel#31] coinExchangeMain/闲鱼币抵扣 缓存[3,6] 全部✗ 剩余errorTime=18 411ms
[2026-03-30 17:19:37] [hamibot] [INFO]:[INFO] [backMainPage]: 当前app不是闲鱼，直接回退 com.taobao.taobao
[2026-03-30 17:19:38] [hamibot] [INFO]:[INFO] [findTargetElementWithCache]: [sel#43] mainPopup/今天 缓存[9] 全部✗ 剩余errorTime=37 186ms
[2026-03-30 17:19:38] [hamibot] [INFO]:[INFO] [findTargetElementWithCache]: [sel#32] coinExchangeMain/闲鱼币抵扣 缓存[3,6] 全部✗ 剩余errorTime=17 115ms
[2026-03-30 17:19:38] [hamibot] [INFO]:[INFO] [backMainPage]: 当前app不是闲鱼，直接回退 com.taobao.taobao
[2026-03-30 17:19:38] [hamibot] [ERROR]:[ERROR] [backMainPage]: 死循环了， 关闭app
[2026-03-30 17:19:38] [hamibot] [INFO]:[INFO] [saveElementCache]: saveElementCache 服务端共 15 条 (本次新增/更新 15 条)
[2026-03-30 17:19:38] [hamibot] [INFO]:[INFO] [flushElementCache]: 已触发异步刷新元素查找缓存
[2026-03-30 17:19:38] [hamibot] [INFO]:[INFO] [closeApp]: openHamibot true
[2026-03-30 17:19:41] [hamibot] [INFO]:[INFO] [tryClickNode]: tryClickNode com.stardust.automator.UiObject@2a4bc; boundsInParent: Rect(0, 0 - 240, 240); boundsInScreen: Rect(420, 2057 - 660, 2297); packageName: com.miui.home; className: android.view.View; text: null; contentDescription: 本机共有12.0 G内存，当前5.7 G可用，双击清理全部任务; viewId: com.miui.home:id/clearAnimView; checkable: false; checked: false; focusable: true; focused: false; selected: false; clickable: true; longClickable: true; enabled: true; password: false; scrollable: false; [ACTION_FOCUS, ACTION_SELECT, ACTION_CLEAR_SELECTION, ACTION_CLICK, ACTION_LONG_CLICK, ACTION_ACCESSIBILITY_FOCUS, ACTION_NEXT_AT_MOVEMENT_GRANULARITY, ACTION_PREVIOUS_AT_MOVEMENT_GRANULARITY, ACTION_SET_SELECTION]
[2026-03-30 17:19:41] [hamibot] [ LOG ]:[ LOG ] [tryClickNode]: tryClickNode: 开始尝试点击节点 com.stardust.automator.UiObject@2a4bc; boundsInParent: Rect(0, 0 - 240, 240); boundsInScreen: Rect(420, 2057 - 660, 2297); packageName: com.miui.home; className: android.view.View; text: null; contentDescription: 本机共有12.0 G内存，当前5.7 G可用，双击清理全部任务; viewId: com.miui.home:id/clearAnimView; checkable: false; checked: false; focusable: true; focused: false; selected: false; clickable: true; longClickable: true; enabled: true; password: false; scrollable: false; [ACTION_FOCUS, ACTION_SELECT, ACTION_CLEAR_SELECTION, ACTION_CLICK, ACTION_LONG_CLICK, ACTION_ACCESSIBILITY_FOCUS, ACTION_NEXT_AT_MOVEMENT_GRANULARITY, ACTION_PREVIOUS_AT_MOVEMENT_GRANULARITY, ACTION_SET_SELECTION]
[2026-03-30 17:19:41] [hamibot] [ LOG ]:[ LOG ] [tryClickNode]: tryClickNode: 节点clickable值: function clickable() {/*
boolean clickable()
*/}

[2026-03-30 17:19:41] [hamibot] [ LOG ]:[ LOG ] [tryClickNode]: tryClickNode: 节点clickable toString: function clickable() {/*
boolean clickable()
*/}

[2026-03-30 17:19:41] [hamibot] [ LOG ]:[ LOG ] [tryClickNode]: tryClickNode: 解析后的clickable值: true
[2026-03-30 17:19:41] [hamibot] [ LOG ]:[ LOG ] [tryClickNode]: tryClickNode: 节点本身可点击，执行直接点击
[2026-03-30 17:19:41] [hamibot] [ LOG ]:[ LOG ] [tryClickNode]: tryClickNode: 直接点击结果: true
[2026-03-30 17:19:42] [hamibot] [INFO]:[INFO] [closeApp]: 已通过最近任务页‘关闭全部’关闭应用
[2026-03-30 17:20:04] [hamibot] [INFO]:[INFO] [findTargetElementWithCache]: [sel#7] coinExchangeMain/闲鱼币 缓存#3(1/1) ✓ 521ms
[2026-03-30 17:20:06] [hamibot] [INFO]:[INFO] [findTargetElementWithCache]: [sel#44] mainPopup/今天 缓存[9] 全部✗ 剩余errorTime=36 1554ms
[2026-03-30 17:20:11] [hamibot] [INFO]:[INFO] [findTargetElementWithCache]: [sel#8] coinExchangeMain/闲鱼币 缓存#3(1/1) ✓ 592ms
[2026-03-30 17:20:16] [hamibot] [INFO]:[INFO] [findTargetElementWithCache]: [sel#45] mainPopup/今天 缓存#9(1/1) ✓ 5623ms
[2026-03-30 17:20:36] [hamibot] [INFO]:[INFO] [findTargetElementList]: [sel-list#7] mainPopup/领取奖励 缓存#3(1/1) ✓ 1个 18158ms
[2026-03-30 17:20:36] [hamibot] [INFO]:[INFO] [checkGetGold]: checkGetGold, 找到1个领取奖励的按钮
[2026-03-30 17:20:36] [hamibot] [INFO]:[INFO] [checkGetGold]: checkGetGold, 点击领取奖励: com.stardust.automator.UiObject@10e26c; boundsInParent: Rect(9, 8 - 63, 27); boundsInScreen: Rect(850, 1165 - 992, 1215); packageName: com.taobao.idlefish; className: android.widget.TextView; text: 领取奖励; contentDescription: null; viewId: null; checkable: false; checked: false; focusable: false; focused: false; selected: false; clickable: true; longClickable: false; enabled: true; password: false; scrollable: false; [ACTION_CLICK, ACTION_ACCESSIBILITY_FOCUS, ACTION_NEXT_AT_MOVEMENT_GRANULARITY, ACTION_PREVIOUS_AT_MOVEMENT_GRANULARITY, ACTION_NEXT_HTML_ELEMENT, ACTION_PREVIOUS_HTML_ELEMENT]
[2026-03-30 17:20:37] [hamibot] [INFO]:[INFO] [Anonymous functions]: 浏览指定频道好物: hasRun=true
[2026-03-30 17:20:37] [hamibot] [INFO]:[INFO] [Anonymous functions]: 搜一搜喜欢的商品: hasRun=true
[2026-03-30 17:20:37] [hamibot] [INFO]:[INFO] [Anonymous functions]: 去浏览全新好物: hasRun=true
[2026-03-30 17:20:37] [hamibot] [INFO]:[INFO] [Anonymous functions]: 浏览推荐的国补商品: hasRun=true
[2026-03-30 17:20:37] [hamibot] [INFO]:[INFO] [Anonymous functions]: 去蚂蚁森林逛一逛: hasRun=true
[2026-03-30 17:20:37] [hamibot] [INFO]:[INFO] [Anonymous functions]: 去支付宝农场领水果: hasRun=true
[2026-03-30 17:20:37] [hamibot] [INFO]:[INFO] [Anonymous functions]: 去淘宝签到领红包: hasRun=false
[2026-03-30 17:20:37] [hamibot] [INFO]:[INFO] [Anonymous functions]: 去蚂蚁森林逛一逛: hasRun=false
[2026-03-30 17:20:37] [hamibot] [INFO]:[INFO] [Anonymous functions]: 去蚂蚁庄园逛一逛: hasRun=false
[2026-03-30 17:20:37] [hamibot] [INFO]:[INFO] [Anonymous functions]: 去支付宝领积分: hasRun=false
[2026-03-30 17:20:37] [hamibot] [INFO]:[INFO] [Anonymous functions]: 浏览鱼小铺工作台: hasRun=false
[2026-03-30 17:20:37] [hamibot] [INFO]:[INFO] [Anonymous functions]: 搜一搜推荐商品: hasRun=false
[2026-03-30 17:20:37] [hamibot] [INFO]:[INFO] [Anonymous functions]: 领至高20元外卖红包: hasRun=false
[2026-03-30 17:20:37] [hamibot] [INFO]:[INFO] [Anonymous functions]: 看视频奖励100币: hasRun=false
[2026-03-30 17:20:37] [hamibot] [INFO]:[INFO] [Anonymous functions]: 看视频奖励100币: hasRun=false
[2026-03-30 17:20:37] [hamibot] [INFO]:[INFO] [Anonymous functions]: 看视频奖励100币: hasRun=false
[2026-03-30 17:20:37] [hamibot] [INFO]:[INFO] [Anonymous functions]: 看视频奖励100币: hasRun=false
[2026-03-30 17:20:37] [hamibot] [INFO]:[INFO] [Anonymous functions]: 发布一件新宝贝: hasRun=false
[2026-03-30 17:20:40] [hamibot] [INFO]:[INFO] [findTargetElementWithCacheStrict]: [sel-strict#7] mainPopup/签到 缓存[3] 全部✗ 剩余errorTime=14 2186ms
[2026-03-30 17:20:42] [hamibot] [INFO]:[INFO] [findTargetElementWithCacheStrict]: [sel-strict#4] mainPopup/去淘宝签到领红包 缓存[3] 全部✗ 剩余errorTime=2 1866ms
[2026-03-30 17:20:43] [hamibot] [INFO]:[INFO] [findTargetElementWithCache]: [sel#46] mainPopup/今天 缓存#9(1/1) ✓ 1106ms
[2026-03-30 17:20:43] [hamibot] [INFO]:[INFO] [mainPopupFn]: 没有找到去淘宝签到领红包， 将当前任务改成已经运行
[2026-03-30 17:20:45] [hamibot] [INFO]:[INFO] [findTargetElementWithCacheStrict]: [sel-strict#2] mainPopup/去蚂蚁森林逛一逛 缓存[3] 全部✗ 剩余errorTime=1 2441ms
[2026-03-30 17:20:46] [hamibot] [INFO]:[INFO] [findTargetElementWithCache]: [sel#47] mainPopup/今天 缓存#9(1/1) ✓ 912ms
[2026-03-30 17:20:46] [hamibot] [INFO]:[INFO] [mainPopupFn]: 没有找到去蚂蚁森林逛一逛， 将当前任务改成已经运行
[2026-03-30 17:20:48] [hamibot] [INFO]:[INFO] [findTargetElementWithCacheStrict]: [sel-strict#1] mainPopup/去蚂蚁庄园逛一逛 缓存#3(1/1) ✓ 1900ms
[2026-03-30 17:20:52] [hamibot] [INFO]:[INFO] [findTargetElementWithCacheStrict]: [sel-strict#2] mainPopup/去蚂蚁庄园逛一逛 缓存#3(1/1) ✓ 2949ms
[2026-03-30 17:20:59] [hamibot] [INFO]:[INFO] [findTargetElementList]: [sel-list#8] mainPopup/去完成 缓存#3(1/1) ✓ 21个 7264ms
[2026-03-30 17:20:59] [hamibot] [INFO]:[INFO] [findBtn_1]: sysReact, x: 863, y: 1165
[2026-03-30 17:21:00] [hamibot] [INFO]:[INFO] [findBtn_1]: 运行++去蚂蚁庄园逛一逛
[2026-03-30 17:21:06] [hamibot] [INFO]:[INFO] [findTargetElementWithCache]: [sel#48] mainPopup/今天 缓存[9] 全部✗ 剩余errorTime=39 90ms
[2026-03-30 17:21:06] [hamibot] [INFO]:[INFO] [findTargetElementWithCache]: [sel#33] coinExchangeMain/闲鱼币抵扣 缓存[3,6] 全部✗ 剩余errorTime=16 114ms
[2026-03-30 17:21:06] [hamibot] [INFO]:[INFO] [backMainPage]: 当前app不是闲鱼，直接回退 com.eg.android.AlipayGphone
[2026-03-30 17:21:09] [hamibot] [INFO]:[INFO] [findTargetElementWithCache]: [sel#49] mainPopup/今天 缓存[9] 全部✗ 剩余errorTime=38 63ms
[2026-03-30 17:21:09] [hamibot] [INFO]:[INFO] [findTargetElementWithCache]: [sel#34] coinExchangeMain/闲鱼币抵扣 缓存[3,6] 全部✗ 剩余errorTime=15 114ms
[2026-03-30 17:21:09] [hamibot] [INFO]:[INFO] [backMainPage]: 当前app不是闲鱼，直接回退 com.eg.android.AlipayGphone
[2026-03-30 17:21:09] [hamibot] [INFO]:[INFO] [findTargetElementWithCache]: [sel#50] mainPopup/今天 缓存[9] 全部✗ 剩余errorTime=37 66ms
[2026-03-30 17:21:09] [hamibot] [INFO]:[INFO] [findTargetElementWithCache]: [sel#35] coinExchangeMain/闲鱼币抵扣 缓存[3,6] 全部✗ 剩余errorTime=14 129ms
[2026-03-30 17:21:09] [hamibot] [INFO]:[INFO] [backMainPage]: 当前app不是闲鱼，直接回退 com.eg.android.AlipayGphone
[2026-03-30 17:21:09] [hamibot] [ERROR]:[ERROR] [backMainPage]: 死循环了， 关闭app
[2026-03-30 17:21:09] [hamibot] [INFO]:[INFO] [saveElementCache]: saveElementCache 服务端共 15 条 (本次新增/更新 15 条)
[2026-03-30 17:21:09] [hamibot] [INFO]:[INFO] [flushElementCache]: 已触发异步刷新元素查找缓存
[2026-03-30 17:21:10] [hamibot] [INFO]:[INFO] [closeApp]: openHamibot true
[2026-03-30 17:21:12] [hamibot] [INFO]:[INFO] [tryClickNode]: tryClickNode com.stardust.automator.UiObject@2a4bc; boundsInParent: Rect(0, 0 - 240, 240); boundsInScreen: Rect(420, 2057 - 660, 2297); packageName: com.miui.home; className: android.view.View; text: null; contentDescription: 本机共有12.0 G内存，当前4.5 G可用，双击清理全部任务; viewId: com.miui.home:id/clearAnimView; checkable: false; checked: false; focusable: true; focused: false; selected: false; clickable: true; longClickable: true; enabled: true; password: false; scrollable: false; [ACTION_FOCUS, ACTION_SELECT, ACTION_CLEAR_SELECTION, ACTION_CLICK, ACTION_LONG_CLICK, ACTION_ACCESSIBILITY_FOCUS, ACTION_NEXT_AT_MOVEMENT_GRANULARITY, ACTION_PREVIOUS_AT_MOVEMENT_GRANULARITY, ACTION_SET_SELECTION]
[2026-03-30 17:21:12] [hamibot] [ LOG ]:[ LOG ] [tryClickNode]: tryClickNode: 开始尝试点击节点 com.stardust.automator.UiObject@2a4bc; boundsInParent: Rect(0, 0 - 240, 240); boundsInScreen: Rect(420, 2057 - 660, 2297); packageName: com.miui.home; className: android.view.View; text: null; contentDescription: 本机共有12.0 G内存，当前4.5 G可用，双击清理全部任务; viewId: com.miui.home:id/clearAnimView; checkable: false; checked: false; focusable: true; focused: false; selected: false; clickable: true; longClickable: true; enabled: true; password: false; scrollable: false; [ACTION_FOCUS, ACTION_SELECT, ACTION_CLEAR_SELECTION, ACTION_CLICK, ACTION_LONG_CLICK, ACTION_ACCESSIBILITY_FOCUS, ACTION_NEXT_AT_MOVEMENT_GRANULARITY, ACTION_PREVIOUS_AT_MOVEMENT_GRANULARITY, ACTION_SET_SELECTION]
[2026-03-30 17:21:12] [hamibot] [ LOG ]:[ LOG ] [tryClickNode]: tryClickNode: 节点clickable值: function clickable() {/*
boolean clickable()
*/}

[2026-03-30 17:21:12] [hamibot] [ LOG ]:[ LOG ] [tryClickNode]: tryClickNode: 节点clickable toString: function clickable() {/*
boolean clickable()
*/}

[2026-03-30 17:21:12] [hamibot] [ LOG ]:[ LOG ] [tryClickNode]: tryClickNode: 解析后的clickable值: true
[2026-03-30 17:21:12] [hamibot] [ LOG ]:[ LOG ] [tryClickNode]: tryClickNode: 节点本身可点击，执行直接点击
[2026-03-30 17:21:12] [hamibot] [ LOG ]:[ LOG ] [tryClickNode]: tryClickNode: 直接点击结果: false
[2026-03-30 17:21:20] [hamibot] [WARN]:[WARN] [closeApp]: 关闭应用未确认成功: com.taobao.idlefish
[2026-03-30 17:22:13] [hamibot] [INFO]:[INFO] [findTargetElementWithCache]: [sel#9] coinExchangeMain/闲鱼币 缓存[3] 全部✗ 剩余errorTime=2 751ms
[2026-03-30 17:22:13] [hamibot] [ERROR]:[ERROR] [coinExchange]: coinExchange, 金币页面未找到闲鱼币
[2026-03-30 17:22:14] [hamibot] [INFO]:[INFO] [findTargetElementWithCache]: [sel#51] mainPopup/今天 缓存[9] 全部✗ 剩余errorTime=36 361ms
[2026-03-30 17:22:14] [hamibot] [INFO]:[INFO] [findTargetElementWithCache]: [sel#36] coinExchangeMain/闲鱼币抵扣 缓存#3(1/2) ✓ 10ms
[2026-03-30 17:22:16] [hamibot] [INFO]:[INFO] [findTargetElementWithCache]: [sel#52] mainPopup/今天 缓存[9] 全部✗ 剩余errorTime=35 875ms
[2026-03-30 17:22:16] [hamibot] [INFO]:[INFO] [findTargetElementWithCache]: [sel#37] coinExchangeMain/闲鱼币抵扣 缓存[3,6] 全部✗ 剩余errorTime=19 391ms
[2026-03-30 17:22:22] [hamibot] [INFO]:[INFO] [findTargetElementWithCache]: [sel#10] coinExchangeMain/闲鱼币 缓存[3] 全部✗ 剩余errorTime=1 999ms
[2026-03-30 17:22:22] [hamibot] [ERROR]:[ERROR] [coinExchange]: coinExchange, 金币页面未找到闲鱼币
[2026-03-30 17:22:23] [hamibot] [INFO]:[INFO] [findTargetElementWithCache]: [sel#53] mainPopup/今天 缓存[9] 全部✗ 剩余errorTime=34 1218ms
[2026-03-30 17:22:24] [hamibot] [INFO]:[INFO] [findTargetElementWithCache]: [sel#38] coinExchangeMain/闲鱼币抵扣 缓存#3(1/2) ✓ 41ms
[2026-03-30 17:22:25] [hamibot] [INFO]:[INFO] [findTargetElementWithCache]: [sel#54] mainPopup/今天 缓存[9] 全部✗ 剩余errorTime=33 978ms
[2026-03-30 17:22:26] [hamibot] [INFO]:[INFO] [findTargetElementWithCache]: [sel#39] coinExchangeMain/闲鱼币抵扣 缓存[3,6] 全部✗ 剩余errorTime=19 501ms
[2026-03-30 17:22:31] [hamibot] [INFO]:[INFO] [findTargetElementWithCache]: [sel#11] coinExchangeMain/闲鱼币 缓存[3] 全部✗ 剩余errorTime=0 1259ms
[2026-03-30 17:22:31] [hamibot] [ERROR]:[ERROR] [coinExchange]: coinExchange, 金币页面未找到闲鱼币
[2026-03-30 17:22:31] [hamibot] [INFO]:[INFO] [findTargetElementWithCache]: [sel#55] mainPopup/今天 缓存[9] 全部✗ 剩余errorTime=32 256ms
[2026-03-30 17:22:31] [hamibot] [INFO]:[INFO] [findTargetElementWithCache]: [sel#40] coinExchangeMain/闲鱼币抵扣 缓存#3(1/2) ✓ 10ms
[2026-03-30 17:22:32] [hamibot] [INFO]:[INFO] [findTargetElementWithCache]: [sel#56] mainPopup/今天 缓存[9] 全部✗ 剩余errorTime=31 664ms
[2026-03-30 17:22:33] [hamibot] [INFO]:[INFO] [findTargetElementWithCache]: [sel#41] coinExchangeMain/闲鱼币抵扣 缓存[3,6] 全部✗ 剩余errorTime=19 706ms
[2026-03-30 17:22:37] [hamibot] [INFO]:[INFO] [findTargetElementWithCache]: [sel#12] coinExchangeMain/闲鱼币 缓存[3] 全部✗ 剩余errorTime=-1 584ms
[2026-03-30 17:22:38] [hamibot] [ERROR]:[ERROR] [coinExchange]: coinExchange, 金币页面未找到闲鱼币
[2026-03-30 17:22:39] [hamibot] [INFO]:[INFO] [findTargetElementWithCache]: [sel#57] mainPopup/今天 缓存[9] 全部✗ 剩余errorTime=30 881ms
[2026-03-30 17:22:40] [hamibot] [INFO]:[INFO] [findTargetElementWithCache]: [sel#42] coinExchangeMain/闲鱼币抵扣 缓存#3(1/2) ✓ 13ms
[2026-03-30 17:22:40] [hamibot] [INFO]:[INFO] [findTargetElementWithCache]: [sel#58] mainPopup/今天 缓存[9] 全部✗ 剩余errorTime=29 116ms
[2026-03-30 17:22:41] [hamibot] [INFO]:[INFO] [findTargetElementWithCache]: [sel#43] coinExchangeMain/闲鱼币抵扣 缓存[3,6] 全部✗ 剩余errorTime=19 969ms
[2026-03-30 17:22:45] [hamibot] [INFO]:[INFO] [findTargetElementWithCache]: [sel#13] coinExchangeMain/闲鱼币 缓存[3] errorTime耗尽，降级串行 537ms
[2026-03-30 17:22:45] [hamibot] [INFO]:[INFO] [findTargetElementWithCache]: [sel#13] coinExchangeMain/闲鱼币 串行启动 12 条策略
[2026-03-30 17:22:46] [hamibot] [INFO]:[INFO] [findTargetElementWithCache]: [sel#13] coinExchangeMain/闲鱼币 串行#3 ✓ 串行412ms 总1056ms
[2026-03-30 17:22:46] [hamibot] [INFO]:[INFO] [saveElementCache]: saveElementCache 服务端共 15 条 (本次新增/更新 15 条)
[2026-03-30 17:22:46] [hamibot] [INFO]:[INFO] [findTargetElementWithCache]: [sel#59] mainPopup/今天 缓存[9] 全部✗ 剩余errorTime=28 85ms
[2026-03-30 17:22:48] [hamibot] [INFO]:[INFO] [findTargetElementWithCache]: [sel#14] coinExchangeMain/闲鱼币 缓存#3(1/1) ✓ 45ms
[2026-03-30 17:22:52] [hamibot] [INFO]:[INFO] [findTargetElementWithCache]: [sel#60] mainPopup/今天 缓存[9] 全部✗ 剩余errorTime=27 3700ms
[2026-03-30 17:22:57] [hamibot] [INFO]:[INFO] [findTargetElementWithCache]: [sel#15] coinExchangeMain/闲鱼币 缓存#3(1/1) ✓ 518ms
[2026-03-30 17:23:03] [hamibot] [INFO]:[INFO] [findTargetElementWithCache]: [sel#61] mainPopup/今天 缓存#9(1/1) ✓ 5805ms
[2026-03-30 17:23:13] [hamibot] [INFO]:[INFO] [findTargetElementList]: [sel-list#8] mainPopup/领取奖励 缓存[3] 全部✗ 剩余errorTime=19 8473ms
[2026-03-30 17:23:13] [hamibot] [INFO]:[INFO] [Anonymous functions]: 浏览指定频道好物: hasRun=true
[2026-03-30 17:23:13] [hamibot] [INFO]:[INFO] [Anonymous functions]: 搜一搜喜欢的商品: hasRun=true
[2026-03-30 17:23:13] [hamibot] [INFO]:[INFO] [Anonymous functions]: 去浏览全新好物: hasRun=true
[2026-03-30 17:23:13] [hamibot] [INFO]:[INFO] [Anonymous functions]: 浏览推荐的国补商品: hasRun=true
[2026-03-30 17:23:13] [hamibot] [INFO]:[INFO] [Anonymous functions]: 去蚂蚁森林逛一逛: hasRun=true
[2026-03-30 17:23:13] [hamibot] [INFO]:[INFO] [Anonymous functions]: 去支付宝农场领水果: hasRun=true
[2026-03-30 17:23:13] [hamibot] [INFO]:[INFO] [Anonymous functions]: 去淘宝签到领红包: hasRun=true
[2026-03-30 17:23:13] [hamibot] [INFO]:[INFO] [Anonymous functions]: 去蚂蚁森林逛一逛: hasRun=true
[2026-03-30 17:23:13] [hamibot] [INFO]:[INFO] [Anonymous functions]: 去蚂蚁庄园逛一逛: hasRun=false
[2026-03-30 17:23:13] [hamibot] [INFO]:[INFO] [Anonymous functions]: 去支付宝领积分: hasRun=false
[2026-03-30 17:23:13] [hamibot] [INFO]:[INFO] [Anonymous functions]: 浏览鱼小铺工作台: hasRun=false
[2026-03-30 17:23:13] [hamibot] [INFO]:[INFO] [Anonymous functions]: 搜一搜推荐商品: hasRun=false
[2026-03-30 17:23:14] [hamibot] [INFO]:[INFO] [Anonymous functions]: 领至高20元外卖红包: hasRun=false
[2026-03-30 17:23:14] [hamibot] [INFO]:[INFO] [Anonymous functions]: 看视频奖励100币: hasRun=false
[2026-03-30 17:23:14] [hamibot] [INFO]:[INFO] [Anonymous functions]: 看视频奖励100币: hasRun=false
[2026-03-30 17:23:14] [hamibot] [INFO]:[INFO] [Anonymous functions]: 看视频奖励100币: hasRun=false
[2026-03-30 17:23:14] [hamibot] [INFO]:[INFO] [Anonymous functions]: 看视频奖励100币: hasRun=false
[2026-03-30 17:23:14] [hamibot] [INFO]:[INFO] [Anonymous functions]: 发布一件新宝贝: hasRun=false
[2026-03-30 17:23:22] [hamibot] [INFO]:[INFO] [findTargetElementWithCacheStrict]: [sel-strict#8] mainPopup/签到 缓存[3] 全部✗ 剩余errorTime=13 8209ms
[2026-03-30 17:23:31] [hamibot] [INFO]:[INFO] [findTargetElementWithCacheStrict]: [sel-strict#3] mainPopup/去蚂蚁庄园逛一逛 缓存#3(1/1) ✓ 8527ms
[2026-03-30 17:23:38] [hamibot] [INFO]:[INFO] [findTargetElementWithCacheStrict]: [sel-strict#4] mainPopup/去蚂蚁庄园逛一逛 缓存#3(1/1) ✓ 6634ms
[2026-03-30 17:23:52] [hamibot] [INFO]:[INFO] [findTargetElementList]: [sel-list#9] mainPopup/去完成 缓存#3(1/1) ✓ 21个 13290ms
[2026-03-30 17:23:52] [hamibot] [INFO]:[INFO] [findBtn_1]: sysReact, x: 863, y: 1165
[2026-03-30 17:23:53] [hamibot] [INFO]:[INFO] [findBtn_1]: 运行++去蚂蚁庄园逛一逛
[2026-03-30 17:23:59] [hamibot] [INFO]:[INFO] [findTargetElementWithCache]: [sel#62] mainPopup/今天 缓存[9] 全部✗ 剩余errorTime=39 108ms
[2026-03-30 17:24:00] [hamibot] [INFO]:[INFO] [findTargetElementWithCache]: [sel#44] coinExchangeMain/闲鱼币抵扣 缓存[3,6] 全部✗ 剩余errorTime=18 147ms
[2026-03-30 17:24:00] [hamibot] [INFO]:[INFO] [backMainPage]: 当前app不是闲鱼，直接回退 com.eg.android.AlipayGphone
[2026-03-30 17:24:03] [hamibot] [INFO]:[INFO] [findTargetElementWithCache]: [sel#63] mainPopup/今天 缓存[9] 全部✗ 剩余errorTime=38 97ms
[2026-03-30 17:24:04] [hamibot] [INFO]:[INFO] [findTargetElementWithCache]: [sel#45] coinExchangeMain/闲鱼币抵扣 缓存[3,6] 全部✗ 剩余errorTime=17 132ms
[2026-03-30 17:24:04] [hamibot] [INFO]:[INFO] [backMainPage]: 当前app不是闲鱼，直接回退 com.eg.android.AlipayGphone
[2026-03-30 17:24:04] [hamibot] [INFO]:[INFO] [findTargetElementWithCache]: [sel#64] mainPopup/今天 缓存[9] 全部✗ 剩余errorTime=37 80ms
[2026-03-30 17:24:04] [hamibot] [INFO]:[INFO] [findTargetElementWithCache]: [sel#46] coinExchangeMain/闲鱼币抵扣 缓存[3,6] 全部✗ 剩余errorTime=16 154ms
[2026-03-30 17:24:04] [hamibot] [INFO]:[INFO] [backMainPage]: 当前app不是闲鱼，直接回退 com.eg.android.AlipayGphone
[2026-03-30 17:24:04] [hamibot] [ERROR]:[ERROR] [backMainPage]: 死循环了， 关闭app
[2026-03-30 17:24:04] [hamibot] [INFO]:[INFO] [saveElementCache]: saveElementCache 服务端共 15 条 (本次新增/更新 15 条)
[2026-03-30 17:24:05] [hamibot] [INFO]:[INFO] [flushElementCache]: 已触发异步刷新元素查找缓存
[2026-03-30 17:24:05] [hamibot] [INFO]:[INFO] [closeApp]: openHamibot true
[2026-03-30 17:24:07] [hamibot] [INFO]:[INFO] [tryClickNode]: tryClickNode com.stardust.automator.UiObject@2a4bc; boundsInParent: Rect(0, 0 - 240, 240); boundsInScreen: Rect(420, 2057 - 660, 2297); packageName: com.miui.home; className: android.view.View; text: null; contentDescription: 本机共有12.0 G内存，当前4.7 G可用，双击清理全部任务; viewId: com.miui.home:id/clearAnimView; checkable: false; checked: false; focusable: true; focused: false; selected: false; clickable: true; longClickable: true; enabled: true; password: false; scrollable: false; [ACTION_FOCUS, ACTION_SELECT, ACTION_CLEAR_SELECTION, ACTION_CLICK, ACTION_LONG_CLICK, ACTION_ACCESSIBILITY_FOCUS, ACTION_NEXT_AT_MOVEMENT_GRANULARITY, ACTION_PREVIOUS_AT_MOVEMENT_GRANULARITY, ACTION_SET_SELECTION]
[2026-03-30 17:24:07] [hamibot] [ LOG ]:[ LOG ] [tryClickNode]: tryClickNode: 开始尝试点击节点 com.stardust.automator.UiObject@2a4bc; boundsInParent: Rect(0, 0 - 240, 240); boundsInScreen: Rect(420, 2057 - 660, 2297); packageName: com.miui.home; className: android.view.View; text: null; contentDescription: 本机共有12.0 G内存，当前4.7 G可用，双击清理全部任务; viewId: com.miui.home:id/clearAnimView; checkable: false; checked: false; focusable: true; focused: false; selected: false; clickable: true; longClickable: true; enabled: true; password: false; scrollable: false; [ACTION_FOCUS, ACTION_SELECT, ACTION_CLEAR_SELECTION, ACTION_CLICK, ACTION_LONG_CLICK, ACTION_ACCESSIBILITY_FOCUS, ACTION_NEXT_AT_MOVEMENT_GRANULARITY, ACTION_PREVIOUS_AT_MOVEMENT_GRANULARITY, ACTION_SET_SELECTION]
[2026-03-30 17:24:07] [hamibot] [ LOG ]:[ LOG ] [tryClickNode]: tryClickNode: 节点clickable值: function clickable() {/*
boolean clickable()
*/}

[2026-03-30 17:24:07] [hamibot] [ LOG ]:[ LOG ] [tryClickNode]: tryClickNode: 节点clickable toString: function clickable() {/*
boolean clickable()
*/}

[2026-03-30 17:24:07] [hamibot] [ LOG ]:[ LOG ] [tryClickNode]: tryClickNode: 解析后的clickable值: true
[2026-03-30 17:24:07] [hamibot] [ LOG ]:[ LOG ] [tryClickNode]: tryClickNode: 节点本身可点击，执行直接点击
[2026-03-30 17:24:07] [hamibot] [ LOG ]:[ LOG ] [tryClickNode]: tryClickNode: 直接点击结果: true
[2026-03-30 17:24:08] [hamibot] [INFO]:[INFO] [closeApp]: 已通过最近任务页‘关闭全部’关闭应用
[2026-03-30 17:24:29] [hamibot] [INFO]:[INFO] [findTargetElementWithCache]: [sel#16] coinExchangeMain/闲鱼币 缓存#3(1/1) ✓ 389ms
[2026-03-30 17:24:32] [hamibot] [INFO]:[INFO] [findTargetElementWithCache]: [sel#65] mainPopup/今天 缓存[9] 全部✗ 剩余errorTime=36 2829ms
[2026-03-30 17:24:51] [hamibot] [INFO]:[INFO] [findTargetElementWithCache]: [sel#17] coinExchangeMain/闲鱼币 缓存#3(1/1) ✓ 483ms
[2026-03-30 17:24:58] [hamibot] [INFO]:[INFO] [findTargetElementWithCache]: [sel#66] mainPopup/今天 缓存#9(1/1) ✓ 6726ms
[2026-03-30 17:25:09] [hamibot] [INFO]:[INFO] [findTargetElementList]: [sel-list#9] mainPopup/领取奖励 缓存[3] 全部✗ 剩余errorTime=18 9670ms
[2026-03-30 17:25:09] [hamibot] [INFO]:[INFO] [Anonymous functions]: 浏览指定频道好物: hasRun=true
[2026-03-30 17:25:10] [hamibot] [INFO]:[INFO] [Anonymous functions]: 搜一搜喜欢的商品: hasRun=true
[2026-03-30 17:25:10] [hamibot] [INFO]:[INFO] [Anonymous functions]: 去浏览全新好物: hasRun=true
[2026-03-30 17:25:10] [hamibot] [INFO]:[INFO] [Anonymous functions]: 浏览推荐的国补商品: hasRun=true
[2026-03-30 17:25:10] [hamibot] [INFO]:[INFO] [Anonymous functions]: 去蚂蚁森林逛一逛: hasRun=true
[2026-03-30 17:25:10] [hamibot] [INFO]:[INFO] [Anonymous functions]: 去支付宝农场领水果: hasRun=true
[2026-03-30 17:25:11] [hamibot] [INFO]:[INFO] [Anonymous functions]: 去淘宝签到领红包: hasRun=true
[2026-03-30 17:25:11] [hamibot] [INFO]:[INFO] [Anonymous functions]: 去蚂蚁森林逛一逛: hasRun=true
[2026-03-30 17:25:11] [hamibot] [INFO]:[INFO] [Anonymous functions]: 去蚂蚁庄园逛一逛: hasRun=false
[2026-03-30 17:25:11] [hamibot] [INFO]:[INFO] [Anonymous functions]: 去支付宝领积分: hasRun=false
[2026-03-30 17:25:11] [hamibot] [INFO]:[INFO] [Anonymous functions]: 浏览鱼小铺工作台: hasRun=false
[2026-03-30 17:25:11] [hamibot] [INFO]:[INFO] [Anonymous functions]: 搜一搜推荐商品: hasRun=false
[2026-03-30 17:25:12] [hamibot] [INFO]:[INFO] [Anonymous functions]: 领至高20元外卖红包: hasRun=false
[2026-03-30 17:25:12] [hamibot] [INFO]:[INFO] [Anonymous functions]: 看视频奖励100币: hasRun=false
[2026-03-30 17:25:12] [hamibot] [INFO]:[INFO] [Anonymous functions]: 看视频奖励100币: hasRun=false
[2026-03-30 17:25:12] [hamibot] [INFO]:[INFO] [Anonymous functions]: 看视频奖励100币: hasRun=false
[2026-03-30 17:25:12] [hamibot] [INFO]:[INFO] [Anonymous functions]: 看视频奖励100币: hasRun=false
[2026-03-30 17:25:12] [hamibot] [INFO]:[INFO] [Anonymous functions]: 发布一件新宝贝: hasRun=false
[2026-03-30 17:25:21] [hamibot] [INFO]:[INFO] [findTargetElementWithCacheStrict]: [sel-strict#9] mainPopup/签到 缓存[3] 全部✗ 剩余errorTime=12 8841ms
[2026-03-30 17:25:29] [hamibot] [INFO]:[INFO] [findTargetElementWithCacheStrict]: [sel-strict#5] mainPopup/去蚂蚁庄园逛一逛 缓存#3(1/1) ✓ 7561ms
[2026-03-30 17:25:38] [hamibot] [INFO]:[INFO] [findTargetElementWithCacheStrict]: [sel-strict#6] mainPopup/去蚂蚁庄园逛一逛 缓存#3(1/1) ✓ 8325ms
[2026-03-30 17:25:53] [hamibot] [INFO]:[INFO] [findTargetElementList]: [sel-list#10] mainPopup/去完成 缓存#3(1/1) ✓ 21个 14705ms
[2026-03-30 17:25:53] [hamibot] [INFO]:[INFO] [findBtn_1]: sysReact, x: 863, y: 1165
[2026-03-30 17:25:54] [hamibot] [INFO]:[INFO] [findBtn_1]: 运行++去蚂蚁庄园逛一逛
[2026-03-30 17:26:00] [hamibot] [INFO]:[INFO] [findTargetElementWithCache]: [sel#67] mainPopup/今天 缓存[9] 全部✗ 剩余errorTime=39 76ms
[2026-03-30 17:26:00] [hamibot] [INFO]:[INFO] [findTargetElementWithCache]: [sel#47] coinExchangeMain/闲鱼币抵扣 缓存[3,6] 全部✗ 剩余errorTime=15 119ms
[2026-03-30 17:26:00] [hamibot] [INFO]:[INFO] [backMainPage]: 当前app不是闲鱼，直接回退 com.eg.android.AlipayGphone
[2026-03-30 17:26:02] [hamibot] [INFO]:[INFO] [findTargetElementWithCache]: [sel#68] mainPopup/今天 缓存[9] 全部✗ 剩余errorTime=38 92ms
[2026-03-30 17:26:02] [hamibot] [INFO]:[INFO] [findTargetElementWithCache]: [sel#48] coinExchangeMain/闲鱼币抵扣 缓存[3,6] 全部✗ 剩余errorTime=14 122ms
[2026-03-30 17:26:02] [hamibot] [INFO]:[INFO] [backMainPage]: 当前app不是闲鱼，直接回退 com.eg.android.AlipayGphone
[2026-03-30 17:26:02] [hamibot] [INFO]:[INFO] [findTargetElementWithCache]: [sel#69] mainPopup/今天 缓存[9] 全部✗ 剩余errorTime=37 81ms
[2026-03-30 17:26:02] [hamibot] [INFO]:[INFO] [findTargetElementWithCache]: [sel#49] coinExchangeMain/闲鱼币抵扣 缓存[3,6] 全部✗ 剩余errorTime=13 123ms
[2026-03-30 17:26:02] [hamibot] [INFO]:[INFO] [backMainPage]: 当前app不是闲鱼，直接回退 com.eg.android.AlipayGphone
[2026-03-30 17:26:02] [hamibot] [ERROR]:[ERROR] [backMainPage]: 死循环了， 关闭app
[2026-03-30 17:26:02] [hamibot] [INFO]:[INFO] [saveElementCache]: saveElementCache 服务端共 15 条 (本次新增/更新 15 条)
[2026-03-30 17:26:03] [hamibot] [INFO]:[INFO] [flushElementCache]: 已触发异步刷新元素查找缓存
[2026-03-30 17:26:03] [hamibot] [INFO]:[INFO] [closeApp]: openHamibot true
[2026-03-30 17:26:05] [hamibot] [INFO]:[INFO] [tryClickNode]: tryClickNode com.stardust.automator.UiObject@2a4bc; boundsInParent: Rect(0, 0 - 240, 240); boundsInScreen: Rect(420, 2057 - 660, 2297); packageName: com.miui.home; className: android.view.View; text: null; contentDescription: 本机共有12.0 G内存，当前5.4 G可用，双击清理全部任务; viewId: com.miui.home:id/clearAnimView; checkable: false; checked: false; focusable: true; focused: false; selected: false; clickable: true; longClickable: true; enabled: true; password: false; scrollable: false; [ACTION_FOCUS, ACTION_SELECT, ACTION_CLEAR_SELECTION, ACTION_CLICK, ACTION_LONG_CLICK, ACTION_ACCESSIBILITY_FOCUS, ACTION_NEXT_AT_MOVEMENT_GRANULARITY, ACTION_PREVIOUS_AT_MOVEMENT_GRANULARITY, ACTION_SET_SELECTION]
[2026-03-30 17:26:05] [hamibot] [ LOG ]:[ LOG ] [tryClickNode]: tryClickNode: 开始尝试点击节点 com.stardust.automator.UiObject@2a4bc; boundsInParent: Rect(0, 0 - 240, 240); boundsInScreen: Rect(420, 2057 - 660, 2297); packageName: com.miui.home; className: android.view.View; text: null; contentDescription: 本机共有12.0 G内存，当前5.4 G可用，双击清理全部任务; viewId: com.miui.home:id/clearAnimView; checkable: false; checked: false; focusable: true; focused: false; selected: false; clickable: true; longClickable: true; enabled: true; password: false; scrollable: false; [ACTION_FOCUS, ACTION_SELECT, ACTION_CLEAR_SELECTION, ACTION_CLICK, ACTION_LONG_CLICK, ACTION_ACCESSIBILITY_FOCUS, ACTION_NEXT_AT_MOVEMENT_GRANULARITY, ACTION_PREVIOUS_AT_MOVEMENT_GRANULARITY, ACTION_SET_SELECTION]
[2026-03-30 17:26:05] [hamibot] [ LOG ]:[ LOG ] [tryClickNode]: tryClickNode: 节点clickable值: function clickable() {/*
boolean clickable()
*/}

[2026-03-30 17:26:05] [hamibot] [ LOG ]:[ LOG ] [tryClickNode]: tryClickNode: 节点clickable toString: function clickable() {/*
boolean clickable()
*/}

[2026-03-30 17:26:05] [hamibot] [ LOG ]:[ LOG ] [tryClickNode]: tryClickNode: 解析后的clickable值: true
[2026-03-30 17:26:05] [hamibot] [ LOG ]:[ LOG ] [tryClickNode]: tryClickNode: 节点本身可点击，执行直接点击
[2026-03-30 17:26:05] [hamibot] [ LOG ]:[ LOG ] [tryClickNode]: tryClickNode: 直接点击结果: true
[2026-03-30 17:26:06] [hamibot] [INFO]:[INFO] [closeApp]: 已通过最近任务页‘关闭全部’关闭应用
[2026-03-30 17:36:48] [hamibot] [INFO]:[INFO] [saveElementCache]: saveElementCache 服务端共 15 条 (本次新增/更新 15 条)
[2026-03-30 17:36:48] [hamibot] [INFO]:[INFO] [flushElementCache]: 已触发异步刷新元素查找缓存
[2026-03-30 17:36:49] [hamibot] [INFO]:[INFO] [closeApp]: openHamibot true
[2026-03-30 17:37:05] [hamibot] [WARN]:[WARN] [closeApp]: 关闭应用未确认成功: com.taobao.idlefish
[2026-03-30 17:37:38] [hamibot] [INFO]:[INFO] [saveElementCache]: saveElementCache 服务端共 15 条 (本次新增/更新 15 条)
[2026-03-30 17:37:38] [hamibot] [INFO]:[INFO] [flushElementCache]: 已触发异步刷新元素查找缓存
[2026-03-30 17:37:38] [hamibot] [INFO]:[INFO] [closeApp]: openHamibot true
[2026-03-30 17:37:57] [hamibot] [WARN]:[WARN] [closeApp]: 关闭应用未确认成功: com.taobao.idlefish
[2026-03-30 17:38:30] [hamibot] [INFO]:[INFO] [saveElementCache]: saveElementCache 服务端共 15 条 (本次新增/更新 15 条)
[2026-03-30 17:38:30] [hamibot] [INFO]:[INFO] [flushElementCache]: 已触发异步刷新元素查找缓存
[2026-03-30 17:38:30] [hamibot] [INFO]:[INFO] [closeApp]: openHamibot true
[2026-03-30 17:38:47] [hamibot] [WARN]:[WARN] [closeApp]: 关闭应用未确认成功: com.taobao.idlefish
[2026-03-30 17:39:20] [hamibot] [INFO]:[INFO] [saveElementCache]: saveElementCache 服务端共 15 条 (本次新增/更新 15 条)
[2026-03-30 17:39:20] [hamibot] [INFO]:[INFO] [flushElementCache]: 已触发异步刷新元素查找缓存
[2026-03-30 17:39:20] [hamibot] [INFO]:[INFO] [closeApp]: openHamibot true
[2026-03-30 17:39:37] [hamibot] [WARN]:[WARN] [closeApp]: 关闭应用未确认成功: com.taobao.idlefish
[2026-03-30 17:40:09] [hamibot] [INFO]:[INFO] [saveElementCache]: saveElementCache 服务端共 15 条 (本次新增/更新 15 条)
[2026-03-30 17:40:09] [hamibot] [INFO]:[INFO] [flushElementCache]: 已触发异步刷新元素查找缓存
[2026-03-30 17:40:10] [hamibot] [INFO]:[INFO] [closeApp]: openHamibot true
[2026-03-30 17:40:27] [hamibot] [WARN]:[WARN] [closeApp]: 关闭应用未确认成功: com.taobao.idlefish
[2026-03-30 17:40:59] [hamibot] [INFO]:[INFO] [saveElementCache]: saveElementCache 服务端共 15 条 (本次新增/更新 15 条)
[2026-03-30 17:40:59] [hamibot] [INFO]:[INFO] [flushElementCache]: 已触发异步刷新元素查找缓存
[2026-03-30 17:40:59] [hamibot] [INFO]:[INFO] [closeApp]: openHamibot true
[2026-03-30 17:41:16] [hamibot] [WARN]:[WARN] [closeApp]: 关闭应用未确认成功: com.taobao.idlefish
[2026-03-30 17:41:49] [hamibot] [INFO]:[INFO] [saveElementCache]: saveElementCache 服务端共 15 条 (本次新增/更新 15 条)
[2026-03-30 17:41:49] [hamibot] [INFO]:[INFO] [flushElementCache]: 已触发异步刷新元素查找缓存
[2026-03-30 17:41:49] [hamibot] [INFO]:[INFO] [closeApp]: openHamibot true
[2026-03-30 17:42:06] [hamibot] [WARN]:[WARN] [closeApp]: 关闭应用未确认成功: com.taobao.idlefish
[2026-03-30 17:42:38] [hamibot] [INFO]:[INFO] [saveElementCache]: saveElementCache 服务端共 15 条 (本次新增/更新 15 条)
[2026-03-30 17:42:38] [hamibot] [INFO]:[INFO] [flushElementCache]: 已触发异步刷新元素查找缓存
[2026-03-30 17:42:39] [hamibot] [INFO]:[INFO] [closeApp]: openHamibot true
[2026-03-30 17:42:55] [hamibot] [WARN]:[WARN] [closeApp]: 关闭应用未确认成功: com.taobao.idlefish
[2026-03-30 17:43:28] [hamibot] [INFO]:[INFO] [saveElementCache]: saveElementCache 服务端共 15 条 (本次新增/更新 15 条)
[2026-03-30 17:43:28] [hamibot] [INFO]:[INFO] [flushElementCache]: 已触发异步刷新元素查找缓存
[2026-03-30 17:43:28] [hamibot] [INFO]:[INFO] [closeApp]: openHamibot true
[2026-03-30 17:43:45] [hamibot] [WARN]:[WARN] [closeApp]: 关闭应用未确认成功: com.taobao.idlefish
[2026-03-30 17:44:17] [hamibot] [INFO]:[INFO] [saveElementCache]: saveElementCache 服务端共 15 条 (本次新增/更新 15 条)
[2026-03-30 17:44:17] [hamibot] [INFO]:[INFO] [flushElementCache]: 已触发异步刷新元素查找缓存
[2026-03-30 17:44:18] [hamibot] [INFO]:[INFO] [closeApp]: openHamibot true
[2026-03-30 17:44:34] [hamibot] [WARN]:[WARN] [closeApp]: 关闭应用未确认成功: com.taobao.idlefish
[2026-03-30 17:45:07] [hamibot] [INFO]:[INFO] [saveElementCache]: saveElementCache 服务端共 15 条 (本次新增/更新 15 条)
[2026-03-30 17:45:07] [hamibot] [INFO]:[INFO] [flushElementCache]: 已触发异步刷新元素查找缓存
[2026-03-30 17:45:07] [hamibot] [INFO]:[INFO] [closeApp]: openHamibot true
[2026-03-30 17:45:24] [hamibot] [WARN]:[WARN] [closeApp]: 关闭应用未确认成功: com.taobao.idlefish
[2026-03-30 17:45:57] [hamibot] [INFO]:[INFO] [saveElementCache]: saveElementCache 服务端共 15 条 (本次新增/更新 15 条)
[2026-03-30 17:45:57] [hamibot] [INFO]:[INFO] [flushElementCache]: 已触发异步刷新元素查找缓存
[2026-03-30 17:45:57] [hamibot] [INFO]:[INFO] [closeApp]: openHamibot true
[2026-03-30 17:46:14] [hamibot] [WARN]:[WARN] [closeApp]: 关闭应用未确认成功: com.taobao.idlefish
[2026-03-30 17:46:46] [hamibot] [INFO]:[INFO] [saveElementCache]: saveElementCache 服务端共 15 条 (本次新增/更新 15 条)
[2026-03-30 17:46:46] [hamibot] [INFO]:[INFO] [flushElementCache]: 已触发异步刷新元素查找缓存
[2026-03-30 17:46:46] [hamibot] [INFO]:[INFO] [closeApp]: openHamibot true
[2026-03-30 17:47:03] [hamibot] [WARN]:[WARN] [closeApp]: 关闭应用未确认成功: com.taobao.idlefish
[2026-03-30 17:47:35] [hamibot] [INFO]:[INFO] [saveElementCache]: saveElementCache 服务端共 15 条 (本次新增/更新 15 条)
[2026-03-30 17:47:35] [hamibot] [INFO]:[INFO] [flushElementCache]: 已触发异步刷新元素查找缓存
[2026-03-30 17:47:36] [hamibot] [INFO]:[INFO] [closeApp]: openHamibot true
[2026-03-30 17:47:53] [hamibot] [WARN]:[WARN] [closeApp]: 关闭应用未确认成功: com.taobao.idlefish
[2026-03-30 17:48:26] [hamibot] [INFO]:[INFO] [saveElementCache]: saveElementCache 服务端共 15 条 (本次新增/更新 15 条)
[2026-03-30 17:48:26] [hamibot] [INFO]:[INFO] [flushElementCache]: 已触发异步刷新元素查找缓存
[2026-03-30 17:48:26] [hamibot] [INFO]:[INFO] [closeApp]: openHamibot true
[2026-03-30 17:48:43] [hamibot] [WARN]:[WARN] [closeApp]: 关闭应用未确认成功: com.taobao.idlefish
[2026-03-30 17:49:15] [hamibot] [INFO]:[INFO] [saveElementCache]: saveElementCache 服务端共 15 条 (本次新增/更新 15 条)
[2026-03-30 17:49:16] [hamibot] [INFO]:[INFO] [flushElementCache]: 已触发异步刷新元素查找缓存
[2026-03-30 17:49:16] [hamibot] [INFO]:[INFO] [closeApp]: openHamibot true
[2026-03-30 17:49:33] [hamibot] [WARN]:[WARN] [closeApp]: 关闭应用未确认成功: com.taobao.idlefish
[2026-03-30 17:50:05] [hamibot] [INFO]:[INFO] [saveElementCache]: saveElementCache 服务端共 15 条 (本次新增/更新 15 条)
[2026-03-30 17:50:05] [hamibot] [INFO]:[INFO] [flushElementCache]: 已触发异步刷新元素查找缓存
[2026-03-30 17:50:05] [hamibot] [INFO]:[INFO] [closeApp]: openHamibot true
[2026-03-30 17:50:22] [hamibot] [WARN]:[WARN] [closeApp]: 关闭应用未确认成功: com.taobao.idlefish
[2026-03-30 17:50:55] [hamibot] [INFO]:[INFO] [saveElementCache]: saveElementCache 服务端共 15 条 (本次新增/更新 15 条)
[2026-03-30 17:50:55] [hamibot] [INFO]:[INFO] [flushElementCache]: 已触发异步刷新元素查找缓存
[2026-03-30 17:50:55] [hamibot] [INFO]:[INFO] [closeApp]: openHamibot true
[2026-03-30 17:51:12] [hamibot] [WARN]:[WARN] [closeApp]: 关闭应用未确认成功: com.taobao.idlefish
[2026-03-30 17:51:44] [hamibot] [INFO]:[INFO] [saveElementCache]: saveElementCache 服务端共 15 条 (本次新增/更新 15 条)
[2026-03-30 17:51:45] [hamibot] [INFO]:[INFO] [flushElementCache]: 已触发异步刷新元素查找缓存
[2026-03-30 17:51:45] [hamibot] [INFO]:[INFO] [closeApp]: openHamibot true
[2026-03-30 17:52:02] [hamibot] [WARN]:[WARN] [closeApp]: 关闭应用未确认成功: com.taobao.idlefish
[2026-03-30 17:52:34] [hamibot] [INFO]:[INFO] [saveElementCache]: saveElementCache 服务端共 15 条 (本次新增/更新 15 条)
[2026-03-30 17:52:34] [hamibot] [INFO]:[INFO] [flushElementCache]: 已触发异步刷新元素查找缓存
[2026-03-30 17:52:34] [hamibot] [INFO]:[INFO] [closeApp]: openHamibot true
[2026-03-30 17:52:51] [hamibot] [WARN]:[WARN] [closeApp]: 关闭应用未确认成功: com.taobao.idlefish
[2026-03-30 17:53:24] [hamibot] [INFO]:[INFO] [saveElementCache]: saveElementCache 服务端共 15 条 (本次新增/更新 15 条)
[2026-03-30 17:53:24] [hamibot] [INFO]:[INFO] [flushElementCache]: 已触发异步刷新元素查找缓存
[2026-03-30 17:53:25] [hamibot] [INFO]:[INFO] [closeApp]: openHamibot true
[2026-03-30 17:53:42] [hamibot] [WARN]:[WARN] [closeApp]: 关闭应用未确认成功: com.taobao.idlefish
[2026-03-30 17:54:15] [hamibot] [INFO]:[INFO] [saveElementCache]: saveElementCache 服务端共 15 条 (本次新增/更新 15 条)
[2026-03-30 17:54:15] [hamibot] [INFO]:[INFO] [flushElementCache]: 已触发异步刷新元素查找缓存
[2026-03-30 17:54:15] [hamibot] [INFO]:[INFO] [closeApp]: openHamibot true
[2026-03-30 17:54:32] [hamibot] [WARN]:[WARN] [closeApp]: 关闭应用未确认成功: com.taobao.idlefish
[2026-03-30 17:55:05] [hamibot] [INFO]:[INFO] [saveElementCache]: saveElementCache 服务端共 15 条 (本次新增/更新 15 条)
[2026-03-30 17:55:05] [hamibot] [INFO]:[INFO] [flushElementCache]: 已触发异步刷新元素查找缓存
[2026-03-30 17:55:08] [hamibot] [INFO]:[INFO] [closeApp]: openHamibot true
[2026-03-30 17:55:25] [hamibot] [WARN]:[WARN] [closeApp]: 关闭应用未确认成功: com.taobao.idlefish
[2026-03-30 17:55:58] [hamibot] [INFO]:[INFO] [saveElementCache]: saveElementCache 服务端共 15 条 (本次新增/更新 15 条)
[2026-03-30 17:55:58] [hamibot] [INFO]:[INFO] [flushElementCache]: 已触发异步刷新元素查找缓存
[2026-03-30 17:55:58] [hamibot] [INFO]:[INFO] [closeApp]: openHamibot true
[2026-03-30 17:56:15] [hamibot] [WARN]:[WARN] [closeApp]: 关闭应用未确认成功: com.taobao.idlefish
[2026-03-30 17:56:48] [hamibot] [INFO]:[INFO] [saveElementCache]: saveElementCache 服务端共 15 条 (本次新增/更新 15 条)
[2026-03-30 17:56:48] [hamibot] [INFO]:[INFO] [flushElementCache]: 已触发异步刷新元素查找缓存
[2026-03-30 17:56:48] [hamibot] [INFO]:[INFO] [closeApp]: openHamibot true
[2026-03-30 17:57:05] [hamibot] [WARN]:[WARN] [closeApp]: 关闭应用未确认成功: com.taobao.idlefish
[2026-03-30 17:57:37] [hamibot] [INFO]:[INFO] [saveElementCache]: saveElementCache 服务端共 15 条 (本次新增/更新 15 条)
[2026-03-30 17:57:37] [hamibot] [INFO]:[INFO] [flushElementCache]: 已触发异步刷新元素查找缓存
[2026-03-30 17:57:38] [hamibot] [INFO]:[INFO] [closeApp]: openHamibot true
[2026-03-30 17:57:57] [hamibot] [WARN]:[WARN] [closeApp]: 关闭应用未确认成功: com.taobao.idlefish
[2026-03-30 17:58:29] [hamibot] [INFO]:[INFO] [saveElementCache]: saveElementCache 服务端共 15 条 (本次新增/更新 15 条)
[2026-03-30 17:58:29] [hamibot] [INFO]:[INFO] [flushElementCache]: 已触发异步刷新元素查找缓存
[2026-03-30 17:58:29] [hamibot] [INFO]:[INFO] [closeApp]: openHamibot true
[2026-03-30 17:58:46] [hamibot] [WARN]:[WARN] [closeApp]: 关闭应用未确认成功: com.taobao.idlefish
[2026-03-30 17:59:19] [hamibot] [INFO]:[INFO] [saveElementCache]: saveElementCache 服务端共 15 条 (本次新增/更新 15 条)
[2026-03-30 17:59:19] [hamibot] [INFO]:[INFO] [flushElementCache]: 已触发异步刷新元素查找缓存
[2026-03-30 17:59:19] [hamibot] [INFO]:[INFO] [closeApp]: openHamibot true
[2026-03-30 17:59:36] [hamibot] [WARN]:[WARN] [closeApp]: 关闭应用未确认成功: com.taobao.idlefish
[2026-03-30 18:00:08] [hamibot] [INFO]:[INFO] [saveElementCache]: saveElementCache 服务端共 15 条 (本次新增/更新 15 条)
[2026-03-30 18:00:09] [hamibot] [INFO]:[INFO] [flushElementCache]: 已触发异步刷新元素查找缓存
[2026-03-30 18:00:09] [hamibot] [INFO]:[INFO] [closeApp]: openHamibot true
[2026-03-30 18:00:27] [hamibot] [WARN]:[WARN] [closeApp]: 关闭应用未确认成功: com.taobao.idlefish
[2026-03-30 18:00:59] [hamibot] [INFO]:[INFO] [saveElementCache]: saveElementCache 服务端共 15 条 (本次新增/更新 15 条)
[2026-03-30 18:00:59] [hamibot] [INFO]:[INFO] [flushElementCache]: 已触发异步刷新元素查找缓存
[2026-03-30 18:00:59] [hamibot] [INFO]:[INFO] [closeApp]: openHamibot true
[2026-03-30 18:01:16] [hamibot] [WARN]:[WARN] [closeApp]: 关闭应用未确认成功: com.taobao.idlefish
[2026-03-30 18:01:49] [hamibot] [INFO]:[INFO] [saveElementCache]: saveElementCache 服务端共 15 条 (本次新增/更新 15 条)
[2026-03-30 18:01:49] [hamibot] [INFO]:[INFO] [flushElementCache]: 已触发异步刷新元素查找缓存
[2026-03-30 18:01:49] [hamibot] [INFO]:[INFO] [closeApp]: openHamibot true
[2026-03-30 18:02:08] [hamibot] [WARN]:[WARN] [closeApp]: 关闭应用未确认成功: com.taobao.idlefish
[2026-03-30 18:02:41] [hamibot] [INFO]:[INFO] [saveElementCache]: saveElementCache 服务端共 15 条 (本次新增/更新 15 条)
[2026-03-30 18:02:41] [hamibot] [INFO]:[INFO] [flushElementCache]: 已触发异步刷新元素查找缓存
[2026-03-30 18:02:41] [hamibot] [INFO]:[INFO] [closeApp]: openHamibot true
[2026-03-30 18:02:58] [hamibot] [WARN]:[WARN] [closeApp]: 关闭应用未确认成功: com.taobao.idlefish
[2026-03-30 18:03:30] [hamibot] [INFO]:[INFO] [saveElementCache]: saveElementCache 服务端共 15 条 (本次新增/更新 15 条)
[2026-03-30 18:03:30] [hamibot] [INFO]:[INFO] [flushElementCache]: 已触发异步刷新元素查找缓存
[2026-03-30 18:03:30] [hamibot] [INFO]:[INFO] [closeApp]: openHamibot true
[2026-03-30 18:03:47] [hamibot] [WARN]:[WARN] [closeApp]: 关闭应用未确认成功: com.taobao.idlefish
[2026-03-30 18:04:20] [hamibot] [INFO]:[INFO] [saveElementCache]: saveElementCache 服务端共 15 条 (本次新增/更新 15 条)
[2026-03-30 18:04:20] [hamibot] [INFO]:[INFO] [flushElementCache]: 已触发异步刷新元素查找缓存
[2026-03-30 18:04:20] [hamibot] [INFO]:[INFO] [closeApp]: openHamibot true
[2026-03-30 18:04:37] [hamibot] [WARN]:[WARN] [closeApp]: 关闭应用未确认成功: com.taobao.idlefish
[2026-03-30 18:05:09] [hamibot] [INFO]:[INFO] [saveElementCache]: saveElementCache 服务端共 15 条 (本次新增/更新 15 条)
[2026-03-30 18:05:09] [hamibot] [INFO]:[INFO] [flushElementCache]: 已触发异步刷新元素查找缓存
[2026-03-30 18:05:10] [hamibot] [INFO]:[INFO] [closeApp]: openHamibot true
[2026-03-30 18:05:26] [hamibot] [WARN]:[WARN] [closeApp]: 关闭应用未确认成功: com.taobao.idlefish
[2026-03-30 18:05:59] [hamibot] [INFO]:[INFO] [saveElementCache]: saveElementCache 服务端共 15 条 (本次新增/更新 15 条)
[2026-03-30 18:05:59] [hamibot] [INFO]:[INFO] [flushElementCache]: 已触发异步刷新元素查找缓存
[2026-03-30 18:05:59] [hamibot] [INFO]:[INFO] [closeApp]: openHamibot true
[2026-03-30 18:06:16] [hamibot] [WARN]:[WARN] [closeApp]: 关闭应用未确认成功: com.taobao.idlefish
[2026-03-30 18:06:48] [hamibot] [INFO]:[INFO] [saveElementCache]: saveElementCache 服务端共 15 条 (本次新增/更新 15 条)
[2026-03-30 18:06:48] [hamibot] [INFO]:[INFO] [flushElementCache]: 已触发异步刷新元素查找缓存
[2026-03-30 18:06:49] [hamibot] [INFO]:[INFO] [closeApp]: openHamibot true
[2026-03-30 18:07:06] [hamibot] [WARN]:[WARN] [closeApp]: 关闭应用未确认成功: com.taobao.idlefish
[2026-03-30 18:07:38] [hamibot] [INFO]:[INFO] [saveElementCache]: saveElementCache 服务端共 15 条 (本次新增/更新 15 条)
[2026-03-30 18:07:38] [hamibot] [INFO]:[INFO] [flushElementCache]: 已触发异步刷新元素查找缓存
[2026-03-30 18:07:38] [hamibot] [INFO]:[INFO] [closeApp]: openHamibot true
[2026-03-30 18:07:55] [hamibot] [WARN]:[WARN] [closeApp]: 关闭应用未确认成功: com.taobao.idlefish
[2026-03-30 18:08:27] [hamibot] [INFO]:[INFO] [saveElementCache]: saveElementCache 服务端共 15 条 (本次新增/更新 15 条)
[2026-03-30 18:08:27] [hamibot] [INFO]:[INFO] [flushElementCache]: 已触发异步刷新元素查找缓存
[2026-03-30 18:08:28] [hamibot] [INFO]:[INFO] [closeApp]: openHamibot true
[2026-03-30 18:08:44] [hamibot] [WARN]:[WARN] [closeApp]: 关闭应用未确认成功: com.taobao.idlefish
[2026-03-30 18:09:17] [hamibot] [INFO]:[INFO] [saveElementCache]: saveElementCache 服务端共 15 条 (本次新增/更新 15 条)
[2026-03-30 18:09:17] [hamibot] [INFO]:[INFO] [flushElementCache]: 已触发异步刷新元素查找缓存
[2026-03-30 18:09:17] [hamibot] [INFO]:[INFO] [closeApp]: openHamibot true
[2026-03-30 18:09:34] [hamibot] [WARN]:[WARN] [closeApp]: 关闭应用未确认成功: com.taobao.idlefish
[2026-03-30 18:10:06] [hamibot] [INFO]:[INFO] [saveElementCache]: saveElementCache 服务端共 15 条 (本次新增/更新 15 条)
[2026-03-30 18:10:06] [hamibot] [INFO]:[INFO] [flushElementCache]: 已触发异步刷新元素查找缓存
[2026-03-30 18:10:07] [hamibot] [INFO]:[INFO] [closeApp]: openHamibot true
[2026-03-30 18:10:24] [hamibot] [WARN]:[WARN] [closeApp]: 关闭应用未确认成功: com.taobao.idlefish
[2026-03-30 18:10:57] [hamibot] [INFO]:[INFO] [saveElementCache]: saveElementCache 服务端共 15 条 (本次新增/更新 15 条)
[2026-03-30 18:10:57] [hamibot] [INFO]:[INFO] [flushElementCache]: 已触发异步刷新元素查找缓存
[2026-03-30 18:10:57] [hamibot] [INFO]:[INFO] [closeApp]: openHamibot true
[2026-03-30 18:11:14] [hamibot] [WARN]:[WARN] [closeApp]: 关闭应用未确认成功: com.taobao.idlefish
[2026-03-30 18:11:46] [hamibot] [INFO]:[INFO] [saveElementCache]: saveElementCache 服务端共 15 条 (本次新增/更新 15 条)
[2026-03-30 18:11:47] [hamibot] [INFO]:[INFO] [flushElementCache]: 已触发异步刷新元素查找缓存
[2026-03-30 18:11:47] [hamibot] [INFO]:[INFO] [closeApp]: openHamibot true
[2026-03-30 18:12:03] [hamibot] [WARN]:[WARN] [closeApp]: 关闭应用未确认成功: com.taobao.idlefish
[2026-03-30 18:12:36] [hamibot] [INFO]:[INFO] [saveElementCache]: saveElementCache 服务端共 15 条 (本次新增/更新 15 条)
[2026-03-30 18:12:36] [hamibot] [INFO]:[INFO] [flushElementCache]: 已触发异步刷新元素查找缓存
[2026-03-30 18:12:37] [hamibot] [INFO]:[INFO] [closeApp]: openHamibot true
[2026-03-30 18:12:55] [hamibot] [WARN]:[WARN] [closeApp]: 关闭应用未确认成功: com.taobao.idlefish
[2026-03-30 18:13:27] [hamibot] [INFO]:[INFO] [saveElementCache]: saveElementCache 服务端共 15 条 (本次新增/更新 15 条)
[2026-03-30 18:13:27] [hamibot] [INFO]:[INFO] [flushElementCache]: 已触发异步刷新元素查找缓存
[2026-03-30 18:13:27] [hamibot] [INFO]:[INFO] [closeApp]: openHamibot true
[2026-03-30 18:13:44] [hamibot] [WARN]:[WARN] [closeApp]: 关闭应用未确认成功: com.taobao.idlefish
[2026-03-30 18:14:17] [hamibot] [INFO]:[INFO] [saveElementCache]: saveElementCache 服务端共 15 条 (本次新增/更新 15 条)
[2026-03-30 18:14:17] [hamibot] [INFO]:[INFO] [flushElementCache]: 已触发异步刷新元素查找缓存
[2026-03-30 18:14:17] [hamibot] [INFO]:[INFO] [closeApp]: openHamibot true
[2026-03-30 18:14:34] [hamibot] [WARN]:[WARN] [closeApp]: 关闭应用未确认成功: com.taobao.idlefish
[2026-03-30 18:15:06] [hamibot] [INFO]:[INFO] [saveElementCache]: saveElementCache 服务端共 15 条 (本次新增/更新 15 条)
[2026-03-30 18:15:06] [hamibot] [INFO]:[INFO] [flushElementCache]: 已触发异步刷新元素查找缓存
[2026-03-30 18:15:06] [hamibot] [INFO]:[INFO] [closeApp]: openHamibot true
[2026-03-30 18:15:23] [hamibot] [WARN]:[WARN] [closeApp]: 关闭应用未确认成功: com.taobao.idlefish
[2026-03-30 18:15:56] [hamibot] [INFO]:[INFO] [saveElementCache]: saveElementCache 服务端共 15 条 (本次新增/更新 15 条)
[2026-03-30 18:15:56] [hamibot] [INFO]:[INFO] [flushElementCache]: 已触发异步刷新元素查找缓存
[2026-03-30 18:15:57] [hamibot] [INFO]:[INFO] [closeApp]: openHamibot true
[2026-03-30 18:16:14] [hamibot] [WARN]:[WARN] [closeApp]: 关闭应用未确认成功: com.taobao.idlefish
[2026-03-30 18:16:46] [hamibot] [INFO]:[INFO] [saveElementCache]: saveElementCache 服务端共 15 条 (本次新增/更新 15 条)
[2026-03-30 18:16:47] [hamibot] [INFO]:[INFO] [flushElementCache]: 已触发异步刷新元素查找缓存
[2026-03-30 18:16:47] [hamibot] [INFO]:[INFO] [closeApp]: openHamibot true
[2026-03-30 18:17:04] [hamibot] [WARN]:[WARN] [closeApp]: 关闭应用未确认成功: com.taobao.idlefish
[2026-03-30 18:17:37] [hamibot] [INFO]:[INFO] [saveElementCache]: saveElementCache 服务端共 15 条 (本次新增/更新 15 条)
[2026-03-30 18:17:38] [hamibot] [INFO]:[INFO] [flushElementCache]: 已触发异步刷新元素查找缓存
[2026-03-30 18:17:38] [hamibot] [INFO]:[INFO] [closeApp]: openHamibot true
[2026-03-30 18:17:55] [hamibot] [WARN]:[WARN] [closeApp]: 关闭应用未确认成功: com.taobao.idlefish
[2026-03-30 18:18:28] [hamibot] [INFO]:[INFO] [saveElementCache]: saveElementCache 服务端共 15 条 (本次新增/更新 15 条)
[2026-03-30 18:18:28] [hamibot] [INFO]:[INFO] [flushElementCache]: 已触发异步刷新元素查找缓存
[2026-03-30 18:18:29] [hamibot] [INFO]:[INFO] [closeApp]: openHamibot true
[2026-03-30 18:18:48] [hamibot] [WARN]:[WARN] [closeApp]: 关闭应用未确认成功: com.taobao.idlefish
[2026-03-30 18:19:20] [hamibot] [INFO]:[INFO] [saveElementCache]: saveElementCache 服务端共 15 条 (本次新增/更新 15 条)
[2026-03-30 18:19:21] [hamibot] [INFO]:[INFO] [flushElementCache]: 已触发异步刷新元素查找缓存
[2026-03-30 18:19:21] [hamibot] [INFO]:[INFO] [closeApp]: openHamibot true
[2026-03-30 18:19:38] [hamibot] [WARN]:[WARN] [closeApp]: 关闭应用未确认成功: com.taobao.idlefish
[2026-03-30 18:20:10] [hamibot] [INFO]:[INFO] [saveElementCache]: saveElementCache 服务端共 15 条 (本次新增/更新 15 条)
[2026-03-30 18:20:11] [hamibot] [INFO]:[INFO] [flushElementCache]: 已触发异步刷新元素查找缓存
[2026-03-30 18:20:11] [hamibot] [INFO]:[INFO] [closeApp]: openHamibot true
[2026-03-30 18:20:28] [hamibot] [WARN]:[WARN] [closeApp]: 关闭应用未确认成功: com.taobao.idlefish
[2026-03-30 18:21:00] [hamibot] [INFO]:[INFO] [saveElementCache]: saveElementCache 服务端共 15 条 (本次新增/更新 15 条)
[2026-03-30 18:21:00] [hamibot] [INFO]:[INFO] [flushElementCache]: 已触发异步刷新元素查找缓存
[2026-03-30 18:21:00] [hamibot] [INFO]:[INFO] [closeApp]: openHamibot true
[2026-03-30 18:21:17] [hamibot] [WARN]:[WARN] [closeApp]: 关闭应用未确认成功: com.taobao.idlefish
[2026-03-30 18:21:49] [hamibot] [INFO]:[INFO] [saveElementCache]: saveElementCache 服务端共 15 条 (本次新增/更新 15 条)
[2026-03-30 18:21:49] [hamibot] [INFO]:[INFO] [flushElementCache]: 已触发异步刷新元素查找缓存
[2026-03-30 18:21:49] [hamibot] [INFO]:[INFO] [closeApp]: openHamibot true
[2026-03-30 18:22:06] [hamibot] [WARN]:[WARN] [closeApp]: 关闭应用未确认成功: com.taobao.idlefish
[2026-03-30 18:22:39] [hamibot] [INFO]:[INFO] [saveElementCache]: saveElementCache 服务端共 15 条 (本次新增/更新 15 条)
[2026-03-30 18:22:39] [hamibot] [INFO]:[INFO] [flushElementCache]: 已触发异步刷新元素查找缓存
[2026-03-30 18:22:39] [hamibot] [INFO]:[INFO] [closeApp]: openHamibot true
[2026-03-30 18:22:56] [hamibot] [WARN]:[WARN] [closeApp]: 关闭应用未确认成功: com.taobao.idlefish
[2026-03-30 18:23:29] [hamibot] [INFO]:[INFO] [saveElementCache]: saveElementCache 服务端共 15 条 (本次新增/更新 15 条)
[2026-03-30 18:23:29] [hamibot] [INFO]:[INFO] [flushElementCache]: 已触发异步刷新元素查找缓存
[2026-03-30 18:23:29] [hamibot] [INFO]:[INFO] [closeApp]: openHamibot true
[2026-03-30 18:23:46] [hamibot] [WARN]:[WARN] [closeApp]: 关闭应用未确认成功: com.taobao.idlefish
[2026-03-30 18:24:19] [hamibot] [INFO]:[INFO] [saveElementCache]: saveElementCache 服务端共 15 条 (本次新增/更新 15 条)
[2026-03-30 18:24:19] [hamibot] [INFO]:[INFO] [flushElementCache]: 已触发异步刷新元素查找缓存
[2026-03-30 18:24:19] [hamibot] [INFO]:[INFO] [closeApp]: openHamibot true
[2026-03-30 18:24:36] [hamibot] [WARN]:[WARN] [closeApp]: 关闭应用未确认成功: com.taobao.idlefish
[2026-03-30 18:25:08] [hamibot] [INFO]:[INFO] [saveElementCache]: saveElementCache 服务端共 15 条 (本次新增/更新 15 条)
[2026-03-30 18:25:08] [hamibot] [INFO]:[INFO] [flushElementCache]: 已触发异步刷新元素查找缓存
[2026-03-30 18:25:08] [hamibot] [INFO]:[INFO] [closeApp]: openHamibot true
[2026-03-30 18:25:26] [hamibot] [WARN]:[WARN] [closeApp]: 关闭应用未确认成功: com.taobao.idlefish
[2026-03-30 18:25:58] [hamibot] [INFO]:[INFO] [saveElementCache]: saveElementCache 服务端共 15 条 (本次新增/更新 15 条)
[2026-03-30 18:25:58] [hamibot] [INFO]:[INFO] [flushElementCache]: 已触发异步刷新元素查找缓存
[2026-03-30 18:25:59] [hamibot] [INFO]:[INFO] [closeApp]: openHamibot true
[2026-03-30 18:26:16] [hamibot] [WARN]:[WARN] [closeApp]: 关闭应用未确认成功: com.taobao.idlefish
[2026-03-30 18:26:48] [hamibot] [INFO]:[INFO] [saveElementCache]: saveElementCache 服务端共 15 条 (本次新增/更新 15 条)
[2026-03-30 18:26:48] [hamibot] [INFO]:[INFO] [flushElementCache]: 已触发异步刷新元素查找缓存
[2026-03-30 18:26:49] [hamibot] [INFO]:[INFO] [closeApp]: openHamibot true
[2026-03-30 18:27:06] [hamibot] [WARN]:[WARN] [closeApp]: 关闭应用未确认成功: com.taobao.idlefish
[2026-03-30 18:27:39] [hamibot] [INFO]:[INFO] [saveElementCache]: saveElementCache 服务端共 15 条 (本次新增/更新 15 条)
[2026-03-30 18:27:40] [hamibot] [INFO]:[INFO] [flushElementCache]: 已触发异步刷新元素查找缓存
[2026-03-30 18:27:40] [hamibot] [INFO]:[INFO] [closeApp]: openHamibot true
[2026-03-30 18:27:57] [hamibot] [WARN]:[WARN] [closeApp]: 关闭应用未确认成功: com.taobao.idlefish
[2026-03-30 18:28:29] [hamibot] [INFO]:[INFO] [saveElementCache]: saveElementCache 服务端共 15 条 (本次新增/更新 15 条)
[2026-03-30 18:28:29] [hamibot] [INFO]:[INFO] [flushElementCache]: 已触发异步刷新元素查找缓存
[2026-03-30 18:28:29] [hamibot] [INFO]:[INFO] [closeApp]: openHamibot true
[2026-03-30 18:28:46] [hamibot] [WARN]:[WARN] [closeApp]: 关闭应用未确认成功: com.taobao.idlefish
[2026-03-30 18:29:19] [hamibot] [INFO]:[INFO] [saveElementCache]: saveElementCache 服务端共 15 条 (本次新增/更新 15 条)
[2026-03-30 18:29:19] [hamibot] [INFO]:[INFO] [flushElementCache]: 已触发异步刷新元素查找缓存
[2026-03-30 18:29:19] [hamibot] [INFO]:[INFO] [closeApp]: openHamibot true
[2026-03-30 18:29:36] [hamibot] [WARN]:[WARN] [closeApp]: 关闭应用未确认成功: com.taobao.idlefish
[2026-03-30 18:30:08] [hamibot] [INFO]:[INFO] [saveElementCache]: saveElementCache 服务端共 15 条 (本次新增/更新 15 条)
[2026-03-30 18:30:08] [hamibot] [INFO]:[INFO] [flushElementCache]: 已触发异步刷新元素查找缓存
[2026-03-30 18:30:09] [hamibot] [INFO]:[INFO] [closeApp]: openHamibot true
[2026-03-30 18:30:26] [hamibot] [WARN]:[WARN] [closeApp]: 关闭应用未确认成功: com.taobao.idlefish
[2026-03-30 18:30:58] [hamibot] [INFO]:[INFO] [saveElementCache]: saveElementCache 服务端共 15 条 (本次新增/更新 15 条)
[2026-03-30 18:30:58] [hamibot] [INFO]:[INFO] [flushElementCache]: 已触发异步刷新元素查找缓存
[2026-03-30 18:30:58] [hamibot] [INFO]:[INFO] [closeApp]: openHamibot true
[2026-03-30 18:31:15] [hamibot] [WARN]:[WARN] [closeApp]: 关闭应用未确认成功: com.taobao.idlefish
[2026-03-30 18:31:48] [hamibot] [INFO]:[INFO] [saveElementCache]: saveElementCache 服务端共 15 条 (本次新增/更新 15 条)
[2026-03-30 18:31:48] [hamibot] [INFO]:[INFO] [flushElementCache]: 已触发异步刷新元素查找缓存
[2026-03-30 18:31:52] [hamibot] [INFO]:[INFO] [closeApp]: openHamibot true
[2026-03-30 18:32:09] [hamibot] [WARN]:[WARN] [closeApp]: 关闭应用未确认成功: com.taobao.idlefish
[2026-03-30 18:32:42] [hamibot] [INFO]:[INFO] [saveElementCache]: saveElementCache 服务端共 15 条 (本次新增/更新 15 条)
[2026-03-30 18:32:42] [hamibot] [INFO]:[INFO] [flushElementCache]: 已触发异步刷新元素查找缓存
[2026-03-30 18:32:42] [hamibot] [INFO]:[INFO] [closeApp]: openHamibot true
[2026-03-30 18:33:00] [hamibot] [WARN]:[WARN] [closeApp]: 关闭应用未确认成功: com.taobao.idlefish
[2026-03-30 18:33:32] [hamibot] [INFO]:[INFO] [saveElementCache]: saveElementCache 服务端共 15 条 (本次新增/更新 15 条)
[2026-03-30 18:33:32] [hamibot] [INFO]:[INFO] [flushElementCache]: 已触发异步刷新元素查找缓存
[2026-03-30 18:33:32] [hamibot] [INFO]:[INFO] [closeApp]: openHamibot true
[2026-03-30 18:33:50] [hamibot] [WARN]:[WARN] [closeApp]: 关闭应用未确认成功: com.taobao.idlefish
[2026-03-30 18:34:22] [hamibot] [INFO]:[INFO] [saveElementCache]: saveElementCache 服务端共 15 条 (本次新增/更新 15 条)
[2026-03-30 18:34:22] [hamibot] [INFO]:[INFO] [flushElementCache]: 已触发异步刷新元素查找缓存
[2026-03-30 18:34:22] [hamibot] [INFO]:[INFO] [closeApp]: openHamibot true
[2026-03-30 18:34:39] [hamibot] [WARN]:[WARN] [closeApp]: 关闭应用未确认成功: com.taobao.idlefish
[2026-03-30 18:35:12] [hamibot] [INFO]:[INFO] [saveElementCache]: saveElementCache 服务端共 15 条 (本次新增/更新 15 条)
[2026-03-30 18:35:12] [hamibot] [INFO]:[INFO] [flushElementCache]: 已触发异步刷新元素查找缓存
[2026-03-30 18:35:12] [hamibot] [INFO]:[INFO] [closeApp]: openHamibot true
[2026-03-30 18:35:29] [hamibot] [WARN]:[WARN] [closeApp]: 关闭应用未确认成功: com.taobao.idlefish
[2026-03-30 18:36:03] [hamibot] [INFO]:[INFO] [saveElementCache]: saveElementCache 服务端共 15 条 (本次新增/更新 15 条)
[2026-03-30 18:36:05] [hamibot] [INFO]:[INFO] [flushElementCache]: 已触发异步刷新元素查找缓存
[2026-03-30 18:36:09] [hamibot] [INFO]:[INFO] [closeApp]: openHamibot true
[2026-03-30 18:36:28] [hamibot] [WARN]:[WARN] [closeApp]: 关闭应用未确认成功: com.taobao.idlefish
[2026-03-30 18:37:01] [hamibot] [INFO]:[INFO] [saveElementCache]: saveElementCache 服务端共 15 条 (本次新增/更新 15 条)
[2026-03-30 18:37:02] [hamibot] [INFO]:[INFO] [flushElementCache]: 已触发异步刷新元素查找缓存
[2026-03-30 18:37:02] [hamibot] [INFO]:[INFO] [closeApp]: openHamibot true
[2026-03-30 18:37:19] [hamibot] [WARN]:[WARN] [closeApp]: 关闭应用未确认成功: com.taobao.idlefish
[2026-03-30 18:37:51] [hamibot] [INFO]:[INFO] [saveElementCache]: saveElementCache 服务端共 15 条 (本次新增/更新 15 条)
[2026-03-30 18:37:52] [hamibot] [INFO]:[INFO] [flushElementCache]: 已触发异步刷新元素查找缓存
[2026-03-30 18:37:52] [hamibot] [INFO]:[INFO] [closeApp]: openHamibot true
[2026-03-30 18:38:09] [hamibot] [WARN]:[WARN] [closeApp]: 关闭应用未确认成功: com.taobao.idlefish
[2026-03-30 18:38:41] [hamibot] [INFO]:[INFO] [saveElementCache]: saveElementCache 服务端共 15 条 (本次新增/更新 15 条)
[2026-03-30 18:38:41] [hamibot] [INFO]:[INFO] [flushElementCache]: 已触发异步刷新元素查找缓存
[2026-03-30 18:38:42] [hamibot] [INFO]:[INFO] [closeApp]: openHamibot true
[2026-03-30 18:38:59] [hamibot] [WARN]:[WARN] [closeApp]: 关闭应用未确认成功: com.taobao.idlefish
[2026-03-30 18:39:31] [hamibot] [INFO]:[INFO] [saveElementCache]: saveElementCache 服务端共 15 条 (本次新增/更新 15 条)
[2026-03-30 18:39:31] [hamibot] [INFO]:[INFO] [flushElementCache]: 已触发异步刷新元素查找缓存
[2026-03-30 18:39:31] [hamibot] [INFO]:[INFO] [closeApp]: openHamibot true
[2026-03-30 18:39:48] [hamibot] [WARN]:[WARN] [closeApp]: 关闭应用未确认成功: com.taobao.idlefish
[2026-03-30 18:40:21] [hamibot] [INFO]:[INFO] [saveElementCache]: saveElementCache 服务端共 15 条 (本次新增/更新 15 条)
[2026-03-30 18:40:21] [hamibot] [INFO]:[INFO] [flushElementCache]: 已触发异步刷新元素查找缓存
[2026-03-30 18:40:22] [hamibot] [INFO]:[INFO] [closeApp]: openHamibot true
[2026-03-30 18:40:40] [hamibot] [WARN]:[WARN] [closeApp]: 关闭应用未确认成功: com.taobao.idlefish
[2026-03-30 18:41:12] [hamibot] [INFO]:[INFO] [saveElementCache]: saveElementCache 服务端共 15 条 (本次新增/更新 15 条)
[2026-03-30 18:41:12] [hamibot] [INFO]:[INFO] [flushElementCache]: 已触发异步刷新元素查找缓存
[2026-03-30 18:41:12] [hamibot] [INFO]:[INFO] [closeApp]: openHamibot true
[2026-03-30 18:41:29] [hamibot] [WARN]:[WARN] [closeApp]: 关闭应用未确认成功: com.taobao.idlefish
[2026-03-30 18:42:02] [hamibot] [INFO]:[INFO] [saveElementCache]: saveElementCache 服务端共 15 条 (本次新增/更新 15 条)
[2026-03-30 18:42:02] [hamibot] [INFO]:[INFO] [flushElementCache]: 已触发异步刷新元素查找缓存
[2026-03-30 18:42:02] [hamibot] [INFO]:[INFO] [closeApp]: openHamibot true
[2026-03-30 18:42:19] [hamibot] [WARN]:[WARN] [closeApp]: 关闭应用未确认成功: com.taobao.idlefish
[2026-03-30 18:42:52] [hamibot] [INFO]:[INFO] [saveElementCache]: saveElementCache 服务端共 15 条 (本次新增/更新 15 条)
[2026-03-30 18:42:52] [hamibot] [INFO]:[INFO] [flushElementCache]: 已触发异步刷新元素查找缓存
[2026-03-30 18:42:52] [hamibot] [INFO]:[INFO] [closeApp]: openHamibot true
[2026-03-30 18:43:09] [hamibot] [WARN]:[WARN] [closeApp]: 关闭应用未确认成功: com.taobao.idlefish
[2026-03-30 18:43:41] [hamibot] [INFO]:[INFO] [saveElementCache]: saveElementCache 服务端共 15 条 (本次新增/更新 15 条)
[2026-03-30 18:43:41] [hamibot] [INFO]:[INFO] [flushElementCache]: 已触发异步刷新元素查找缓存
[2026-03-30 18:43:42] [hamibot] [INFO]:[INFO] [closeApp]: openHamibot true
[2026-03-30 18:43:59] [hamibot] [WARN]:[WARN] [closeApp]: 关闭应用未确认成功: com.taobao.idlefish
[2026-03-30 18:44:31] [hamibot] [INFO]:[INFO] [saveElementCache]: saveElementCache 服务端共 15 条 (本次新增/更新 15 条)
[2026-03-30 18:44:31] [hamibot] [INFO]:[INFO] [flushElementCache]: 已触发异步刷新元素查找缓存
[2026-03-30 18:44:31] [hamibot] [INFO]:[INFO] [closeApp]: openHamibot true
[2026-03-30 18:44:48] [hamibot] [WARN]:[WARN] [closeApp]: 关闭应用未确认成功: com.taobao.idlefish
[2026-03-30 18:45:20] [hamibot] [INFO]:[INFO] [saveElementCache]: saveElementCache 服务端共 15 条 (本次新增/更新 15 条)
[2026-03-30 18:45:21] [hamibot] [INFO]:[INFO] [flushElementCache]: 已触发异步刷新元素查找缓存
[2026-03-30 18:45:21] [hamibot] [INFO]:[INFO] [closeApp]: openHamibot true
[2026-03-30 18:45:38] [hamibot] [WARN]:[WARN] [closeApp]: 关闭应用未确认成功: com.taobao.idlefish
[2026-03-30 18:46:11] [hamibot] [INFO]:[INFO] [saveElementCache]: saveElementCache 服务端共 15 条 (本次新增/更新 15 条)
[2026-03-30 18:46:11] [hamibot] [INFO]:[INFO] [flushElementCache]: 已触发异步刷新元素查找缓存
[2026-03-30 18:46:11] [hamibot] [INFO]:[INFO] [closeApp]: openHamibot true
[2026-03-30 18:46:28] [hamibot] [WARN]:[WARN] [closeApp]: 关闭应用未确认成功: com.taobao.idlefish
[2026-03-30 18:47:01] [hamibot] [INFO]:[INFO] [saveElementCache]: saveElementCache 服务端共 15 条 (本次新增/更新 15 条)
[2026-03-30 18:47:01] [hamibot] [INFO]:[INFO] [flushElementCache]: 已触发异步刷新元素查找缓存
[2026-03-30 18:47:01] [hamibot] [INFO]:[INFO] [closeApp]: openHamibot true
[2026-03-30 18:47:19] [hamibot] [WARN]:[WARN] [closeApp]: 关闭应用未确认成功: com.taobao.idlefish
[2026-03-30 18:47:51] [hamibot] [INFO]:[INFO] [saveElementCache]: saveElementCache 服务端共 15 条 (本次新增/更新 15 条)
[2026-03-30 18:47:51] [hamibot] [INFO]:[INFO] [flushElementCache]: 已触发异步刷新元素查找缓存
[2026-03-30 18:47:51] [hamibot] [INFO]:[INFO] [closeApp]: openHamibot true
[2026-03-30 18:48:08] [hamibot] [WARN]:[WARN] [closeApp]: 关闭应用未确认成功: com.taobao.idlefish
[2026-03-30 18:48:41] [hamibot] [INFO]:[INFO] [saveElementCache]: saveElementCache 服务端共 15 条 (本次新增/更新 15 条)
[2026-03-30 18:48:42] [hamibot] [INFO]:[INFO] [flushElementCache]: 已触发异步刷新元素查找缓存
[2026-03-30 18:48:42] [hamibot] [INFO]:[INFO] [closeApp]: openHamibot true
[2026-03-30 18:49:00] [hamibot] [WARN]:[WARN] [closeApp]: 关闭应用未确认成功: com.taobao.idlefish
[2026-03-30 18:49:33] [hamibot] [INFO]:[INFO] [saveElementCache]: saveElementCache 服务端共 15 条 (本次新增/更新 15 条)
[2026-03-30 18:49:33] [hamibot] [INFO]:[INFO] [flushElementCache]: 已触发异步刷新元素查找缓存
[2026-03-30 18:49:33] [hamibot] [INFO]:[INFO] [closeApp]: openHamibot true
[2026-03-30 18:49:51] [hamibot] [WARN]:[WARN] [closeApp]: 关闭应用未确认成功: com.taobao.idlefish
[2026-03-30 18:50:15] [hamibot] [ERROR]:[ERROR] [mainPopupTask]: mainPopup, JavaException: java.lang.IllegalArgumentException: Path bounds must not be negative
[2026-03-30 18:50:15] [hamibot] [INFO]:[INFO] [findTargetElementWithCache]: [sel#70] mainPopup/今天 缓存[9] 全部✗ 剩余errorTime=36 315ms
[2026-03-30 18:50:16] [hamibot] [INFO]:[INFO] [findTargetElementWithCache]: [sel#50] coinExchangeMain/闲鱼币抵扣 缓存[3,6] 全部✗ 剩余errorTime=12 130ms
[2026-03-30 18:50:16] [hamibot] [INFO]:[INFO] [backMainPage]: 当前app不是闲鱼，直接回退 com.miui.home
[2026-03-30 18:50:17] [hamibot] [INFO]:[INFO] [findTargetElementWithCache]: [sel#71] mainPopup/今天 缓存[9] 全部✗ 剩余errorTime=35 165ms
[2026-03-30 18:50:18] [hamibot] [INFO]:[INFO] [findTargetElementWithCache]: [sel#51] coinExchangeMain/闲鱼币抵扣 缓存[3,6] 全部✗ 剩余errorTime=11 349ms
[2026-03-30 18:50:19] [hamibot] [INFO]:[INFO] [findTargetElementWithCache]: [sel#72] mainPopup/今天 缓存[9] 全部✗ 剩余errorTime=34 539ms
[2026-03-30 18:50:20] [hamibot] [INFO]:[INFO] [findTargetElementWithCache]: [sel#52] coinExchangeMain/闲鱼币抵扣 缓存[3,6] 全部✗ 剩余errorTime=10 478ms
[2026-03-30 18:50:20] [hamibot] [INFO]:[INFO] [backMainPage]: 当前app不是闲鱼，直接回退 com.miui.home
[2026-03-30 18:50:20] [hamibot] [INFO]:[INFO] [findTargetElementWithCache]: [sel#73] mainPopup/今天 缓存[9] 全部✗ 剩余errorTime=33 231ms
[2026-03-30 18:50:21] [hamibot] [INFO]:[INFO] [findTargetElementWithCache]: [sel#53] coinExchangeMain/闲鱼币抵扣 缓存[3,6] 全部✗ 剩余errorTime=9 364ms
[2026-03-30 18:50:21] [hamibot] [INFO]:[INFO] [backMainPage]: 当前app不是闲鱼，直接回退 com.miui.home
[2026-03-30 18:50:21] [hamibot] [ERROR]:[ERROR] [backMainPage]: 死循环了， 关闭app
[2026-03-30 18:50:21] [hamibot] [INFO]:[INFO] [saveElementCache]: saveElementCache 服务端共 15 条 (本次新增/更新 15 条)
[2026-03-30 18:50:22] [hamibot] [INFO]:[INFO] [flushElementCache]: 已触发异步刷新元素查找缓存
[2026-03-30 18:50:22] [hamibot] [INFO]:[INFO] [closeApp]: openHamibot true
[2026-03-30 18:50:25] [hamibot] [INFO]:[INFO] [tryClickNode]: tryClickNode com.stardust.automator.UiObject@2a4bc; boundsInParent: Rect(0, 0 - 240, 240); boundsInScreen: Rect(420, 2057 - 660, 2297); packageName: com.miui.home; className: android.view.View; text: null; contentDescription: 本机共有12.0 G内存，当前5.0 G可用，双击清理全部任务; viewId: com.miui.home:id/clearAnimView; checkable: false; checked: false; focusable: true; focused: false; selected: false; clickable: true; longClickable: true; enabled: true; password: false; scrollable: false; [ACTION_FOCUS, ACTION_SELECT, ACTION_CLEAR_SELECTION, ACTION_CLICK, ACTION_LONG_CLICK, ACTION_ACCESSIBILITY_FOCUS, ACTION_NEXT_AT_MOVEMENT_GRANULARITY, ACTION_PREVIOUS_AT_MOVEMENT_GRANULARITY, ACTION_SET_SELECTION]
[2026-03-30 18:50:25] [hamibot] [ LOG ]:[ LOG ] [tryClickNode]: tryClickNode: 开始尝试点击节点 com.stardust.automator.UiObject@2a4bc; boundsInParent: Rect(0, 0 - 240, 240); boundsInScreen: Rect(420, 2057 - 660, 2297); packageName: com.miui.home; className: android.view.View; text: null; contentDescription: 本机共有12.0 G内存，当前5.0 G可用，双击清理全部任务; viewId: com.miui.home:id/clearAnimView; checkable: false; checked: false; focusable: true; focused: false; selected: false; clickable: true; longClickable: true; enabled: true; password: false; scrollable: false; [ACTION_FOCUS, ACTION_SELECT, ACTION_CLEAR_SELECTION, ACTION_CLICK, ACTION_LONG_CLICK, ACTION_ACCESSIBILITY_FOCUS, ACTION_NEXT_AT_MOVEMENT_GRANULARITY, ACTION_PREVIOUS_AT_MOVEMENT_GRANULARITY, ACTION_SET_SELECTION]
[2026-03-30 18:50:25] [hamibot] [ LOG ]:[ LOG ] [tryClickNode]: tryClickNode: 节点clickable值: function clickable() {/*
boolean clickable()
*/}

[2026-03-30 18:50:25] [hamibot] [ LOG ]:[ LOG ] [tryClickNode]: tryClickNode: 节点clickable toString: function clickable() {/*
boolean clickable()
*/}

[2026-03-30 18:50:25] [hamibot] [ LOG ]:[ LOG ] [tryClickNode]: tryClickNode: 解析后的clickable值: true
[2026-03-30 18:50:25] [hamibot] [ LOG ]:[ LOG ] [tryClickNode]: tryClickNode: 节点本身可点击，执行直接点击
[2026-03-30 18:50:25] [hamibot] [ LOG ]:[ LOG ] [tryClickNode]: tryClickNode: 直接点击结果: true
[2026-03-30 18:50:26] [hamibot] [INFO]:[INFO] [closeApp]: 已通过最近任务页‘关闭全部’关闭应用
[2026-03-30 18:50:42] [hamibot] [INFO]:[INFO] [findTargetElementWithCache]: [sel#18] coinExchangeMain/闲鱼币 缓存#3(1/1) ✓ 130ms
[2026-03-30 18:50:46] [hamibot] [INFO]:[INFO] [findTargetElementWithCache]: [sel#74] mainPopup/今天 缓存#9(1/1) ✓ 3623ms
[2026-03-30 18:50:57] [hamibot] [INFO]:[INFO] [findTargetElementList]: [sel-list#10] mainPopup/领取奖励 缓存[3] 全部✗ 剩余errorTime=17 10199ms
[2026-03-30 18:50:57] [hamibot] [INFO]:[INFO] [Anonymous functions]: 浏览指定频道好物: hasRun=true
[2026-03-30 18:50:57] [hamibot] [INFO]:[INFO] [Anonymous functions]: 搜一搜喜欢的商品: hasRun=true
[2026-03-30 18:50:57] [hamibot] [INFO]:[INFO] [Anonymous functions]: 去浏览全新好物: hasRun=true
[2026-03-30 18:50:57] [hamibot] [INFO]:[INFO] [Anonymous functions]: 浏览推荐的国补商品: hasRun=true
[2026-03-30 18:50:57] [hamibot] [INFO]:[INFO] [Anonymous functions]: 去蚂蚁森林逛一逛: hasRun=true
[2026-03-30 18:50:57] [hamibot] [INFO]:[INFO] [Anonymous functions]: 去支付宝农场领水果: hasRun=true
[2026-03-30 18:50:57] [hamibot] [INFO]:[INFO] [Anonymous functions]: 去淘宝签到领红包: hasRun=true
[2026-03-30 18:50:57] [hamibot] [INFO]:[INFO] [Anonymous functions]: 去蚂蚁森林逛一逛: hasRun=true
[2026-03-30 18:50:57] [hamibot] [INFO]:[INFO] [Anonymous functions]: 去蚂蚁庄园逛一逛: hasRun=false
[2026-03-30 18:50:57] [hamibot] [INFO]:[INFO] [Anonymous functions]: 去支付宝领积分: hasRun=false
[2026-03-30 18:50:57] [hamibot] [INFO]:[INFO] [Anonymous functions]: 浏览鱼小铺工作台: hasRun=false
[2026-03-30 18:50:57] [hamibot] [INFO]:[INFO] [Anonymous functions]: 搜一搜推荐商品: hasRun=false
[2026-03-30 18:50:58] [hamibot] [INFO]:[INFO] [Anonymous functions]: 领至高20元外卖红包: hasRun=false
[2026-03-30 18:50:58] [hamibot] [INFO]:[INFO] [Anonymous functions]: 看视频奖励100币: hasRun=false
[2026-03-30 18:50:58] [hamibot] [INFO]:[INFO] [Anonymous functions]: 看视频奖励100币: hasRun=false
[2026-03-30 18:50:58] [hamibot] [INFO]:[INFO] [Anonymous functions]: 看视频奖励100币: hasRun=false
[2026-03-30 18:50:58] [hamibot] [INFO]:[INFO] [Anonymous functions]: 看视频奖励100币: hasRun=false
[2026-03-30 18:50:58] [hamibot] [INFO]:[INFO] [Anonymous functions]: 发布一件新宝贝: hasRun=false
[2026-03-30 18:51:07] [hamibot] [INFO]:[INFO] [findTargetElementWithCacheStrict]: [sel-strict#10] mainPopup/签到 缓存[3] 全部✗ 剩余errorTime=11 8821ms
[2026-03-30 18:51:14] [hamibot] [INFO]:[INFO] [findTargetElementWithCacheStrict]: [sel-strict#7] mainPopup/去蚂蚁庄园逛一逛 缓存#3(1/1) ✓ 7625ms
[2026-03-30 18:51:21] [hamibot] [INFO]:[INFO] [findTargetElementWithCacheStrict]: [sel-strict#8] mainPopup/去蚂蚁庄园逛一逛 缓存#3(1/1) ✓ 6446ms
[2026-03-30 18:51:36] [hamibot] [INFO]:[INFO] [findTargetElementList]: [sel-list#11] mainPopup/去完成 缓存#3(1/1) ✓ 20个 14471ms
[2026-03-30 18:51:36] [hamibot] [INFO]:[INFO] [findBtn_1]: sysReact, x: 863, y: 1165
[2026-03-30 18:51:37] [hamibot] [INFO]:[INFO] [findBtn_1]: 运行++去蚂蚁庄园逛一逛
[2026-03-30 18:51:44] [hamibot] [INFO]:[INFO] [findTargetElementWithCache]: [sel#75] mainPopup/今天 缓存[9] 全部✗ 剩余errorTime=39 86ms
[2026-03-30 18:51:44] [hamibot] [INFO]:[INFO] [findTargetElementWithCache]: [sel#54] coinExchangeMain/闲鱼币抵扣 缓存[3,6] 全部✗ 剩余errorTime=8 122ms
[2026-03-30 18:51:44] [hamibot] [INFO]:[INFO] [backMainPage]: 当前app不是闲鱼，直接回退 com.eg.android.AlipayGphone
[2026-03-30 18:51:45] [hamibot] [INFO]:[INFO] [findTargetElementWithCache]: [sel#76] mainPopup/今天 缓存[9] 全部✗ 剩余errorTime=38 63ms
[2026-03-30 18:51:46] [hamibot] [INFO]:[INFO] [findTargetElementWithCache]: [sel#55] coinExchangeMain/闲鱼币抵扣 缓存[3,6] 全部✗ 剩余errorTime=7 116ms
[2026-03-30 18:51:48] [hamibot] [INFO]:[INFO] [backMainPage]: 当前app不是闲鱼，直接回退 com.eg.android.AlipayGphone
[2026-03-30 18:51:49] [hamibot] [INFO]:[INFO] [findTargetElementWithCache]: [sel#77] mainPopup/今天 缓存[9] 全部✗ 剩余errorTime=37 75ms
[2026-03-30 18:51:49] [hamibot] [INFO]:[INFO] [findTargetElementWithCache]: [sel#56] coinExchangeMain/闲鱼币抵扣 缓存[3,6] 全部✗ 剩余errorTime=6 116ms
[2026-03-30 18:51:50] [hamibot] [INFO]:[INFO] [backMainPage]: 当前app不是闲鱼，直接回退 com.eg.android.AlipayGphone
[2026-03-30 18:51:50] [hamibot] [ERROR]:[ERROR] [backMainPage]: 死循环了， 关闭app
[2026-03-30 18:51:50] [hamibot] [INFO]:[INFO] [saveElementCache]: saveElementCache 服务端共 15 条 (本次新增/更新 15 条)
[2026-03-30 18:51:51] [hamibot] [INFO]:[INFO] [flushElementCache]: 已触发异步刷新元素查找缓存
[2026-03-30 18:51:51] [hamibot] [INFO]:[INFO] [closeApp]: openHamibot true
[2026-03-30 18:51:53] [hamibot] [INFO]:[INFO] [tryClickNode]: tryClickNode com.stardust.automator.UiObject@2a4bc; boundsInParent: Rect(0, 0 - 240, 240); boundsInScreen: Rect(420, 2057 - 660, 2297); packageName: com.miui.home; className: android.view.View; text: null; contentDescription: 本机共有12.0 G内存，当前4.4 G可用，双击清理全部任务; viewId: com.miui.home:id/clearAnimView; checkable: false; checked: false; focusable: true; focused: false; selected: false; clickable: true; longClickable: true; enabled: true; password: false; scrollable: false; [ACTION_FOCUS, ACTION_SELECT, ACTION_CLEAR_SELECTION, ACTION_CLICK, ACTION_LONG_CLICK, ACTION_ACCESSIBILITY_FOCUS, ACTION_NEXT_AT_MOVEMENT_GRANULARITY, ACTION_PREVIOUS_AT_MOVEMENT_GRANULARITY, ACTION_SET_SELECTION]
[2026-03-30 18:51:53] [hamibot] [ LOG ]:[ LOG ] [tryClickNode]: tryClickNode: 开始尝试点击节点 com.stardust.automator.UiObject@2a4bc; boundsInParent: Rect(0, 0 - 240, 240); boundsInScreen: Rect(420, 2057 - 660, 2297); packageName: com.miui.home; className: android.view.View; text: null; contentDescription: 本机共有12.0 G内存，当前4.4 G可用，双击清理全部任务; viewId: com.miui.home:id/clearAnimView; checkable: false; checked: false; focusable: true; focused: false; selected: false; clickable: true; longClickable: true; enabled: true; password: false; scrollable: false; [ACTION_FOCUS, ACTION_SELECT, ACTION_CLEAR_SELECTION, ACTION_CLICK, ACTION_LONG_CLICK, ACTION_ACCESSIBILITY_FOCUS, ACTION_NEXT_AT_MOVEMENT_GRANULARITY, ACTION_PREVIOUS_AT_MOVEMENT_GRANULARITY, ACTION_SET_SELECTION]
[2026-03-30 18:51:53] [hamibot] [ LOG ]:[ LOG ] [tryClickNode]: tryClickNode: 节点clickable值: function clickable() {/*
boolean clickable()
*/}

[2026-03-30 18:51:53] [hamibot] [ LOG ]:[ LOG ] [tryClickNode]: tryClickNode: 节点clickable toString: function clickable() {/*
boolean clickable()
*/}

[2026-03-30 18:51:53] [hamibot] [ LOG ]:[ LOG ] [tryClickNode]: tryClickNode: 解析后的clickable值: true
[2026-03-30 18:51:53] [hamibot] [ LOG ]:[ LOG ] [tryClickNode]: tryClickNode: 节点本身可点击，执行直接点击
[2026-03-30 18:51:53] [hamibot] [ LOG ]:[ LOG ] [tryClickNode]: tryClickNode: 直接点击结果: true
[2026-03-30 18:51:54] [hamibot] [INFO]:[INFO] [closeApp]: 已通过最近任务页‘关闭全部’关闭应用
[2026-03-30 18:52:10] [hamibot] [INFO]:[INFO] [findTargetElementWithCache]: [sel#19] coinExchangeMain/闲鱼币 缓存#3(1/1) ✓ 164ms
[2026-03-30 18:52:12] [hamibot] [INFO]:[INFO] [findTargetElementWithCache]: [sel#78] mainPopup/今天 缓存#9(1/1) ✓ 2523ms
[2026-03-30 18:52:15] [hamibot] [INFO]:[INFO] [findTargetElementList]: [sel-list#11] mainPopup/领取奖励 缓存[3] 全部✗ 剩余errorTime=16 1728ms
[2026-03-30 18:52:15] [hamibot] [INFO]:[INFO] [Anonymous functions]: 浏览指定频道好物: hasRun=true
[2026-03-30 18:52:15] [hamibot] [INFO]:[INFO] [Anonymous functions]: 搜一搜喜欢的商品: hasRun=true
[2026-03-30 18:52:15] [hamibot] [INFO]:[INFO] [Anonymous functions]: 去浏览全新好物: hasRun=true
[2026-03-30 18:52:15] [hamibot] [INFO]:[INFO] [Anonymous functions]: 浏览推荐的国补商品: hasRun=true
[2026-03-30 18:52:15] [hamibot] [INFO]:[INFO] [Anonymous functions]: 去蚂蚁森林逛一逛: hasRun=true
[2026-03-30 18:52:15] [hamibot] [INFO]:[INFO] [Anonymous functions]: 去支付宝农场领水果: hasRun=true
[2026-03-30 18:52:15] [hamibot] [INFO]:[INFO] [Anonymous functions]: 去淘宝签到领红包: hasRun=true
[2026-03-30 18:52:15] [hamibot] [INFO]:[INFO] [Anonymous functions]: 去蚂蚁森林逛一逛: hasRun=true
[2026-03-30 18:52:16] [hamibot] [INFO]:[INFO] [Anonymous functions]: 去蚂蚁庄园逛一逛: hasRun=false
[2026-03-30 18:52:16] [hamibot] [INFO]:[INFO] [Anonymous functions]: 去支付宝领积分: hasRun=false
[2026-03-30 18:52:16] [hamibot] [INFO]:[INFO] [Anonymous functions]: 浏览鱼小铺工作台: hasRun=false
[2026-03-30 18:52:16] [hamibot] [INFO]:[INFO] [Anonymous functions]: 搜一搜推荐商品: hasRun=false
[2026-03-30 18:52:16] [hamibot] [INFO]:[INFO] [Anonymous functions]: 领至高20元外卖红包: hasRun=false
[2026-03-30 18:52:16] [hamibot] [INFO]:[INFO] [Anonymous functions]: 看视频奖励100币: hasRun=false
[2026-03-30 18:52:16] [hamibot] [INFO]:[INFO] [Anonymous functions]: 看视频奖励100币: hasRun=false
[2026-03-30 18:52:16] [hamibot] [INFO]:[INFO] [Anonymous functions]: 看视频奖励100币: hasRun=false
[2026-03-30 18:52:16] [hamibot] [INFO]:[INFO] [Anonymous functions]: 看视频奖励100币: hasRun=false
[2026-03-30 18:52:16] [hamibot] [INFO]:[INFO] [Anonymous functions]: 发布一件新宝贝: hasRun=false
[2026-03-30 18:52:18] [hamibot] [INFO]:[INFO] [findTargetElementWithCacheStrict]: [sel-strict#11] mainPopup/签到 缓存[3] 全部✗ 剩余errorTime=10 1561ms
[2026-03-30 18:52:25] [hamibot] [INFO]:[INFO] [findTargetElementWithCacheStrict]: [sel-strict#9] mainPopup/去蚂蚁庄园逛一逛 缓存#3(1/1) ✓ 6984ms
[2026-03-30 18:52:30] [hamibot] [INFO]:[INFO] [findTargetElementWithCacheStrict]: [sel-strict#10] mainPopup/去蚂蚁庄园逛一逛 缓存#3(1/1) ✓ 4177ms
[2026-03-30 18:52:45] [hamibot] [INFO]:[INFO] [findTargetElementList]: [sel-list#12] mainPopup/去完成 缓存#3(1/1) ✓ 20个 14924ms
[2026-03-30 18:52:45] [hamibot] [INFO]:[INFO] [findBtn_1]: sysReact, x: 863, y: 1165
[2026-03-30 18:52:46] [hamibot] [INFO]:[INFO] [findBtn_1]: 运行++去蚂蚁庄园逛一逛
[2026-03-30 18:52:52] [hamibot] [INFO]:[INFO] [findTargetElementWithCache]: [sel#79] mainPopup/今天 缓存[9] 全部✗ 剩余errorTime=39 77ms
[2026-03-30 18:52:52] [hamibot] [INFO]:[INFO] [findTargetElementWithCache]: [sel#57] coinExchangeMain/闲鱼币抵扣 缓存[3,6] 全部✗ 剩余errorTime=5 132ms
[2026-03-30 18:52:52] [hamibot] [INFO]:[INFO] [backMainPage]: 当前app不是闲鱼，直接回退 com.eg.android.AlipayGphone
[2026-03-30 18:52:53] [hamibot] [INFO]:[INFO] [findTargetElementWithCache]: [sel#80] mainPopup/今天 缓存[9] 全部✗ 剩余errorTime=38 68ms
[2026-03-30 18:52:53] [hamibot] [INFO]:[INFO] [findTargetElementWithCache]: [sel#58] coinExchangeMain/闲鱼币抵扣 缓存[3,6] 全部✗ 剩余errorTime=4 119ms
[2026-03-30 18:52:53] [hamibot] [INFO]:[INFO] [backMainPage]: 当前app不是闲鱼，直接回退 com.eg.android.AlipayGphone
[2026-03-30 18:52:53] [hamibot] [INFO]:[INFO] [findTargetElementWithCache]: [sel#81] mainPopup/今天 缓存[9] 全部✗ 剩余errorTime=37 69ms
[2026-03-30 18:52:53] [hamibot] [INFO]:[INFO] [findTargetElementWithCache]: [sel#59] coinExchangeMain/闲鱼币抵扣 缓存[3,6] 全部✗ 剩余errorTime=3 133ms
[2026-03-30 18:52:53] [hamibot] [INFO]:[INFO] [backMainPage]: 当前app不是闲鱼，直接回退 com.eg.android.AlipayGphone
[2026-03-30 18:52:54] [hamibot] [ERROR]:[ERROR] [backMainPage]: 死循环了， 关闭app
[2026-03-30 18:52:54] [hamibot] [INFO]:[INFO] [saveElementCache]: saveElementCache 服务端共 15 条 (本次新增/更新 15 条)
[2026-03-30 18:52:54] [hamibot] [INFO]:[INFO] [flushElementCache]: 已触发异步刷新元素查找缓存
[2026-03-30 18:52:54] [hamibot] [INFO]:[INFO] [closeApp]: openHamibot true
[2026-03-30 18:52:56] [hamibot] [INFO]:[INFO] [tryClickNode]: tryClickNode com.stardust.automator.UiObject@2a4bc; boundsInParent: Rect(0, 0 - 240, 240); boundsInScreen: Rect(420, 2057 - 660, 2297); packageName: com.miui.home; className: android.view.View; text: null; contentDescription: 本机共有12.0 G内存，当前4.6 G可用，双击清理全部任务; viewId: com.miui.home:id/clearAnimView; checkable: false; checked: false; focusable: true; focused: false; selected: false; clickable: true; longClickable: true; enabled: true; password: false; scrollable: false; [ACTION_FOCUS, ACTION_SELECT, ACTION_CLEAR_SELECTION, ACTION_CLICK, ACTION_LONG_CLICK, ACTION_ACCESSIBILITY_FOCUS, ACTION_NEXT_AT_MOVEMENT_GRANULARITY, ACTION_PREVIOUS_AT_MOVEMENT_GRANULARITY, ACTION_SET_SELECTION]
[2026-03-30 18:52:56] [hamibot] [ LOG ]:[ LOG ] [tryClickNode]: tryClickNode: 开始尝试点击节点 com.stardust.automator.UiObject@2a4bc; boundsInParent: Rect(0, 0 - 240, 240); boundsInScreen: Rect(420, 2057 - 660, 2297); packageName: com.miui.home; className: android.view.View; text: null; contentDescription: 本机共有12.0 G内存，当前4.6 G可用，双击清理全部任务; viewId: com.miui.home:id/clearAnimView; checkable: false; checked: false; focusable: true; focused: false; selected: false; clickable: true; longClickable: true; enabled: true; password: false; scrollable: false; [ACTION_FOCUS, ACTION_SELECT, ACTION_CLEAR_SELECTION, ACTION_CLICK, ACTION_LONG_CLICK, ACTION_ACCESSIBILITY_FOCUS, ACTION_NEXT_AT_MOVEMENT_GRANULARITY, ACTION_PREVIOUS_AT_MOVEMENT_GRANULARITY, ACTION_SET_SELECTION]
[2026-03-30 18:52:56] [hamibot] [ LOG ]:[ LOG ] [tryClickNode]: tryClickNode: 节点clickable值: function clickable() {/*
boolean clickable()
*/}

[2026-03-30 18:52:56] [hamibot] [ LOG ]:[ LOG ] [tryClickNode]: tryClickNode: 节点clickable toString: function clickable() {/*
boolean clickable()
*/}

[2026-03-30 18:52:56] [hamibot] [ LOG ]:[ LOG ] [tryClickNode]: tryClickNode: 解析后的clickable值: true
[2026-03-30 18:52:56] [hamibot] [ LOG ]:[ LOG ] [tryClickNode]: tryClickNode: 节点本身可点击，执行直接点击
[2026-03-30 18:52:56] [hamibot] [ LOG ]:[ LOG ] [tryClickNode]: tryClickNode: 直接点击结果: true
[2026-03-30 18:52:57] [hamibot] [INFO]:[INFO] [closeApp]: 已通过最近任务页‘关闭全部’关闭应用
[2026-03-30 18:53:15] [hamibot] [INFO]:[INFO] [findTargetElementWithCache]: [sel#20] coinExchangeMain/闲鱼币 缓存#3(1/1) ✓ 269ms
[2026-03-30 18:53:20] [hamibot] [INFO]:[INFO] [findTargetElementWithCache]: [sel#82] mainPopup/今天 缓存#9(1/1) ✓ 4886ms
[2026-03-30 18:53:27] [hamibot] [INFO]:[INFO] [findTargetElementList]: [sel-list#12] mainPopup/领取奖励 缓存[3] 全部✗ 剩余errorTime=15 6142ms
[2026-03-30 18:53:27] [hamibot] [INFO]:[INFO] [Anonymous functions]: 浏览指定频道好物: hasRun=true
[2026-03-30 18:53:27] [hamibot] [INFO]:[INFO] [Anonymous functions]: 搜一搜喜欢的商品: hasRun=true
[2026-03-30 18:53:27] [hamibot] [INFO]:[INFO] [Anonymous functions]: 去浏览全新好物: hasRun=true
[2026-03-30 18:53:27] [hamibot] [INFO]:[INFO] [Anonymous functions]: 浏览推荐的国补商品: hasRun=true
[2026-03-30 18:53:27] [hamibot] [INFO]:[INFO] [Anonymous functions]: 去蚂蚁森林逛一逛: hasRun=true
[2026-03-30 18:53:27] [hamibot] [INFO]:[INFO] [Anonymous functions]: 去支付宝农场领水果: hasRun=true
[2026-03-30 18:53:27] [hamibot] [INFO]:[INFO] [Anonymous functions]: 去淘宝签到领红包: hasRun=true
[2026-03-30 18:53:27] [hamibot] [INFO]:[INFO] [Anonymous functions]: 去蚂蚁森林逛一逛: hasRun=true
[2026-03-30 18:53:27] [hamibot] [INFO]:[INFO] [Anonymous functions]: 去蚂蚁庄园逛一逛: hasRun=false
[2026-03-30 18:53:27] [hamibot] [INFO]:[INFO] [Anonymous functions]: 去支付宝领积分: hasRun=false
[2026-03-30 18:53:27] [hamibot] [INFO]:[INFO] [Anonymous functions]: 浏览鱼小铺工作台: hasRun=false
[2026-03-30 18:53:27] [hamibot] [INFO]:[INFO] [Anonymous functions]: 搜一搜推荐商品: hasRun=false
[2026-03-30 18:53:27] [hamibot] [INFO]:[INFO] [Anonymous functions]: 领至高20元外卖红包: hasRun=false
[2026-03-30 18:53:27] [hamibot] [INFO]:[INFO] [Anonymous functions]: 看视频奖励100币: hasRun=false
[2026-03-30 18:53:27] [hamibot] [INFO]:[INFO] [Anonymous functions]: 看视频奖励100币: hasRun=false
[2026-03-30 18:53:28] [hamibot] [INFO]:[INFO] [Anonymous functions]: 看视频奖励100币: hasRun=false
[2026-03-30 18:53:28] [hamibot] [INFO]:[INFO] [Anonymous functions]: 看视频奖励100币: hasRun=false
[2026-03-30 18:53:28] [hamibot] [INFO]:[INFO] [Anonymous functions]: 发布一件新宝贝: hasRun=false
[2026-03-30 18:53:35] [hamibot] [INFO]:[INFO] [findTargetElementWithCacheStrict]: [sel-strict#12] mainPopup/签到 缓存[3] 全部✗ 剩余errorTime=9 7322ms
[2026-03-30 18:53:39] [hamibot] [INFO]:[INFO] [findTargetElementWithCacheStrict]: [sel-strict#11] mainPopup/去蚂蚁庄园逛一逛 缓存#3(1/1) ✓ 3916ms
[2026-03-30 18:53:48] [hamibot] [INFO]:[INFO] [findTargetElementWithCacheStrict]: [sel-strict#12] mainPopup/去蚂蚁庄园逛一逛 缓存#3(1/1) ✓ 8619ms
[2026-03-30 18:54:03] [hamibot] [INFO]:[INFO] [findTargetElementList]: [sel-list#13] mainPopup/去完成 缓存#3(1/1) ✓ 20个 14659ms
[2026-03-30 18:54:03] [hamibot] [INFO]:[INFO] [findBtn_1]: sysReact, x: 863, y: 1165
[2026-03-30 18:54:04] [hamibot] [INFO]:[INFO] [findBtn_1]: 运行++去蚂蚁庄园逛一逛
[2026-03-30 18:54:10] [hamibot] [INFO]:[INFO] [findTargetElementWithCache]: [sel#83] mainPopup/今天 缓存[9] 全部✗ 剩余errorTime=39 64ms
[2026-03-30 18:54:10] [hamibot] [INFO]:[INFO] [findTargetElementWithCache]: [sel#60] coinExchangeMain/闲鱼币抵扣 缓存[3,6] 全部✗ 剩余errorTime=2 122ms
[2026-03-30 18:54:11] [hamibot] [INFO]:[INFO] [backMainPage]: 当前app不是闲鱼，直接回退 com.eg.android.AlipayGphone
[2026-03-30 18:54:11] [hamibot] [INFO]:[INFO] [findTargetElementWithCache]: [sel#84] mainPopup/今天 缓存[9] 全部✗ 剩余errorTime=38 91ms
[2026-03-30 18:54:11] [hamibot] [INFO]:[INFO] [findTargetElementWithCache]: [sel#61] coinExchangeMain/闲鱼币抵扣 缓存[3,6] 全部✗ 剩余errorTime=1 114ms
[2026-03-30 18:54:11] [hamibot] [INFO]:[INFO] [backMainPage]: 当前app不是闲鱼，直接回退 com.eg.android.AlipayGphone
[2026-03-30 18:54:11] [hamibot] [INFO]:[INFO] [findTargetElementWithCache]: [sel#85] mainPopup/今天 缓存[9] 全部✗ 剩余errorTime=37 80ms
[2026-03-30 18:54:12] [hamibot] [INFO]:[INFO] [findTargetElementWithCache]: [sel#62] coinExchangeMain/闲鱼币抵扣 缓存[3,6] 全部✗ 剩余errorTime=0 119ms
[2026-03-30 18:54:12] [hamibot] [INFO]:[INFO] [backMainPage]: 当前app不是闲鱼，直接回退 com.eg.android.AlipayGphone
[2026-03-30 18:54:12] [hamibot] [ERROR]:[ERROR] [backMainPage]: 死循环了， 关闭app
[2026-03-30 18:54:12] [hamibot] [INFO]:[INFO] [saveElementCache]: saveElementCache 服务端共 15 条 (本次新增/更新 15 条)
[2026-03-30 18:54:12] [hamibot] [INFO]:[INFO] [flushElementCache]: 已触发异步刷新元素查找缓存
[2026-03-30 18:54:12] [hamibot] [INFO]:[INFO] [closeApp]: openHamibot true
[2026-03-30 18:54:14] [hamibot] [INFO]:[INFO] [tryClickNode]: tryClickNode com.stardust.automator.UiObject@2a4bc; boundsInParent: Rect(0, 0 - 240, 240); boundsInScreen: Rect(420, 2057 - 660, 2297); packageName: com.miui.home; className: android.view.View; text: null; contentDescription: 本机共有12.0 G内存，当前4.5 G可用，双击清理全部任务; viewId: com.miui.home:id/clearAnimView; checkable: false; checked: false; focusable: true; focused: false; selected: false; clickable: true; longClickable: true; enabled: true; password: false; scrollable: false; [ACTION_FOCUS, ACTION_SELECT, ACTION_CLEAR_SELECTION, ACTION_CLICK, ACTION_LONG_CLICK, ACTION_ACCESSIBILITY_FOCUS, ACTION_NEXT_AT_MOVEMENT_GRANULARITY, ACTION_PREVIOUS_AT_MOVEMENT_GRANULARITY, ACTION_SET_SELECTION]
[2026-03-30 18:54:14] [hamibot] [ LOG ]:[ LOG ] [tryClickNode]: tryClickNode: 开始尝试点击节点 com.stardust.automator.UiObject@2a4bc; boundsInParent: Rect(0, 0 - 240, 240); boundsInScreen: Rect(420, 2057 - 660, 2297); packageName: com.miui.home; className: android.view.View; text: null; contentDescription: 本机共有12.0 G内存，当前4.5 G可用，双击清理全部任务; viewId: com.miui.home:id/clearAnimView; checkable: false; checked: false; focusable: true; focused: false; selected: false; clickable: true; longClickable: true; enabled: true; password: false; scrollable: false; [ACTION_FOCUS, ACTION_SELECT, ACTION_CLEAR_SELECTION, ACTION_CLICK, ACTION_LONG_CLICK, ACTION_ACCESSIBILITY_FOCUS, ACTION_NEXT_AT_MOVEMENT_GRANULARITY, ACTION_PREVIOUS_AT_MOVEMENT_GRANULARITY, ACTION_SET_SELECTION]
[2026-03-30 18:54:14] [hamibot] [ LOG ]:[ LOG ] [tryClickNode]: tryClickNode: 节点clickable值: function clickable() {/*
boolean clickable()
*/}

[2026-03-30 18:54:14] [hamibot] [ LOG ]:[ LOG ] [tryClickNode]: tryClickNode: 节点clickable toString: function clickable() {/*
boolean clickable()
*/}

[2026-03-30 18:54:14] [hamibot] [ LOG ]:[ LOG ] [tryClickNode]: tryClickNode: 解析后的clickable值: true
[2026-03-30 18:54:14] [hamibot] [ LOG ]:[ LOG ] [tryClickNode]: tryClickNode: 节点本身可点击，执行直接点击
[2026-03-30 18:54:15] [hamibot] [ LOG ]:[ LOG ] [tryClickNode]: tryClickNode: 直接点击结果: true
[2026-03-30 18:54:15] [hamibot] [INFO]:[INFO] [closeApp]: 已通过最近任务页‘关闭全部’关闭应用
[2026-03-30 18:54:30] [hamibot] [INFO]:[INFO] [findTargetElementWithCache]: [sel#21] coinExchangeMain/闲鱼币 缓存#3(1/1) ✓ 316ms
[2026-03-30 18:54:35] [hamibot] [INFO]:[INFO] [findTargetElementWithCache]: [sel#86] mainPopup/今天 缓存#9(1/1) ✓ 4161ms
[2026-03-30 18:54:44] [hamibot] [INFO]:[INFO] [findTargetElementList]: [sel-list#13] mainPopup/领取奖励 缓存[3] 全部✗ 剩余errorTime=14 7810ms
[2026-03-30 18:54:44] [hamibot] [INFO]:[INFO] [Anonymous functions]: 浏览指定频道好物: hasRun=true
[2026-03-30 18:54:44] [hamibot] [INFO]:[INFO] [Anonymous functions]: 搜一搜喜欢的商品: hasRun=true
[2026-03-30 18:54:44] [hamibot] [INFO]:[INFO] [Anonymous functions]: 去浏览全新好物: hasRun=true
[2026-03-30 18:54:44] [hamibot] [INFO]:[INFO] [Anonymous functions]: 浏览推荐的国补商品: hasRun=true
[2026-03-30 18:54:44] [hamibot] [INFO]:[INFO] [Anonymous functions]: 去蚂蚁森林逛一逛: hasRun=true
[2026-03-30 18:54:44] [hamibot] [INFO]:[INFO] [Anonymous functions]: 去支付宝农场领水果: hasRun=true
[2026-03-30 18:54:44] [hamibot] [INFO]:[INFO] [Anonymous functions]: 去淘宝签到领红包: hasRun=true
[2026-03-30 18:54:44] [hamibot] [INFO]:[INFO] [Anonymous functions]: 去蚂蚁森林逛一逛: hasRun=true
[2026-03-30 18:54:44] [hamibot] [INFO]:[INFO] [Anonymous functions]: 去蚂蚁庄园逛一逛: hasRun=false
[2026-03-30 18:54:44] [hamibot] [INFO]:[INFO] [Anonymous functions]: 去支付宝领积分: hasRun=false
[2026-03-30 18:54:44] [hamibot] [INFO]:[INFO] [Anonymous functions]: 浏览鱼小铺工作台: hasRun=false
[2026-03-30 18:54:44] [hamibot] [INFO]:[INFO] [Anonymous functions]: 搜一搜推荐商品: hasRun=false
[2026-03-30 18:54:44] [hamibot] [INFO]:[INFO] [Anonymous functions]: 领至高20元外卖红包: hasRun=false
[2026-03-30 18:54:44] [hamibot] [INFO]:[INFO] [Anonymous functions]: 看视频奖励100币: hasRun=false
[2026-03-30 18:54:44] [hamibot] [INFO]:[INFO] [Anonymous functions]: 看视频奖励100币: hasRun=false
[2026-03-30 18:54:44] [hamibot] [INFO]:[INFO] [Anonymous functions]: 看视频奖励100币: hasRun=false
[2026-03-30 18:54:44] [hamibot] [INFO]:[INFO] [Anonymous functions]: 看视频奖励100币: hasRun=false
[2026-03-30 18:54:44] [hamibot] [INFO]:[INFO] [Anonymous functions]: 发布一件新宝贝: hasRun=false
[2026-03-30 18:54:51] [hamibot] [INFO]:[INFO] [findTargetElementWithCacheStrict]: [sel-strict#13] mainPopup/签到 缓存[3] 全部✗ 剩余errorTime=8 6560ms
[2026-03-30 18:54:58] [hamibot] [INFO]:[INFO] [findTargetElementWithCacheStrict]: [sel-strict#13] mainPopup/去蚂蚁庄园逛一逛 缓存#3(1/1) ✓ 7096ms
[2026-03-30 18:55:07] [hamibot] [INFO]:[INFO] [findTargetElementWithCacheStrict]: [sel-strict#14] mainPopup/去蚂蚁庄园逛一逛 缓存#3(1/1) ✓ 8466ms
[2026-03-30 18:55:21] [hamibot] [INFO]:[INFO] [findTargetElementList]: [sel-list#14] mainPopup/去完成 缓存#3(1/1) ✓ 20个 13186ms
[2026-03-30 18:55:21] [hamibot] [INFO]:[INFO] [findBtn_1]: sysReact, x: 863, y: 1165
[2026-03-30 18:55:22] [hamibot] [INFO]:[INFO] [findBtn_1]: 运行++去蚂蚁庄园逛一逛
[2026-03-30 18:55:28] [hamibot] [INFO]:[INFO] [findTargetElementWithCache]: [sel#87] mainPopup/今天 缓存[9] 全部✗ 剩余errorTime=39 81ms
[2026-03-30 18:55:28] [hamibot] [INFO]:[INFO] [findTargetElementWithCache]: [sel#63] coinExchangeMain/闲鱼币抵扣 缓存[3,6] 全部✗ 剩余errorTime=-1 140ms
[2026-03-30 18:55:28] [hamibot] [INFO]:[INFO] [backMainPage]: 当前app不是闲鱼，直接回退 com.eg.android.AlipayGphone
[2026-03-30 18:55:29] [hamibot] [INFO]:[INFO] [findTargetElementWithCache]: [sel#88] mainPopup/今天 缓存[9] 全部✗ 剩余errorTime=38 91ms
[2026-03-30 18:55:29] [hamibot] [INFO]:[INFO] [findTargetElementWithCache]: [sel#64] coinExchangeMain/闲鱼币抵扣 缓存[3,6] errorTime耗尽，降级串行 155ms
[2026-03-30 18:55:29] [hamibot] [INFO]:[INFO] [findTargetElementWithCache]: [sel#64] coinExchangeMain/闲鱼币抵扣 串行启动 12 条策略
[2026-03-30 18:55:30] [hamibot] [INFO]:[INFO] [findTargetElementWithCache]: [sel#64] coinExchangeMain/闲鱼币抵扣 串行全部✗ 串行715ms 总1120ms
[2026-03-30 18:55:30] [hamibot] [INFO]:[INFO] [backMainPage]: 当前app不是闲鱼，直接回退 com.eg.android.AlipayGphone
[2026-03-30 18:55:30] [hamibot] [INFO]:[INFO] [findTargetElementWithCache]: [sel#89] mainPopup/今天 缓存[9] 全部✗ 剩余errorTime=37 84ms
[2026-03-30 18:55:31] [hamibot] [INFO]:[INFO] [findTargetElementWithCache]: [sel#65] coinExchangeMain/闲鱼币抵扣 缓存[3,6] errorTime耗尽，降级串行 143ms
[2026-03-30 18:55:31] [hamibot] [INFO]:[INFO] [findTargetElementWithCache]: [sel#65] coinExchangeMain/闲鱼币抵扣 串行启动 12 条策略
[2026-03-30 18:55:31] [hamibot] [INFO]:[INFO] [findTargetElementWithCache]: [sel#65] coinExchangeMain/闲鱼币抵扣 串行全部✗ 串行759ms 总951ms
[2026-03-30 18:55:31] [hamibot] [INFO]:[INFO] [backMainPage]: 当前app不是闲鱼，直接回退 com.eg.android.AlipayGphone
[2026-03-30 18:55:32] [hamibot] [ERROR]:[ERROR] [backMainPage]: 死循环了， 关闭app
[2026-03-30 18:55:32] [hamibot] [INFO]:[INFO] [saveElementCache]: saveElementCache 服务端共 15 条 (本次新增/更新 15 条)
[2026-03-30 18:55:32] [hamibot] [INFO]:[INFO] [flushElementCache]: 已触发异步刷新元素查找缓存
[2026-03-30 18:55:32] [hamibot] [INFO]:[INFO] [closeApp]: openHamibot true
[2026-03-30 18:55:34] [hamibot] [INFO]:[INFO] [tryClickNode]: tryClickNode com.stardust.automator.UiObject@2a4bc; boundsInParent: Rect(0, 0 - 240, 240); boundsInScreen: Rect(420, 2057 - 660, 2297); packageName: com.miui.home; className: android.view.View; text: null; contentDescription: 本机共有12.0 G内存，当前4.5 G可用，双击清理全部任务; viewId: com.miui.home:id/clearAnimView; checkable: false; checked: false; focusable: true; focused: false; selected: false; clickable: true; longClickable: true; enabled: true; password: false; scrollable: false; [ACTION_FOCUS, ACTION_SELECT, ACTION_CLEAR_SELECTION, ACTION_CLICK, ACTION_LONG_CLICK, ACTION_ACCESSIBILITY_FOCUS, ACTION_NEXT_AT_MOVEMENT_GRANULARITY, ACTION_PREVIOUS_AT_MOVEMENT_GRANULARITY, ACTION_SET_SELECTION]
[2026-03-30 18:55:34] [hamibot] [ LOG ]:[ LOG ] [tryClickNode]: tryClickNode: 开始尝试点击节点 com.stardust.automator.UiObject@2a4bc; boundsInParent: Rect(0, 0 - 240, 240); boundsInScreen: Rect(420, 2057 - 660, 2297); packageName: com.miui.home; className: android.view.View; text: null; contentDescription: 本机共有12.0 G内存，当前4.5 G可用，双击清理全部任务; viewId: com.miui.home:id/clearAnimView; checkable: false; checked: false; focusable: true; focused: false; selected: false; clickable: true; longClickable: true; enabled: true; password: false; scrollable: false; [ACTION_FOCUS, ACTION_SELECT, ACTION_CLEAR_SELECTION, ACTION_CLICK, ACTION_LONG_CLICK, ACTION_ACCESSIBILITY_FOCUS, ACTION_NEXT_AT_MOVEMENT_GRANULARITY, ACTION_PREVIOUS_AT_MOVEMENT_GRANULARITY, ACTION_SET_SELECTION]
[2026-03-30 18:55:34] [hamibot] [ LOG ]:[ LOG ] [tryClickNode]: tryClickNode: 节点clickable值: function clickable() {/*
boolean clickable()
*/}

[2026-03-30 18:55:34] [hamibot] [ LOG ]:[ LOG ] [tryClickNode]: tryClickNode: 节点clickable toString: function clickable() {/*
boolean clickable()
*/}

[2026-03-30 18:55:34] [hamibot] [ LOG ]:[ LOG ] [tryClickNode]: tryClickNode: 解析后的clickable值: true
[2026-03-30 18:55:34] [hamibot] [ LOG ]:[ LOG ] [tryClickNode]: tryClickNode: 节点本身可点击，执行直接点击
[2026-03-30 18:55:34] [hamibot] [ LOG ]:[ LOG ] [tryClickNode]: tryClickNode: 直接点击结果: true
[2026-03-30 18:55:35] [hamibot] [INFO]:[INFO] [closeApp]: 已通过最近任务页‘关闭全部’关闭应用
[2026-03-30 18:55:52] [hamibot] [INFO]:[INFO] [findTargetElementWithCache]: [sel#22] coinExchangeMain/闲鱼币 缓存#3(1/1) ✓ 347ms
[2026-03-30 18:55:59] [hamibot] [INFO]:[INFO] [findTargetElementWithCache]: [sel#90] mainPopup/今天 缓存#9(1/1) ✓ 6481ms
[2026-03-30 18:56:07] [hamibot] [INFO]:[INFO] [findTargetElementList]: [sel-list#14] mainPopup/领取奖励 缓存[3] 全部✗ 剩余errorTime=13 7145ms
[2026-03-30 18:56:07] [hamibot] [INFO]:[INFO] [Anonymous functions]: 浏览指定频道好物: hasRun=true
[2026-03-30 18:56:07] [hamibot] [INFO]:[INFO] [Anonymous functions]: 搜一搜喜欢的商品: hasRun=true
[2026-03-30 18:56:07] [hamibot] [INFO]:[INFO] [Anonymous functions]: 去浏览全新好物: hasRun=true
[2026-03-30 18:56:07] [hamibot] [INFO]:[INFO] [Anonymous functions]: 浏览推荐的国补商品: hasRun=true
[2026-03-30 18:56:07] [hamibot] [INFO]:[INFO] [Anonymous functions]: 去蚂蚁森林逛一逛: hasRun=true
[2026-03-30 18:56:08] [hamibot] [INFO]:[INFO] [Anonymous functions]: 去支付宝农场领水果: hasRun=true
[2026-03-30 18:56:08] [hamibot] [INFO]:[INFO] [Anonymous functions]: 去淘宝签到领红包: hasRun=true
[2026-03-30 18:56:08] [hamibot] [INFO]:[INFO] [Anonymous functions]: 去蚂蚁森林逛一逛: hasRun=true
[2026-03-30 18:56:08] [hamibot] [INFO]:[INFO] [Anonymous functions]: 去蚂蚁庄园逛一逛: hasRun=false
[2026-03-30 18:56:08] [hamibot] [INFO]:[INFO] [Anonymous functions]: 去支付宝领积分: hasRun=false
[2026-03-30 18:56:08] [hamibot] [INFO]:[INFO] [Anonymous functions]: 浏览鱼小铺工作台: hasRun=false
[2026-03-30 18:56:08] [hamibot] [INFO]:[INFO] [Anonymous functions]: 搜一搜推荐商品: hasRun=false
[2026-03-30 18:56:08] [hamibot] [INFO]:[INFO] [Anonymous functions]: 领至高20元外卖红包: hasRun=false
[2026-03-30 18:56:08] [hamibot] [INFO]:[INFO] [Anonymous functions]: 看视频奖励100币: hasRun=false
[2026-03-30 18:56:08] [hamibot] [INFO]:[INFO] [Anonymous functions]: 看视频奖励100币: hasRun=false
[2026-03-30 18:56:08] [hamibot] [INFO]:[INFO] [Anonymous functions]: 看视频奖励100币: hasRun=false
[2026-03-30 18:56:08] [hamibot] [INFO]:[INFO] [Anonymous functions]: 看视频奖励100币: hasRun=false
[2026-03-30 18:56:08] [hamibot] [INFO]:[INFO] [Anonymous functions]: 发布一件新宝贝: hasRun=false
[2026-03-30 18:56:14] [hamibot] [INFO]:[INFO] [findTargetElementWithCacheStrict]: [sel-strict#14] mainPopup/签到 缓存[3] 全部✗ 剩余errorTime=7 5783ms
[2026-03-30 18:56:22] [hamibot] [INFO]:[INFO] [findTargetElementWithCacheStrict]: [sel-strict#15] mainPopup/去蚂蚁庄园逛一逛 缓存#3(1/1) ✓ 7574ms
[2026-03-30 18:56:31] [hamibot] [INFO]:[INFO] [findTargetElementWithCacheStrict]: [sel-strict#16] mainPopup/去蚂蚁庄园逛一逛 缓存#3(1/1) ✓ 8262ms
[2026-03-30 18:56:46] [hamibot] [INFO]:[INFO] [findTargetElementList]: [sel-list#15] mainPopup/去完成 缓存#3(1/1) ✓ 20个 15138ms
[2026-03-30 18:56:46] [hamibot] [INFO]:[INFO] [findBtn_1]: sysReact, x: 863, y: 1165
[2026-03-30 18:56:47] [hamibot] [INFO]:[INFO] [findBtn_1]: 运行++去蚂蚁庄园逛一逛
[2026-03-30 18:56:53] [hamibot] [INFO]:[INFO] [findTargetElementWithCache]: [sel#91] mainPopup/今天 缓存[9] 全部✗ 剩余errorTime=39 81ms
[2026-03-30 18:56:53] [hamibot] [INFO]:[INFO] [findTargetElementWithCache]: [sel#66] coinExchangeMain/闲鱼币抵扣 缓存[3,6] errorTime耗尽，降级串行 122ms
[2026-03-30 18:56:53] [hamibot] [INFO]:[INFO] [findTargetElementWithCache]: [sel#66] coinExchangeMain/闲鱼币抵扣 串行启动 12 条策略
[2026-03-30 18:56:54] [hamibot] [INFO]:[INFO] [findTargetElementWithCache]: [sel#66] coinExchangeMain/闲鱼币抵扣 串行全部✗ 串行689ms 总842ms
[2026-03-30 18:56:54] [hamibot] [INFO]:[INFO] [backMainPage]: 当前app不是闲鱼，直接回退 com.eg.android.AlipayGphone
[2026-03-30 18:56:55] [hamibot] [INFO]:[INFO] [findTargetElementWithCache]: [sel#92] mainPopup/今天 缓存[9] 全部✗ 剩余errorTime=38 78ms
[2026-03-30 18:56:55] [hamibot] [INFO]:[INFO] [findTargetElementWithCache]: [sel#67] coinExchangeMain/闲鱼币抵扣 缓存[3,6] errorTime耗尽，降级串行 120ms
[2026-03-30 18:56:55] [hamibot] [INFO]:[INFO] [findTargetElementWithCache]: [sel#67] coinExchangeMain/闲鱼币抵扣 串行启动 12 条策略
[2026-03-30 18:56:56] [hamibot] [INFO]:[INFO] [findTargetElementWithCache]: [sel#67] coinExchangeMain/闲鱼币抵扣 串行全部✗ 串行778ms 总929ms
[2026-03-30 18:56:56] [hamibot] [INFO]:[INFO] [backMainPage]: 当前app不是闲鱼，直接回退 com.eg.android.AlipayGphone
[2026-03-30 18:56:56] [hamibot] [INFO]:[INFO] [findTargetElementWithCache]: [sel#93] mainPopup/今天 缓存[9] 全部✗ 剩余errorTime=37 80ms
[2026-03-30 18:56:56] [hamibot] [INFO]:[INFO] [findTargetElementWithCache]: [sel#68] coinExchangeMain/闲鱼币抵扣 缓存[3,6] errorTime耗尽，降级串行 143ms
[2026-03-30 18:56:56] [hamibot] [INFO]:[INFO] [findTargetElementWithCache]: [sel#68] coinExchangeMain/闲鱼币抵扣 串行启动 12 条策略
[2026-03-30 18:56:57] [hamibot] [INFO]:[INFO] [findTargetElementWithCache]: [sel#68] coinExchangeMain/闲鱼币抵扣 串行全部✗ 串行757ms 总930ms
[2026-03-30 18:56:57] [hamibot] [INFO]:[INFO] [backMainPage]: 当前app不是闲鱼，直接回退 com.eg.android.AlipayGphone
[2026-03-30 18:56:57] [hamibot] [ERROR]:[ERROR] [backMainPage]: 死循环了， 关闭app
[2026-03-30 18:56:57] [hamibot] [INFO]:[INFO] [saveElementCache]: saveElementCache 服务端共 15 条 (本次新增/更新 15 条)
[2026-03-30 18:56:57] [hamibot] [INFO]:[INFO] [flushElementCache]: 已触发异步刷新元素查找缓存
[2026-03-30 18:56:57] [hamibot] [INFO]:[INFO] [closeApp]: openHamibot true
[2026-03-30 18:57:00] [hamibot] [INFO]:[INFO] [tryClickNode]: tryClickNode com.stardust.automator.UiObject@2a4bc; boundsInParent: Rect(0, 0 - 240, 240); boundsInScreen: Rect(420, 2057 - 660, 2297); packageName: com.miui.home; className: android.view.View; text: null; contentDescription: 本机共有12.0 G内存，当前4.5 G可用，双击清理全部任务; viewId: com.miui.home:id/clearAnimView; checkable: false; checked: false; focusable: true; focused: false; selected: false; clickable: true; longClickable: true; enabled: true; password: false; scrollable: false; [ACTION_FOCUS, ACTION_SELECT, ACTION_CLEAR_SELECTION, ACTION_CLICK, ACTION_LONG_CLICK, ACTION_ACCESSIBILITY_FOCUS, ACTION_NEXT_AT_MOVEMENT_GRANULARITY, ACTION_PREVIOUS_AT_MOVEMENT_GRANULARITY, ACTION_SET_SELECTION]
[2026-03-30 18:57:00] [hamibot] [ LOG ]:[ LOG ] [tryClickNode]: tryClickNode: 开始尝试点击节点 com.stardust.automator.UiObject@2a4bc; boundsInParent: Rect(0, 0 - 240, 240); boundsInScreen: Rect(420, 2057 - 660, 2297); packageName: com.miui.home; className: android.view.View; text: null; contentDescription: 本机共有12.0 G内存，当前4.5 G可用，双击清理全部任务; viewId: com.miui.home:id/clearAnimView; checkable: false; checked: false; focusable: true; focused: false; selected: false; clickable: true; longClickable: true; enabled: true; password: false; scrollable: false; [ACTION_FOCUS, ACTION_SELECT, ACTION_CLEAR_SELECTION, ACTION_CLICK, ACTION_LONG_CLICK, ACTION_ACCESSIBILITY_FOCUS, ACTION_NEXT_AT_MOVEMENT_GRANULARITY, ACTION_PREVIOUS_AT_MOVEMENT_GRANULARITY, ACTION_SET_SELECTION]
[2026-03-30 18:57:00] [hamibot] [ LOG ]:[ LOG ] [tryClickNode]: tryClickNode: 节点clickable值: function clickable() {/*
boolean clickable()
*/}

[2026-03-30 18:57:00] [hamibot] [ LOG ]:[ LOG ] [tryClickNode]: tryClickNode: 节点clickable toString: function clickable() {/*
boolean clickable()
*/}

[2026-03-30 18:57:00] [hamibot] [ LOG ]:[ LOG ] [tryClickNode]: tryClickNode: 解析后的clickable值: true
[2026-03-30 18:57:00] [hamibot] [ LOG ]:[ LOG ] [tryClickNode]: tryClickNode: 节点本身可点击，执行直接点击
[2026-03-30 18:57:00] [hamibot] [ LOG ]:[ LOG ] [tryClickNode]: tryClickNode: 直接点击结果: true
[2026-03-30 18:57:01] [hamibot] [INFO]:[INFO] [closeApp]: 已通过最近任务页‘关闭全部’关闭应用
[2026-03-30 18:58:15] [hamibot] [INFO]:[INFO] [findTargetElementWithCache]: [sel#23] coinExchangeMain/闲鱼币 缓存#3(1/1) ✓ 292ms
[2026-03-30 18:58:16] [hamibot] [INFO]:[INFO] [findTargetElementWithCache]: [sel#94] mainPopup/今天 缓存#9(1/1) ✓ 1242ms
[2026-03-30 18:58:19] [hamibot] [INFO]:[INFO] [findTargetElementList]: [sel-list#15] mainPopup/领取奖励 缓存[3] 全部✗ 剩余errorTime=12 1989ms
[2026-03-30 18:58:19] [hamibot] [INFO]:[INFO] [Anonymous functions]: 浏览指定频道好物: hasRun=true
[2026-03-30 18:58:19] [hamibot] [INFO]:[INFO] [Anonymous functions]: 搜一搜喜欢的商品: hasRun=true
[2026-03-30 18:58:19] [hamibot] [INFO]:[INFO] [Anonymous functions]: 去浏览全新好物: hasRun=true
[2026-03-30 18:58:19] [hamibot] [INFO]:[INFO] [Anonymous functions]: 浏览推荐的国补商品: hasRun=true
[2026-03-30 18:58:19] [hamibot] [INFO]:[INFO] [Anonymous functions]: 去蚂蚁森林逛一逛: hasRun=true
[2026-03-30 18:58:19] [hamibot] [INFO]:[INFO] [Anonymous functions]: 去支付宝农场领水果: hasRun=true
[2026-03-30 18:58:20] [hamibot] [INFO]:[INFO] [Anonymous functions]: 去淘宝签到领红包: hasRun=true
[2026-03-30 18:58:20] [hamibot] [INFO]:[INFO] [Anonymous functions]: 去蚂蚁森林逛一逛: hasRun=true
[2026-03-30 18:58:20] [hamibot] [INFO]:[INFO] [Anonymous functions]: 去蚂蚁庄园逛一逛: hasRun=false
[2026-03-30 18:58:20] [hamibot] [INFO]:[INFO] [Anonymous functions]: 去支付宝领积分: hasRun=false
[2026-03-30 18:58:20] [hamibot] [INFO]:[INFO] [Anonymous functions]: 浏览鱼小铺工作台: hasRun=false
[2026-03-30 18:58:20] [hamibot] [INFO]:[INFO] [Anonymous functions]: 搜一搜推荐商品: hasRun=false
[2026-03-30 18:58:20] [hamibot] [INFO]:[INFO] [Anonymous functions]: 领至高20元外卖红包: hasRun=false
[2026-03-30 18:58:20] [hamibot] [INFO]:[INFO] [Anonymous functions]: 看视频奖励100币: hasRun=false
[2026-03-30 18:58:20] [hamibot] [INFO]:[INFO] [Anonymous functions]: 看视频奖励100币: hasRun=false
[2026-03-30 18:58:20] [hamibot] [INFO]:[INFO] [Anonymous functions]: 看视频奖励100币: hasRun=false
[2026-03-30 18:58:20] [hamibot] [INFO]:[INFO] [Anonymous functions]: 看视频奖励100币: hasRun=false
[2026-03-30 18:58:20] [hamibot] [INFO]:[INFO] [Anonymous functions]: 发布一件新宝贝: hasRun=false
[2026-03-30 18:58:22] [hamibot] [INFO]:[INFO] [findTargetElementWithCacheStrict]: [sel-strict#15] mainPopup/签到 缓存[3] 全部✗ 剩余errorTime=6 2047ms
[2026-03-30 18:58:24] [hamibot] [INFO]:[INFO] [findTargetElementWithCacheStrict]: [sel-strict#17] mainPopup/去蚂蚁庄园逛一逛 缓存[3] 全部✗ 剩余errorTime=2 936ms
[2026-03-30 18:58:26] [hamibot] [INFO]:[INFO] [findTargetElementWithCache]: [sel#95] mainPopup/今天 缓存[9] 全部✗ 剩余errorTime=39 2517ms
[2026-03-30 18:58:29] [hamibot] [INFO]:[INFO] [findTargetElementWithCache]: [sel#96] mainPopup/今天 缓存[9] 全部✗ 剩余errorTime=38 2940ms
[2026-03-30 18:58:30] [hamibot] [INFO]:[INFO] [findTargetElementWithCache]: [sel#69] coinExchangeMain/闲鱼币抵扣 缓存#3(1/2) ✓ 14ms
[2026-03-30 18:58:31] [hamibot] [INFO]:[INFO] [findTargetElementWithCache]: [sel#97] mainPopup/今天 缓存[9] 全部✗ 剩余errorTime=37 516ms
[2026-03-30 18:58:31] [hamibot] [INFO]:[INFO] [findTargetElementWithCache]: [sel#70] coinExchangeMain/闲鱼币抵扣 缓存[3,6] 全部✗ 剩余errorTime=19 262ms
[2026-03-30 18:58:33] [hamibot] [INFO]:[INFO] [findTargetElementWithCache]: [sel#98] mainPopup/今天 缓存[9] 全部✗ 剩余errorTime=36 229ms
[2026-03-30 18:58:33] [hamibot] [INFO]:[INFO] [findTargetElementWithCache]: [sel#71] coinExchangeMain/闲鱼币抵扣 缓存[3,6] 全部✗ 剩余errorTime=18 260ms
[2026-03-30 18:58:37] [hamibot] [INFO]:[INFO] [findTargetElementWithCache]: [sel#24] coinExchangeMain/闲鱼币 缓存#3(1/1) ✓ 430ms
[2026-03-30 18:58:40] [hamibot] [INFO]:[INFO] [findTargetElementWithCache]: [sel#99] mainPopup/今天 缓存#9(1/1) ✓ 2252ms
[2026-03-30 18:58:50] [hamibot] [INFO]:[INFO] [findTargetElementList]: [sel-list#16] mainPopup/领取奖励 缓存[3] 全部✗ 剩余errorTime=11 9619ms
[2026-03-30 18:58:51] [hamibot] [INFO]:[INFO] [Anonymous functions]: 浏览指定频道好物: hasRun=true
[2026-03-30 18:58:51] [hamibot] [INFO]:[INFO] [Anonymous functions]: 搜一搜喜欢的商品: hasRun=true
[2026-03-30 18:58:51] [hamibot] [INFO]:[INFO] [Anonymous functions]: 去浏览全新好物: hasRun=true
[2026-03-30 18:58:51] [hamibot] [INFO]:[INFO] [Anonymous functions]: 浏览推荐的国补商品: hasRun=true
[2026-03-30 18:58:51] [hamibot] [INFO]:[INFO] [Anonymous functions]: 去蚂蚁森林逛一逛: hasRun=true
[2026-03-30 18:58:51] [hamibot] [INFO]:[INFO] [Anonymous functions]: 去支付宝农场领水果: hasRun=true
[2026-03-30 18:58:51] [hamibot] [INFO]:[INFO] [Anonymous functions]: 去淘宝签到领红包: hasRun=true
[2026-03-30 18:58:51] [hamibot] [INFO]:[INFO] [Anonymous functions]: 去蚂蚁森林逛一逛: hasRun=true
[2026-03-30 18:58:52] [hamibot] [INFO]:[INFO] [Anonymous functions]: 去蚂蚁庄园逛一逛: hasRun=false
[2026-03-30 18:58:52] [hamibot] [INFO]:[INFO] [Anonymous functions]: 去支付宝领积分: hasRun=false
[2026-03-30 18:58:52] [hamibot] [INFO]:[INFO] [Anonymous functions]: 浏览鱼小铺工作台: hasRun=false
[2026-03-30 18:58:52] [hamibot] [INFO]:[INFO] [Anonymous functions]: 搜一搜推荐商品: hasRun=false
[2026-03-30 18:58:52] [hamibot] [INFO]:[INFO] [Anonymous functions]: 领至高20元外卖红包: hasRun=false
[2026-03-30 18:58:53] [hamibot] [INFO]:[INFO] [Anonymous functions]: 看视频奖励100币: hasRun=false
[2026-03-30 18:58:53] [hamibot] [INFO]:[INFO] [Anonymous functions]: 看视频奖励100币: hasRun=false
[2026-03-30 18:58:54] [hamibot] [INFO]:[INFO] [Anonymous functions]: 看视频奖励100币: hasRun=false
[2026-03-30 18:58:54] [hamibot] [INFO]:[INFO] [Anonymous functions]: 看视频奖励100币: hasRun=false
[2026-03-30 18:58:54] [hamibot] [INFO]:[INFO] [Anonymous functions]: 发布一件新宝贝: hasRun=false
[2026-03-30 18:59:03] [hamibot] [INFO]:[INFO] [findTargetElementWithCacheStrict]: [sel-strict#16] mainPopup/签到 缓存[3] 全部✗ 剩余errorTime=5 8905ms
[2026-03-30 18:59:10] [hamibot] [INFO]:[INFO] [findTargetElementWithCacheStrict]: [sel-strict#18] mainPopup/去蚂蚁庄园逛一逛 缓存#3(1/1) ✓ 7115ms
[2026-03-30 18:59:18] [hamibot] [INFO]:[INFO] [findTargetElementWithCacheStrict]: [sel-strict#19] mainPopup/去蚂蚁庄园逛一逛 缓存#3(1/1) ✓ 7386ms
[2026-03-30 18:59:32] [hamibot] [INFO]:[INFO] [findTargetElementList]: [sel-list#16] mainPopup/去完成 缓存#3(1/1) ✓ 20个 13884ms
[2026-03-30 18:59:32] [hamibot] [INFO]:[INFO] [findBtn_1]: sysReact, x: 863, y: 1165
[2026-03-30 18:59:33] [hamibot] [INFO]:[INFO] [findBtn_1]: 运行++去蚂蚁庄园逛一逛
[2026-03-30 18:59:39] [hamibot] [INFO]:[INFO] [findTargetElementWithCache]: [sel#100] mainPopup/今天 缓存[9] 全部✗ 剩余errorTime=39 83ms
[2026-03-30 18:59:39] [hamibot] [INFO]:[INFO] [findTargetElementWithCache]: [sel#72] coinExchangeMain/闲鱼币抵扣 缓存[3,6] 全部✗ 剩余errorTime=17 120ms
[2026-03-30 18:59:40] [hamibot] [INFO]:[INFO] [backMainPage]: 当前app不是闲鱼，直接回退 com.eg.android.AlipayGphone
[2026-03-30 18:59:40] [hamibot] [INFO]:[INFO] [findTargetElementWithCache]: [sel#101] mainPopup/今天 缓存[9] 全部✗ 剩余errorTime=38 68ms
[2026-03-30 18:59:40] [hamibot] [INFO]:[INFO] [findTargetElementWithCache]: [sel#73] coinExchangeMain/闲鱼币抵扣 缓存[3,6] 全部✗ 剩余errorTime=16 111ms
[2026-03-30 18:59:40] [hamibot] [INFO]:[INFO] [backMainPage]: 当前app不是闲鱼，直接回退 com.eg.android.AlipayGphone
[2026-03-30 18:59:40] [hamibot] [INFO]:[INFO] [findTargetElementWithCache]: [sel#102] mainPopup/今天 缓存[9] 全部✗ 剩余errorTime=37 67ms
[2026-03-30 18:59:40] [hamibot] [INFO]:[INFO] [findTargetElementWithCache]: [sel#74] coinExchangeMain/闲鱼币抵扣 缓存[3,6] 全部✗ 剩余errorTime=15 124ms
[2026-03-30 18:59:41] [hamibot] [INFO]:[INFO] [backMainPage]: 当前app不是闲鱼，直接回退 com.eg.android.AlipayGphone
[2026-03-30 18:59:41] [hamibot] [ERROR]:[ERROR] [backMainPage]: 死循环了， 关闭app
[2026-03-30 18:59:41] [hamibot] [INFO]:[INFO] [saveElementCache]: saveElementCache 服务端共 15 条 (本次新增/更新 15 条)
[2026-03-30 18:59:41] [hamibot] [INFO]:[INFO] [flushElementCache]: 已触发异步刷新元素查找缓存
[2026-03-30 18:59:41] [hamibot] [INFO]:[INFO] [closeApp]: openHamibot true
[2026-03-30 18:59:43] [hamibot] [INFO]:[INFO] [tryClickNode]: tryClickNode com.stardust.automator.UiObject@2a4bc; boundsInParent: Rect(0, 0 - 240, 240); boundsInScreen: Rect(420, 2057 - 660, 2297); packageName: com.miui.home; className: android.view.View; text: null; contentDescription: 本机共有12.0 G内存，当前4.4 G可用，双击清理全部任务; viewId: com.miui.home:id/clearAnimView; checkable: false; checked: false; focusable: true; focused: false; selected: false; clickable: true; longClickable: true; enabled: true; password: false; scrollable: false; [ACTION_FOCUS, ACTION_SELECT, ACTION_CLEAR_SELECTION, ACTION_CLICK, ACTION_LONG_CLICK, ACTION_ACCESSIBILITY_FOCUS, ACTION_NEXT_AT_MOVEMENT_GRANULARITY, ACTION_PREVIOUS_AT_MOVEMENT_GRANULARITY, ACTION_SET_SELECTION]
[2026-03-30 18:59:43] [hamibot] [ LOG ]:[ LOG ] [tryClickNode]: tryClickNode: 开始尝试点击节点 com.stardust.automator.UiObject@2a4bc; boundsInParent: Rect(0, 0 - 240, 240); boundsInScreen: Rect(420, 2057 - 660, 2297); packageName: com.miui.home; className: android.view.View; text: null; contentDescription: 本机共有12.0 G内存，当前4.4 G可用，双击清理全部任务; viewId: com.miui.home:id/clearAnimView; checkable: false; checked: false; focusable: true; focused: false; selected: false; clickable: true; longClickable: true; enabled: true; password: false; scrollable: false; [ACTION_FOCUS, ACTION_SELECT, ACTION_CLEAR_SELECTION, ACTION_CLICK, ACTION_LONG_CLICK, ACTION_ACCESSIBILITY_FOCUS, ACTION_NEXT_AT_MOVEMENT_GRANULARITY, ACTION_PREVIOUS_AT_MOVEMENT_GRANULARITY, ACTION_SET_SELECTION]
[2026-03-30 18:59:43] [hamibot] [ LOG ]:[ LOG ] [tryClickNode]: tryClickNode: 节点clickable值: function clickable() {/*
boolean clickable()
*/}

[2026-03-30 18:59:43] [hamibot] [ LOG ]:[ LOG ] [tryClickNode]: tryClickNode: 节点clickable toString: function clickable() {/*
boolean clickable()
*/}

[2026-03-30 18:59:43] [hamibot] [ LOG ]:[ LOG ] [tryClickNode]: tryClickNode: 解析后的clickable值: true
[2026-03-30 18:59:44] [hamibot] [ LOG ]:[ LOG ] [tryClickNode]: tryClickNode: 节点本身可点击，执行直接点击
[2026-03-30 18:59:44] [hamibot] [ LOG ]:[ LOG ] [tryClickNode]: tryClickNode: 直接点击结果: true
[2026-03-30 18:59:45] [hamibot] [INFO]:[INFO] [closeApp]: 已通过最近任务页‘关闭全部’关闭应用
[2026-03-30 19:00:03] [hamibot] [INFO]:[INFO] [findTargetElementWithCache]: [sel#25] coinExchangeMain/闲鱼币 缓存#3(1/1) ✓ 280ms
[2026-03-30 19:00:07] [hamibot] [INFO]:[INFO] [findTargetElementWithCache]: [sel#103] mainPopup/今天 缓存#9(1/1) ✓ 4004ms
[2026-03-30 19:00:15] [hamibot] [INFO]:[INFO] [findTargetElementList]: [sel-list#17] mainPopup/领取奖励 缓存[3] 全部✗ 剩余errorTime=10 7572ms
[2026-03-30 19:00:15] [hamibot] [INFO]:[INFO] [Anonymous functions]: 浏览指定频道好物: hasRun=true
[2026-03-30 19:00:15] [hamibot] [INFO]:[INFO] [Anonymous functions]: 搜一搜喜欢的商品: hasRun=true
[2026-03-30 19:00:16] [hamibot] [INFO]:[INFO] [Anonymous functions]: 去浏览全新好物: hasRun=true
[2026-03-30 19:00:16] [hamibot] [INFO]:[INFO] [Anonymous functions]: 浏览推荐的国补商品: hasRun=true
[2026-03-30 19:00:16] [hamibot] [INFO]:[INFO] [Anonymous functions]: 去蚂蚁森林逛一逛: hasRun=true
[2026-03-30 19:00:16] [hamibot] [INFO]:[INFO] [Anonymous functions]: 去支付宝农场领水果: hasRun=true
[2026-03-30 19:00:16] [hamibot] [INFO]:[INFO] [Anonymous functions]: 去淘宝签到领红包: hasRun=true
[2026-03-30 19:00:16] [hamibot] [INFO]:[INFO] [Anonymous functions]: 去蚂蚁森林逛一逛: hasRun=true
[2026-03-30 19:00:16] [hamibot] [INFO]:[INFO] [Anonymous functions]: 去蚂蚁庄园逛一逛: hasRun=false
[2026-03-30 19:00:16] [hamibot] [INFO]:[INFO] [Anonymous functions]: 去支付宝领积分: hasRun=false
[2026-03-30 19:00:16] [hamibot] [INFO]:[INFO] [Anonymous functions]: 浏览鱼小铺工作台: hasRun=false
[2026-03-30 19:00:16] [hamibot] [INFO]:[INFO] [Anonymous functions]: 搜一搜推荐商品: hasRun=false
[2026-03-30 19:00:16] [hamibot] [INFO]:[INFO] [Anonymous functions]: 领至高20元外卖红包: hasRun=false
[2026-03-30 19:00:16] [hamibot] [INFO]:[INFO] [Anonymous functions]: 看视频奖励100币: hasRun=false
[2026-03-30 19:00:16] [hamibot] [INFO]:[INFO] [Anonymous functions]: 看视频奖励100币: hasRun=false
[2026-03-30 19:00:16] [hamibot] [INFO]:[INFO] [Anonymous functions]: 看视频奖励100币: hasRun=false
[2026-03-30 19:00:16] [hamibot] [INFO]:[INFO] [Anonymous functions]: 看视频奖励100币: hasRun=false
[2026-03-30 19:00:16] [hamibot] [INFO]:[INFO] [Anonymous functions]: 发布一件新宝贝: hasRun=false
[2026-03-30 19:00:26] [hamibot] [INFO]:[INFO] [findTargetElementWithCacheStrict]: [sel-strict#17] mainPopup/签到 缓存[3] 全部✗ 剩余errorTime=4 9712ms
[2026-03-30 19:00:35] [hamibot] [INFO]:[INFO] [findTargetElementWithCacheStrict]: [sel-strict#20] mainPopup/去蚂蚁庄园逛一逛 缓存#3(1/1) ✓ 8560ms
[2026-03-30 19:00:42] [hamibot] [INFO]:[INFO] [findTargetElementWithCacheStrict]: [sel-strict#21] mainPopup/去蚂蚁庄园逛一逛 缓存#3(1/1) ✓ 7259ms
[2026-03-30 19:00:59] [hamibot] [INFO]:[INFO] [findTargetElementList]: [sel-list#17] mainPopup/去完成 缓存#3(1/1) ✓ 21个 16769ms
[2026-03-30 19:01:00] [hamibot] [INFO]:[INFO] [findBtn_1]: sysReact, x: 863, y: 1165
[2026-03-30 19:01:01] [hamibot] [INFO]:[INFO] [findBtn_1]: 运行++去蚂蚁庄园逛一逛
[2026-03-30 19:01:08] [hamibot] [INFO]:[INFO] [findTargetElementWithCache]: [sel#104] mainPopup/今天 缓存[9] 全部✗ 剩余errorTime=39 82ms
[2026-03-30 19:01:08] [hamibot] [INFO]:[INFO] [findTargetElementWithCache]: [sel#75] coinExchangeMain/闲鱼币抵扣 缓存[3,6] 全部✗ 剩余errorTime=14 121ms
[2026-03-30 19:01:08] [hamibot] [INFO]:[INFO] [backMainPage]: 当前app不是闲鱼，直接回退 com.eg.android.AlipayGphone
[2026-03-30 19:01:11] [hamibot] [INFO]:[INFO] [findTargetElementWithCache]: [sel#105] mainPopup/今天 缓存[9] 全部✗ 剩余errorTime=38 88ms
[2026-03-30 19:01:11] [hamibot] [INFO]:[INFO] [findTargetElementWithCache]: [sel#76] coinExchangeMain/闲鱼币抵扣 缓存[3,6] 全部✗ 剩余errorTime=13 130ms
[2026-03-30 19:01:11] [hamibot] [INFO]:[INFO] [backMainPage]: 当前app不是闲鱼，直接回退 com.eg.android.AlipayGphone
[2026-03-30 19:01:12] [hamibot] [INFO]:[INFO] [findTargetElementWithCache]: [sel#106] mainPopup/今天 缓存[9] 全部✗ 剩余errorTime=37 71ms
[2026-03-30 19:01:12] [hamibot] [INFO]:[INFO] [findTargetElementWithCache]: [sel#77] coinExchangeMain/闲鱼币抵扣 缓存[3,6] 全部✗ 剩余errorTime=12 117ms
[2026-03-30 19:01:12] [hamibot] [INFO]:[INFO] [backMainPage]: 当前app不是闲鱼，直接回退 com.eg.android.AlipayGphone
[2026-03-30 19:01:12] [hamibot] [ERROR]:[ERROR] [backMainPage]: 死循环了， 关闭app
[2026-03-30 19:01:12] [hamibot] [INFO]:[INFO] [saveElementCache]: saveElementCache 服务端共 15 条 (本次新增/更新 15 条)
[2026-03-30 19:01:12] [hamibot] [INFO]:[INFO] [flushElementCache]: 已触发异步刷新元素查找缓存
[2026-03-30 19:01:12] [hamibot] [INFO]:[INFO] [closeApp]: openHamibot true
[2026-03-30 19:01:15] [hamibot] [INFO]:[INFO] [tryClickNode]: tryClickNode com.stardust.automator.UiObject@2a4bc; boundsInParent: Rect(0, 0 - 240, 240); boundsInScreen: Rect(420, 2057 - 660, 2297); packageName: com.miui.home; className: android.view.View; text: null; contentDescription: 本机共有12.0 G内存，当前4.3 G可用，双击清理全部任务; viewId: com.miui.home:id/clearAnimView; checkable: false; checked: false; focusable: true; focused: false; selected: false; clickable: true; longClickable: true; enabled: true; password: false; scrollable: false; [ACTION_FOCUS, ACTION_SELECT, ACTION_CLEAR_SELECTION, ACTION_CLICK, ACTION_LONG_CLICK, ACTION_ACCESSIBILITY_FOCUS, ACTION_NEXT_AT_MOVEMENT_GRANULARITY, ACTION_PREVIOUS_AT_MOVEMENT_GRANULARITY, ACTION_SET_SELECTION]
[2026-03-30 19:01:15] [hamibot] [ LOG ]:[ LOG ] [tryClickNode]: tryClickNode: 开始尝试点击节点 com.stardust.automator.UiObject@2a4bc; boundsInParent: Rect(0, 0 - 240, 240); boundsInScreen: Rect(420, 2057 - 660, 2297); packageName: com.miui.home; className: android.view.View; text: null; contentDescription: 本机共有12.0 G内存，当前4.3 G可用，双击清理全部任务; viewId: com.miui.home:id/clearAnimView; checkable: false; checked: false; focusable: true; focused: false; selected: false; clickable: true; longClickable: true; enabled: true; password: false; scrollable: false; [ACTION_FOCUS, ACTION_SELECT, ACTION_CLEAR_SELECTION, ACTION_CLICK, ACTION_LONG_CLICK, ACTION_ACCESSIBILITY_FOCUS, ACTION_NEXT_AT_MOVEMENT_GRANULARITY, ACTION_PREVIOUS_AT_MOVEMENT_GRANULARITY, ACTION_SET_SELECTION]
[2026-03-30 19:01:15] [hamibot] [ LOG ]:[ LOG ] [tryClickNode]: tryClickNode: 节点clickable值: function clickable() {/*
boolean clickable()
*/}

[2026-03-30 19:01:15] [hamibot] [ LOG ]:[ LOG ] [tryClickNode]: tryClickNode: 节点clickable toString: function clickable() {/*
boolean clickable()
*/}

[2026-03-30 19:01:15] [hamibot] [ LOG ]:[ LOG ] [tryClickNode]: tryClickNode: 解析后的clickable值: true
[2026-03-30 19:01:15] [hamibot] [ LOG ]:[ LOG ] [tryClickNode]: tryClickNode: 节点本身可点击，执行直接点击
[2026-03-30 19:01:15] [hamibot] [ LOG ]:[ LOG ] [tryClickNode]: tryClickNode: 直接点击结果: true
[2026-03-30 19:01:16] [hamibot] [INFO]:[INFO] [closeApp]: 已通过最近任务页‘关闭全部’关闭应用
[2026-03-30 19:01:31] [hamibot] [INFO]:[INFO] [findTargetElementWithCache]: [sel#26] coinExchangeMain/闲鱼币 缓存#3(1/1) ✓ 370ms
[2026-03-30 19:01:33] [hamibot] [INFO]:[INFO] [findTargetElementWithCache]: [sel#107] mainPopup/今天 缓存#9(1/1) ✓ 1340ms
[2026-03-30 19:01:38] [hamibot] [INFO]:[INFO] [findTargetElementList]: [sel-list#18] mainPopup/领取奖励 缓存[3] 全部✗ 剩余errorTime=9 4392ms
[2026-03-30 19:01:38] [hamibot] [INFO]:[INFO] [Anonymous functions]: 浏览指定频道好物: hasRun=true
[2026-03-30 19:01:38] [hamibot] [INFO]:[INFO] [Anonymous functions]: 搜一搜喜欢的商品: hasRun=true
[2026-03-30 19:01:38] [hamibot] [INFO]:[INFO] [Anonymous functions]: 去浏览全新好物: hasRun=true
[2026-03-30 19:01:38] [hamibot] [INFO]:[INFO] [Anonymous functions]: 浏览推荐的国补商品: hasRun=true
[2026-03-30 19:01:39] [hamibot] [INFO]:[INFO] [Anonymous functions]: 去蚂蚁森林逛一逛: hasRun=true
[2026-03-30 19:01:39] [hamibot] [INFO]:[INFO] [Anonymous functions]: 去支付宝农场领水果: hasRun=true
[2026-03-30 19:01:39] [hamibot] [INFO]:[INFO] [Anonymous functions]: 去淘宝签到领红包: hasRun=true
[2026-03-30 19:01:39] [hamibot] [INFO]:[INFO] [Anonymous functions]: 去蚂蚁森林逛一逛: hasRun=true
[2026-03-30 19:01:39] [hamibot] [INFO]:[INFO] [Anonymous functions]: 去蚂蚁庄园逛一逛: hasRun=false
[2026-03-30 19:01:39] [hamibot] [INFO]:[INFO] [Anonymous functions]: 去支付宝领积分: hasRun=false
[2026-03-30 19:01:39] [hamibot] [INFO]:[INFO] [Anonymous functions]: 浏览鱼小铺工作台: hasRun=false
[2026-03-30 19:01:39] [hamibot] [INFO]:[INFO] [Anonymous functions]: 搜一搜推荐商品: hasRun=false
[2026-03-30 19:01:39] [hamibot] [INFO]:[INFO] [Anonymous functions]: 领至高20元外卖红包: hasRun=false
[2026-03-30 19:01:39] [hamibot] [INFO]:[INFO] [Anonymous functions]: 看视频奖励100币: hasRun=false
[2026-03-30 19:01:39] [hamibot] [INFO]:[INFO] [Anonymous functions]: 看视频奖励100币: hasRun=false
[2026-03-30 19:01:39] [hamibot] [INFO]:[INFO] [Anonymous functions]: 看视频奖励100币: hasRun=false
[2026-03-30 19:01:40] [hamibot] [INFO]:[INFO] [Anonymous functions]: 看视频奖励100币: hasRun=false
[2026-03-30 19:01:40] [hamibot] [INFO]:[INFO] [Anonymous functions]: 发布一件新宝贝: hasRun=false
[2026-03-30 19:01:42] [hamibot] [INFO]:[INFO] [findTargetElementWithCacheStrict]: [sel-strict#18] mainPopup/签到 缓存[3] 全部✗ 剩余errorTime=3 2004ms
[2026-03-30 19:01:44] [hamibot] [INFO]:[INFO] [findTargetElementWithCacheStrict]: [sel-strict#22] mainPopup/去蚂蚁庄园逛一逛 缓存#3(1/1) ✓ 2471ms
[2026-03-30 19:01:52] [hamibot] [INFO]:[INFO] [findTargetElementWithCacheStrict]: [sel-strict#23] mainPopup/去蚂蚁庄园逛一逛 缓存#3(1/1) ✓ 7004ms
[2026-03-30 19:02:08] [hamibot] [INFO]:[INFO] [findTargetElementList]: [sel-list#18] mainPopup/去完成 缓存#3(1/1) ✓ 21个 16253ms
[2026-03-30 19:02:08] [hamibot] [INFO]:[INFO] [findBtn_1]: sysReact, x: 863, y: 1165
[2026-03-30 19:02:09] [hamibot] [INFO]:[INFO] [findBtn_1]: 运行++去蚂蚁庄园逛一逛
[2026-03-30 19:02:15] [hamibot] [INFO]:[INFO] [findTargetElementWithCache]: [sel#108] mainPopup/今天 缓存[9] 全部✗ 剩余errorTime=39 70ms
[2026-03-30 19:02:16] [hamibot] [INFO]:[INFO] [findTargetElementWithCache]: [sel#78] coinExchangeMain/闲鱼币抵扣 缓存[3,6] 全部✗ 剩余errorTime=11 137ms
[2026-03-30 19:02:16] [hamibot] [INFO]:[INFO] [backMainPage]: 当前app不是闲鱼，直接回退 com.eg.android.AlipayGphone
[2026-03-30 19:02:17] [hamibot] [INFO]:[INFO] [findTargetElementWithCache]: [sel#109] mainPopup/今天 缓存[9] 全部✗ 剩余errorTime=38 95ms
[2026-03-30 19:02:17] [hamibot] [INFO]:[INFO] [findTargetElementWithCache]: [sel#79] coinExchangeMain/闲鱼币抵扣 缓存[3,6] 全部✗ 剩余errorTime=10 118ms
[2026-03-30 19:02:17] [hamibot] [INFO]:[INFO] [backMainPage]: 当前app不是闲鱼，直接回退 com.eg.android.AlipayGphone
[2026-03-30 19:02:17] [hamibot] [INFO]:[INFO] [findTargetElementWithCache]: [sel#110] mainPopup/今天 缓存[9] 全部✗ 剩余errorTime=37 70ms
[2026-03-30 19:02:18] [hamibot] [INFO]:[INFO] [findTargetElementWithCache]: [sel#80] coinExchangeMain/闲鱼币抵扣 缓存[3,6] 全部✗ 剩余errorTime=9 118ms
[2026-03-30 19:02:18] [hamibot] [INFO]:[INFO] [backMainPage]: 当前app不是闲鱼，直接回退 com.eg.android.AlipayGphone
[2026-03-30 19:02:18] [hamibot] [ERROR]:[ERROR] [backMainPage]: 死循环了， 关闭app
[2026-03-30 19:02:18] [hamibot] [INFO]:[INFO] [saveElementCache]: saveElementCache 服务端共 15 条 (本次新增/更新 15 条)
[2026-03-30 19:02:18] [hamibot] [INFO]:[INFO] [flushElementCache]: 已触发异步刷新元素查找缓存
[2026-03-30 19:02:18] [hamibot] [INFO]:[INFO] [closeApp]: openHamibot true
[2026-03-30 19:02:21] [hamibot] [INFO]:[INFO] [tryClickNode]: tryClickNode com.stardust.automator.UiObject@2a4bc; boundsInParent: Rect(0, 0 - 240, 240); boundsInScreen: Rect(420, 2057 - 660, 2297); packageName: com.miui.home; className: android.view.View; text: null; contentDescription: 本机共有12.0 G内存，当前4.6 G可用，双击清理全部任务; viewId: com.miui.home:id/clearAnimView; checkable: false; checked: false; focusable: true; focused: false; selected: false; clickable: true; longClickable: true; enabled: true; password: false; scrollable: false; [ACTION_FOCUS, ACTION_SELECT, ACTION_CLEAR_SELECTION, ACTION_CLICK, ACTION_LONG_CLICK, ACTION_ACCESSIBILITY_FOCUS, ACTION_NEXT_AT_MOVEMENT_GRANULARITY, ACTION_PREVIOUS_AT_MOVEMENT_GRANULARITY, ACTION_SET_SELECTION]
[2026-03-30 19:02:21] [hamibot] [ LOG ]:[ LOG ] [tryClickNode]: tryClickNode: 开始尝试点击节点 com.stardust.automator.UiObject@2a4bc; boundsInParent: Rect(0, 0 - 240, 240); boundsInScreen: Rect(420, 2057 - 660, 2297); packageName: com.miui.home; className: android.view.View; text: null; contentDescription: 本机共有12.0 G内存，当前4.6 G可用，双击清理全部任务; viewId: com.miui.home:id/clearAnimView; checkable: false; checked: false; focusable: true; focused: false; selected: false; clickable: true; longClickable: true; enabled: true; password: false; scrollable: false; [ACTION_FOCUS, ACTION_SELECT, ACTION_CLEAR_SELECTION, ACTION_CLICK, ACTION_LONG_CLICK, ACTION_ACCESSIBILITY_FOCUS, ACTION_NEXT_AT_MOVEMENT_GRANULARITY, ACTION_PREVIOUS_AT_MOVEMENT_GRANULARITY, ACTION_SET_SELECTION]
[2026-03-30 19:02:21] [hamibot] [ LOG ]:[ LOG ] [tryClickNode]: tryClickNode: 节点clickable值: function clickable() {/*
boolean clickable()
*/}

[2026-03-30 19:02:21] [hamibot] [ LOG ]:[ LOG ] [tryClickNode]: tryClickNode: 节点clickable toString: function clickable() {/*
boolean clickable()
*/}

[2026-03-30 19:02:21] [hamibot] [ LOG ]:[ LOG ] [tryClickNode]: tryClickNode: 解析后的clickable值: true
[2026-03-30 19:02:21] [hamibot] [ LOG ]:[ LOG ] [tryClickNode]: tryClickNode: 节点本身可点击，执行直接点击
[2026-03-30 19:02:21] [hamibot] [ LOG ]:[ LOG ] [tryClickNode]: tryClickNode: 直接点击结果: true
[2026-03-30 19:02:22] [hamibot] [INFO]:[INFO] [closeApp]: 已通过最近任务页‘关闭全部’关闭应用
[2026-03-30 19:02:37] [hamibot] [INFO]:[INFO] [findTargetElementWithCache]: [sel#27] coinExchangeMain/闲鱼币 缓存#3(1/1) ✓ 470ms
[2026-03-30 19:02:41] [hamibot] [INFO]:[INFO] [findTargetElementWithCache]: [sel#111] mainPopup/今天 缓存#9(1/1) ✓ 4224ms
[2026-03-30 19:02:52] [hamibot] [INFO]:[INFO] [findTargetElementList]: [sel-list#19] mainPopup/领取奖励 缓存[3] 全部✗ 剩余errorTime=8 9213ms
[2026-03-30 19:02:52] [hamibot] [INFO]:[INFO] [Anonymous functions]: 浏览指定频道好物: hasRun=true
[2026-03-30 19:02:52] [hamibot] [INFO]:[INFO] [Anonymous functions]: 搜一搜喜欢的商品: hasRun=true
[2026-03-30 19:02:52] [hamibot] [INFO]:[INFO] [Anonymous functions]: 去浏览全新好物: hasRun=true
[2026-03-30 19:02:52] [hamibot] [INFO]:[INFO] [Anonymous functions]: 浏览推荐的国补商品: hasRun=true
[2026-03-30 19:02:52] [hamibot] [INFO]:[INFO] [Anonymous functions]: 去蚂蚁森林逛一逛: hasRun=true
[2026-03-30 19:02:52] [hamibot] [INFO]:[INFO] [Anonymous functions]: 去支付宝农场领水果: hasRun=true
[2026-03-30 19:02:52] [hamibot] [INFO]:[INFO] [Anonymous functions]: 去淘宝签到领红包: hasRun=true
[2026-03-30 19:02:52] [hamibot] [INFO]:[INFO] [Anonymous functions]: 去蚂蚁森林逛一逛: hasRun=true
[2026-03-30 19:02:52] [hamibot] [INFO]:[INFO] [Anonymous functions]: 去蚂蚁庄园逛一逛: hasRun=false
[2026-03-30 19:02:52] [hamibot] [INFO]:[INFO] [Anonymous functions]: 去支付宝领积分: hasRun=false
[2026-03-30 19:02:52] [hamibot] [INFO]:[INFO] [Anonymous functions]: 浏览鱼小铺工作台: hasRun=false
[2026-03-30 19:02:52] [hamibot] [INFO]:[INFO] [Anonymous functions]: 搜一搜推荐商品: hasRun=false
[2026-03-30 19:02:52] [hamibot] [INFO]:[INFO] [Anonymous functions]: 领至高20元外卖红包: hasRun=false
[2026-03-30 19:02:53] [hamibot] [INFO]:[INFO] [Anonymous functions]: 看视频奖励100币: hasRun=false
[2026-03-30 19:02:53] [hamibot] [INFO]:[INFO] [Anonymous functions]: 看视频奖励100币: hasRun=false
[2026-03-30 19:02:53] [hamibot] [INFO]:[INFO] [Anonymous functions]: 看视频奖励100币: hasRun=false
[2026-03-30 19:02:53] [hamibot] [INFO]:[INFO] [Anonymous functions]: 看视频奖励100币: hasRun=false
[2026-03-30 19:02:53] [hamibot] [INFO]:[INFO] [Anonymous functions]: 发布一件新宝贝: hasRun=false
[2026-03-30 19:03:00] [hamibot] [INFO]:[INFO] [findTargetElementWithCacheStrict]: [sel-strict#19] mainPopup/签到 缓存[3] 全部✗ 剩余errorTime=2 7224ms
[2026-03-30 19:03:07] [hamibot] [INFO]:[INFO] [findTargetElementWithCacheStrict]: [sel-strict#24] mainPopup/去蚂蚁庄园逛一逛 缓存#3(1/1) ✓ 6929ms
[2026-03-30 19:03:11] [hamibot] [INFO]:[INFO] [findTargetElementWithCacheStrict]: [sel-strict#25] mainPopup/去蚂蚁庄园逛一逛 缓存#3(1/1) ✓ 2752ms
[2026-03-30 19:03:28] [hamibot] [INFO]:[INFO] [findTargetElementList]: [sel-list#19] mainPopup/去完成 缓存#3(1/1) ✓ 21个 17194ms
[2026-03-30 19:03:28] [hamibot] [INFO]:[INFO] [findBtn_1]: sysReact, x: 863, y: 1165
[2026-03-30 19:03:29] [hamibot] [INFO]:[INFO] [findBtn_1]: 运行++去蚂蚁庄园逛一逛
[2026-03-30 19:03:35] [hamibot] [INFO]:[INFO] [findTargetElementWithCache]: [sel#112] mainPopup/今天 缓存[9] 全部✗ 剩余errorTime=39 88ms
[2026-03-30 19:03:35] [hamibot] [INFO]:[INFO] [findTargetElementWithCache]: [sel#81] coinExchangeMain/闲鱼币抵扣 缓存[3,6] 全部✗ 剩余errorTime=8 123ms
[2026-03-30 19:03:36] [hamibot] [INFO]:[INFO] [backMainPage]: 当前app不是闲鱼，直接回退 com.eg.android.AlipayGphone
[2026-03-30 19:03:36] [hamibot] [INFO]:[INFO] [findTargetElementWithCache]: [sel#113] mainPopup/今天 缓存[9] 全部✗ 剩余errorTime=38 74ms
[2026-03-30 19:03:37] [hamibot] [INFO]:[INFO] [findTargetElementWithCache]: [sel#82] coinExchangeMain/闲鱼币抵扣 缓存[3,6] 全部✗ 剩余errorTime=7 116ms
[2026-03-30 19:03:37] [hamibot] [INFO]:[INFO] [backMainPage]: 当前app不是闲鱼，直接回退 com.eg.android.AlipayGphone
[2026-03-30 19:03:37] [hamibot] [INFO]:[INFO] [findTargetElementWithCache]: [sel#114] mainPopup/今天 缓存[9] 全部✗ 剩余errorTime=37 79ms
[2026-03-30 19:03:37] [hamibot] [INFO]:[INFO] [findTargetElementWithCache]: [sel#83] coinExchangeMain/闲鱼币抵扣 缓存[3,6] 全部✗ 剩余errorTime=6 113ms
[2026-03-30 19:03:37] [hamibot] [INFO]:[INFO] [backMainPage]: 当前app不是闲鱼，直接回退 com.eg.android.AlipayGphone
[2026-03-30 19:03:38] [hamibot] [ERROR]:[ERROR] [backMainPage]: 死循环了， 关闭app
[2026-03-30 19:03:38] [hamibot] [INFO]:[INFO] [saveElementCache]: saveElementCache 服务端共 15 条 (本次新增/更新 15 条)
[2026-03-30 19:03:38] [hamibot] [INFO]:[INFO] [flushElementCache]: 已触发异步刷新元素查找缓存
[2026-03-30 19:03:38] [hamibot] [INFO]:[INFO] [closeApp]: openHamibot true
[2026-03-30 19:03:40] [hamibot] [INFO]:[INFO] [tryClickNode]: tryClickNode com.stardust.automator.UiObject@2a4bc; boundsInParent: Rect(0, 0 - 240, 240); boundsInScreen: Rect(420, 2057 - 660, 2297); packageName: com.miui.home; className: android.view.View; text: null; contentDescription: 本机共有12.0 G内存，当前4.4 G可用，双击清理全部任务; viewId: com.miui.home:id/clearAnimView; checkable: false; checked: false; focusable: true; focused: false; selected: false; clickable: true; longClickable: true; enabled: true; password: false; scrollable: false; [ACTION_FOCUS, ACTION_SELECT, ACTION_CLEAR_SELECTION, ACTION_CLICK, ACTION_LONG_CLICK, ACTION_ACCESSIBILITY_FOCUS, ACTION_NEXT_AT_MOVEMENT_GRANULARITY, ACTION_PREVIOUS_AT_MOVEMENT_GRANULARITY, ACTION_SET_SELECTION]
[2026-03-30 19:03:40] [hamibot] [ LOG ]:[ LOG ] [tryClickNode]: tryClickNode: 开始尝试点击节点 com.stardust.automator.UiObject@2a4bc; boundsInParent: Rect(0, 0 - 240, 240); boundsInScreen: Rect(420, 2057 - 660, 2297); packageName: com.miui.home; className: android.view.View; text: null; contentDescription: 本机共有12.0 G内存，当前4.4 G可用，双击清理全部任务; viewId: com.miui.home:id/clearAnimView; checkable: false; checked: false; focusable: true; focused: false; selected: false; clickable: true; longClickable: true; enabled: true; password: false; scrollable: false; [ACTION_FOCUS, ACTION_SELECT, ACTION_CLEAR_SELECTION, ACTION_CLICK, ACTION_LONG_CLICK, ACTION_ACCESSIBILITY_FOCUS, ACTION_NEXT_AT_MOVEMENT_GRANULARITY, ACTION_PREVIOUS_AT_MOVEMENT_GRANULARITY, ACTION_SET_SELECTION]
[2026-03-30 19:03:40] [hamibot] [ LOG ]:[ LOG ] [tryClickNode]: tryClickNode: 节点clickable值: function clickable() {/*
boolean clickable()
*/}

[2026-03-30 19:03:40] [hamibot] [ LOG ]:[ LOG ] [tryClickNode]: tryClickNode: 节点clickable toString: function clickable() {/*
boolean clickable()
*/}

[2026-03-30 19:03:40] [hamibot] [ LOG ]:[ LOG ] [tryClickNode]: tryClickNode: 解析后的clickable值: true
[2026-03-30 19:03:40] [hamibot] [ LOG ]:[ LOG ] [tryClickNode]: tryClickNode: 节点本身可点击，执行直接点击
[2026-03-30 19:03:40] [hamibot] [ LOG ]:[ LOG ] [tryClickNode]: tryClickNode: 直接点击结果: true
[2026-03-30 19:03:41] [hamibot] [INFO]:[INFO] [closeApp]: 已通过最近任务页‘关闭全部’关闭应用
[2026-03-30 19:03:56] [hamibot] [INFO]:[INFO] [findTargetElementWithCache]: [sel#28] coinExchangeMain/闲鱼币 缓存#3(1/1) ✓ 410ms
[2026-03-30 19:04:00] [hamibot] [INFO]:[INFO] [findTargetElementWithCache]: [sel#115] mainPopup/今天 缓存#9(1/1) ✓ 3202ms
[2026-03-30 19:04:03] [hamibot] [INFO]:[INFO] [findTargetElementList]: [sel-list#20] mainPopup/领取奖励 缓存[3] 全部✗ 剩余errorTime=7 2012ms
[2026-03-30 19:04:03] [hamibot] [INFO]:[INFO] [Anonymous functions]: 浏览指定频道好物: hasRun=true
[2026-03-30 19:04:03] [hamibot] [INFO]:[INFO] [Anonymous functions]: 搜一搜喜欢的商品: hasRun=true
[2026-03-30 19:04:03] [hamibot] [INFO]:[INFO] [Anonymous functions]: 去浏览全新好物: hasRun=true
[2026-03-30 19:04:03] [hamibot] [INFO]:[INFO] [Anonymous functions]: 浏览推荐的国补商品: hasRun=true
[2026-03-30 19:04:03] [hamibot] [INFO]:[INFO] [Anonymous functions]: 去蚂蚁森林逛一逛: hasRun=true
[2026-03-30 19:04:03] [hamibot] [INFO]:[INFO] [Anonymous functions]: 去支付宝农场领水果: hasRun=true
[2026-03-30 19:04:03] [hamibot] [INFO]:[INFO] [Anonymous functions]: 去淘宝签到领红包: hasRun=true
[2026-03-30 19:04:04] [hamibot] [INFO]:[INFO] [Anonymous functions]: 去蚂蚁森林逛一逛: hasRun=true
[2026-03-30 19:04:04] [hamibot] [INFO]:[INFO] [Anonymous functions]: 去蚂蚁庄园逛一逛: hasRun=false
[2026-03-30 19:04:04] [hamibot] [INFO]:[INFO] [Anonymous functions]: 去支付宝领积分: hasRun=false
[2026-03-30 19:04:04] [hamibot] [INFO]:[INFO] [Anonymous functions]: 浏览鱼小铺工作台: hasRun=false
[2026-03-30 19:04:04] [hamibot] [INFO]:[INFO] [Anonymous functions]: 搜一搜推荐商品: hasRun=false
[2026-03-30 19:04:04] [hamibot] [INFO]:[INFO] [Anonymous functions]: 领至高20元外卖红包: hasRun=false
[2026-03-30 19:04:04] [hamibot] [INFO]:[INFO] [Anonymous functions]: 看视频奖励100币: hasRun=false
[2026-03-30 19:04:04] [hamibot] [INFO]:[INFO] [Anonymous functions]: 看视频奖励100币: hasRun=false
[2026-03-30 19:04:04] [hamibot] [INFO]:[INFO] [Anonymous functions]: 看视频奖励100币: hasRun=false
[2026-03-30 19:04:04] [hamibot] [INFO]:[INFO] [Anonymous functions]: 看视频奖励100币: hasRun=false
[2026-03-30 19:04:04] [hamibot] [INFO]:[INFO] [Anonymous functions]: 发布一件新宝贝: hasRun=false
[2026-03-30 19:04:12] [hamibot] [INFO]:[INFO] [findTargetElementWithCacheStrict]: [sel-strict#20] mainPopup/签到 缓存[3] 全部✗ 剩余errorTime=1 7761ms
[2026-03-30 19:04:20] [hamibot] [INFO]:[INFO] [findTargetElementWithCacheStrict]: [sel-strict#26] mainPopup/去蚂蚁庄园逛一逛 缓存#3(1/1) ✓ 7572ms
[2026-03-30 19:04:27] [hamibot] [INFO]:[INFO] [findTargetElementWithCacheStrict]: [sel-strict#27] mainPopup/去蚂蚁庄园逛一逛 缓存#3(1/1) ✓ 6693ms
[2026-03-30 19:04:44] [hamibot] [INFO]:[INFO] [findTargetElementList]: [sel-list#20] mainPopup/去完成 缓存#3(1/1) ✓ 21个 16973ms
[2026-03-30 19:04:44] [hamibot] [INFO]:[INFO] [findBtn_1]: sysReact, x: 863, y: 1165
[2026-03-30 19:04:45] [hamibot] [INFO]:[INFO] [findBtn_1]: 运行++去蚂蚁庄园逛一逛
[2026-03-30 19:04:51] [hamibot] [INFO]:[INFO] [findTargetElementWithCache]: [sel#116] mainPopup/今天 缓存[9] 全部✗ 剩余errorTime=39 70ms
[2026-03-30 19:04:52] [hamibot] [INFO]:[INFO] [findTargetElementWithCache]: [sel#84] coinExchangeMain/闲鱼币抵扣 缓存[3,6] 全部✗ 剩余errorTime=5 123ms
[2026-03-30 19:04:52] [hamibot] [INFO]:[INFO] [backMainPage]: 当前app不是闲鱼，直接回退 com.eg.android.AlipayGphone
[2026-03-30 19:04:52] [hamibot] [INFO]:[INFO] [findTargetElementWithCache]: [sel#117] mainPopup/今天 缓存[9] 全部✗ 剩余errorTime=38 96ms
[2026-03-30 19:04:52] [hamibot] [INFO]:[INFO] [findTargetElementWithCache]: [sel#85] coinExchangeMain/闲鱼币抵扣 缓存[3,6] 全部✗ 剩余errorTime=4 131ms
[2026-03-30 19:04:52] [hamibot] [INFO]:[INFO] [backMainPage]: 当前app不是闲鱼，直接回退 com.eg.android.AlipayGphone
[2026-03-30 19:04:52] [hamibot] [INFO]:[INFO] [findTargetElementWithCache]: [sel#118] mainPopup/今天 缓存[9] 全部✗ 剩余errorTime=37 74ms
[2026-03-30 19:04:53] [hamibot] [INFO]:[INFO] [findTargetElementWithCache]: [sel#86] coinExchangeMain/闲鱼币抵扣 缓存[3,6] 全部✗ 剩余errorTime=3 124ms
[2026-03-30 19:04:53] [hamibot] [INFO]:[INFO] [backMainPage]: 当前app不是闲鱼，直接回退 com.eg.android.AlipayGphone
[2026-03-30 19:04:53] [hamibot] [ERROR]:[ERROR] [backMainPage]: 死循环了， 关闭app
[2026-03-30 19:04:53] [hamibot] [INFO]:[INFO] [saveElementCache]: saveElementCache 服务端共 15 条 (本次新增/更新 15 条)
[2026-03-30 19:04:53] [hamibot] [INFO]:[INFO] [flushElementCache]: 已触发异步刷新元素查找缓存
[2026-03-30 19:04:53] [hamibot] [INFO]:[INFO] [closeApp]: openHamibot true
[2026-03-30 19:04:56] [hamibot] [INFO]:[INFO] [tryClickNode]: tryClickNode com.stardust.automator.UiObject@2a4bc; boundsInParent: Rect(0, 0 - 240, 240); boundsInScreen: Rect(420, 2057 - 660, 2297); packageName: com.miui.home; className: android.view.View; text: null; contentDescription: 本机共有12.0 G内存，当前4.6 G可用，双击清理全部任务; viewId: com.miui.home:id/clearAnimView; checkable: false; checked: false; focusable: true; focused: false; selected: false; clickable: true; longClickable: true; enabled: true; password: false; scrollable: false; [ACTION_FOCUS, ACTION_SELECT, ACTION_CLEAR_SELECTION, ACTION_CLICK, ACTION_LONG_CLICK, ACTION_ACCESSIBILITY_FOCUS, ACTION_NEXT_AT_MOVEMENT_GRANULARITY, ACTION_PREVIOUS_AT_MOVEMENT_GRANULARITY, ACTION_SET_SELECTION]
[2026-03-30 19:04:56] [hamibot] [ LOG ]:[ LOG ] [tryClickNode]: tryClickNode: 开始尝试点击节点 com.stardust.automator.UiObject@2a4bc; boundsInParent: Rect(0, 0 - 240, 240); boundsInScreen: Rect(420, 2057 - 660, 2297); packageName: com.miui.home; className: android.view.View; text: null; contentDescription: 本机共有12.0 G内存，当前4.6 G可用，双击清理全部任务; viewId: com.miui.home:id/clearAnimView; checkable: false; checked: false; focusable: true; focused: false; selected: false; clickable: true; longClickable: true; enabled: true; password: false; scrollable: false; [ACTION_FOCUS, ACTION_SELECT, ACTION_CLEAR_SELECTION, ACTION_CLICK, ACTION_LONG_CLICK, ACTION_ACCESSIBILITY_FOCUS, ACTION_NEXT_AT_MOVEMENT_GRANULARITY, ACTION_PREVIOUS_AT_MOVEMENT_GRANULARITY, ACTION_SET_SELECTION]
[2026-03-30 19:04:56] [hamibot] [ LOG ]:[ LOG ] [tryClickNode]: tryClickNode: 节点clickable值: function clickable() {/*
boolean clickable()
*/}

[2026-03-30 19:04:56] [hamibot] [ LOG ]:[ LOG ] [tryClickNode]: tryClickNode: 节点clickable toString: function clickable() {/*
boolean clickable()
*/}

[2026-03-30 19:04:56] [hamibot] [ LOG ]:[ LOG ] [tryClickNode]: tryClickNode: 解析后的clickable值: true
[2026-03-30 19:04:56] [hamibot] [ LOG ]:[ LOG ] [tryClickNode]: tryClickNode: 节点本身可点击，执行直接点击
[2026-03-30 19:04:56] [hamibot] [ LOG ]:[ LOG ] [tryClickNode]: tryClickNode: 直接点击结果: true
[2026-03-30 19:04:57] [hamibot] [INFO]:[INFO] [closeApp]: 已通过最近任务页‘关闭全部’关闭应用
[2026-03-30 19:05:12] [hamibot] [INFO]:[INFO] [findTargetElementWithCache]: [sel#29] coinExchangeMain/闲鱼币 缓存#3(1/1) ✓ 219ms
[2026-03-30 19:05:17] [hamibot] [INFO]:[INFO] [findTargetElementWithCache]: [sel#119] mainPopup/今天 缓存#9(1/1) ✓ 5121ms
[2026-03-30 19:05:25] [hamibot] [INFO]:[INFO] [findTargetElementList]: [sel-list#21] mainPopup/领取奖励 缓存[3] 全部✗ 剩余errorTime=6 7064ms
[2026-03-30 19:05:25] [hamibot] [INFO]:[INFO] [Anonymous functions]: 浏览指定频道好物: hasRun=true
[2026-03-30 19:05:25] [hamibot] [INFO]:[INFO] [Anonymous functions]: 搜一搜喜欢的商品: hasRun=true
[2026-03-30 19:05:25] [hamibot] [INFO]:[INFO] [Anonymous functions]: 去浏览全新好物: hasRun=true
[2026-03-30 19:05:25] [hamibot] [INFO]:[INFO] [Anonymous functions]: 浏览推荐的国补商品: hasRun=true
[2026-03-30 19:05:25] [hamibot] [INFO]:[INFO] [Anonymous functions]: 去蚂蚁森林逛一逛: hasRun=true
[2026-03-30 19:05:25] [hamibot] [INFO]:[INFO] [Anonymous functions]: 去支付宝农场领水果: hasRun=true
[2026-03-30 19:05:26] [hamibot] [INFO]:[INFO] [Anonymous functions]: 去淘宝签到领红包: hasRun=true
[2026-03-30 19:05:26] [hamibot] [INFO]:[INFO] [Anonymous functions]: 去蚂蚁森林逛一逛: hasRun=true
[2026-03-30 19:05:26] [hamibot] [INFO]:[INFO] [Anonymous functions]: 去蚂蚁庄园逛一逛: hasRun=false
[2026-03-30 19:05:26] [hamibot] [INFO]:[INFO] [Anonymous functions]: 去支付宝领积分: hasRun=false
[2026-03-30 19:05:26] [hamibot] [INFO]:[INFO] [Anonymous functions]: 浏览鱼小铺工作台: hasRun=false
[2026-03-30 19:05:26] [hamibot] [INFO]:[INFO] [Anonymous functions]: 搜一搜推荐商品: hasRun=false
[2026-03-30 19:05:26] [hamibot] [INFO]:[INFO] [Anonymous functions]: 领至高20元外卖红包: hasRun=false
[2026-03-30 19:05:26] [hamibot] [INFO]:[INFO] [Anonymous functions]: 看视频奖励100币: hasRun=false
[2026-03-30 19:05:26] [hamibot] [INFO]:[INFO] [Anonymous functions]: 看视频奖励100币: hasRun=false
[2026-03-30 19:05:26] [hamibot] [INFO]:[INFO] [Anonymous functions]: 看视频奖励100币: hasRun=false
[2026-03-30 19:05:26] [hamibot] [INFO]:[INFO] [Anonymous functions]: 看视频奖励100币: hasRun=false
[2026-03-30 19:05:26] [hamibot] [INFO]:[INFO] [Anonymous functions]: 发布一件新宝贝: hasRun=false
[2026-03-30 19:05:34] [hamibot] [INFO]:[INFO] [findTargetElementWithCacheStrict]: [sel-strict#21] mainPopup/签到 缓存[3] 全部✗ 剩余errorTime=0 7737ms
[2026-03-30 19:05:41] [hamibot] [INFO]:[INFO] [findTargetElementWithCacheStrict]: [sel-strict#28] mainPopup/去蚂蚁庄园逛一逛 缓存#3(1/1) ✓ 7326ms
[2026-03-30 19:05:49] [hamibot] [INFO]:[INFO] [findTargetElementWithCacheStrict]: [sel-strict#29] mainPopup/去蚂蚁庄园逛一逛 缓存#3(1/1) ✓ 6613ms
[2026-03-30 19:06:04] [hamibot] [INFO]:[INFO] [findTargetElementList]: [sel-list#21] mainPopup/去完成 缓存#3(1/1) ✓ 21个 14937ms
[2026-03-30 19:06:04] [hamibot] [INFO]:[INFO] [findBtn_1]: sysReact, x: 863, y: 1165
[2026-03-30 19:06:05] [hamibot] [INFO]:[INFO] [findBtn_1]: 运行++去蚂蚁庄园逛一逛
[2026-03-30 19:06:11] [hamibot] [INFO]:[INFO] [findTargetElementWithCache]: [sel#120] mainPopup/今天 缓存[9] 全部✗ 剩余errorTime=39 88ms
[2026-03-30 19:06:11] [hamibot] [INFO]:[INFO] [findTargetElementWithCache]: [sel#87] coinExchangeMain/闲鱼币抵扣 缓存[3,6] 全部✗ 剩余errorTime=2 146ms
[2026-03-30 19:06:11] [hamibot] [INFO]:[INFO] [backMainPage]: 当前app不是闲鱼，直接回退 com.eg.android.AlipayGphone
[2026-03-30 19:06:12] [hamibot] [INFO]:[INFO] [findTargetElementWithCache]: [sel#121] mainPopup/今天 缓存[9] 全部✗ 剩余errorTime=38 90ms
[2026-03-30 19:06:12] [hamibot] [INFO]:[INFO] [findTargetElementWithCache]: [sel#88] coinExchangeMain/闲鱼币抵扣 缓存[3,6] 全部✗ 剩余errorTime=1 119ms
[2026-03-30 19:06:13] [hamibot] [INFO]:[INFO] [backMainPage]: 当前app不是闲鱼，直接回退 com.eg.android.AlipayGphone
[2026-03-30 19:06:13] [hamibot] [INFO]:[INFO] [findTargetElementWithCache]: [sel#122] mainPopup/今天 缓存[9] 全部✗ 剩余errorTime=37 78ms
[2026-03-30 19:06:13] [hamibot] [INFO]:[INFO] [findTargetElementWithCache]: [sel#89] coinExchangeMain/闲鱼币抵扣 缓存[3,6] 全部✗ 剩余errorTime=0 135ms
[2026-03-30 19:06:13] [hamibot] [INFO]:[INFO] [backMainPage]: 当前app不是闲鱼，直接回退 com.eg.android.AlipayGphone
[2026-03-30 19:06:13] [hamibot] [ERROR]:[ERROR] [backMainPage]: 死循环了， 关闭app
[2026-03-30 19:06:13] [hamibot] [INFO]:[INFO] [saveElementCache]: saveElementCache 服务端共 15 条 (本次新增/更新 15 条)
[2026-03-30 19:06:13] [hamibot] [INFO]:[INFO] [flushElementCache]: 已触发异步刷新元素查找缓存
[2026-03-30 19:06:13] [hamibot] [INFO]:[INFO] [closeApp]: openHamibot true
[2026-03-30 19:06:16] [hamibot] [INFO]:[INFO] [tryClickNode]: tryClickNode com.stardust.automator.UiObject@2a4bc; boundsInParent: Rect(0, 0 - 240, 240); boundsInScreen: Rect(420, 2057 - 660, 2297); packageName: com.miui.home; className: android.view.View; text: null; contentDescription: 本机共有12.0 G内存，当前4.6 G可用，双击清理全部任务; viewId: com.miui.home:id/clearAnimView; checkable: false; checked: false; focusable: true; focused: false; selected: false; clickable: true; longClickable: true; enabled: true; password: false; scrollable: false; [ACTION_FOCUS, ACTION_SELECT, ACTION_CLEAR_SELECTION, ACTION_CLICK, ACTION_LONG_CLICK, ACTION_ACCESSIBILITY_FOCUS, ACTION_NEXT_AT_MOVEMENT_GRANULARITY, ACTION_PREVIOUS_AT_MOVEMENT_GRANULARITY, ACTION_SET_SELECTION]
[2026-03-30 19:06:16] [hamibot] [ LOG ]:[ LOG ] [tryClickNode]: tryClickNode: 开始尝试点击节点 com.stardust.automator.UiObject@2a4bc; boundsInParent: Rect(0, 0 - 240, 240); boundsInScreen: Rect(420, 2057 - 660, 2297); packageName: com.miui.home; className: android.view.View; text: null; contentDescription: 本机共有12.0 G内存，当前4.6 G可用，双击清理全部任务; viewId: com.miui.home:id/clearAnimView; checkable: false; checked: false; focusable: true; focused: false; selected: false; clickable: true; longClickable: true; enabled: true; password: false; scrollable: false; [ACTION_FOCUS, ACTION_SELECT, ACTION_CLEAR_SELECTION, ACTION_CLICK, ACTION_LONG_CLICK, ACTION_ACCESSIBILITY_FOCUS, ACTION_NEXT_AT_MOVEMENT_GRANULARITY, ACTION_PREVIOUS_AT_MOVEMENT_GRANULARITY, ACTION_SET_SELECTION]
[2026-03-30 19:06:16] [hamibot] [ LOG ]:[ LOG ] [tryClickNode]: tryClickNode: 节点clickable值: function clickable() {/*
boolean clickable()
*/}

[2026-03-30 19:06:16] [hamibot] [ LOG ]:[ LOG ] [tryClickNode]: tryClickNode: 节点clickable toString: function clickable() {/*
boolean clickable()
*/}

[2026-03-30 19:06:16] [hamibot] [ LOG ]:[ LOG ] [tryClickNode]: tryClickNode: 解析后的clickable值: true
[2026-03-30 19:06:16] [hamibot] [ LOG ]:[ LOG ] [tryClickNode]: tryClickNode: 节点本身可点击，执行直接点击
[2026-03-30 19:06:16] [hamibot] [ LOG ]:[ LOG ] [tryClickNode]: tryClickNode: 直接点击结果: true
[2026-03-30 19:06:17] [hamibot] [INFO]:[INFO] [closeApp]: 已通过最近任务页‘关闭全部’关闭应用
[2026-03-30 19:16:57] [hamibot] [INFO]:[INFO] [saveElementCache]: saveElementCache 服务端共 15 条 (本次新增/更新 15 条)
[2026-03-30 19:16:57] [hamibot] [INFO]:[INFO] [flushElementCache]: 已触发异步刷新元素查找缓存
[2026-03-30 19:16:57] [hamibot] [INFO]:[INFO] [closeApp]: openHamibot true
[2026-03-30 19:17:16] [hamibot] [WARN]:[WARN] [closeApp]: 关闭应用未确认成功: com.taobao.idlefish
[2026-03-30 19:17:49] [hamibot] [INFO]:[INFO] [saveElementCache]: saveElementCache 服务端共 15 条 (本次新增/更新 15 条)
[2026-03-30 19:17:50] [hamibot] [INFO]:[INFO] [flushElementCache]: 已触发异步刷新元素查找缓存
[2026-03-30 19:17:50] [hamibot] [INFO]:[INFO] [closeApp]: openHamibot true
[2026-03-30 19:18:07] [hamibot] [WARN]:[WARN] [closeApp]: 关闭应用未确认成功: com.taobao.idlefish
[2026-03-30 19:18:39] [hamibot] [INFO]:[INFO] [saveElementCache]: saveElementCache 服务端共 15 条 (本次新增/更新 15 条)
[2026-03-30 19:18:39] [hamibot] [INFO]:[INFO] [flushElementCache]: 已触发异步刷新元素查找缓存
[2026-03-30 19:18:39] [hamibot] [INFO]:[INFO] [closeApp]: openHamibot true
[2026-03-30 19:18:56] [hamibot] [WARN]:[WARN] [closeApp]: 关闭应用未确认成功: com.taobao.idlefish
[2026-03-30 19:19:28] [hamibot] [INFO]:[INFO] [saveElementCache]: saveElementCache 服务端共 15 条 (本次新增/更新 15 条)
[2026-03-30 19:19:29] [hamibot] [INFO]:[INFO] [flushElementCache]: 已触发异步刷新元素查找缓存
[2026-03-30 19:19:29] [hamibot] [INFO]:[INFO] [closeApp]: openHamibot true
[2026-03-30 19:19:46] [hamibot] [WARN]:[WARN] [closeApp]: 关闭应用未确认成功: com.taobao.idlefish
[2026-03-30 19:20:18] [hamibot] [INFO]:[INFO] [saveElementCache]: saveElementCache 服务端共 15 条 (本次新增/更新 15 条)
[2026-03-30 19:20:18] [hamibot] [INFO]:[INFO] [flushElementCache]: 已触发异步刷新元素查找缓存
[2026-03-30 19:20:18] [hamibot] [INFO]:[INFO] [closeApp]: openHamibot true
[2026-03-30 19:20:35] [hamibot] [WARN]:[WARN] [closeApp]: 关闭应用未确认成功: com.taobao.idlefish
[2026-03-30 19:21:08] [hamibot] [INFO]:[INFO] [saveElementCache]: saveElementCache 服务端共 15 条 (本次新增/更新 15 条)
[2026-03-30 19:21:08] [hamibot] [INFO]:[INFO] [flushElementCache]: 已触发异步刷新元素查找缓存
[2026-03-30 19:21:08] [hamibot] [INFO]:[INFO] [closeApp]: openHamibot true
[2026-03-30 19:21:25] [hamibot] [WARN]:[WARN] [closeApp]: 关闭应用未确认成功: com.taobao.idlefish
[2026-03-30 19:21:57] [hamibot] [INFO]:[INFO] [saveElementCache]: saveElementCache 服务端共 15 条 (本次新增/更新 15 条)
[2026-03-30 19:21:57] [hamibot] [INFO]:[INFO] [flushElementCache]: 已触发异步刷新元素查找缓存
[2026-03-30 19:21:57] [hamibot] [INFO]:[INFO] [closeApp]: openHamibot true
[2026-03-30 19:22:14] [hamibot] [WARN]:[WARN] [closeApp]: 关闭应用未确认成功: com.taobao.idlefish
[2026-03-30 19:22:47] [hamibot] [INFO]:[INFO] [saveElementCache]: saveElementCache 服务端共 15 条 (本次新增/更新 15 条)
[2026-03-30 19:22:47] [hamibot] [INFO]:[INFO] [flushElementCache]: 已触发异步刷新元素查找缓存
[2026-03-30 19:22:47] [hamibot] [INFO]:[INFO] [closeApp]: openHamibot true
[2026-03-30 19:23:04] [hamibot] [WARN]:[WARN] [closeApp]: 关闭应用未确认成功: com.taobao.idlefish
[2026-03-30 19:23:37] [hamibot] [INFO]:[INFO] [saveElementCache]: saveElementCache 服务端共 15 条 (本次新增/更新 15 条)
[2026-03-30 19:23:37] [hamibot] [INFO]:[INFO] [flushElementCache]: 已触发异步刷新元素查找缓存
[2026-03-30 19:23:37] [hamibot] [INFO]:[INFO] [closeApp]: openHamibot true
[2026-03-30 19:23:54] [hamibot] [WARN]:[WARN] [closeApp]: 关闭应用未确认成功: com.taobao.idlefish
[2026-03-30 19:24:27] [hamibot] [INFO]:[INFO] [saveElementCache]: saveElementCache 服务端共 15 条 (本次新增/更新 15 条)
[2026-03-30 19:24:27] [hamibot] [INFO]:[INFO] [flushElementCache]: 已触发异步刷新元素查找缓存
[2026-03-30 19:24:27] [hamibot] [INFO]:[INFO] [closeApp]: openHamibot true
[2026-03-30 19:24:44] [hamibot] [WARN]:[WARN] [closeApp]: 关闭应用未确认成功: com.taobao.idlefish
[2026-03-30 19:25:16] [hamibot] [INFO]:[INFO] [saveElementCache]: saveElementCache 服务端共 15 条 (本次新增/更新 15 条)
[2026-03-30 19:25:16] [hamibot] [INFO]:[INFO] [flushElementCache]: 已触发异步刷新元素查找缓存
[2026-03-30 19:25:16] [hamibot] [INFO]:[INFO] [closeApp]: openHamibot true
[2026-03-30 19:25:33] [hamibot] [WARN]:[WARN] [closeApp]: 关闭应用未确认成功: com.taobao.idlefish
[2026-03-30 19:26:05] [hamibot] [INFO]:[INFO] [saveElementCache]: saveElementCache 服务端共 15 条 (本次新增/更新 15 条)
[2026-03-30 19:26:05] [hamibot] [INFO]:[INFO] [flushElementCache]: 已触发异步刷新元素查找缓存
[2026-03-30 19:26:06] [hamibot] [INFO]:[INFO] [closeApp]: openHamibot true
[2026-03-30 19:26:23] [hamibot] [WARN]:[WARN] [closeApp]: 关闭应用未确认成功: com.taobao.idlefish
[2026-03-30 19:26:55] [hamibot] [INFO]:[INFO] [saveElementCache]: saveElementCache 服务端共 15 条 (本次新增/更新 15 条)
[2026-03-30 19:26:56] [hamibot] [INFO]:[INFO] [flushElementCache]: 已触发异步刷新元素查找缓存
[2026-03-30 19:26:57] [hamibot] [INFO]:[INFO] [closeApp]: openHamibot true
[2026-03-30 19:27:13] [hamibot] [WARN]:[WARN] [closeApp]: 关闭应用未确认成功: com.taobao.idlefish
[2026-03-30 19:27:45] [hamibot] [INFO]:[INFO] [saveElementCache]: saveElementCache 服务端共 15 条 (本次新增/更新 15 条)
[2026-03-30 19:27:45] [hamibot] [INFO]:[INFO] [flushElementCache]: 已触发异步刷新元素查找缓存
[2026-03-30 19:27:46] [hamibot] [INFO]:[INFO] [closeApp]: openHamibot true
[2026-03-30 19:28:04] [hamibot] [WARN]:[WARN] [closeApp]: 关闭应用未确认成功: com.taobao.idlefish
[2026-03-30 19:28:36] [hamibot] [INFO]:[INFO] [saveElementCache]: saveElementCache 服务端共 15 条 (本次新增/更新 15 条)
[2026-03-30 19:28:37] [hamibot] [INFO]:[INFO] [flushElementCache]: 已触发异步刷新元素查找缓存
[2026-03-30 19:28:37] [hamibot] [INFO]:[INFO] [closeApp]: openHamibot true
[2026-03-30 19:28:54] [hamibot] [WARN]:[WARN] [closeApp]: 关闭应用未确认成功: com.taobao.idlefish
[2026-03-30 19:29:26] [hamibot] [INFO]:[INFO] [saveElementCache]: saveElementCache 服务端共 15 条 (本次新增/更新 15 条)
[2026-03-30 19:29:26] [hamibot] [INFO]:[INFO] [flushElementCache]: 已触发异步刷新元素查找缓存
[2026-03-30 19:29:26] [hamibot] [INFO]:[INFO] [closeApp]: openHamibot true
[2026-03-30 19:29:43] [hamibot] [WARN]:[WARN] [closeApp]: 关闭应用未确认成功: com.taobao.idlefish
[2026-03-30 19:30:15] [hamibot] [INFO]:[INFO] [saveElementCache]: saveElementCache 服务端共 15 条 (本次新增/更新 15 条)
[2026-03-30 19:30:16] [hamibot] [INFO]:[INFO] [flushElementCache]: 已触发异步刷新元素查找缓存
[2026-03-30 19:30:16] [hamibot] [INFO]:[INFO] [closeApp]: openHamibot true
[2026-03-30 19:30:32] [hamibot] [WARN]:[WARN] [closeApp]: 关闭应用未确认成功: com.taobao.idlefish
[2026-03-30 19:31:05] [hamibot] [INFO]:[INFO] [saveElementCache]: saveElementCache 服务端共 15 条 (本次新增/更新 15 条)
[2026-03-30 19:31:05] [hamibot] [INFO]:[INFO] [flushElementCache]: 已触发异步刷新元素查找缓存
[2026-03-30 19:31:05] [hamibot] [INFO]:[INFO] [closeApp]: openHamibot true
[2026-03-30 19:31:22] [hamibot] [WARN]:[WARN] [closeApp]: 关闭应用未确认成功: com.taobao.idlefish
[2026-03-30 19:31:55] [hamibot] [INFO]:[INFO] [saveElementCache]: saveElementCache 服务端共 15 条 (本次新增/更新 15 条)
[2026-03-30 19:31:55] [hamibot] [INFO]:[INFO] [flushElementCache]: 已触发异步刷新元素查找缓存
[2026-03-30 19:31:55] [hamibot] [INFO]:[INFO] [closeApp]: openHamibot true
[2026-03-30 19:32:12] [hamibot] [WARN]:[WARN] [closeApp]: 关闭应用未确认成功: com.taobao.idlefish
[2026-03-30 19:32:44] [hamibot] [INFO]:[INFO] [saveElementCache]: saveElementCache 服务端共 15 条 (本次新增/更新 15 条)
[2026-03-30 19:32:44] [hamibot] [INFO]:[INFO] [flushElementCache]: 已触发异步刷新元素查找缓存
[2026-03-30 19:32:44] [hamibot] [INFO]:[INFO] [closeApp]: openHamibot true
[2026-03-30 19:33:01] [hamibot] [WARN]:[WARN] [closeApp]: 关闭应用未确认成功: com.taobao.idlefish
[2026-03-30 19:33:33] [hamibot] [INFO]:[INFO] [saveElementCache]: saveElementCache 服务端共 15 条 (本次新增/更新 15 条)
[2026-03-30 19:33:33] [hamibot] [INFO]:[INFO] [flushElementCache]: 已触发异步刷新元素查找缓存
[2026-03-30 19:33:34] [hamibot] [INFO]:[INFO] [closeApp]: openHamibot true
[2026-03-30 19:33:50] [hamibot] [WARN]:[WARN] [closeApp]: 关闭应用未确认成功: com.taobao.idlefish
[2026-03-30 19:34:23] [hamibot] [INFO]:[INFO] [saveElementCache]: saveElementCache 服务端共 15 条 (本次新增/更新 15 条)
[2026-03-30 19:34:23] [hamibot] [INFO]:[INFO] [flushElementCache]: 已触发异步刷新元素查找缓存
[2026-03-30 19:34:23] [hamibot] [INFO]:[INFO] [closeApp]: openHamibot true
[2026-03-30 19:34:40] [hamibot] [WARN]:[WARN] [closeApp]: 关闭应用未确认成功: com.taobao.idlefish
[2026-03-30 19:35:12] [hamibot] [INFO]:[INFO] [saveElementCache]: saveElementCache 服务端共 15 条 (本次新增/更新 15 条)
[2026-03-30 19:35:12] [hamibot] [INFO]:[INFO] [flushElementCache]: 已触发异步刷新元素查找缓存
[2026-03-30 19:35:12] [hamibot] [INFO]:[INFO] [closeApp]: openHamibot true
[2026-03-30 19:35:29] [hamibot] [WARN]:[WARN] [closeApp]: 关闭应用未确认成功: com.taobao.idlefish
[2026-03-30 19:36:02] [hamibot] [INFO]:[INFO] [saveElementCache]: saveElementCache 服务端共 15 条 (本次新增/更新 15 条)
[2026-03-30 19:36:02] [hamibot] [INFO]:[INFO] [flushElementCache]: 已触发异步刷新元素查找缓存
[2026-03-30 19:36:02] [hamibot] [INFO]:[INFO] [closeApp]: openHamibot true
[2026-03-30 19:36:19] [hamibot] [WARN]:[WARN] [closeApp]: 关闭应用未确认成功: com.taobao.idlefish
[2026-03-30 19:36:52] [hamibot] [INFO]:[INFO] [saveElementCache]: saveElementCache 服务端共 15 条 (本次新增/更新 15 条)
[2026-03-30 19:36:52] [hamibot] [INFO]:[INFO] [flushElementCache]: 已触发异步刷新元素查找缓存
[2026-03-30 19:36:52] [hamibot] [INFO]:[INFO] [closeApp]: openHamibot true
[2026-03-30 19:37:09] [hamibot] [WARN]:[WARN] [closeApp]: 关闭应用未确认成功: com.taobao.idlefish
[2026-03-30 19:37:41] [hamibot] [INFO]:[INFO] [saveElementCache]: saveElementCache 服务端共 15 条 (本次新增/更新 15 条)
[2026-03-30 19:37:41] [hamibot] [INFO]:[INFO] [flushElementCache]: 已触发异步刷新元素查找缓存
[2026-03-30 19:37:41] [hamibot] [INFO]:[INFO] [closeApp]: openHamibot true
[2026-03-30 19:37:58] [hamibot] [WARN]:[WARN] [closeApp]: 关闭应用未确认成功: com.taobao.idlefish
[2026-03-30 19:38:31] [hamibot] [INFO]:[INFO] [saveElementCache]: saveElementCache 服务端共 15 条 (本次新增/更新 15 条)
[2026-03-30 19:38:31] [hamibot] [INFO]:[INFO] [flushElementCache]: 已触发异步刷新元素查找缓存
[2026-03-30 19:38:31] [hamibot] [INFO]:[INFO] [closeApp]: openHamibot true
[2026-03-30 19:38:48] [hamibot] [WARN]:[WARN] [closeApp]: 关闭应用未确认成功: com.taobao.idlefish
[2026-03-30 19:39:20] [hamibot] [INFO]:[INFO] [saveElementCache]: saveElementCache 服务端共 15 条 (本次新增/更新 15 条)
[2026-03-30 19:39:20] [hamibot] [INFO]:[INFO] [flushElementCache]: 已触发异步刷新元素查找缓存
[2026-03-30 19:39:20] [hamibot] [INFO]:[INFO] [closeApp]: openHamibot true
[2026-03-30 19:39:37] [hamibot] [WARN]:[WARN] [closeApp]: 关闭应用未确认成功: com.taobao.idlefish
[2026-03-30 19:40:10] [hamibot] [INFO]:[INFO] [saveElementCache]: saveElementCache 服务端共 15 条 (本次新增/更新 15 条)
[2026-03-30 19:40:10] [hamibot] [INFO]:[INFO] [flushElementCache]: 已触发异步刷新元素查找缓存
[2026-03-30 19:40:10] [hamibot] [INFO]:[INFO] [closeApp]: openHamibot true
[2026-03-30 19:40:27] [hamibot] [WARN]:[WARN] [closeApp]: 关闭应用未确认成功: com.taobao.idlefish
[2026-03-30 19:40:59] [hamibot] [INFO]:[INFO] [saveElementCache]: saveElementCache 服务端共 15 条 (本次新增/更新 15 条)
[2026-03-30 19:41:00] [hamibot] [INFO]:[INFO] [flushElementCache]: 已触发异步刷新元素查找缓存
[2026-03-30 19:41:00] [hamibot] [INFO]:[INFO] [closeApp]: openHamibot true
[2026-03-30 19:41:17] [hamibot] [WARN]:[WARN] [closeApp]: 关闭应用未确认成功: com.taobao.idlefish
[2026-03-30 19:41:49] [hamibot] [INFO]:[INFO] [saveElementCache]: saveElementCache 服务端共 15 条 (本次新增/更新 15 条)
[2026-03-30 19:41:50] [hamibot] [INFO]:[INFO] [flushElementCache]: 已触发异步刷新元素查找缓存
[2026-03-30 19:41:50] [hamibot] [INFO]:[INFO] [closeApp]: openHamibot true
[2026-03-30 19:42:07] [hamibot] [WARN]:[WARN] [closeApp]: 关闭应用未确认成功: com.taobao.idlefish
[2026-03-30 19:42:39] [hamibot] [INFO]:[INFO] [saveElementCache]: saveElementCache 服务端共 15 条 (本次新增/更新 15 条)
[2026-03-30 19:42:39] [hamibot] [INFO]:[INFO] [flushElementCache]: 已触发异步刷新元素查找缓存
[2026-03-30 19:42:39] [hamibot] [INFO]:[INFO] [closeApp]: openHamibot true
[2026-03-30 19:42:56] [hamibot] [WARN]:[WARN] [closeApp]: 关闭应用未确认成功: com.taobao.idlefish
[2026-03-30 19:43:29] [hamibot] [INFO]:[INFO] [saveElementCache]: saveElementCache 服务端共 15 条 (本次新增/更新 15 条)
[2026-03-30 19:43:29] [hamibot] [INFO]:[INFO] [flushElementCache]: 已触发异步刷新元素查找缓存
[2026-03-30 19:43:29] [hamibot] [INFO]:[INFO] [closeApp]: openHamibot true
[2026-03-30 19:43:46] [hamibot] [WARN]:[WARN] [closeApp]: 关闭应用未确认成功: com.taobao.idlefish
[2026-03-30 19:44:18] [hamibot] [INFO]:[INFO] [saveElementCache]: saveElementCache 服务端共 15 条 (本次新增/更新 15 条)
[2026-03-30 19:44:18] [hamibot] [INFO]:[INFO] [flushElementCache]: 已触发异步刷新元素查找缓存
[2026-03-30 19:44:18] [hamibot] [INFO]:[INFO] [closeApp]: openHamibot true
[2026-03-30 19:44:35] [hamibot] [WARN]:[WARN] [closeApp]: 关闭应用未确认成功: com.taobao.idlefish
[2026-03-30 19:45:08] [hamibot] [INFO]:[INFO] [saveElementCache]: saveElementCache 服务端共 15 条 (本次新增/更新 15 条)
[2026-03-30 19:45:09] [hamibot] [INFO]:[INFO] [flushElementCache]: 已触发异步刷新元素查找缓存
[2026-03-30 19:45:09] [hamibot] [INFO]:[INFO] [closeApp]: openHamibot true
[2026-03-30 19:45:26] [hamibot] [WARN]:[WARN] [closeApp]: 关闭应用未确认成功: com.taobao.idlefish
[2026-03-30 19:45:58] [hamibot] [INFO]:[INFO] [saveElementCache]: saveElementCache 服务端共 15 条 (本次新增/更新 15 条)
[2026-03-30 19:45:58] [hamibot] [INFO]:[INFO] [flushElementCache]: 已触发异步刷新元素查找缓存
[2026-03-30 19:45:58] [hamibot] [INFO]:[INFO] [closeApp]: openHamibot true
[2026-03-30 19:46:15] [hamibot] [WARN]:[WARN] [closeApp]: 关闭应用未确认成功: com.taobao.idlefish
[2026-03-30 19:46:48] [hamibot] [INFO]:[INFO] [saveElementCache]: saveElementCache 服务端共 15 条 (本次新增/更新 15 条)
[2026-03-30 19:46:48] [hamibot] [INFO]:[INFO] [flushElementCache]: 已触发异步刷新元素查找缓存
[2026-03-30 19:46:48] [hamibot] [INFO]:[INFO] [closeApp]: openHamibot true
[2026-03-30 19:47:05] [hamibot] [WARN]:[WARN] [closeApp]: 关闭应用未确认成功: com.taobao.idlefish
[2026-03-30 19:47:37] [hamibot] [INFO]:[INFO] [saveElementCache]: saveElementCache 服务端共 15 条 (本次新增/更新 15 条)
[2026-03-30 19:47:38] [hamibot] [INFO]:[INFO] [flushElementCache]: 已触发异步刷新元素查找缓存
[2026-03-30 19:47:38] [hamibot] [INFO]:[INFO] [closeApp]: openHamibot true
[2026-03-30 19:47:55] [hamibot] [WARN]:[WARN] [closeApp]: 关闭应用未确认成功: com.taobao.idlefish
[2026-03-30 19:48:27] [hamibot] [INFO]:[INFO] [saveElementCache]: saveElementCache 服务端共 15 条 (本次新增/更新 15 条)
[2026-03-30 19:48:27] [hamibot] [INFO]:[INFO] [flushElementCache]: 已触发异步刷新元素查找缓存
[2026-03-30 19:48:27] [hamibot] [INFO]:[INFO] [closeApp]: openHamibot true
[2026-03-30 19:48:45] [hamibot] [WARN]:[WARN] [closeApp]: 关闭应用未确认成功: com.taobao.idlefish
[2026-03-30 19:49:17] [hamibot] [INFO]:[INFO] [saveElementCache]: saveElementCache 服务端共 15 条 (本次新增/更新 15 条)
[2026-03-30 19:49:18] [hamibot] [INFO]:[INFO] [flushElementCache]: 已触发异步刷新元素查找缓存
[2026-03-30 19:49:18] [hamibot] [INFO]:[INFO] [closeApp]: openHamibot true
[2026-03-30 19:49:35] [hamibot] [WARN]:[WARN] [closeApp]: 关闭应用未确认成功: com.taobao.idlefish
[2026-03-30 19:50:07] [hamibot] [INFO]:[INFO] [saveElementCache]: saveElementCache 服务端共 15 条 (本次新增/更新 15 条)
[2026-03-30 19:50:07] [hamibot] [INFO]:[INFO] [flushElementCache]: 已触发异步刷新元素查找缓存
[2026-03-30 19:50:07] [hamibot] [INFO]:[INFO] [closeApp]: openHamibot true
[2026-03-30 19:50:24] [hamibot] [WARN]:[WARN] [closeApp]: 关闭应用未确认成功: com.taobao.idlefish
[2026-03-30 19:50:57] [hamibot] [INFO]:[INFO] [saveElementCache]: saveElementCache 服务端共 15 条 (本次新增/更新 15 条)
[2026-03-30 19:50:57] [hamibot] [INFO]:[INFO] [flushElementCache]: 已触发异步刷新元素查找缓存
[2026-03-30 19:50:57] [hamibot] [INFO]:[INFO] [closeApp]: openHamibot true
[2026-03-30 19:51:14] [hamibot] [WARN]:[WARN] [closeApp]: 关闭应用未确认成功: com.taobao.idlefish
[2026-03-30 19:51:46] [hamibot] [INFO]:[INFO] [saveElementCache]: saveElementCache 服务端共 15 条 (本次新增/更新 15 条)
[2026-03-30 19:51:46] [hamibot] [INFO]:[INFO] [flushElementCache]: 已触发异步刷新元素查找缓存
[2026-03-30 19:51:46] [hamibot] [INFO]:[INFO] [closeApp]: openHamibot true
[2026-03-30 19:52:03] [hamibot] [WARN]:[WARN] [closeApp]: 关闭应用未确认成功: com.taobao.idlefish
[2026-03-30 19:52:35] [hamibot] [INFO]:[INFO] [saveElementCache]: saveElementCache 服务端共 15 条 (本次新增/更新 15 条)
[2026-03-30 19:52:36] [hamibot] [INFO]:[INFO] [flushElementCache]: 已触发异步刷新元素查找缓存
[2026-03-30 19:52:36] [hamibot] [INFO]:[INFO] [closeApp]: openHamibot true
[2026-03-30 19:52:53] [hamibot] [WARN]:[WARN] [closeApp]: 关闭应用未确认成功: com.taobao.idlefish
[2026-03-30 19:53:25] [hamibot] [INFO]:[INFO] [saveElementCache]: saveElementCache 服务端共 15 条 (本次新增/更新 15 条)
[2026-03-30 19:53:25] [hamibot] [INFO]:[INFO] [flushElementCache]: 已触发异步刷新元素查找缓存
[2026-03-30 19:53:25] [hamibot] [INFO]:[INFO] [closeApp]: openHamibot true
[2026-03-30 19:53:42] [hamibot] [WARN]:[WARN] [closeApp]: 关闭应用未确认成功: com.taobao.idlefish
[2026-03-30 19:54:14] [hamibot] [INFO]:[INFO] [saveElementCache]: saveElementCache 服务端共 15 条 (本次新增/更新 15 条)
[2026-03-30 19:54:14] [hamibot] [INFO]:[INFO] [flushElementCache]: 已触发异步刷新元素查找缓存
[2026-03-30 19:54:15] [hamibot] [INFO]:[INFO] [closeApp]: openHamibot true
[2026-03-30 19:54:32] [hamibot] [WARN]:[WARN] [closeApp]: 关闭应用未确认成功: com.taobao.idlefish
[2026-03-30 19:55:04] [hamibot] [INFO]:[INFO] [saveElementCache]: saveElementCache 服务端共 15 条 (本次新增/更新 15 条)
[2026-03-30 19:55:04] [hamibot] [INFO]:[INFO] [flushElementCache]: 已触发异步刷新元素查找缓存
[2026-03-30 19:55:04] [hamibot] [INFO]:[INFO] [closeApp]: openHamibot true
[2026-03-30 19:55:21] [hamibot] [WARN]:[WARN] [closeApp]: 关闭应用未确认成功: com.taobao.idlefish
[2026-03-30 19:55:54] [hamibot] [INFO]:[INFO] [saveElementCache]: saveElementCache 服务端共 15 条 (本次新增/更新 15 条)
[2026-03-30 19:55:54] [hamibot] [INFO]:[INFO] [flushElementCache]: 已触发异步刷新元素查找缓存
[2026-03-30 19:55:54] [hamibot] [INFO]:[INFO] [closeApp]: openHamibot true
[2026-03-30 19:56:11] [hamibot] [WARN]:[WARN] [closeApp]: 关闭应用未确认成功: com.taobao.idlefish
[2026-03-30 19:56:43] [hamibot] [INFO]:[INFO] [saveElementCache]: saveElementCache 服务端共 15 条 (本次新增/更新 15 条)
[2026-03-30 19:56:43] [hamibot] [INFO]:[INFO] [flushElementCache]: 已触发异步刷新元素查找缓存
[2026-03-30 19:56:43] [hamibot] [INFO]:[INFO] [closeApp]: openHamibot true
[2026-03-30 19:57:03] [hamibot] [WARN]:[WARN] [closeApp]: 关闭应用未确认成功: com.taobao.idlefish
[2026-03-30 19:57:35] [hamibot] [INFO]:[INFO] [saveElementCache]: saveElementCache 服务端共 15 条 (本次新增/更新 15 条)
[2026-03-30 19:57:35] [hamibot] [INFO]:[INFO] [flushElementCache]: 已触发异步刷新元素查找缓存
[2026-03-30 19:57:35] [hamibot] [INFO]:[INFO] [closeApp]: openHamibot true
[2026-03-30 19:57:52] [hamibot] [WARN]:[WARN] [closeApp]: 关闭应用未确认成功: com.taobao.idlefish
[2026-03-30 19:58:24] [hamibot] [INFO]:[INFO] [saveElementCache]: saveElementCache 服务端共 15 条 (本次新增/更新 15 条)
[2026-03-30 19:58:26] [hamibot] [INFO]:[INFO] [flushElementCache]: 已触发异步刷新元素查找缓存
[2026-03-30 19:58:26] [hamibot] [INFO]:[INFO] [closeApp]: openHamibot true
[2026-03-30 19:58:43] [hamibot] [WARN]:[WARN] [closeApp]: 关闭应用未确认成功: com.taobao.idlefish
[2026-03-30 19:59:15] [hamibot] [INFO]:[INFO] [saveElementCache]: saveElementCache 服务端共 15 条 (本次新增/更新 15 条)
[2026-03-30 19:59:15] [hamibot] [INFO]:[INFO] [flushElementCache]: 已触发异步刷新元素查找缓存
[2026-03-30 19:59:15] [hamibot] [INFO]:[INFO] [closeApp]: openHamibot true
[2026-03-30 19:59:32] [hamibot] [WARN]:[WARN] [closeApp]: 关闭应用未确认成功: com.taobao.idlefish
[2026-03-30 20:00:05] [hamibot] [INFO]:[INFO] [saveElementCache]: saveElementCache 服务端共 15 条 (本次新增/更新 15 条)
[2026-03-30 20:00:05] [hamibot] [INFO]:[INFO] [flushElementCache]: 已触发异步刷新元素查找缓存
[2026-03-30 20:00:05] [hamibot] [INFO]:[INFO] [closeApp]: openHamibot true
[2026-03-30 20:00:22] [hamibot] [WARN]:[WARN] [closeApp]: 关闭应用未确认成功: com.taobao.idlefish
[2026-03-30 20:00:54] [hamibot] [INFO]:[INFO] [saveElementCache]: saveElementCache 服务端共 15 条 (本次新增/更新 15 条)
[2026-03-30 20:00:54] [hamibot] [INFO]:[INFO] [flushElementCache]: 已触发异步刷新元素查找缓存
[2026-03-30 20:00:54] [hamibot] [INFO]:[INFO] [closeApp]: openHamibot true
[2026-03-30 20:01:11] [hamibot] [WARN]:[WARN] [closeApp]: 关闭应用未确认成功: com.taobao.idlefish
[2026-03-30 20:01:44] [hamibot] [INFO]:[INFO] [saveElementCache]: saveElementCache 服务端共 15 条 (本次新增/更新 15 条)
[2026-03-30 20:01:44] [hamibot] [INFO]:[INFO] [flushElementCache]: 已触发异步刷新元素查找缓存
[2026-03-30 20:01:44] [hamibot] [INFO]:[INFO] [closeApp]: openHamibot true
[2026-03-30 20:02:01] [hamibot] [WARN]:[WARN] [closeApp]: 关闭应用未确认成功: com.taobao.idlefish
[2026-03-30 20:02:33] [hamibot] [INFO]:[INFO] [saveElementCache]: saveElementCache 服务端共 15 条 (本次新增/更新 15 条)
[2026-03-30 20:02:35] [hamibot] [INFO]:[INFO] [flushElementCache]: 已触发异步刷新元素查找缓存
[2026-03-30 20:02:35] [hamibot] [INFO]:[INFO] [closeApp]: openHamibot true
[2026-03-30 20:02:52] [hamibot] [WARN]:[WARN] [closeApp]: 关闭应用未确认成功: com.taobao.idlefish
[2026-03-30 20:03:25] [hamibot] [INFO]:[INFO] [saveElementCache]: saveElementCache 服务端共 15 条 (本次新增/更新 15 条)
[2026-03-30 20:03:25] [hamibot] [INFO]:[INFO] [flushElementCache]: 已触发异步刷新元素查找缓存
[2026-03-30 20:03:25] [hamibot] [INFO]:[INFO] [closeApp]: openHamibot true
[2026-03-30 20:03:42] [hamibot] [WARN]:[WARN] [closeApp]: 关闭应用未确认成功: com.taobao.idlefish
[2026-03-30 20:04:14] [hamibot] [INFO]:[INFO] [saveElementCache]: saveElementCache 服务端共 15 条 (本次新增/更新 15 条)
[2026-03-30 20:04:14] [hamibot] [INFO]:[INFO] [flushElementCache]: 已触发异步刷新元素查找缓存
[2026-03-30 20:04:14] [hamibot] [INFO]:[INFO] [closeApp]: openHamibot true
[2026-03-30 20:04:31] [hamibot] [WARN]:[WARN] [closeApp]: 关闭应用未确认成功: com.taobao.idlefish
[2026-03-30 20:05:04] [hamibot] [INFO]:[INFO] [saveElementCache]: saveElementCache 服务端共 15 条 (本次新增/更新 15 条)
[2026-03-30 20:05:04] [hamibot] [INFO]:[INFO] [flushElementCache]: 已触发异步刷新元素查找缓存
[2026-03-30 20:05:04] [hamibot] [INFO]:[INFO] [closeApp]: openHamibot true
[2026-03-30 20:05:21] [hamibot] [WARN]:[WARN] [closeApp]: 关闭应用未确认成功: com.taobao.idlefish
[2026-03-30 20:05:53] [hamibot] [INFO]:[INFO] [saveElementCache]: saveElementCache 服务端共 15 条 (本次新增/更新 15 条)
[2026-03-30 20:05:53] [hamibot] [INFO]:[INFO] [flushElementCache]: 已触发异步刷新元素查找缓存
[2026-03-30 20:05:53] [hamibot] [INFO]:[INFO] [closeApp]: openHamibot true
[2026-03-30 20:06:10] [hamibot] [WARN]:[WARN] [closeApp]: 关闭应用未确认成功: com.taobao.idlefish
[2026-03-30 20:06:43] [hamibot] [INFO]:[INFO] [saveElementCache]: saveElementCache 服务端共 15 条 (本次新增/更新 15 条)
[2026-03-30 20:06:43] [hamibot] [INFO]:[INFO] [flushElementCache]: 已触发异步刷新元素查找缓存
[2026-03-30 20:06:43] [hamibot] [INFO]:[INFO] [closeApp]: openHamibot true
[2026-03-30 20:07:00] [hamibot] [WARN]:[WARN] [closeApp]: 关闭应用未确认成功: com.taobao.idlefish
[2026-03-30 20:07:32] [hamibot] [INFO]:[INFO] [saveElementCache]: saveElementCache 服务端共 15 条 (本次新增/更新 15 条)
[2026-03-30 20:07:32] [hamibot] [INFO]:[INFO] [flushElementCache]: 已触发异步刷新元素查找缓存
[2026-03-30 20:07:32] [hamibot] [INFO]:[INFO] [closeApp]: openHamibot true
[2026-03-30 20:07:49] [hamibot] [WARN]:[WARN] [closeApp]: 关闭应用未确认成功: com.taobao.idlefish
[2026-03-30 20:08:22] [hamibot] [INFO]:[INFO] [saveElementCache]: saveElementCache 服务端共 15 条 (本次新增/更新 15 条)
[2026-03-30 20:08:22] [hamibot] [INFO]:[INFO] [flushElementCache]: 已触发异步刷新元素查找缓存
[2026-03-30 20:08:22] [hamibot] [INFO]:[INFO] [closeApp]: openHamibot true
[2026-03-30 20:08:39] [hamibot] [WARN]:[WARN] [closeApp]: 关闭应用未确认成功: com.taobao.idlefish
[2026-03-30 20:09:11] [hamibot] [INFO]:[INFO] [saveElementCache]: saveElementCache 服务端共 15 条 (本次新增/更新 15 条)
[2026-03-30 20:09:11] [hamibot] [INFO]:[INFO] [flushElementCache]: 已触发异步刷新元素查找缓存
[2026-03-30 20:09:11] [hamibot] [INFO]:[INFO] [closeApp]: openHamibot true
[2026-03-30 20:09:28] [hamibot] [WARN]:[WARN] [closeApp]: 关闭应用未确认成功: com.taobao.idlefish
[2026-03-30 20:10:01] [hamibot] [INFO]:[INFO] [saveElementCache]: saveElementCache 服务端共 15 条 (本次新增/更新 15 条)
[2026-03-30 20:10:01] [hamibot] [INFO]:[INFO] [flushElementCache]: 已触发异步刷新元素查找缓存
[2026-03-30 20:10:01] [hamibot] [INFO]:[INFO] [closeApp]: openHamibot true
[2026-03-30 20:10:18] [hamibot] [WARN]:[WARN] [closeApp]: 关闭应用未确认成功: com.taobao.idlefish
[2026-03-30 20:10:50] [hamibot] [INFO]:[INFO] [saveElementCache]: saveElementCache 服务端共 15 条 (本次新增/更新 15 条)
[2026-03-30 20:10:50] [hamibot] [INFO]:[INFO] [flushElementCache]: 已触发异步刷新元素查找缓存
[2026-03-30 20:10:51] [hamibot] [INFO]:[INFO] [closeApp]: openHamibot true
[2026-03-30 20:11:07] [hamibot] [WARN]:[WARN] [closeApp]: 关闭应用未确认成功: com.taobao.idlefish
[2026-03-30 20:11:40] [hamibot] [INFO]:[INFO] [saveElementCache]: saveElementCache 服务端共 15 条 (本次新增/更新 15 条)
[2026-03-30 20:11:40] [hamibot] [INFO]:[INFO] [flushElementCache]: 已触发异步刷新元素查找缓存
[2026-03-30 20:11:40] [hamibot] [INFO]:[INFO] [closeApp]: openHamibot true
[2026-03-30 20:11:57] [hamibot] [WARN]:[WARN] [closeApp]: 关闭应用未确认成功: com.taobao.idlefish
[2026-03-30 20:12:29] [hamibot] [INFO]:[INFO] [saveElementCache]: saveElementCache 服务端共 15 条 (本次新增/更新 15 条)
[2026-03-30 20:12:29] [hamibot] [INFO]:[INFO] [flushElementCache]: 已触发异步刷新元素查找缓存
[2026-03-30 20:12:29] [hamibot] [INFO]:[INFO] [closeApp]: openHamibot true
[2026-03-30 20:12:47] [hamibot] [WARN]:[WARN] [closeApp]: 关闭应用未确认成功: com.taobao.idlefish
[2026-03-30 20:13:19] [hamibot] [INFO]:[INFO] [saveElementCache]: saveElementCache 服务端共 15 条 (本次新增/更新 15 条)
[2026-03-30 20:13:19] [hamibot] [INFO]:[INFO] [flushElementCache]: 已触发异步刷新元素查找缓存
[2026-03-30 20:13:19] [hamibot] [INFO]:[INFO] [closeApp]: openHamibot true
[2026-03-30 20:13:36] [hamibot] [WARN]:[WARN] [closeApp]: 关闭应用未确认成功: com.taobao.idlefish
[2026-03-30 20:14:08] [hamibot] [INFO]:[INFO] [saveElementCache]: saveElementCache 服务端共 15 条 (本次新增/更新 15 条)
[2026-03-30 20:14:09] [hamibot] [INFO]:[INFO] [flushElementCache]: 已触发异步刷新元素查找缓存
[2026-03-30 20:14:09] [hamibot] [INFO]:[INFO] [closeApp]: openHamibot true
[2026-03-30 20:14:26] [hamibot] [WARN]:[WARN] [closeApp]: 关闭应用未确认成功: com.taobao.idlefish
[2026-03-30 20:14:58] [hamibot] [INFO]:[INFO] [saveElementCache]: saveElementCache 服务端共 15 条 (本次新增/更新 15 条)
[2026-03-30 20:14:59] [hamibot] [INFO]:[INFO] [flushElementCache]: 已触发异步刷新元素查找缓存
[2026-03-30 20:14:59] [hamibot] [INFO]:[INFO] [closeApp]: openHamibot true
[2026-03-30 20:15:16] [hamibot] [WARN]:[WARN] [closeApp]: 关闭应用未确认成功: com.taobao.idlefish
[2026-03-30 20:15:49] [hamibot] [INFO]:[INFO] [saveElementCache]: saveElementCache 服务端共 15 条 (本次新增/更新 15 条)
[2026-03-30 20:15:49] [hamibot] [INFO]:[INFO] [flushElementCache]: 已触发异步刷新元素查找缓存
[2026-03-30 20:15:49] [hamibot] [INFO]:[INFO] [closeApp]: openHamibot true
[2026-03-30 20:16:06] [hamibot] [WARN]:[WARN] [closeApp]: 关闭应用未确认成功: com.taobao.idlefish
[2026-03-30 20:16:38] [hamibot] [INFO]:[INFO] [saveElementCache]: saveElementCache 服务端共 15 条 (本次新增/更新 15 条)
[2026-03-30 20:16:38] [hamibot] [INFO]:[INFO] [flushElementCache]: 已触发异步刷新元素查找缓存
[2026-03-30 20:16:38] [hamibot] [INFO]:[INFO] [closeApp]: openHamibot true
[2026-03-30 20:16:55] [hamibot] [WARN]:[WARN] [closeApp]: 关闭应用未确认成功: com.taobao.idlefish
[2026-03-30 20:17:27] [hamibot] [INFO]:[INFO] [saveElementCache]: saveElementCache 服务端共 15 条 (本次新增/更新 15 条)
[2026-03-30 20:17:28] [hamibot] [INFO]:[INFO] [flushElementCache]: 已触发异步刷新元素查找缓存
[2026-03-30 20:17:28] [hamibot] [INFO]:[INFO] [closeApp]: openHamibot true
[2026-03-30 20:17:45] [hamibot] [WARN]:[WARN] [closeApp]: 关闭应用未确认成功: com.taobao.idlefish
[2026-03-30 20:18:17] [hamibot] [INFO]:[INFO] [saveElementCache]: saveElementCache 服务端共 15 条 (本次新增/更新 15 条)
[2026-03-30 20:18:17] [hamibot] [INFO]:[INFO] [flushElementCache]: 已触发异步刷新元素查找缓存
[2026-03-30 20:18:17] [hamibot] [INFO]:[INFO] [closeApp]: openHamibot true
[2026-03-30 20:18:34] [hamibot] [WARN]:[WARN] [closeApp]: 关闭应用未确认成功: com.taobao.idlefish
[2026-03-30 20:19:06] [hamibot] [INFO]:[INFO] [saveElementCache]: saveElementCache 服务端共 15 条 (本次新增/更新 15 条)
[2026-03-30 20:19:06] [hamibot] [INFO]:[INFO] [flushElementCache]: 已触发异步刷新元素查找缓存
[2026-03-30 20:19:07] [hamibot] [INFO]:[INFO] [closeApp]: openHamibot true
[2026-03-30 20:19:23] [hamibot] [WARN]:[WARN] [closeApp]: 关闭应用未确认成功: com.taobao.idlefish
[2026-03-30 20:19:56] [hamibot] [INFO]:[INFO] [saveElementCache]: saveElementCache 服务端共 15 条 (本次新增/更新 15 条)
[2026-03-30 20:19:56] [hamibot] [INFO]:[INFO] [flushElementCache]: 已触发异步刷新元素查找缓存
[2026-03-30 20:19:56] [hamibot] [INFO]:[INFO] [closeApp]: openHamibot true
[2026-03-30 20:20:13] [hamibot] [WARN]:[WARN] [closeApp]: 关闭应用未确认成功: com.taobao.idlefish
[2026-03-30 20:20:45] [hamibot] [INFO]:[INFO] [saveElementCache]: saveElementCache 服务端共 15 条 (本次新增/更新 15 条)
[2026-03-30 20:20:45] [hamibot] [INFO]:[INFO] [flushElementCache]: 已触发异步刷新元素查找缓存
[2026-03-30 20:20:45] [hamibot] [INFO]:[INFO] [closeApp]: openHamibot true
[2026-03-30 20:21:02] [hamibot] [WARN]:[WARN] [closeApp]: 关闭应用未确认成功: com.taobao.idlefish
[2026-03-30 20:21:40] [hamibot] [INFO]:[INFO] [findTargetElementWithCache]: [sel#30] coinExchangeMain/闲鱼币 缓存#3(1/1) ✓ 158ms
[2026-03-30 20:21:41] [hamibot] [INFO]:[INFO] [findTargetElementWithCache]: [sel#123] mainPopup/今天 缓存[9] 全部✗ 剩余errorTime=36 560ms
[2026-03-30 20:21:46] [hamibot] [INFO]:[INFO] [findTargetElementWithCache]: [sel#31] coinExchangeMain/闲鱼币 缓存#3(1/1) ✓ 497ms
[2026-03-30 20:21:50] [hamibot] [INFO]:[INFO] [findTargetElementWithCache]: [sel#124] mainPopup/今天 缓存#9(1/1) ✓ 3891ms
[2026-03-30 20:22:02] [hamibot] [INFO]:[INFO] [findTargetElementList]: [sel-list#22] mainPopup/领取奖励 缓存[3] 全部✗ 剩余errorTime=5 11046ms
[2026-03-30 20:22:02] [hamibot] [INFO]:[INFO] [Anonymous functions]: 浏览指定频道好物: hasRun=true
[2026-03-30 20:22:02] [hamibot] [INFO]:[INFO] [Anonymous functions]: 搜一搜喜欢的商品: hasRun=true
[2026-03-30 20:22:02] [hamibot] [INFO]:[INFO] [Anonymous functions]: 去浏览全新好物: hasRun=true
[2026-03-30 20:22:02] [hamibot] [INFO]:[INFO] [Anonymous functions]: 浏览推荐的国补商品: hasRun=true
[2026-03-30 20:22:02] [hamibot] [INFO]:[INFO] [Anonymous functions]: 去蚂蚁森林逛一逛: hasRun=true
[2026-03-30 20:22:02] [hamibot] [INFO]:[INFO] [Anonymous functions]: 去支付宝农场领水果: hasRun=true
[2026-03-30 20:22:02] [hamibot] [INFO]:[INFO] [Anonymous functions]: 去淘宝签到领红包: hasRun=true
[2026-03-30 20:22:02] [hamibot] [INFO]:[INFO] [Anonymous functions]: 去蚂蚁森林逛一逛: hasRun=true
[2026-03-30 20:22:02] [hamibot] [INFO]:[INFO] [Anonymous functions]: 去蚂蚁庄园逛一逛: hasRun=false
[2026-03-30 20:22:02] [hamibot] [INFO]:[INFO] [Anonymous functions]: 去支付宝领积分: hasRun=false
[2026-03-30 20:22:02] [hamibot] [INFO]:[INFO] [Anonymous functions]: 浏览鱼小铺工作台: hasRun=false
[2026-03-30 20:22:03] [hamibot] [INFO]:[INFO] [Anonymous functions]: 搜一搜推荐商品: hasRun=false
[2026-03-30 20:22:03] [hamibot] [INFO]:[INFO] [Anonymous functions]: 领至高20元外卖红包: hasRun=false
[2026-03-30 20:22:03] [hamibot] [INFO]:[INFO] [Anonymous functions]: 看视频奖励100币: hasRun=false
[2026-03-30 20:22:03] [hamibot] [INFO]:[INFO] [Anonymous functions]: 看视频奖励100币: hasRun=false
[2026-03-30 20:22:03] [hamibot] [INFO]:[INFO] [Anonymous functions]: 看视频奖励100币: hasRun=false
[2026-03-30 20:22:03] [hamibot] [INFO]:[INFO] [Anonymous functions]: 看视频奖励100币: hasRun=false
[2026-03-30 20:22:03] [hamibot] [INFO]:[INFO] [Anonymous functions]: 发布一件新宝贝: hasRun=false
[2026-03-30 20:22:06] [hamibot] [INFO]:[INFO] [findTargetElementWithCacheStrict]: [sel-strict#22] mainPopup/签到 缓存[3] 全部✗ 剩余errorTime=-1 3549ms
[2026-03-30 20:22:15] [hamibot] [INFO]:[INFO] [findTargetElementWithCacheStrict]: [sel-strict#30] mainPopup/去蚂蚁庄园逛一逛 缓存#3(1/1) ✓ 7988ms
[2026-03-30 20:22:24] [hamibot] [INFO]:[INFO] [findTargetElementWithCacheStrict]: [sel-strict#31] mainPopup/去蚂蚁庄园逛一逛 缓存#3(1/1) ✓ 9123ms
[2026-03-30 20:22:40] [hamibot] [INFO]:[INFO] [findTargetElementList]: [sel-list#22] mainPopup/去完成 缓存#3(1/1) ✓ 21个 15230ms
[2026-03-30 20:22:40] [hamibot] [INFO]:[INFO] [findBtn_1]: sysReact, x: 863, y: 1165
[2026-03-30 20:22:41] [hamibot] [INFO]:[INFO] [findBtn_1]: 运行++去蚂蚁庄园逛一逛
[2026-03-30 20:22:47] [hamibot] [INFO]:[INFO] [findTargetElementWithCache]: [sel#125] mainPopup/今天 缓存[9] 全部✗ 剩余errorTime=39 81ms
[2026-03-30 20:22:47] [hamibot] [INFO]:[INFO] [findTargetElementWithCache]: [sel#90] coinExchangeMain/闲鱼币抵扣 缓存[3,6] 全部✗ 剩余errorTime=-1 147ms
[2026-03-30 20:22:47] [hamibot] [INFO]:[INFO] [backMainPage]: 当前app不是闲鱼，直接回退 com.eg.android.AlipayGphone
[2026-03-30 20:22:49] [hamibot] [INFO]:[INFO] [findTargetElementWithCache]: [sel#126] mainPopup/今天 缓存[9] 全部✗ 剩余errorTime=38 65ms
[2026-03-30 20:22:49] [hamibot] [INFO]:[INFO] [findTargetElementWithCache]: [sel#91] coinExchangeMain/闲鱼币抵扣 缓存[3,6] errorTime耗尽，降级串行 116ms
[2026-03-30 20:22:49] [hamibot] [INFO]:[INFO] [findTargetElementWithCache]: [sel#91] coinExchangeMain/闲鱼币抵扣 串行启动 12 条策略
[2026-03-30 20:22:50] [hamibot] [INFO]:[INFO] [findTargetElementWithCache]: [sel#91] coinExchangeMain/闲鱼币抵扣 串行全部✗ 串行700ms 总866ms
[2026-03-30 20:22:50] [hamibot] [INFO]:[INFO] [backMainPage]: 当前app不是闲鱼，直接回退 com.eg.android.AlipayGphone
[2026-03-30 20:22:50] [hamibot] [INFO]:[INFO] [findTargetElementWithCache]: [sel#127] mainPopup/今天 缓存[9] 全部✗ 剩余errorTime=37 72ms
[2026-03-30 20:22:51] [hamibot] [INFO]:[INFO] [findTargetElementWithCache]: [sel#92] coinExchangeMain/闲鱼币抵扣 缓存[3,6] errorTime耗尽，降级串行 116ms
[2026-03-30 20:22:51] [hamibot] [INFO]:[INFO] [findTargetElementWithCache]: [sel#92] coinExchangeMain/闲鱼币抵扣 串行启动 12 条策略
[2026-03-30 20:22:51] [hamibot] [INFO]:[INFO] [findTargetElementWithCache]: [sel#92] coinExchangeMain/闲鱼币抵扣 串行全部✗ 串行730ms 总902ms
[2026-03-30 20:22:51] [hamibot] [INFO]:[INFO] [backMainPage]: 当前app不是闲鱼，直接回退 com.eg.android.AlipayGphone
[2026-03-30 20:22:52] [hamibot] [ERROR]:[ERROR] [backMainPage]: 死循环了， 关闭app
[2026-03-30 20:22:52] [hamibot] [INFO]:[INFO] [saveElementCache]: saveElementCache 服务端共 15 条 (本次新增/更新 15 条)
[2026-03-30 20:22:53] [hamibot] [INFO]:[INFO] [flushElementCache]: 已触发异步刷新元素查找缓存
[2026-03-30 20:22:53] [hamibot] [INFO]:[INFO] [closeApp]: openHamibot true
[2026-03-30 20:22:55] [hamibot] [INFO]:[INFO] [tryClickNode]: tryClickNode com.stardust.automator.UiObject@2a4bc; boundsInParent: Rect(0, 0 - 240, 240); boundsInScreen: Rect(420, 2057 - 660, 2297); packageName: com.miui.home; className: android.view.View; text: null; contentDescription: 本机共有12.0 G内存，当前5.1 G可用，双击清理全部任务; viewId: com.miui.home:id/clearAnimView; checkable: false; checked: false; focusable: true; focused: false; selected: false; clickable: true; longClickable: true; enabled: true; password: false; scrollable: false; [ACTION_FOCUS, ACTION_SELECT, ACTION_CLEAR_SELECTION, ACTION_CLICK, ACTION_LONG_CLICK, ACTION_ACCESSIBILITY_FOCUS, ACTION_NEXT_AT_MOVEMENT_GRANULARITY, ACTION_PREVIOUS_AT_MOVEMENT_GRANULARITY, ACTION_SET_SELECTION]
[2026-03-30 20:22:55] [hamibot] [ LOG ]:[ LOG ] [tryClickNode]: tryClickNode: 开始尝试点击节点 com.stardust.automator.UiObject@2a4bc; boundsInParent: Rect(0, 0 - 240, 240); boundsInScreen: Rect(420, 2057 - 660, 2297); packageName: com.miui.home; className: android.view.View; text: null; contentDescription: 本机共有12.0 G内存，当前5.1 G可用，双击清理全部任务; viewId: com.miui.home:id/clearAnimView; checkable: false; checked: false; focusable: true; focused: false; selected: false; clickable: true; longClickable: true; enabled: true; password: false; scrollable: false; [ACTION_FOCUS, ACTION_SELECT, ACTION_CLEAR_SELECTION, ACTION_CLICK, ACTION_LONG_CLICK, ACTION_ACCESSIBILITY_FOCUS, ACTION_NEXT_AT_MOVEMENT_GRANULARITY, ACTION_PREVIOUS_AT_MOVEMENT_GRANULARITY, ACTION_SET_SELECTION]
[2026-03-30 20:22:55] [hamibot] [ LOG ]:[ LOG ] [tryClickNode]: tryClickNode: 节点clickable值: function clickable() {/*
boolean clickable()
*/}

[2026-03-30 20:22:55] [hamibot] [ LOG ]:[ LOG ] [tryClickNode]: tryClickNode: 节点clickable toString: function clickable() {/*
boolean clickable()
*/}

[2026-03-30 20:22:55] [hamibot] [ LOG ]:[ LOG ] [tryClickNode]: tryClickNode: 解析后的clickable值: true
[2026-03-30 20:22:55] [hamibot] [ LOG ]:[ LOG ] [tryClickNode]: tryClickNode: 节点本身可点击，执行直接点击
[2026-03-30 20:22:55] [hamibot] [ LOG ]:[ LOG ] [tryClickNode]: tryClickNode: 直接点击结果: true
[2026-03-30 20:22:56] [hamibot] [INFO]:[INFO] [closeApp]: 已通过最近任务页‘关闭全部’关闭应用
[2026-03-30 20:23:12] [hamibot] [INFO]:[INFO] [findTargetElementWithCache]: [sel#32] coinExchangeMain/闲鱼币 缓存#3(1/1) ✓ 117ms
[2026-03-30 20:23:18] [hamibot] [INFO]:[INFO] [findTargetElementWithCache]: [sel#128] mainPopup/今天 缓存#9(1/1) ✓ 5911ms
[2026-03-30 20:23:26] [hamibot] [INFO]:[INFO] [findTargetElementList]: [sel-list#23] mainPopup/领取奖励 缓存[3] 全部✗ 剩余errorTime=4 7200ms
[2026-03-30 20:23:26] [hamibot] [INFO]:[INFO] [Anonymous functions]: 浏览指定频道好物: hasRun=true
[2026-03-30 20:23:26] [hamibot] [INFO]:[INFO] [Anonymous functions]: 搜一搜喜欢的商品: hasRun=true
[2026-03-30 20:23:26] [hamibot] [INFO]:[INFO] [Anonymous functions]: 去浏览全新好物: hasRun=true
[2026-03-30 20:23:26] [hamibot] [INFO]:[INFO] [Anonymous functions]: 浏览推荐的国补商品: hasRun=true
[2026-03-30 20:23:26] [hamibot] [INFO]:[INFO] [Anonymous functions]: 去蚂蚁森林逛一逛: hasRun=true
[2026-03-30 20:23:26] [hamibot] [INFO]:[INFO] [Anonymous functions]: 去支付宝农场领水果: hasRun=true
[2026-03-30 20:23:26] [hamibot] [INFO]:[INFO] [Anonymous functions]: 去淘宝签到领红包: hasRun=true
[2026-03-30 20:23:26] [hamibot] [INFO]:[INFO] [Anonymous functions]: 去蚂蚁森林逛一逛: hasRun=true
[2026-03-30 20:23:26] [hamibot] [INFO]:[INFO] [Anonymous functions]: 去蚂蚁庄园逛一逛: hasRun=false
[2026-03-30 20:23:26] [hamibot] [INFO]:[INFO] [Anonymous functions]: 去支付宝领积分: hasRun=false
[2026-03-30 20:23:26] [hamibot] [INFO]:[INFO] [Anonymous functions]: 浏览鱼小铺工作台: hasRun=false
[2026-03-30 20:23:27] [hamibot] [INFO]:[INFO] [Anonymous functions]: 搜一搜推荐商品: hasRun=false
[2026-03-30 20:23:27] [hamibot] [INFO]:[INFO] [Anonymous functions]: 领至高20元外卖红包: hasRun=false
[2026-03-30 20:23:27] [hamibot] [INFO]:[INFO] [Anonymous functions]: 看视频奖励100币: hasRun=false
[2026-03-30 20:23:27] [hamibot] [INFO]:[INFO] [Anonymous functions]: 看视频奖励100币: hasRun=false
[2026-03-30 20:23:27] [hamibot] [INFO]:[INFO] [Anonymous functions]: 看视频奖励100币: hasRun=false
[2026-03-30 20:23:27] [hamibot] [INFO]:[INFO] [Anonymous functions]: 看视频奖励100币: hasRun=false
[2026-03-30 20:23:27] [hamibot] [INFO]:[INFO] [Anonymous functions]: 发布一件新宝贝: hasRun=false
[2026-03-30 20:23:29] [hamibot] [INFO]:[INFO] [findTargetElementWithCacheStrict]: [sel-strict#23] mainPopup/签到 缓存[3] errorTime耗尽，降级串行 1825ms
[2026-03-30 20:23:29] [hamibot] [INFO]:[INFO] [findTargetElementWithCacheStrict]: [sel-strict#23] mainPopup/签到 串行启动 12 条策略
[2026-03-30 20:25:03] [hamibot] [ERROR]:[ERROR] [findTargetElementWithCacheStrict]: [sel-strict#23] mainPopup/签到 串行全部✗ 串行94073ms 总95953ms
[2026-03-30 20:25:11] [hamibot] [INFO]:[INFO] [findTargetElementWithCacheStrict]: [sel-strict#32] mainPopup/去蚂蚁庄园逛一逛 缓存#3(1/1) ✓ 7325ms
[2026-03-30 20:25:17] [hamibot] [INFO]:[INFO] [findTargetElementWithCacheStrict]: [sel-strict#33] mainPopup/去蚂蚁庄园逛一逛 缓存#3(1/1) ✓ 5787ms
[2026-03-30 20:25:31] [hamibot] [INFO]:[INFO] [findTargetElementList]: [sel-list#23] mainPopup/去完成 缓存#3(1/1) ✓ 21个 13983ms
[2026-03-30 20:25:31] [hamibot] [INFO]:[INFO] [findBtn_1]: sysReact, x: 863, y: 1165
[2026-03-30 20:25:32] [hamibot] [INFO]:[INFO] [findBtn_1]: 运行++去蚂蚁庄园逛一逛
[2026-03-30 20:25:39] [hamibot] [INFO]:[INFO] [findTargetElementWithCache]: [sel#129] mainPopup/今天 缓存[9] 全部✗ 剩余errorTime=39 78ms
[2026-03-30 20:25:39] [hamibot] [INFO]:[INFO] [findTargetElementWithCache]: [sel#93] coinExchangeMain/闲鱼币抵扣 缓存[3,6] errorTime耗尽，降级串行 127ms
[2026-03-30 20:25:39] [hamibot] [INFO]:[INFO] [findTargetElementWithCache]: [sel#93] coinExchangeMain/闲鱼币抵扣 串行启动 12 条策略
[2026-03-30 20:25:40] [hamibot] [INFO]:[INFO] [findTargetElementWithCache]: [sel#93] coinExchangeMain/闲鱼币抵扣 串行全部✗ 串行775ms 总946ms
[2026-03-30 20:25:40] [hamibot] [INFO]:[INFO] [backMainPage]: 当前app不是闲鱼，直接回退 com.eg.android.AlipayGphone
[2026-03-30 20:25:40] [hamibot] [INFO]:[INFO] [findTargetElementWithCache]: [sel#130] mainPopup/今天 缓存[9] 全部✗ 剩余errorTime=38 76ms
[2026-03-30 20:25:40] [hamibot] [INFO]:[INFO] [findTargetElementWithCache]: [sel#94] coinExchangeMain/闲鱼币抵扣 缓存[3,6] errorTime耗尽，降级串行 116ms
[2026-03-30 20:25:40] [hamibot] [INFO]:[INFO] [findTargetElementWithCache]: [sel#94] coinExchangeMain/闲鱼币抵扣 串行启动 12 条策略
[2026-03-30 20:25:41] [hamibot] [INFO]:[INFO] [findTargetElementWithCache]: [sel#94] coinExchangeMain/闲鱼币抵扣 串行全部✗ 串行732ms 总917ms
[2026-03-30 20:25:41] [hamibot] [INFO]:[INFO] [backMainPage]: 当前app不是闲鱼，直接回退 com.eg.android.AlipayGphone
[2026-03-30 20:25:41] [hamibot] [INFO]:[INFO] [findTargetElementWithCache]: [sel#131] mainPopup/今天 缓存[9] 全部✗ 剩余errorTime=37 74ms
[2026-03-30 20:25:42] [hamibot] [INFO]:[INFO] [findTargetElementWithCache]: [sel#95] coinExchangeMain/闲鱼币抵扣 缓存[3,6] errorTime耗尽，降级串行 119ms
[2026-03-30 20:25:42] [hamibot] [INFO]:[INFO] [findTargetElementWithCache]: [sel#95] coinExchangeMain/闲鱼币抵扣 串行启动 12 条策略
[2026-03-30 20:25:42] [hamibot] [INFO]:[INFO] [findTargetElementWithCache]: [sel#95] coinExchangeMain/闲鱼币抵扣 串行全部✗ 串行730ms 总904ms
[2026-03-30 20:25:42] [hamibot] [INFO]:[INFO] [backMainPage]: 当前app不是闲鱼，直接回退 com.eg.android.AlipayGphone
[2026-03-30 20:25:43] [hamibot] [ERROR]:[ERROR] [backMainPage]: 死循环了， 关闭app
[2026-03-30 20:25:43] [hamibot] [INFO]:[INFO] [saveElementCache]: saveElementCache 服务端共 15 条 (本次新增/更新 15 条)
[2026-03-30 20:25:43] [hamibot] [INFO]:[INFO] [flushElementCache]: 已触发异步刷新元素查找缓存
[2026-03-30 20:25:43] [hamibot] [INFO]:[INFO] [closeApp]: openHamibot true
[2026-03-30 20:25:46] [hamibot] [INFO]:[INFO] [tryClickNode]: tryClickNode com.stardust.automator.UiObject@2a4bc; boundsInParent: Rect(0, 0 - 240, 240); boundsInScreen: Rect(420, 2057 - 660, 2297); packageName: com.miui.home; className: android.view.View; text: null; contentDescription: 本机共有12.0 G内存，当前4.6 G可用，双击清理全部任务; viewId: com.miui.home:id/clearAnimView; checkable: false; checked: false; focusable: true; focused: false; selected: false; clickable: true; longClickable: true; enabled: true; password: false; scrollable: false; [ACTION_FOCUS, ACTION_SELECT, ACTION_CLEAR_SELECTION, ACTION_CLICK, ACTION_LONG_CLICK, ACTION_ACCESSIBILITY_FOCUS, ACTION_NEXT_AT_MOVEMENT_GRANULARITY, ACTION_PREVIOUS_AT_MOVEMENT_GRANULARITY, ACTION_SET_SELECTION]
[2026-03-30 20:25:46] [hamibot] [ LOG ]:[ LOG ] [tryClickNode]: tryClickNode: 开始尝试点击节点 com.stardust.automator.UiObject@2a4bc; boundsInParent: Rect(0, 0 - 240, 240); boundsInScreen: Rect(420, 2057 - 660, 2297); packageName: com.miui.home; className: android.view.View; text: null; contentDescription: 本机共有12.0 G内存，当前4.6 G可用，双击清理全部任务; viewId: com.miui.home:id/clearAnimView; checkable: false; checked: false; focusable: true; focused: false; selected: false; clickable: true; longClickable: true; enabled: true; password: false; scrollable: false; [ACTION_FOCUS, ACTION_SELECT, ACTION_CLEAR_SELECTION, ACTION_CLICK, ACTION_LONG_CLICK, ACTION_ACCESSIBILITY_FOCUS, ACTION_NEXT_AT_MOVEMENT_GRANULARITY, ACTION_PREVIOUS_AT_MOVEMENT_GRANULARITY, ACTION_SET_SELECTION]
[2026-03-30 20:25:46] [hamibot] [ LOG ]:[ LOG ] [tryClickNode]: tryClickNode: 节点clickable值: function clickable() {/*
boolean clickable()
*/}

[2026-03-30 20:25:46] [hamibot] [ LOG ]:[ LOG ] [tryClickNode]: tryClickNode: 节点clickable toString: function clickable() {/*
boolean clickable()
*/}

[2026-03-30 20:25:46] [hamibot] [ LOG ]:[ LOG ] [tryClickNode]: tryClickNode: 解析后的clickable值: true
[2026-03-30 20:25:46] [hamibot] [ LOG ]:[ LOG ] [tryClickNode]: tryClickNode: 节点本身可点击，执行直接点击
[2026-03-30 20:25:46] [hamibot] [ LOG ]:[ LOG ] [tryClickNode]: tryClickNode: 直接点击结果: true
[2026-03-30 20:25:46] [hamibot] [INFO]:[INFO] [closeApp]: 已通过最近任务页‘关闭全部’关闭应用
[2026-03-30 20:26:02] [hamibot] [INFO]:[INFO] [findTargetElementWithCache]: [sel#33] coinExchangeMain/闲鱼币 缓存#3(1/1) ✓ 138ms
[2026-03-30 20:26:05] [hamibot] [INFO]:[INFO] [findTargetElementWithCache]: [sel#132] mainPopup/今天 缓存#9(1/1) ✓ 3695ms
[2026-03-30 20:26:13] [hamibot] [INFO]:[INFO] [findTargetElementList]: [sel-list#24] mainPopup/领取奖励 缓存[3] 全部✗ 剩余errorTime=3 6664ms
[2026-03-30 20:26:13] [hamibot] [INFO]:[INFO] [Anonymous functions]: 浏览指定频道好物: hasRun=true
[2026-03-30 20:26:14] [hamibot] [INFO]:[INFO] [Anonymous functions]: 搜一搜喜欢的商品: hasRun=true
[2026-03-30 20:26:14] [hamibot] [INFO]:[INFO] [Anonymous functions]: 去浏览全新好物: hasRun=true
[2026-03-30 20:26:14] [hamibot] [INFO]:[INFO] [Anonymous functions]: 浏览推荐的国补商品: hasRun=true
[2026-03-30 20:26:14] [hamibot] [INFO]:[INFO] [Anonymous functions]: 去蚂蚁森林逛一逛: hasRun=true
[2026-03-30 20:26:14] [hamibot] [INFO]:[INFO] [Anonymous functions]: 去支付宝农场领水果: hasRun=true
[2026-03-30 20:26:14] [hamibot] [INFO]:[INFO] [Anonymous functions]: 去淘宝签到领红包: hasRun=true
[2026-03-30 20:26:14] [hamibot] [INFO]:[INFO] [Anonymous functions]: 去蚂蚁森林逛一逛: hasRun=true
[2026-03-30 20:26:14] [hamibot] [INFO]:[INFO] [Anonymous functions]: 去蚂蚁庄园逛一逛: hasRun=false
[2026-03-30 20:26:14] [hamibot] [INFO]:[INFO] [Anonymous functions]: 去支付宝领积分: hasRun=false
[2026-03-30 20:26:14] [hamibot] [INFO]:[INFO] [Anonymous functions]: 浏览鱼小铺工作台: hasRun=false
[2026-03-30 20:26:14] [hamibot] [INFO]:[INFO] [Anonymous functions]: 搜一搜推荐商品: hasRun=false
[2026-03-30 20:26:14] [hamibot] [INFO]:[INFO] [Anonymous functions]: 领至高20元外卖红包: hasRun=false
[2026-03-30 20:26:14] [hamibot] [INFO]:[INFO] [Anonymous functions]: 看视频奖励100币: hasRun=false
[2026-03-30 20:26:14] [hamibot] [INFO]:[INFO] [Anonymous functions]: 看视频奖励100币: hasRun=false
[2026-03-30 20:26:15] [hamibot] [INFO]:[INFO] [Anonymous functions]: 看视频奖励100币: hasRun=false
[2026-03-30 20:26:15] [hamibot] [INFO]:[INFO] [Anonymous functions]: 看视频奖励100币: hasRun=false
[2026-03-30 20:26:15] [hamibot] [INFO]:[INFO] [Anonymous functions]: 发布一件新宝贝: hasRun=false
[2026-03-30 20:26:23] [hamibot] [INFO]:[INFO] [findTargetElementWithCacheStrict]: [sel-strict#24] mainPopup/签到 缓存[3] errorTime耗尽，降级串行 8356ms
[2026-03-30 20:26:23] [hamibot] [INFO]:[INFO] [findTargetElementWithCacheStrict]: [sel-strict#24] mainPopup/签到 串行启动 12 条策略
[2026-03-30 20:27:33] [hamibot] [ERROR]:[ERROR] [findTargetElementWithCacheStrict]: [sel-strict#24] mainPopup/签到 串行全部✗ 串行69600ms 总78063ms
[2026-03-30 20:27:33] [hamibot] [INFO]:[INFO] [findTargetElementWithCacheStrict]: [sel-strict#34] mainPopup/去蚂蚁庄园逛一逛 缓存[3] 全部✗ 剩余errorTime=2 11ms
[2026-03-30 20:27:33] [hamibot] [INFO]:[INFO] [findTargetElementWithCache]: [sel#133] mainPopup/今天 缓存[9] 全部✗ 剩余errorTime=39 87ms
[2026-03-30 20:27:33] [hamibot] [INFO]:[INFO] [findTargetElementWithCache]: [sel#134] mainPopup/今天 缓存[9] 全部✗ 剩余errorTime=38 82ms
[2026-03-30 20:27:34] [hamibot] [INFO]:[INFO] [findTargetElementWithCache]: [sel#96] coinExchangeMain/闲鱼币抵扣 缓存[3,6] errorTime耗尽，降级串行 118ms
[2026-03-30 20:27:34] [hamibot] [INFO]:[INFO] [findTargetElementWithCache]: [sel#96] coinExchangeMain/闲鱼币抵扣 串行启动 12 条策略
[2026-03-30 20:27:34] [hamibot] [INFO]:[INFO] [findTargetElementWithCache]: [sel#96] coinExchangeMain/闲鱼币抵扣 串行全部✗ 串行784ms 总960ms
[2026-03-30 20:27:36] [hamibot] [INFO]:[INFO] [findTargetElementWithCache]: [sel#135] mainPopup/今天 缓存[9] 全部✗ 剩余errorTime=37 244ms
[2026-03-30 20:27:36] [hamibot] [INFO]:[INFO] [findTargetElementWithCache]: [sel#97] coinExchangeMain/闲鱼币抵扣 缓存[3,6] errorTime耗尽，降级串行 401ms
[2026-03-30 20:27:36] [hamibot] [INFO]:[INFO] [findTargetElementWithCache]: [sel#97] coinExchangeMain/闲鱼币抵扣 串行启动 12 条策略
[2026-03-30 20:27:38] [hamibot] [INFO]:[INFO] [findTargetElementWithCache]: [sel#97] coinExchangeMain/闲鱼币抵扣 串行全部✗ 串行1652ms 总2111ms
[2026-03-30 20:27:38] [hamibot] [INFO]:[INFO] [backMainPage]: 当前app不是闲鱼，直接回退 com.eg.android.AlipayGphone
[2026-03-30 20:27:38] [hamibot] [INFO]:[INFO] [findTargetElementWithCache]: [sel#136] mainPopup/今天 缓存[9] 全部✗ 剩余errorTime=36 67ms
[2026-03-30 20:27:38] [hamibot] [INFO]:[INFO] [findTargetElementWithCache]: [sel#98] coinExchangeMain/闲鱼币抵扣 缓存[3,6] errorTime耗尽，降级串行 128ms
[2026-03-30 20:27:39] [hamibot] [INFO]:[INFO] [findTargetElementWithCache]: [sel#98] coinExchangeMain/闲鱼币抵扣 串行启动 12 条策略
[2026-03-30 20:27:39] [hamibot] [INFO]:[INFO] [findTargetElementWithCache]: [sel#98] coinExchangeMain/闲鱼币抵扣 串行全部✗ 串行724ms 总912ms
[2026-03-30 20:27:39] [hamibot] [INFO]:[INFO] [backMainPage]: 当前app不是闲鱼，直接回退 com.eg.android.AlipayGphone
[2026-03-30 20:27:40] [hamibot] [INFO]:[INFO] [findTargetElementWithCache]: [sel#137] mainPopup/今天 缓存[9] 全部✗ 剩余errorTime=35 74ms
[2026-03-30 20:27:40] [hamibot] [INFO]:[INFO] [findTargetElementWithCache]: [sel#99] coinExchangeMain/闲鱼币抵扣 缓存[3,6] errorTime耗尽，降级串行 109ms
[2026-03-30 20:27:40] [hamibot] [INFO]:[INFO] [findTargetElementWithCache]: [sel#99] coinExchangeMain/闲鱼币抵扣 串行启动 12 条策略
[2026-03-30 20:27:41] [hamibot] [INFO]:[INFO] [findTargetElementWithCache]: [sel#99] coinExchangeMain/闲鱼币抵扣 串行全部✗ 串行1049ms 总1205ms
[2026-03-30 20:27:41] [hamibot] [INFO]:[INFO] [backMainPage]: 当前app不是闲鱼，直接回退 com.eg.android.AlipayGphone
[2026-03-30 20:27:41] [hamibot] [ERROR]:[ERROR] [backMainPage]: 死循环了， 关闭app
[2026-03-30 20:27:41] [hamibot] [INFO]:[INFO] [saveElementCache]: saveElementCache 服务端共 15 条 (本次新增/更新 15 条)
[2026-03-30 20:27:41] [hamibot] [INFO]:[INFO] [flushElementCache]: 已触发异步刷新元素查找缓存
[2026-03-30 20:27:42] [hamibot] [INFO]:[INFO] [closeApp]: openHamibot true
[2026-03-30 20:27:44] [hamibot] [INFO]:[INFO] [tryClickNode]: tryClickNode com.stardust.automator.UiObject@2a4bc; boundsInParent: Rect(0, 0 - 240, 240); boundsInScreen: Rect(420, 2057 - 660, 2297); packageName: com.miui.home; className: android.view.View; text: null; contentDescription: 本机共有12.0 G内存，当前4.6 G可用，双击清理全部任务; viewId: com.miui.home:id/clearAnimView; checkable: false; checked: false; focusable: true; focused: false; selected: false; clickable: true; longClickable: true; enabled: true; password: false; scrollable: false; [ACTION_FOCUS, ACTION_SELECT, ACTION_CLEAR_SELECTION, ACTION_CLICK, ACTION_LONG_CLICK, ACTION_ACCESSIBILITY_FOCUS, ACTION_NEXT_AT_MOVEMENT_GRANULARITY, ACTION_PREVIOUS_AT_MOVEMENT_GRANULARITY, ACTION_SET_SELECTION]
[2026-03-30 20:27:44] [hamibot] [ LOG ]:[ LOG ] [tryClickNode]: tryClickNode: 开始尝试点击节点 com.stardust.automator.UiObject@2a4bc; boundsInParent: Rect(0, 0 - 240, 240); boundsInScreen: Rect(420, 2057 - 660, 2297); packageName: com.miui.home; className: android.view.View; text: null; contentDescription: 本机共有12.0 G内存，当前4.6 G可用，双击清理全部任务; viewId: com.miui.home:id/clearAnimView; checkable: false; checked: false; focusable: true; focused: false; selected: false; clickable: true; longClickable: true; enabled: true; password: false; scrollable: false; [ACTION_FOCUS, ACTION_SELECT, ACTION_CLEAR_SELECTION, ACTION_CLICK, ACTION_LONG_CLICK, ACTION_ACCESSIBILITY_FOCUS, ACTION_NEXT_AT_MOVEMENT_GRANULARITY, ACTION_PREVIOUS_AT_MOVEMENT_GRANULARITY, ACTION_SET_SELECTION]
[2026-03-30 20:27:44] [hamibot] [ LOG ]:[ LOG ] [tryClickNode]: tryClickNode: 节点clickable值: function clickable() {/*
boolean clickable()
*/}

[2026-03-30 20:27:44] [hamibot] [ LOG ]:[ LOG ] [tryClickNode]: tryClickNode: 节点clickable toString: function clickable() {/*
boolean clickable()
*/}

[2026-03-30 20:27:44] [hamibot] [ LOG ]:[ LOG ] [tryClickNode]: tryClickNode: 解析后的clickable值: true
[2026-03-30 20:27:44] [hamibot] [ LOG ]:[ LOG ] [tryClickNode]: tryClickNode: 节点本身可点击，执行直接点击
[2026-03-30 20:27:44] [hamibot] [ LOG ]:[ LOG ] [tryClickNode]: tryClickNode: 直接点击结果: true
[2026-03-30 20:27:45] [hamibot] [INFO]:[INFO] [closeApp]: 已通过最近任务页‘关闭全部’关闭应用
[2026-03-30 20:28:33] [hamibot] [INFO]:[INFO] [findTargetElementWithCache]: [sel#34] coinExchangeMain/闲鱼币 缓存#3(1/1) ✓ 689ms
[2026-03-30 20:28:38] [hamibot] [INFO]:[INFO] [findTargetElementWithCache]: [sel#138] mainPopup/今天 缓存#9(1/1) ✓ 5225ms
[2026-03-30 20:28:55] [hamibot] [INFO]:[INFO] [findTargetElementList]: [sel-list#25] mainPopup/领取奖励 缓存#3(1/1) ✓ 1个 15483ms
[2026-03-30 20:28:55] [hamibot] [INFO]:[INFO] [checkGetGold]: checkGetGold, 找到1个领取奖励的按钮
[2026-03-30 20:28:55] [hamibot] [INFO]:[INFO] [checkGetGold]: checkGetGold, 点击领取奖励: com.stardust.automator.UiObject@1535e8; boundsInParent: Rect(9, 8 - 62, 27); boundsInScreen: Rect(847, 1165 - 987, 1215); packageName: com.taobao.idlefish; className: android.widget.TextView; text: 领取奖励; contentDescription: null; viewId: null; checkable: false; checked: false; focusable: false; focused: false; selected: false; clickable: true; longClickable: false; enabled: true; password: false; scrollable: false; [ACTION_CLICK, ACTION_ACCESSIBILITY_FOCUS, ACTION_NEXT_AT_MOVEMENT_GRANULARITY, ACTION_PREVIOUS_AT_MOVEMENT_GRANULARITY, ACTION_NEXT_HTML_ELEMENT, ACTION_PREVIOUS_HTML_ELEMENT]
[2026-03-30 20:28:56] [hamibot] [INFO]:[INFO] [Anonymous functions]: 浏览指定频道好物: hasRun=true
[2026-03-30 20:28:56] [hamibot] [INFO]:[INFO] [Anonymous functions]: 搜一搜喜欢的商品: hasRun=true
[2026-03-30 20:28:56] [hamibot] [INFO]:[INFO] [Anonymous functions]: 去浏览全新好物: hasRun=true
[2026-03-30 20:28:56] [hamibot] [INFO]:[INFO] [Anonymous functions]: 浏览推荐的国补商品: hasRun=true
[2026-03-30 20:28:56] [hamibot] [INFO]:[INFO] [Anonymous functions]: 去蚂蚁森林逛一逛: hasRun=true
[2026-03-30 20:28:56] [hamibot] [INFO]:[INFO] [Anonymous functions]: 去支付宝农场领水果: hasRun=true
[2026-03-30 20:28:56] [hamibot] [INFO]:[INFO] [Anonymous functions]: 去淘宝签到领红包: hasRun=true
[2026-03-30 20:28:56] [hamibot] [INFO]:[INFO] [Anonymous functions]: 去蚂蚁森林逛一逛: hasRun=true
[2026-03-30 20:28:57] [hamibot] [INFO]:[INFO] [Anonymous functions]: 去蚂蚁庄园逛一逛: hasRun=false
[2026-03-30 20:28:57] [hamibot] [INFO]:[INFO] [Anonymous functions]: 去支付宝领积分: hasRun=false
[2026-03-30 20:28:57] [hamibot] [INFO]:[INFO] [Anonymous functions]: 浏览鱼小铺工作台: hasRun=false
[2026-03-30 20:28:57] [hamibot] [INFO]:[INFO] [Anonymous functions]: 搜一搜推荐商品: hasRun=false
[2026-03-30 20:28:57] [hamibot] [INFO]:[INFO] [Anonymous functions]: 领至高20元外卖红包: hasRun=false
[2026-03-30 20:28:57] [hamibot] [INFO]:[INFO] [Anonymous functions]: 看视频奖励100币: hasRun=false
[2026-03-30 20:28:57] [hamibot] [INFO]:[INFO] [Anonymous functions]: 看视频奖励100币: hasRun=false
[2026-03-30 20:28:57] [hamibot] [INFO]:[INFO] [Anonymous functions]: 看视频奖励100币: hasRun=false
[2026-03-30 20:28:57] [hamibot] [INFO]:[INFO] [Anonymous functions]: 看视频奖励100币: hasRun=false
[2026-03-30 20:28:57] [hamibot] [INFO]:[INFO] [Anonymous functions]: 发布一件新宝贝: hasRun=false
[2026-03-30 20:29:02] [hamibot] [INFO]:[INFO] [findTargetElementWithCacheStrict]: [sel-strict#25] mainPopup/签到 缓存[3] errorTime耗尽，降级串行 4532ms
[2026-03-30 20:29:02] [hamibot] [INFO]:[INFO] [findTargetElementWithCacheStrict]: [sel-strict#25] mainPopup/签到 串行启动 12 条策略
[2026-03-30 20:30:20] [hamibot] [ERROR]:[ERROR] [findTargetElementWithCacheStrict]: [sel-strict#25] mainPopup/签到 串行全部✗ 串行77814ms 总82423ms
[2026-03-30 20:30:27] [hamibot] [INFO]:[INFO] [findTargetElementWithCacheStrict]: [sel-strict#35] mainPopup/去蚂蚁庄园逛一逛 缓存[3] 全部✗ 剩余errorTime=1 7164ms
[2026-03-30 20:30:32] [hamibot] [INFO]:[INFO] [findTargetElementWithCache]: [sel#139] mainPopup/今天 缓存#9(1/1) ✓ 4434ms
[2026-03-30 20:30:32] [hamibot] [INFO]:[INFO] [mainPopupFn]: 没有找到去蚂蚁庄园逛一逛， 将当前任务改成已经运行
[2026-03-30 20:30:32] [hamibot] [INFO]:[INFO] [findTargetElementWithCacheStrict]: [sel-strict#1] mainPopup/去支付宝领积分 串行启动 12 条策略
[2026-03-30 20:32:02] [hamibot] [ERROR]:[ERROR] [findTargetElementWithCacheStrict]: [sel-strict#1] mainPopup/去支付宝领积分 串行全部✗ 串行90669ms 总90669ms
[2026-03-30 20:32:06] [hamibot] [INFO]:[INFO] [findTargetElementWithCache]: [sel#140] mainPopup/今天 缓存#9(1/1) ✓ 3475ms
[2026-03-30 20:32:06] [hamibot] [INFO]:[INFO] [mainPopupFn]: 没有找到去支付宝领积分， 将当前任务改成已经运行
[2026-03-30 20:32:14] [hamibot] [INFO]:[INFO] [findTargetElementWithCacheStrict]: [sel-strict#1] mainPopup/浏览鱼小铺工作台 缓存#3(1/1) ✓ 8304ms
[2026-03-30 20:32:23] [hamibot] [INFO]:[INFO] [findTargetElementWithCacheStrict]: [sel-strict#2] mainPopup/浏览鱼小铺工作台 缓存#3(1/1) ✓ 8316ms
[2026-03-30 20:32:32] [hamibot] [INFO]:[INFO] [findTargetElementWithCacheStrict]: [sel-strict#3] mainPopup/浏览鱼小铺工作台 缓存#3(1/1) ✓ 7708ms
[2026-03-30 20:32:43] [hamibot] [INFO]:[INFO] [findTargetElementList]: [sel-list#24] mainPopup/去完成 缓存#3(1/1) ✓ 21个 11704ms
[2026-03-30 20:32:44] [hamibot] [INFO]:[INFO] [findBtn_1]: sysReact, x: 866, y: 2218
[2026-03-30 20:32:45] [hamibot] [INFO]:[INFO] [findBtn_1]: 运行++浏览鱼小铺工作台
[2026-03-30 20:32:51] [hamibot] [INFO]:[INFO] [findTargetElementWithCache]: [sel#141] mainPopup/今天 缓存[9] 全部✗ 剩余errorTime=39 223ms
[2026-03-30 20:32:51] [hamibot] [INFO]:[INFO] [findTargetElementWithCache]: [sel#100] coinExchangeMain/闲鱼币抵扣 缓存#3(1/2) ✓ 209ms
[2026-03-30 20:32:52] [hamibot] [INFO]:[INFO] [findTargetElementWithCache]: [sel#142] mainPopup/今天 缓存[9] 全部✗ 剩余errorTime=38 350ms
[2026-03-30 20:32:52] [hamibot] [INFO]:[INFO] [findTargetElementWithCache]: [sel#101] coinExchangeMain/闲鱼币抵扣 缓存[3,6] 全部✗ 剩余errorTime=19 658ms
[2026-03-30 20:32:57] [hamibot] [INFO]:[INFO] [findTargetElementWithCache]: [sel#35] coinExchangeMain/闲鱼币 缓存#3(1/1) ✓ 647ms
[2026-03-30 20:33:02] [hamibot] [INFO]:[INFO] [findTargetElementWithCache]: [sel#143] mainPopup/今天 缓存#9(1/1) ✓ 5451ms
[2026-03-30 20:33:18] [hamibot] [INFO]:[INFO] [findTargetElementList]: [sel-list#26] mainPopup/领取奖励 缓存#3(1/1) ✓ 1个 14190ms
[2026-03-30 20:33:18] [hamibot] [INFO]:[INFO] [checkGetGold]: checkGetGold, 找到1个领取奖励的按钮
[2026-03-30 20:33:18] [hamibot] [INFO]:[INFO] [checkGetGold]: checkGetGold, 点击领取奖励: com.stardust.automator.UiObject@184ab8; boundsInParent: Rect(9, 8 - 63, 27); boundsInScreen: Rect(850, 1165 - 992, 1215); packageName: com.taobao.idlefish; className: android.widget.TextView; text: 领取奖励; contentDescription: null; viewId: null; checkable: false; checked: false; focusable: false; focused: false; selected: false; clickable: true; longClickable: false; enabled: true; password: false; scrollable: false; [ACTION_CLICK, ACTION_ACCESSIBILITY_FOCUS, ACTION_NEXT_AT_MOVEMENT_GRANULARITY, ACTION_PREVIOUS_AT_MOVEMENT_GRANULARITY, ACTION_NEXT_HTML_ELEMENT, ACTION_PREVIOUS_HTML_ELEMENT]
[2026-03-30 20:33:19] [hamibot] [INFO]:[INFO] [Anonymous functions]: 浏览指定频道好物: hasRun=true
[2026-03-30 20:33:19] [hamibot] [INFO]:[INFO] [Anonymous functions]: 搜一搜喜欢的商品: hasRun=true
[2026-03-30 20:33:19] [hamibot] [INFO]:[INFO] [Anonymous functions]: 去浏览全新好物: hasRun=true
[2026-03-30 20:33:19] [hamibot] [INFO]:[INFO] [Anonymous functions]: 浏览推荐的国补商品: hasRun=true
[2026-03-30 20:33:19] [hamibot] [INFO]:[INFO] [Anonymous functions]: 去蚂蚁森林逛一逛: hasRun=true
[2026-03-30 20:33:19] [hamibot] [INFO]:[INFO] [Anonymous functions]: 去支付宝农场领水果: hasRun=true
[2026-03-30 20:33:20] [hamibot] [INFO]:[INFO] [Anonymous functions]: 去淘宝签到领红包: hasRun=true
[2026-03-30 20:33:20] [hamibot] [INFO]:[INFO] [Anonymous functions]: 去蚂蚁森林逛一逛: hasRun=true
[2026-03-30 20:33:20] [hamibot] [INFO]:[INFO] [Anonymous functions]: 去蚂蚁庄园逛一逛: hasRun=true
[2026-03-30 20:33:20] [hamibot] [INFO]:[INFO] [Anonymous functions]: 去支付宝领积分: hasRun=true
[2026-03-30 20:33:20] [hamibot] [INFO]:[INFO] [Anonymous functions]: 浏览鱼小铺工作台: hasRun=false
[2026-03-30 20:33:20] [hamibot] [INFO]:[INFO] [Anonymous functions]: 搜一搜推荐商品: hasRun=false
[2026-03-30 20:33:20] [hamibot] [INFO]:[INFO] [Anonymous functions]: 领至高20元外卖红包: hasRun=false
[2026-03-30 20:33:20] [hamibot] [INFO]:[INFO] [Anonymous functions]: 看视频奖励100币: hasRun=false
[2026-03-30 20:33:20] [hamibot] [INFO]:[INFO] [Anonymous functions]: 看视频奖励100币: hasRun=false
[2026-03-30 20:33:20] [hamibot] [INFO]:[INFO] [Anonymous functions]: 看视频奖励100币: hasRun=false
[2026-03-30 20:33:20] [hamibot] [INFO]:[INFO] [Anonymous functions]: 看视频奖励100币: hasRun=false
[2026-03-30 20:33:20] [hamibot] [INFO]:[INFO] [Anonymous functions]: 发布一件新宝贝: hasRun=false
[2026-03-30 20:33:28] [hamibot] [INFO]:[INFO] [findTargetElementWithCacheStrict]: [sel-strict#26] mainPopup/签到 缓存[3] errorTime耗尽，降级串行 7974ms
[2026-03-30 20:33:28] [hamibot] [INFO]:[INFO] [findTargetElementWithCacheStrict]: [sel-strict#26] mainPopup/签到 串行启动 12 条策略
[2026-03-30 20:34:19] [hamibot] [ERROR]:[ERROR] [findTargetElementWithCacheStrict]: [sel-strict#26] mainPopup/签到 串行全部✗ 串行50329ms 总58361ms
[2026-03-30 20:34:19] [hamibot] [INFO]:[INFO] [findTargetElementWithCacheStrict]: [sel-strict#4] mainPopup/浏览鱼小铺工作台 缓存[3] 全部✗ 剩余errorTime=2 2ms
[2026-03-30 20:34:19] [hamibot] [INFO]:[INFO] [findTargetElementWithCache]: [sel#144] mainPopup/今天 缓存[9] 全部✗ 剩余errorTime=39 58ms
[2026-03-30 20:34:19] [hamibot] [INFO]:[INFO] [findTargetElementWithCache]: [sel#145] mainPopup/今天 缓存[9] 全部✗ 剩余errorTime=38 87ms
[2026-03-30 20:34:19] [hamibot] [INFO]:[INFO] [findTargetElementWithCache]: [sel#102] coinExchangeMain/闲鱼币抵扣 缓存[3,6] 全部✗ 剩余errorTime=18 177ms
[2026-03-30 20:34:20] [hamibot] [INFO]:[INFO] [backMainPage]: 当前app不是闲鱼，直接回退 com.miui.personalassistant
[2026-03-30 20:34:23] [hamibot] [INFO]:[INFO] [Outer]: Exit...
