[2026-06-12 09:03:59] [hamibot] [ERROR]:[ERROR] [createLogs]: createLogs error { [JavaException: java.net.SocketTimeoutException: failed to connect to /10.10.30.129 (port 3000) from /10.10.31.175 (port 40214) after 30000ms]
  fileName: 'file:///android_asset/modules/__http__.js',
  lineNumber: 49 }
[2026-06-12 09:03:59] [hamibot] [INFO]:[INFO] [Anonymous functions]: Configuration loaded {"APP_ENV":"development","USER_ID":"6723480da777ba4dbbb4bfe9","ROBOT_ID":"67242f26e2fed0e6e3d11b91","SCRIPT_ID":"6723493b364a634dae6c9099","TIMESTAMP":"2026-06-12 08:51:28"}
[2026-06-12 09:03:59] [hamibot] [INFO]:[INFO] [Anonymous functions]: Verifying configurations
[2026-06-12 09:03:59] [hamibot] [INFO]:[INFO] [Anonymous functions]: Start running script
[2026-06-12 09:03:59] [hamibot] [INFO]:[INFO] [getElementCache]: getElementCache 加载成功，共 18 条 (第1次)
[2026-06-12 09:03:59] [hamibot] [DEBUG]:[DEBUG] [init]: Accessibility permissions enabled
[2026-06-12 09:03:59] [hamibot] [DEBUG]:[DEBUG] [init]: Screen size: 2400 x 1080
[2026-06-12 09:03:59] [hamibot] [INFO]:[INFO] [saveElementCache]: saveElementCache 服务端共 18 条 (本次新增/更新 18 条)
[2026-06-12 09:03:59] [hamibot] [INFO]:[INFO] [flushElementCache]: 已触发异步刷新元素查找缓存
[2026-06-12 09:03:59] [hamibot] [INFO]:[INFO] [closeApp]: openHamibot true
[2026-06-12 09:04:04] [hamibot] [INFO]:[INFO] [tryClickNode]: tryClickNode com.stardust.automator.UiObject@2a16a; boundsInParent: Rect(0, 0 - 240, 240); boundsInScreen: Rect(420, 2057 - 660, 2297); packageName: com.miui.home; className: android.view.View; text: null; contentDescription: 本机共有12.0 G内存，当前6.1 G可用，双击清理全部任务; viewId: com.miui.home:id/clearAnimView; checkable: false; checked: false; focusable: true; focused: false; selected: false; clickable: true; longClickable: true; enabled: true; password: false; scrollable: false; [ACTION_FOCUS, ACTION_SELECT, ACTION_CLEAR_SELECTION, ACTION_CLICK, ACTION_LONG_CLICK, ACTION_ACCESSIBILITY_FOCUS, ACTION_NEXT_AT_MOVEMENT_GRANULARITY, ACTION_PREVIOUS_AT_MOVEMENT_GRANULARITY, ACTION_SET_SELECTION]
[2026-06-12 09:04:04] [hamibot] [ LOG ]:[ LOG ] [tryClickNode]: tryClickNode: 开始尝试点击节点 com.stardust.automator.UiObject@2a16a; boundsInParent: Rect(0, 0 - 240, 240); boundsInScreen: Rect(420, 2057 - 660, 2297); packageName: com.miui.home; className: android.view.View; text: null; contentDescription: 本机共有12.0 G内存，当前6.1 G可用，双击清理全部任务; viewId: com.miui.home:id/clearAnimView; checkable: false; checked: false; focusable: true; focused: false; selected: false; clickable: true; longClickable: true; enabled: true; password: false; scrollable: false; [ACTION_FOCUS, ACTION_SELECT, ACTION_CLEAR_SELECTION, ACTION_CLICK, ACTION_LONG_CLICK, ACTION_ACCESSIBILITY_FOCUS, ACTION_NEXT_AT_MOVEMENT_GRANULARITY, ACTION_PREVIOUS_AT_MOVEMENT_GRANULARITY, ACTION_SET_SELECTION]
[2026-06-12 09:04:04] [hamibot] [ LOG ]:[ LOG ] [tryClickNode]: tryClickNode: 节点clickable值: function clickable() {/*
boolean clickable()
*/}

[2026-06-12 09:04:04] [hamibot] [ LOG ]:[ LOG ] [tryClickNode]: tryClickNode: 节点clickable toString: function clickable() {/*
boolean clickable()
*/}

[2026-06-12 09:04:04] [hamibot] [ LOG ]:[ LOG ] [tryClickNode]: tryClickNode: 解析后的clickable值: true
[2026-06-12 09:04:04] [hamibot] [ LOG ]:[ LOG ] [tryClickNode]: tryClickNode: 节点本身可点击，执行直接点击
[2026-06-12 09:04:04] [hamibot] [ LOG ]:[ LOG ] [tryClickNode]: tryClickNode: 直接点击结果: true
[2026-06-12 09:04:05] [hamibot] [INFO]:[INFO] [closeApp]: 已通过最近任务页‘关闭全部’关闭应用
[2026-06-12 09:04:06] [hamibot] [INFO]:[INFO] [Outer]: 开始查找商品详情
[2026-06-12 09:04:08] [hamibot] [INFO]:[INFO] [Outer]: 找到商品数量: 0
[2026-06-12 09:04:09] [hamibot] [INFO]:[INFO] [fetchPendingTasks]: fetchPendingTasks raw[30]: {"code":0,"data":[],"total":0}
[2026-06-12 09:04:24] [hamibot] [INFO]:[INFO] [fetchPendingTasks]: fetchPendingTasks raw[30]: {"code":0,"data":[],"total":0}
[2026-06-12 09:04:39] [hamibot] [INFO]:[INFO] [fetchPendingTasks]: fetchPendingTasks raw[30]: {"code":0,"data":[],"total":0}
[2026-06-12 09:04:54] [hamibot] [INFO]:[INFO] [fetchPendingTasks]: fetchPendingTasks raw[30]: {"code":0,"data":[],"total":0}
[2026-06-12 09:05:10] [hamibot] [INFO]:[INFO] [fetchPendingTasks]: fetchPendingTasks raw[30]: {"code":0,"data":[],"total":0}
[2026-06-12 09:05:25] [hamibot] [INFO]:[INFO] [fetchPendingTasks]: fetchPendingTasks raw[30]: {"code":0,"data":[],"total":0}
[2026-06-12 09:05:40] [hamibot] [INFO]:[INFO] [fetchPendingTasks]: fetchPendingTasks raw[30]: {"code":0,"data":[],"total":0}
[2026-06-12 09:06:08] [hamibot] [INFO]:[INFO] [fetchPendingTasks]: fetchPendingTasks raw[30]: {"code":0,"data":[],"total":0}
[2026-06-12 09:06:23] [hamibot] [INFO]:[INFO] [fetchPendingTasks]: fetchPendingTasks raw[30]: {"code":0,"data":[],"total":0}
[2026-06-12 09:06:38] [hamibot] [INFO]:[INFO] [fetchPendingTasks]: fetchPendingTasks raw[30]: {"code":0,"data":[],"total":0}
[2026-06-12 09:06:54] [hamibot] [INFO]:[INFO] [fetchPendingTasks]: fetchPendingTasks raw[30]: {"code":0,"data":[],"total":0}
[2026-06-12 09:07:09] [hamibot] [INFO]:[INFO] [fetchPendingTasks]: fetchPendingTasks raw[30]: {"code":0,"data":[],"total":0}
[2026-06-12 09:07:24] [hamibot] [INFO]:[INFO] [fetchPendingTasks]: fetchPendingTasks raw[30]: {"code":0,"data":[],"total":0}
[2026-06-12 09:07:39] [hamibot] [INFO]:[INFO] [fetchPendingTasks]: fetchPendingTasks raw[30]: {"code":0,"data":[],"total":0}
[2026-06-12 09:07:54] [hamibot] [INFO]:[INFO] [fetchPendingTasks]: fetchPendingTasks raw[30]: {"code":0,"data":[],"total":0}
[2026-06-12 09:08:09] [hamibot] [INFO]:[INFO] [fetchPendingTasks]: fetchPendingTasks raw[30]: {"code":0,"data":[],"total":0}
[2026-06-12 09:08:24] [hamibot] [INFO]:[INFO] [fetchPendingTasks]: fetchPendingTasks raw[30]: {"code":0,"data":[],"total":0}
[2026-06-12 09:08:39] [hamibot] [INFO]:[INFO] [fetchPendingTasks]: fetchPendingTasks raw[30]: {"code":0,"data":[],"total":0}
[2026-06-12 09:08:54] [hamibot] [INFO]:[INFO] [fetchPendingTasks]: fetchPendingTasks raw[30]: {"code":0,"data":[],"total":0}
[2026-06-12 09:09:10] [hamibot] [INFO]:[INFO] [fetchPendingTasks]: fetchPendingTasks raw[30]: {"code":0,"data":[],"total":0}
[2026-06-12 09:09:25] [hamibot] [INFO]:[INFO] [fetchPendingTasks]: fetchPendingTasks raw[30]: {"code":0,"data":[],"total":0}
[2026-06-12 09:09:40] [hamibot] [INFO]:[INFO] [fetchPendingTasks]: fetchPendingTasks raw[30]: {"code":0,"data":[],"total":0}
[2026-06-12 09:09:55] [hamibot] [INFO]:[INFO] [fetchPendingTasks]: fetchPendingTasks raw[30]: {"code":0,"data":[],"total":0}
[2026-06-12 09:10:10] [hamibot] [INFO]:[INFO] [fetchPendingTasks]: fetchPendingTasks raw[30]: {"code":0,"data":[],"total":0}
[2026-06-12 09:10:25] [hamibot] [INFO]:[INFO] [fetchPendingTasks]: fetchPendingTasks raw[30]: {"code":0,"data":[],"total":0}
[2026-06-12 09:10:40] [hamibot] [INFO]:[INFO] [fetchPendingTasks]: fetchPendingTasks raw[30]: {"code":0,"data":[],"total":0}
[2026-06-12 09:10:55] [hamibot] [INFO]:[INFO] [fetchPendingTasks]: fetchPendingTasks raw[30]: {"code":0,"data":[],"total":0}
[2026-06-12 09:11:10] [hamibot] [INFO]:[INFO] [fetchPendingTasks]: fetchPendingTasks raw[30]: {"code":0,"data":[],"total":0}
[2026-06-12 09:11:25] [hamibot] [INFO]:[INFO] [fetchPendingTasks]: fetchPendingTasks raw[30]: {"code":0,"data":[],"total":0}
[2026-06-12 09:11:40] [hamibot] [INFO]:[INFO] [fetchPendingTasks]: fetchPendingTasks raw[30]: {"code":0,"data":[],"total":0}
[2026-06-12 09:11:55] [hamibot] [INFO]:[INFO] [fetchPendingTasks]: fetchPendingTasks raw[30]: {"code":0,"data":[],"total":0}
[2026-06-12 09:12:10] [hamibot] [INFO]:[INFO] [fetchPendingTasks]: fetchPendingTasks raw[30]: {"code":0,"data":[],"total":0}
[2026-06-12 09:12:25] [hamibot] [INFO]:[INFO] [fetchPendingTasks]: fetchPendingTasks raw[30]: {"code":0,"data":[],"total":0}
[2026-06-12 09:12:40] [hamibot] [INFO]:[INFO] [fetchPendingTasks]: fetchPendingTasks raw[30]: {"code":0,"data":[],"total":0}
[2026-06-12 09:12:55] [hamibot] [INFO]:[INFO] [fetchPendingTasks]: fetchPendingTasks raw[30]: {"code":0,"data":[],"total":0}
[2026-06-12 09:13:10] [hamibot] [INFO]:[INFO] [fetchPendingTasks]: fetchPendingTasks raw[30]: {"code":0,"data":[],"total":0}
[2026-06-12 09:13:25] [hamibot] [INFO]:[INFO] [fetchPendingTasks]: fetchPendingTasks raw[30]: {"code":0,"data":[],"total":0}
[2026-06-12 09:13:41] [hamibot] [INFO]:[INFO] [fetchPendingTasks]: fetchPendingTasks raw[30]: {"code":0,"data":[],"total":0}
[2026-06-12 09:13:56] [hamibot] [INFO]:[INFO] [fetchPendingTasks]: fetchPendingTasks raw[30]: {"code":0,"data":[],"total":0}
[2026-06-12 09:14:11] [hamibot] [INFO]:[INFO] [fetchPendingTasks]: fetchPendingTasks raw[30]: {"code":0,"data":[],"total":0}
[2026-06-12 09:14:26] [hamibot] [INFO]:[INFO] [fetchPendingTasks]: fetchPendingTasks raw[30]: {"code":0,"data":[],"total":0}
[2026-06-12 09:14:41] [hamibot] [INFO]:[INFO] [fetchPendingTasks]: fetchPendingTasks raw[30]: {"code":0,"data":[],"total":0}
[2026-06-12 09:14:56] [hamibot] [INFO]:[INFO] [fetchPendingTasks]: fetchPendingTasks raw[30]: {"code":0,"data":[],"total":0}
[2026-06-12 09:15:11] [hamibot] [INFO]:[INFO] [fetchPendingTasks]: fetchPendingTasks raw[30]: {"code":0,"data":[],"total":0}
[2026-06-12 09:15:26] [hamibot] [INFO]:[INFO] [fetchPendingTasks]: fetchPendingTasks raw[30]: {"code":0,"data":[],"total":0}
[2026-06-12 09:15:41] [hamibot] [INFO]:[INFO] [fetchPendingTasks]: fetchPendingTasks raw[30]: {"code":0,"data":[],"total":0}
[2026-06-12 09:15:56] [hamibot] [INFO]:[INFO] [fetchPendingTasks]: fetchPendingTasks raw[30]: {"code":0,"data":[],"total":0}
[2026-06-12 09:16:11] [hamibot] [INFO]:[INFO] [fetchPendingTasks]: fetchPendingTasks raw[30]: {"code":0,"data":[],"total":0}
[2026-06-12 09:16:26] [hamibot] [INFO]:[INFO] [fetchPendingTasks]: fetchPendingTasks raw[30]: {"code":0,"data":[],"total":0}
[2026-06-12 09:16:41] [hamibot] [INFO]:[INFO] [fetchPendingTasks]: fetchPendingTasks raw[30]: {"code":0,"data":[],"total":0}
[2026-06-12 09:16:56] [hamibot] [INFO]:[INFO] [fetchPendingTasks]: fetchPendingTasks raw[30]: {"code":0,"data":[],"total":0}
[2026-06-12 09:17:11] [hamibot] [INFO]:[INFO] [fetchPendingTasks]: fetchPendingTasks raw[30]: {"code":0,"data":[],"total":0}
[2026-06-12 09:17:26] [hamibot] [INFO]:[INFO] [fetchPendingTasks]: fetchPendingTasks raw[30]: {"code":0,"data":[],"total":0}
[2026-06-12 09:17:41] [hamibot] [INFO]:[INFO] [fetchPendingTasks]: fetchPendingTasks raw[30]: {"code":0,"data":[],"total":0}
[2026-06-12 09:17:56] [hamibot] [INFO]:[INFO] [fetchPendingTasks]: fetchPendingTasks raw[30]: {"code":0,"data":[],"total":0}
[2026-06-12 09:18:12] [hamibot] [INFO]:[INFO] [fetchPendingTasks]: fetchPendingTasks raw[30]: {"code":0,"data":[],"total":0}
[2026-06-12 09:18:27] [hamibot] [INFO]:[INFO] [fetchPendingTasks]: fetchPendingTasks raw[30]: {"code":0,"data":[],"total":0}
[2026-06-12 09:18:36] [hamibot] [INFO]:[INFO] [Outer]: Exit...
[2026-06-12 09:18:36] [hamibot] [INFO]:[INFO] [Anonymous functions]: Launching...

	Current script version: 1.0.4

[2026-06-12 09:18:36] [hamibot] [INFO]:[INFO] [Anonymous functions]: Configuration loaded {"APP_ENV":"development","USER_ID":"6723480da777ba4dbbb4bfe9","ROBOT_ID":"67242f26e2fed0e6e3d11b91","SCRIPT_ID":"6723493b364a634dae6c9099","TIMESTAMP":"2026-06-12 09:18:35"}
[2026-06-12 09:18:36] [hamibot] [INFO]:[INFO] [Anonymous functions]: Verifying configurations
[2026-06-12 09:18:36] [hamibot] [INFO]:[INFO] [Anonymous functions]: Start running script
[2026-06-12 09:18:36] [hamibot] [INFO]:[INFO] [getElementCache]: getElementCache 加载成功，共 18 条 (第1次)
[2026-06-12 09:18:36] [hamibot] [DEBUG]:[DEBUG] [init]: Accessibility permissions enabled
[2026-06-12 09:18:36] [hamibot] [DEBUG]:[DEBUG] [init]: Screen size: 2400 x 1080
[2026-06-12 09:18:36] [hamibot] [INFO]:[INFO] [saveElementCache]: saveElementCache 服务端共 18 条 (本次新增/更新 18 条)
[2026-06-12 09:18:36] [hamibot] [INFO]:[INFO] [flushElementCache]: 已触发异步刷新元素查找缓存
[2026-06-12 09:18:36] [hamibot] [INFO]:[INFO] [closeApp]: openHamibot true
[2026-06-12 09:18:40] [hamibot] [INFO]:[INFO] [tryClickNode]: tryClickNode com.stardust.automator.UiObject@2a16a; boundsInParent: Rect(0, 0 - 240, 240); boundsInScreen: Rect(420, 2057 - 660, 2297); packageName: com.miui.home; className: android.view.View; text: null; contentDescription: 本机共有12.0 G内存，当前6.0 G可用，双击清理全部任务; viewId: com.miui.home:id/clearAnimView; checkable: false; checked: false; focusable: true; focused: false; selected: false; clickable: true; longClickable: true; enabled: true; password: false; scrollable: false; [ACTION_FOCUS, ACTION_SELECT, ACTION_CLEAR_SELECTION, ACTION_CLICK, ACTION_LONG_CLICK, ACTION_ACCESSIBILITY_FOCUS, ACTION_NEXT_AT_MOVEMENT_GRANULARITY, ACTION_PREVIOUS_AT_MOVEMENT_GRANULARITY, ACTION_SET_SELECTION]
[2026-06-12 09:18:40] [hamibot] [ LOG ]:[ LOG ] [tryClickNode]: tryClickNode: 开始尝试点击节点 com.stardust.automator.UiObject@2a16a; boundsInParent: Rect(0, 0 - 240, 240); boundsInScreen: Rect(420, 2057 - 660, 2297); packageName: com.miui.home; className: android.view.View; text: null; contentDescription: 本机共有12.0 G内存，当前6.0 G可用，双击清理全部任务; viewId: com.miui.home:id/clearAnimView; checkable: false; checked: false; focusable: true; focused: false; selected: false; clickable: true; longClickable: true; enabled: true; password: false; scrollable: false; [ACTION_FOCUS, ACTION_SELECT, ACTION_CLEAR_SELECTION, ACTION_CLICK, ACTION_LONG_CLICK, ACTION_ACCESSIBILITY_FOCUS, ACTION_NEXT_AT_MOVEMENT_GRANULARITY, ACTION_PREVIOUS_AT_MOVEMENT_GRANULARITY, ACTION_SET_SELECTION]
[2026-06-12 09:18:40] [hamibot] [ LOG ]:[ LOG ] [tryClickNode]: tryClickNode: 节点clickable值: function clickable() {/*
boolean clickable()
*/}

[2026-06-12 09:18:40] [hamibot] [ LOG ]:[ LOG ] [tryClickNode]: tryClickNode: 节点clickable toString: function clickable() {/*
boolean clickable()
*/}

[2026-06-12 09:18:40] [hamibot] [ LOG ]:[ LOG ] [tryClickNode]: tryClickNode: 解析后的clickable值: true
[2026-06-12 09:18:40] [hamibot] [ LOG ]:[ LOG ] [tryClickNode]: tryClickNode: 节点本身可点击，执行直接点击
[2026-06-12 09:18:40] [hamibot] [ LOG ]:[ LOG ] [tryClickNode]: tryClickNode: 直接点击结果: true
[2026-06-12 09:18:41] [hamibot] [INFO]:[INFO] [closeApp]: 已通过最近任务页‘关闭全部’关闭应用
[2026-06-12 09:18:42] [hamibot] [INFO]:[INFO] [Outer]: 开始查找商品详情
[2026-06-12 09:18:45] [hamibot] [INFO]:[INFO] [Outer]: 找到商品数量: 0
[2026-06-12 09:18:46] [hamibot] [INFO]:[INFO] [fetchPendingTasks]: fetchPendingTasks raw[30]: {"code":0,"data":[],"total":0}
[2026-06-12 09:19:01] [hamibot] [INFO]:[INFO] [fetchPendingTasks]: fetchPendingTasks raw[30]: {"code":0,"data":[],"total":0}
[2026-06-12 09:19:16] [hamibot] [INFO]:[INFO] [fetchPendingTasks]: fetchPendingTasks raw[30]: {"code":0,"data":[],"total":0}
[2026-06-12 09:19:31] [hamibot] [INFO]:[INFO] [fetchPendingTasks]: fetchPendingTasks raw[30]: {"code":0,"data":[],"total":0}
[2026-06-12 09:19:46] [hamibot] [INFO]:[INFO] [fetchPendingTasks]: fetchPendingTasks raw[30]: {"code":0,"data":[],"total":0}
[2026-06-12 09:20:03] [hamibot] [INFO]:[INFO] [fetchPendingTasks]: fetchPendingTasks raw[30]: {"code":0,"data":[],"total":0}
[2026-06-12 09:20:18] [hamibot] [INFO]:[INFO] [fetchPendingTasks]: fetchPendingTasks raw[30]: {"code":0,"data":[],"total":0}
[2026-06-12 09:20:33] [hamibot] [INFO]:[INFO] [fetchPendingTasks]: fetchPendingTasks raw[30]: {"code":0,"data":[],"total":0}
[2026-06-12 09:20:48] [hamibot] [INFO]:[INFO] [fetchPendingTasks]: fetchPendingTasks raw[30]: {"code":0,"data":[],"total":0}
[2026-06-12 09:21:03] [hamibot] [INFO]:[INFO] [fetchPendingTasks]: fetchPendingTasks raw[30]: {"code":0,"data":[],"total":0}
[2026-06-12 09:21:18] [hamibot] [INFO]:[INFO] [fetchPendingTasks]: fetchPendingTasks raw[30]: {"code":0,"data":[],"total":0}
[2026-06-12 09:21:33] [hamibot] [INFO]:[INFO] [fetchPendingTasks]: fetchPendingTasks raw[30]: {"code":0,"data":[],"total":0}
[2026-06-12 09:21:48] [hamibot] [INFO]:[INFO] [fetchPendingTasks]: fetchPendingTasks raw[30]: {"code":0,"data":[],"total":0}
[2026-06-12 09:22:03] [hamibot] [INFO]:[INFO] [fetchPendingTasks]: fetchPendingTasks raw[30]: {"code":0,"data":[],"total":0}
[2026-06-12 09:22:18] [hamibot] [INFO]:[INFO] [fetchPendingTasks]: fetchPendingTasks raw[30]: {"code":0,"data":[],"total":0}
[2026-06-12 09:22:33] [hamibot] [INFO]:[INFO] [fetchPendingTasks]: fetchPendingTasks raw[30]: {"code":0,"data":[],"total":0}
[2026-06-12 09:22:48] [hamibot] [INFO]:[INFO] [fetchPendingTasks]: fetchPendingTasks raw[30]: {"code":0,"data":[],"total":0}
[2026-06-12 09:23:03] [hamibot] [INFO]:[INFO] [fetchPendingTasks]: fetchPendingTasks raw[30]: {"code":0,"data":[],"total":0}
[2026-06-12 09:23:18] [hamibot] [INFO]:[INFO] [fetchPendingTasks]: fetchPendingTasks raw[30]: {"code":0,"data":[],"total":0}
[2026-06-12 09:23:33] [hamibot] [INFO]:[INFO] [fetchPendingTasks]: fetchPendingTasks raw[30]: {"code":0,"data":[],"total":0}
[2026-06-12 09:23:49] [hamibot] [INFO]:[INFO] [fetchPendingTasks]: fetchPendingTasks raw[30]: {"code":0,"data":[],"total":0}
[2026-06-12 09:24:04] [hamibot] [INFO]:[INFO] [fetchPendingTasks]: fetchPendingTasks raw[30]: {"code":0,"data":[],"total":0}
[2026-06-12 09:24:19] [hamibot] [INFO]:[INFO] [fetchPendingTasks]: fetchPendingTasks raw[30]: {"code":0,"data":[],"total":0}
[2026-06-12 09:24:20] [hamibot] [INFO]:[INFO] [Outer]: Exit...
[2026-06-12 09:24:20] [hamibot] [INFO]:[INFO] [Anonymous functions]: Launching...

	Current script version: 1.0.4

[2026-06-12 09:24:20] [hamibot] [INFO]:[INFO] [Anonymous functions]: Configuration loaded {"APP_ENV":"development","USER_ID":"6723480da777ba4dbbb4bfe9","ROBOT_ID":"67242f26e2fed0e6e3d11b91","SCRIPT_ID":"6723493b364a634dae6c9099","TIMESTAMP":"2026-06-12 09:24:18"}
[2026-06-12 09:24:20] [hamibot] [INFO]:[INFO] [Anonymous functions]: Verifying configurations
[2026-06-12 09:24:20] [hamibot] [INFO]:[INFO] [Anonymous functions]: Start running script
[2026-06-12 09:24:20] [hamibot] [INFO]:[INFO] [getElementCache]: getElementCache 加载成功，共 18 条 (第1次)
[2026-06-12 09:24:21] [hamibot] [DEBUG]:[DEBUG] [init]: Accessibility permissions enabled
[2026-06-12 09:24:21] [hamibot] [DEBUG]:[DEBUG] [init]: Screen size: 2400 x 1080
[2026-06-12 09:24:21] [hamibot] [INFO]:[INFO] [saveElementCache]: saveElementCache 服务端共 18 条 (本次新增/更新 18 条)
[2026-06-12 09:24:21] [hamibot] [INFO]:[INFO] [flushElementCache]: 已触发异步刷新元素查找缓存
[2026-06-12 09:24:21] [hamibot] [INFO]:[INFO] [closeApp]: openHamibot true
[2026-06-12 09:24:25] [hamibot] [INFO]:[INFO] [tryClickNode]: tryClickNode com.stardust.automator.UiObject@2a16a; boundsInParent: Rect(0, 0 - 240, 240); boundsInScreen: Rect(420, 2057 - 660, 2297); packageName: com.miui.home; className: android.view.View; text: null; contentDescription: 本机共有12.0 G内存，当前5.7 G可用，双击清理全部任务; viewId: com.miui.home:id/clearAnimView; checkable: false; checked: false; focusable: true; focused: false; selected: false; clickable: true; longClickable: true; enabled: true; password: false; scrollable: false; [ACTION_FOCUS, ACTION_SELECT, ACTION_CLEAR_SELECTION, ACTION_CLICK, ACTION_LONG_CLICK, ACTION_ACCESSIBILITY_FOCUS, ACTION_NEXT_AT_MOVEMENT_GRANULARITY, ACTION_PREVIOUS_AT_MOVEMENT_GRANULARITY, ACTION_SET_SELECTION]
[2026-06-12 09:24:25] [hamibot] [ LOG ]:[ LOG ] [tryClickNode]: tryClickNode: 开始尝试点击节点 com.stardust.automator.UiObject@2a16a; boundsInParent: Rect(0, 0 - 240, 240); boundsInScreen: Rect(420, 2057 - 660, 2297); packageName: com.miui.home; className: android.view.View; text: null; contentDescription: 本机共有12.0 G内存，当前5.7 G可用，双击清理全部任务; viewId: com.miui.home:id/clearAnimView; checkable: false; checked: false; focusable: true; focused: false; selected: false; clickable: true; longClickable: true; enabled: true; password: false; scrollable: false; [ACTION_FOCUS, ACTION_SELECT, ACTION_CLEAR_SELECTION, ACTION_CLICK, ACTION_LONG_CLICK, ACTION_ACCESSIBILITY_FOCUS, ACTION_NEXT_AT_MOVEMENT_GRANULARITY, ACTION_PREVIOUS_AT_MOVEMENT_GRANULARITY, ACTION_SET_SELECTION]
[2026-06-12 09:24:25] [hamibot] [ LOG ]:[ LOG ] [tryClickNode]: tryClickNode: 节点clickable值: function clickable() {/*
boolean clickable()
*/}

[2026-06-12 09:24:25] [hamibot] [ LOG ]:[ LOG ] [tryClickNode]: tryClickNode: 节点clickable toString: function clickable() {/*
boolean clickable()
*/}

[2026-06-12 09:24:25] [hamibot] [ LOG ]:[ LOG ] [tryClickNode]: tryClickNode: 解析后的clickable值: true
[2026-06-12 09:24:25] [hamibot] [ LOG ]:[ LOG ] [tryClickNode]: tryClickNode: 节点本身可点击，执行直接点击
[2026-06-12 09:24:25] [hamibot] [ LOG ]:[ LOG ] [tryClickNode]: tryClickNode: 直接点击结果: true
[2026-06-12 09:24:26] [hamibot] [INFO]:[INFO] [closeApp]: 已通过最近任务页‘关闭全部’关闭应用
[2026-06-12 09:24:27] [hamibot] [INFO]:[INFO] [Outer]: 开始查找商品详情
[2026-06-12 09:24:30] [hamibot] [INFO]:[INFO] [Outer]: 找到商品数量: 0
[2026-06-12 09:24:30] [hamibot] [INFO]:[INFO] [fetchPendingTasks]: fetchPendingTasks raw[30]: {"code":0,"data":[],"total":0}
[2026-06-12 09:24:45] [hamibot] [INFO]:[INFO] [fetchPendingTasks]: fetchPendingTasks raw[30]: {"code":0,"data":[],"total":0}
[2026-06-12 09:25:00] [hamibot] [INFO]:[INFO] [fetchPendingTasks]: fetchPendingTasks raw[30]: {"code":0,"data":[],"total":0}
[2026-06-12 09:25:15] [hamibot] [INFO]:[INFO] [fetchPendingTasks]: fetchPendingTasks raw[30]: {"code":0,"data":[],"total":0}
[2026-06-12 09:25:30] [hamibot] [INFO]:[INFO] [fetchPendingTasks]: fetchPendingTasks raw[30]: {"code":0,"data":[],"total":0}
[2026-06-12 09:25:45] [hamibot] [INFO]:[INFO] [fetchPendingTasks]: fetchPendingTasks raw[30]: {"code":0,"data":[],"total":0}
[2026-06-12 09:26:00] [hamibot] [INFO]:[INFO] [fetchPendingTasks]: fetchPendingTasks raw[30]: {"code":0,"data":[],"total":0}
[2026-06-12 09:26:16] [hamibot] [INFO]:[INFO] [fetchPendingTasks]: fetchPendingTasks raw[30]: {"code":0,"data":[],"total":0}
[2026-06-12 09:26:31] [hamibot] [INFO]:[INFO] [fetchPendingTasks]: fetchPendingTasks raw[30]: {"code":0,"data":[],"total":0}
[2026-06-12 09:26:46] [hamibot] [INFO]:[INFO] [fetchPendingTasks]: fetchPendingTasks raw[30]: {"code":0,"data":[],"total":0}
[2026-06-12 09:27:01] [hamibot] [INFO]:[INFO] [fetchPendingTasks]: fetchPendingTasks raw[30]: {"code":0,"data":[],"total":0}
[2026-06-12 09:27:16] [hamibot] [INFO]:[INFO] [fetchPendingTasks]: fetchPendingTasks raw[30]: {"code":0,"data":[],"total":0}
[2026-06-12 09:27:31] [hamibot] [INFO]:[INFO] [fetchPendingTasks]: fetchPendingTasks raw[30]: {"code":0,"data":[],"total":0}
[2026-06-12 09:27:46] [hamibot] [INFO]:[INFO] [fetchPendingTasks]: fetchPendingTasks raw[30]: {"code":0,"data":[],"total":0}
[2026-06-12 09:28:01] [hamibot] [INFO]:[INFO] [fetchPendingTasks]: fetchPendingTasks raw[30]: {"code":0,"data":[],"total":0}
[2026-06-12 09:28:16] [hamibot] [INFO]:[INFO] [fetchPendingTasks]: fetchPendingTasks raw[30]: {"code":0,"data":[],"total":0}
[2026-06-12 09:28:31] [hamibot] [INFO]:[INFO] [fetchPendingTasks]: fetchPendingTasks raw[30]: {"code":0,"data":[],"total":0}
[2026-06-12 09:28:46] [hamibot] [INFO]:[INFO] [fetchPendingTasks]: fetchPendingTasks raw[30]: {"code":0,"data":[],"total":0}
[2026-06-12 09:29:01] [hamibot] [INFO]:[INFO] [fetchPendingTasks]: fetchPendingTasks raw[30]: {"code":0,"data":[],"total":0}
[2026-06-12 09:29:16] [hamibot] [INFO]:[INFO] [fetchPendingTasks]: fetchPendingTasks raw[30]: {"code":0,"data":[],"total":0}
[2026-06-12 09:29:31] [hamibot] [INFO]:[INFO] [fetchPendingTasks]: fetchPendingTasks raw[30]: {"code":0,"data":[],"total":0}
[2026-06-12 09:29:46] [hamibot] [INFO]:[INFO] [fetchPendingTasks]: fetchPendingTasks raw[30]: {"code":0,"data":[],"total":0}
[2026-06-12 09:30:02] [hamibot] [INFO]:[INFO] [fetchPendingTasks]: fetchPendingTasks raw[30]: {"code":0,"data":[],"total":0}
[2026-06-12 09:30:17] [hamibot] [INFO]:[INFO] [fetchPendingTasks]: fetchPendingTasks raw[30]: {"code":0,"data":[],"total":0}
[2026-06-12 09:30:32] [hamibot] [INFO]:[INFO] [fetchPendingTasks]: fetchPendingTasks raw[30]: {"code":0,"data":[],"total":0}
[2026-06-12 09:30:47] [hamibot] [INFO]:[INFO] [fetchPendingTasks]: fetchPendingTasks raw[30]: {"code":0,"data":[],"total":0}
[2026-06-12 09:31:02] [hamibot] [INFO]:[INFO] [fetchPendingTasks]: fetchPendingTasks raw[30]: {"code":0,"data":[],"total":0}
[2026-06-12 09:31:17] [hamibot] [INFO]:[INFO] [fetchPendingTasks]: fetchPendingTasks raw[30]: {"code":0,"data":[],"total":0}
[2026-06-12 09:31:32] [hamibot] [INFO]:[INFO] [fetchPendingTasks]: fetchPendingTasks raw[30]: {"code":0,"data":[],"total":0}
[2026-06-12 09:31:47] [hamibot] [INFO]:[INFO] [fetchPendingTasks]: fetchPendingTasks raw[30]: {"code":0,"data":[],"total":0}
[2026-06-12 09:32:02] [hamibot] [INFO]:[INFO] [fetchPendingTasks]: fetchPendingTasks raw[30]: {"code":0,"data":[],"total":0}
[2026-06-12 09:32:18] [hamibot] [INFO]:[INFO] [fetchPendingTasks]: fetchPendingTasks raw[30]: {"code":0,"data":[],"total":0}
[2026-06-12 09:32:33] [hamibot] [INFO]:[INFO] [fetchPendingTasks]: fetchPendingTasks raw[30]: {"code":0,"data":[],"total":0}
[2026-06-12 09:32:48] [hamibot] [INFO]:[INFO] [fetchPendingTasks]: fetchPendingTasks raw[30]: {"code":0,"data":[],"total":0}
[2026-06-12 09:33:03] [hamibot] [INFO]:[INFO] [fetchPendingTasks]: fetchPendingTasks raw[30]: {"code":0,"data":[],"total":0}
[2026-06-12 09:33:17] [hamibot] [INFO]:[INFO] [Outer]: Exit...
[2026-06-12 09:33:17] [hamibot] [INFO]:[INFO] [Anonymous functions]: Launching...

	Current script version: 1.0.4

[2026-06-12 09:33:17] [hamibot] [INFO]:[INFO] [Anonymous functions]: Configuration loaded {"APP_ENV":"development","USER_ID":"6723480da777ba4dbbb4bfe9","ROBOT_ID":"67242f26e2fed0e6e3d11b91","SCRIPT_ID":"6723493b364a634dae6c9099","TIMESTAMP":"2026-06-12 09:33:12"}
[2026-06-12 09:33:17] [hamibot] [INFO]:[INFO] [Anonymous functions]: Verifying configurations
[2026-06-12 09:33:17] [hamibot] [INFO]:[INFO] [Anonymous functions]: Start running script
[2026-06-12 09:33:18] [hamibot] [INFO]:[INFO] [getElementCache]: getElementCache 加载成功，共 18 条 (第1次)
[2026-06-12 09:33:18] [hamibot] [DEBUG]:[DEBUG] [init]: Accessibility permissions enabled
[2026-06-12 09:33:18] [hamibot] [DEBUG]:[DEBUG] [init]: Screen size: 2400 x 1080
[2026-06-12 09:33:18] [hamibot] [INFO]:[INFO] [saveElementCache]: saveElementCache 服务端共 18 条 (本次新增/更新 18 条)
[2026-06-12 09:33:18] [hamibot] [INFO]:[INFO] [flushElementCache]: 已触发异步刷新元素查找缓存
[2026-06-12 09:33:18] [hamibot] [INFO]:[INFO] [closeApp]: openHamibot true
[2026-06-12 09:33:21] [hamibot] [INFO]:[INFO] [tryClickNode]: tryClickNode com.stardust.automator.UiObject@2a16a; boundsInParent: Rect(0, 0 - 240, 240); boundsInScreen: Rect(420, 2057 - 660, 2297); packageName: com.miui.home; className: android.view.View; text: null; contentDescription: 本机共有12.0 G内存，当前5.3 G可用，双击清理全部任务; viewId: com.miui.home:id/clearAnimView; checkable: false; checked: false; focusable: true; focused: false; selected: false; clickable: true; longClickable: true; enabled: true; password: false; scrollable: false; [ACTION_FOCUS, ACTION_SELECT, ACTION_CLEAR_SELECTION, ACTION_CLICK, ACTION_LONG_CLICK, ACTION_ACCESSIBILITY_FOCUS, ACTION_NEXT_AT_MOVEMENT_GRANULARITY, ACTION_PREVIOUS_AT_MOVEMENT_GRANULARITY, ACTION_SET_SELECTION]
[2026-06-12 09:33:21] [hamibot] [ LOG ]:[ LOG ] [tryClickNode]: tryClickNode: 开始尝试点击节点 com.stardust.automator.UiObject@2a16a; boundsInParent: Rect(0, 0 - 240, 240); boundsInScreen: Rect(420, 2057 - 660, 2297); packageName: com.miui.home; className: android.view.View; text: null; contentDescription: 本机共有12.0 G内存，当前5.3 G可用，双击清理全部任务; viewId: com.miui.home:id/clearAnimView; checkable: false; checked: false; focusable: true; focused: false; selected: false; clickable: true; longClickable: true; enabled: true; password: false; scrollable: false; [ACTION_FOCUS, ACTION_SELECT, ACTION_CLEAR_SELECTION, ACTION_CLICK, ACTION_LONG_CLICK, ACTION_ACCESSIBILITY_FOCUS, ACTION_NEXT_AT_MOVEMENT_GRANULARITY, ACTION_PREVIOUS_AT_MOVEMENT_GRANULARITY, ACTION_SET_SELECTION]
[2026-06-12 09:33:21] [hamibot] [ LOG ]:[ LOG ] [tryClickNode]: tryClickNode: 节点clickable值: function clickable() {/*
boolean clickable()
*/}

[2026-06-12 09:33:21] [hamibot] [ LOG ]:[ LOG ] [tryClickNode]: tryClickNode: 节点clickable toString: function clickable() {/*
boolean clickable()
*/}

[2026-06-12 09:33:21] [hamibot] [ LOG ]:[ LOG ] [tryClickNode]: tryClickNode: 解析后的clickable值: true
[2026-06-12 09:33:21] [hamibot] [ LOG ]:[ LOG ] [tryClickNode]: tryClickNode: 节点本身可点击，执行直接点击
[2026-06-12 09:33:21] [hamibot] [ LOG ]:[ LOG ] [tryClickNode]: tryClickNode: 直接点击结果: true
[2026-06-12 09:33:22] [hamibot] [INFO]:[INFO] [closeApp]: 已通过最近任务页‘关闭全部’关闭应用
[2026-06-12 09:33:23] [hamibot] [INFO]:[INFO] [Outer]: 开始查找商品详情
[2026-06-12 09:33:25] [hamibot] [INFO]:[INFO] [Outer]: 找到商品数量: 0
[2026-06-12 09:33:26] [hamibot] [INFO]:[INFO] [fetchPendingTasks]: fetchPendingTasks raw[30]: {"code":0,"data":[],"total":0}
[2026-06-12 09:33:41] [hamibot] [INFO]:[INFO] [fetchPendingTasks]: fetchPendingTasks raw[30]: {"code":0,"data":[],"total":0}
[2026-06-12 09:33:56] [hamibot] [INFO]:[INFO] [fetchPendingTasks]: fetchPendingTasks raw[30]: {"code":0,"data":[],"total":0}
[2026-06-12 09:34:11] [hamibot] [INFO]:[INFO] [fetchPendingTasks]: fetchPendingTasks raw[30]: {"code":0,"data":[],"total":0}
[2026-06-12 09:34:26] [hamibot] [INFO]:[INFO] [fetchPendingTasks]: fetchPendingTasks raw[30]: {"code":0,"data":[],"total":0}
[2026-06-12 09:34:42] [hamibot] [INFO]:[INFO] [fetchPendingTasks]: fetchPendingTasks raw[30]: {"code":0,"data":[],"total":0}
[2026-06-12 09:34:57] [hamibot] [INFO]:[INFO] [fetchPendingTasks]: fetchPendingTasks raw[30]: {"code":0,"data":[],"total":0}
[2026-06-12 09:35:24] [hamibot] [INFO]:[INFO] [fetchPendingTasks]: fetchPendingTasks raw[30]: {"code":0,"data":[],"total":0}
[2026-06-12 09:35:40] [hamibot] [INFO]:[INFO] [fetchPendingTasks]: fetchPendingTasks raw[30]: {"code":0,"data":[],"total":0}
[2026-06-12 09:35:43] [hamibot] [INFO]:[INFO] [Outer]: Exit...
[2026-06-12 09:35:43] [hamibot] [INFO]:[INFO] [Anonymous functions]: Launching...

	Current script version: 1.0.4

[2026-06-12 09:35:43] [hamibot] [INFO]:[INFO] [Anonymous functions]: Configuration loaded {"APP_ENV":"development","USER_ID":"6723480da777ba4dbbb4bfe9","ROBOT_ID":"67242f26e2fed0e6e3d11b91","SCRIPT_ID":"6723493b364a634dae6c9099","TIMESTAMP":"2026-06-12 09:35:42"}
[2026-06-12 09:35:43] [hamibot] [INFO]:[INFO] [Anonymous functions]: Verifying configurations
[2026-06-12 09:35:43] [hamibot] [INFO]:[INFO] [Anonymous functions]: Start running script
[2026-06-12 09:35:43] [hamibot] [INFO]:[INFO] [getElementCache]: getElementCache 加载成功，共 18 条 (第1次)
[2026-06-12 09:35:43] [hamibot] [DEBUG]:[DEBUG] [init]: Accessibility permissions enabled
[2026-06-12 09:35:43] [hamibot] [DEBUG]:[DEBUG] [init]: Screen size: 2400 x 1080
[2026-06-12 09:35:43] [hamibot] [INFO]:[INFO] [saveElementCache]: saveElementCache 服务端共 18 条 (本次新增/更新 18 条)
[2026-06-12 09:35:43] [hamibot] [INFO]:[INFO] [flushElementCache]: 已触发异步刷新元素查找缓存
[2026-06-12 09:35:43] [hamibot] [INFO]:[INFO] [closeApp]: openHamibot true
[2026-06-12 09:35:46] [hamibot] [INFO]:[INFO] [tryClickNode]: tryClickNode com.stardust.automator.UiObject@2a16a; boundsInParent: Rect(0, 0 - 240, 240); boundsInScreen: Rect(420, 2057 - 660, 2297); packageName: com.miui.home; className: android.view.View; text: null; contentDescription: 本机共有12.0 G内存，当前5.5 G可用，双击清理全部任务; viewId: com.miui.home:id/clearAnimView; checkable: false; checked: false; focusable: true; focused: false; selected: false; clickable: true; longClickable: true; enabled: true; password: false; scrollable: false; [ACTION_FOCUS, ACTION_SELECT, ACTION_CLEAR_SELECTION, ACTION_CLICK, ACTION_LONG_CLICK, ACTION_ACCESSIBILITY_FOCUS, ACTION_NEXT_AT_MOVEMENT_GRANULARITY, ACTION_PREVIOUS_AT_MOVEMENT_GRANULARITY, ACTION_SET_SELECTION]
[2026-06-12 09:35:46] [hamibot] [ LOG ]:[ LOG ] [tryClickNode]: tryClickNode: 开始尝试点击节点 com.stardust.automator.UiObject@2a16a; boundsInParent: Rect(0, 0 - 240, 240); boundsInScreen: Rect(420, 2057 - 660, 2297); packageName: com.miui.home; className: android.view.View; text: null; contentDescription: 本机共有12.0 G内存，当前5.5 G可用，双击清理全部任务; viewId: com.miui.home:id/clearAnimView; checkable: false; checked: false; focusable: true; focused: false; selected: false; clickable: true; longClickable: true; enabled: true; password: false; scrollable: false; [ACTION_FOCUS, ACTION_SELECT, ACTION_CLEAR_SELECTION, ACTION_CLICK, ACTION_LONG_CLICK, ACTION_ACCESSIBILITY_FOCUS, ACTION_NEXT_AT_MOVEMENT_GRANULARITY, ACTION_PREVIOUS_AT_MOVEMENT_GRANULARITY, ACTION_SET_SELECTION]
[2026-06-12 09:35:46] [hamibot] [ LOG ]:[ LOG ] [tryClickNode]: tryClickNode: 节点clickable值: function clickable() {/*
boolean clickable()
*/}

[2026-06-12 09:35:46] [hamibot] [ LOG ]:[ LOG ] [tryClickNode]: tryClickNode: 节点clickable toString: function clickable() {/*
boolean clickable()
*/}

[2026-06-12 09:35:46] [hamibot] [ LOG ]:[ LOG ] [tryClickNode]: tryClickNode: 解析后的clickable值: true
[2026-06-12 09:35:46] [hamibot] [ LOG ]:[ LOG ] [tryClickNode]: tryClickNode: 节点本身可点击，执行直接点击
[2026-06-12 09:35:46] [hamibot] [ LOG ]:[ LOG ] [tryClickNode]: tryClickNode: 直接点击结果: true
[2026-06-12 09:35:46] [hamibot] [INFO]:[INFO] [closeApp]: 已通过最近任务页‘关闭全部’关闭应用
[2026-06-12 09:35:48] [hamibot] [INFO]:[INFO] [Outer]: 开始查找商品详情
[2026-06-12 09:35:50] [hamibot] [INFO]:[INFO] [Outer]: 找到商品数量: 0
[2026-06-12 09:35:50] [hamibot] [INFO]:[INFO] [fetchPendingTasks]: fetchPendingTasks raw[30]: {"code":0,"data":[],"total":0}
[2026-06-12 09:36:05] [hamibot] [INFO]:[INFO] [fetchPendingTasks]: fetchPendingTasks raw[30]: {"code":0,"data":[],"total":0}
[2026-06-12 09:36:20] [hamibot] [INFO]:[INFO] [fetchPendingTasks]: fetchPendingTasks raw[30]: {"code":0,"data":[],"total":0}
[2026-06-12 09:36:36] [hamibot] [INFO]:[INFO] [fetchPendingTasks]: fetchPendingTasks raw[30]: {"code":0,"data":[],"total":0}
[2026-06-12 09:36:51] [hamibot] [INFO]:[INFO] [fetchPendingTasks]: fetchPendingTasks raw[30]: {"code":0,"data":[],"total":0}
[2026-06-12 09:37:06] [hamibot] [INFO]:[INFO] [fetchPendingTasks]: fetchPendingTasks raw[30]: {"code":0,"data":[],"total":0}
[2026-06-12 09:37:21] [hamibot] [INFO]:[INFO] [fetchPendingTasks]: fetchPendingTasks raw[30]: {"code":0,"data":[],"total":0}
[2026-06-12 09:37:36] [hamibot] [INFO]:[INFO] [fetchPendingTasks]: fetchPendingTasks raw[30]: {"code":0,"data":[],"total":0}
[2026-06-12 09:37:51] [hamibot] [INFO]:[INFO] [fetchPendingTasks]: fetchPendingTasks raw[30]: {"code":0,"data":[],"total":0}
[2026-06-12 09:38:06] [hamibot] [INFO]:[INFO] [fetchPendingTasks]: fetchPendingTasks raw[30]: {"code":0,"data":[],"total":0}
[2026-06-12 09:38:21] [hamibot] [INFO]:[INFO] [fetchPendingTasks]: fetchPendingTasks raw[30]: {"code":0,"data":[],"total":0}
[2026-06-12 09:38:36] [hamibot] [INFO]:[INFO] [fetchPendingTasks]: fetchPendingTasks raw[30]: {"code":0,"data":[],"total":0}
[2026-06-12 09:38:51] [hamibot] [INFO]:[INFO] [fetchPendingTasks]: fetchPendingTasks raw[30]: {"code":0,"data":[],"total":0}
[2026-06-12 09:39:06] [hamibot] [INFO]:[INFO] [fetchPendingTasks]: fetchPendingTasks raw[30]: {"code":0,"data":[],"total":0}
[2026-06-12 09:39:21] [hamibot] [INFO]:[INFO] [fetchPendingTasks]: fetchPendingTasks raw[30]: {"code":0,"data":[],"total":0}
[2026-06-12 09:43:25] [hamibot] [INFO]:[INFO] [Outer]: Exit...
[2026-06-12 09:43:25] [hamibot] [INFO]:[INFO] [Anonymous functions]: Launching...

	Current script version: 1.0.4

[2026-06-12 09:43:25] [hamibot] [INFO]:[INFO] [Anonymous functions]: Configuration loaded {"APP_ENV":"development","USER_ID":"6723480da777ba4dbbb4bfe9","ROBOT_ID":"67242f26e2fed0e6e3d11b91","SCRIPT_ID":"6723493b364a634dae6c9099","TIMESTAMP":"2026-06-12 09:43:25"}
[2026-06-12 09:43:25] [hamibot] [INFO]:[INFO] [Anonymous functions]: Verifying configurations
[2026-06-12 09:43:25] [hamibot] [INFO]:[INFO] [Anonymous functions]: Start running script
[2026-06-12 09:43:25] [hamibot] [INFO]:[INFO] [getElementCache]: getElementCache 加载成功，共 18 条 (第1次)
[2026-06-12 09:43:25] [hamibot] [DEBUG]:[DEBUG] [init]: Accessibility permissions enabled
[2026-06-12 09:43:25] [hamibot] [DEBUG]:[DEBUG] [init]: Screen size: 2400 x 1080
[2026-06-12 09:43:25] [hamibot] [INFO]:[INFO] [saveElementCache]: saveElementCache 服务端共 18 条 (本次新增/更新 18 条)
[2026-06-12 09:43:25] [hamibot] [INFO]:[INFO] [flushElementCache]: 已触发异步刷新元素查找缓存
[2026-06-12 09:43:25] [hamibot] [INFO]:[INFO] [closeApp]: openHamibot true
[2026-06-12 09:43:28] [hamibot] [INFO]:[INFO] [tryClickNode]: tryClickNode com.stardust.automator.UiObject@2a16a; boundsInParent: Rect(0, 0 - 240, 240); boundsInScreen: Rect(420, 2057 - 660, 2297); packageName: com.miui.home; className: android.view.View; text: null; contentDescription: 本机共有12.0 G内存，当前4.8 G可用，双击清理全部任务; viewId: com.miui.home:id/clearAnimView; checkable: false; checked: false; focusable: true; focused: false; selected: false; clickable: true; longClickable: true; enabled: true; password: false; scrollable: false; [ACTION_FOCUS, ACTION_SELECT, ACTION_CLEAR_SELECTION, ACTION_CLICK, ACTION_LONG_CLICK, ACTION_ACCESSIBILITY_FOCUS, ACTION_NEXT_AT_MOVEMENT_GRANULARITY, ACTION_PREVIOUS_AT_MOVEMENT_GRANULARITY, ACTION_SET_SELECTION]
[2026-06-12 09:43:28] [hamibot] [ LOG ]:[ LOG ] [tryClickNode]: tryClickNode: 开始尝试点击节点 com.stardust.automator.UiObject@2a16a; boundsInParent: Rect(0, 0 - 240, 240); boundsInScreen: Rect(420, 2057 - 660, 2297); packageName: com.miui.home; className: android.view.View; text: null; contentDescription: 本机共有12.0 G内存，当前4.8 G可用，双击清理全部任务; viewId: com.miui.home:id/clearAnimView; checkable: false; checked: false; focusable: true; focused: false; selected: false; clickable: true; longClickable: true; enabled: true; password: false; scrollable: false; [ACTION_FOCUS, ACTION_SELECT, ACTION_CLEAR_SELECTION, ACTION_CLICK, ACTION_LONG_CLICK, ACTION_ACCESSIBILITY_FOCUS, ACTION_NEXT_AT_MOVEMENT_GRANULARITY, ACTION_PREVIOUS_AT_MOVEMENT_GRANULARITY, ACTION_SET_SELECTION]
[2026-06-12 09:43:28] [hamibot] [ LOG ]:[ LOG ] [tryClickNode]: tryClickNode: 节点clickable值: function clickable() {/*
boolean clickable()
*/}

[2026-06-12 09:43:28] [hamibot] [ LOG ]:[ LOG ] [tryClickNode]: tryClickNode: 节点clickable toString: function clickable() {/*
boolean clickable()
*/}

[2026-06-12 09:43:28] [hamibot] [ LOG ]:[ LOG ] [tryClickNode]: tryClickNode: 解析后的clickable值: true
[2026-06-12 09:43:28] [hamibot] [ LOG ]:[ LOG ] [tryClickNode]: tryClickNode: 节点本身可点击，执行直接点击
[2026-06-12 09:43:28] [hamibot] [ LOG ]:[ LOG ] [tryClickNode]: tryClickNode: 直接点击结果: true
[2026-06-12 09:43:29] [hamibot] [INFO]:[INFO] [closeApp]: 已通过最近任务页‘关闭全部’关闭应用
[2026-06-12 09:43:30] [hamibot] [INFO]:[INFO] [Outer]: 开始查找商品详情
[2026-06-12 09:43:32] [hamibot] [INFO]:[INFO] [Outer]: 找到商品数量: 0
[2026-06-12 09:44:39] [hamibot] [INFO]:[INFO] [Anonymous functions]: Launching...

	Current script version: 1.0.4

[2026-06-12 09:44:39] [hamibot] [INFO]:[INFO] [Anonymous functions]: Configuration loaded {"APP_ENV":"development","USER_ID":"6723480da777ba4dbbb4bfe9","ROBOT_ID":"67242f26e2fed0e6e3d11b91","SCRIPT_ID":"6723493b364a634dae6c9099","TIMESTAMP":"2026-06-12 09:44:38"}
[2026-06-12 09:44:39] [hamibot] [INFO]:[INFO] [Anonymous functions]: Verifying configurations
[2026-06-12 09:44:39] [hamibot] [INFO]:[INFO] [Anonymous functions]: Start running script
[2026-06-12 09:44:39] [hamibot] [INFO]:[INFO] [getElementCache]: getElementCache 加载成功，共 18 条 (第1次)
[2026-06-12 09:44:39] [hamibot] [DEBUG]:[DEBUG] [init]: Accessibility permissions enabled
[2026-06-12 09:44:39] [hamibot] [DEBUG]:[DEBUG] [init]: Screen size: 2400 x 1080
[2026-06-12 09:44:39] [hamibot] [INFO]:[INFO] [saveElementCache]: saveElementCache 服务端共 18 条 (本次新增/更新 18 条)
[2026-06-12 09:44:39] [hamibot] [INFO]:[INFO] [flushElementCache]: 已触发异步刷新元素查找缓存
[2026-06-12 09:44:39] [hamibot] [INFO]:[INFO] [closeApp]: openHamibot true
[2026-06-12 09:44:42] [hamibot] [INFO]:[INFO] [tryClickNode]: tryClickNode com.stardust.automator.UiObject@2a1ea; boundsInParent: Rect(0, 0 - 240, 240); boundsInScreen: Rect(420, 2057 - 660, 2297); packageName: com.miui.home; className: android.view.View; text: null; contentDescription: 本机共有12.0 G内存，当前5.8 G可用，双击清理全部任务; viewId: com.miui.home:id/clearAnimView; checkable: false; checked: false; focusable: true; focused: false; selected: false; clickable: true; longClickable: true; enabled: true; password: false; scrollable: false; [ACTION_FOCUS, ACTION_SELECT, ACTION_CLEAR_SELECTION, ACTION_CLICK, ACTION_LONG_CLICK, ACTION_ACCESSIBILITY_FOCUS, ACTION_NEXT_AT_MOVEMENT_GRANULARITY, ACTION_PREVIOUS_AT_MOVEMENT_GRANULARITY, ACTION_SET_SELECTION]
[2026-06-12 09:44:42] [hamibot] [ LOG ]:[ LOG ] [tryClickNode]: tryClickNode: 开始尝试点击节点 com.stardust.automator.UiObject@2a1ea; boundsInParent: Rect(0, 0 - 240, 240); boundsInScreen: Rect(420, 2057 - 660, 2297); packageName: com.miui.home; className: android.view.View; text: null; contentDescription: 本机共有12.0 G内存，当前5.8 G可用，双击清理全部任务; viewId: com.miui.home:id/clearAnimView; checkable: false; checked: false; focusable: true; focused: false; selected: false; clickable: true; longClickable: true; enabled: true; password: false; scrollable: false; [ACTION_FOCUS, ACTION_SELECT, ACTION_CLEAR_SELECTION, ACTION_CLICK, ACTION_LONG_CLICK, ACTION_ACCESSIBILITY_FOCUS, ACTION_NEXT_AT_MOVEMENT_GRANULARITY, ACTION_PREVIOUS_AT_MOVEMENT_GRANULARITY, ACTION_SET_SELECTION]
[2026-06-12 09:44:42] [hamibot] [ LOG ]:[ LOG ] [tryClickNode]: tryClickNode: 节点clickable值: function clickable() {/*
boolean clickable()
*/}

[2026-06-12 09:44:43] [hamibot] [ LOG ]:[ LOG ] [tryClickNode]: tryClickNode: 节点clickable toString: function clickable() {/*
boolean clickable()
*/}

[2026-06-12 09:44:43] [hamibot] [ LOG ]:[ LOG ] [tryClickNode]: tryClickNode: 解析后的clickable值: true
[2026-06-12 09:44:43] [hamibot] [ LOG ]:[ LOG ] [tryClickNode]: tryClickNode: 节点本身可点击，执行直接点击
[2026-06-12 09:44:43] [hamibot] [ LOG ]:[ LOG ] [tryClickNode]: tryClickNode: 直接点击结果: true
[2026-06-12 09:44:44] [hamibot] [INFO]:[INFO] [closeApp]: 已通过最近任务页‘关闭全部’关闭应用
[2026-06-12 09:44:46] [hamibot] [INFO]:[INFO] [Outer]: 开始查找商品详情
[2026-06-12 09:44:49] [hamibot] [INFO]:[INFO] [Outer]: 找到商品数量: 0
[2026-06-12 09:44:50] [hamibot] [INFO]:[INFO] [fetchPendingTasks]: fetchPendingTasks raw[30]: {"code":0,"data":[],"total":0}
[2026-06-12 09:45:05] [hamibot] [INFO]:[INFO] [fetchPendingTasks]: fetchPendingTasks raw[30]: {"code":0,"data":[],"total":0}
[2026-06-12 09:48:12] [hamibot] [INFO]:[INFO] [Outer]: Exit...
[2026-06-12 09:48:12] [hamibot] [INFO]:[INFO] [Anonymous functions]: Launching...

	Current script version: 1.0.4

[2026-06-12 09:48:12] [hamibot] [INFO]:[INFO] [Anonymous functions]: Configuration loaded {"APP_ENV":"development","USER_ID":"6723480da777ba4dbbb4bfe9","ROBOT_ID":"67242f26e2fed0e6e3d11b91","SCRIPT_ID":"6723493b364a634dae6c9099","TIMESTAMP":"2026-06-12 09:48:11"}
[2026-06-12 09:48:13] [hamibot] [INFO]:[INFO] [Anonymous functions]: Verifying configurations
[2026-06-12 09:48:13] [hamibot] [INFO]:[INFO] [Anonymous functions]: Start running script
[2026-06-12 09:48:13] [hamibot] [INFO]:[INFO] [getElementCache]: getElementCache 加载成功，共 18 条 (第1次)
[2026-06-12 09:48:13] [hamibot] [DEBUG]:[DEBUG] [init]: Accessibility permissions enabled
[2026-06-12 09:48:13] [hamibot] [DEBUG]:[DEBUG] [init]: Screen size: 2400 x 1080
[2026-06-12 09:48:13] [hamibot] [INFO]:[INFO] [saveElementCache]: saveElementCache 服务端共 18 条 (本次新增/更新 18 条)
[2026-06-12 09:48:13] [hamibot] [INFO]:[INFO] [flushElementCache]: 已触发异步刷新元素查找缓存
[2026-06-12 09:48:13] [hamibot] [INFO]:[INFO] [closeApp]: openHamibot true
[2026-06-12 09:48:16] [hamibot] [INFO]:[INFO] [tryClickNode]: tryClickNode com.stardust.automator.UiObject@2a1ea; boundsInParent: Rect(0, 0 - 240, 240); boundsInScreen: Rect(420, 2057 - 660, 2297); packageName: com.miui.home; className: android.view.View; text: null; contentDescription: 本机共有12.0 G内存，当前4.7 G可用，双击清理全部任务; viewId: com.miui.home:id/clearAnimView; checkable: false; checked: false; focusable: true; focused: false; selected: false; clickable: true; longClickable: true; enabled: true; password: false; scrollable: false; [ACTION_FOCUS, ACTION_SELECT, ACTION_CLEAR_SELECTION, ACTION_CLICK, ACTION_LONG_CLICK, ACTION_ACCESSIBILITY_FOCUS, ACTION_NEXT_AT_MOVEMENT_GRANULARITY, ACTION_PREVIOUS_AT_MOVEMENT_GRANULARITY, ACTION_SET_SELECTION]
[2026-06-12 09:48:16] [hamibot] [ LOG ]:[ LOG ] [tryClickNode]: tryClickNode: 开始尝试点击节点 com.stardust.automator.UiObject@2a1ea; boundsInParent: Rect(0, 0 - 240, 240); boundsInScreen: Rect(420, 2057 - 660, 2297); packageName: com.miui.home; className: android.view.View; text: null; contentDescription: 本机共有12.0 G内存，当前4.7 G可用，双击清理全部任务; viewId: com.miui.home:id/clearAnimView; checkable: false; checked: false; focusable: true; focused: false; selected: false; clickable: true; longClickable: true; enabled: true; password: false; scrollable: false; [ACTION_FOCUS, ACTION_SELECT, ACTION_CLEAR_SELECTION, ACTION_CLICK, ACTION_LONG_CLICK, ACTION_ACCESSIBILITY_FOCUS, ACTION_NEXT_AT_MOVEMENT_GRANULARITY, ACTION_PREVIOUS_AT_MOVEMENT_GRANULARITY, ACTION_SET_SELECTION]
[2026-06-12 09:48:16] [hamibot] [ LOG ]:[ LOG ] [tryClickNode]: tryClickNode: 节点clickable值: function clickable() {/*
boolean clickable()
*/}

[2026-06-12 09:48:16] [hamibot] [ LOG ]:[ LOG ] [tryClickNode]: tryClickNode: 节点clickable toString: function clickable() {/*
boolean clickable()
*/}

[2026-06-12 09:48:16] [hamibot] [ LOG ]:[ LOG ] [tryClickNode]: tryClickNode: 解析后的clickable值: true
[2026-06-12 09:48:16] [hamibot] [ LOG ]:[ LOG ] [tryClickNode]: tryClickNode: 节点本身可点击，执行直接点击
[2026-06-12 09:48:16] [hamibot] [ LOG ]:[ LOG ] [tryClickNode]: tryClickNode: 直接点击结果: true
[2026-06-12 09:48:17] [hamibot] [INFO]:[INFO] [closeApp]: 已通过最近任务页‘关闭全部’关闭应用
[2026-06-12 09:48:19] [hamibot] [INFO]:[INFO] [Outer]: 开始查找商品详情
[2026-06-12 09:48:22] [hamibot] [INFO]:[INFO] [Outer]: 找到商品数量: 0
[2026-06-12 09:54:14] [hamibot] [INFO]:[INFO] [Anonymous functions]: Launching...

	Current script version: 1.0.4

[2026-06-12 09:54:14] [hamibot] [INFO]:[INFO] [Anonymous functions]: Configuration loaded {"APP_ENV":"development","USER_ID":"6723480da777ba4dbbb4bfe9","ROBOT_ID":"67242f26e2fed0e6e3d11b91","SCRIPT_ID":"6723493b364a634dae6c9099","TIMESTAMP":"2026-06-12 09:54:11"}
[2026-06-12 09:54:14] [hamibot] [INFO]:[INFO] [Anonymous functions]: Verifying configurations
[2026-06-12 09:54:14] [hamibot] [INFO]:[INFO] [Anonymous functions]: Start running script
[2026-06-12 09:54:14] [hamibot] [INFO]:[INFO] [getElementCache]: getElementCache 加载成功，共 18 条 (第1次)
[2026-06-12 09:54:14] [hamibot] [DEBUG]:[DEBUG] [init]: Accessibility permissions enabled
[2026-06-12 09:54:14] [hamibot] [DEBUG]:[DEBUG] [init]: Screen size: 2400 x 1080
[2026-06-12 09:54:14] [hamibot] [INFO]:[INFO] [saveElementCache]: saveElementCache 服务端共 18 条 (本次新增/更新 18 条)
[2026-06-12 09:54:14] [hamibot] [INFO]:[INFO] [flushElementCache]: 已触发异步刷新元素查找缓存
[2026-06-12 09:54:14] [hamibot] [INFO]:[INFO] [closeApp]: openHamibot true
[2026-06-12 09:54:17] [hamibot] [INFO]:[INFO] [tryClickNode]: tryClickNode com.stardust.automator.UiObject@2a24e; boundsInParent: Rect(0, 0 - 240, 240); boundsInScreen: Rect(420, 2057 - 660, 2297); packageName: com.miui.home; className: android.view.View; text: null; contentDescription: 本机共有12.0 G内存，当前5.4 G可用，双击清理全部任务; viewId: com.miui.home:id/clearAnimView; checkable: false; checked: false; focusable: true; focused: false; selected: false; clickable: true; longClickable: true; enabled: true; password: false; scrollable: false; [ACTION_FOCUS, ACTION_SELECT, ACTION_CLEAR_SELECTION, ACTION_CLICK, ACTION_LONG_CLICK, ACTION_ACCESSIBILITY_FOCUS, ACTION_NEXT_AT_MOVEMENT_GRANULARITY, ACTION_PREVIOUS_AT_MOVEMENT_GRANULARITY, ACTION_SET_SELECTION]
[2026-06-12 09:54:17] [hamibot] [ LOG ]:[ LOG ] [tryClickNode]: tryClickNode: 开始尝试点击节点 com.stardust.automator.UiObject@2a24e; boundsInParent: Rect(0, 0 - 240, 240); boundsInScreen: Rect(420, 2057 - 660, 2297); packageName: com.miui.home; className: android.view.View; text: null; contentDescription: 本机共有12.0 G内存，当前5.4 G可用，双击清理全部任务; viewId: com.miui.home:id/clearAnimView; checkable: false; checked: false; focusable: true; focused: false; selected: false; clickable: true; longClickable: true; enabled: true; password: false; scrollable: false; [ACTION_FOCUS, ACTION_SELECT, ACTION_CLEAR_SELECTION, ACTION_CLICK, ACTION_LONG_CLICK, ACTION_ACCESSIBILITY_FOCUS, ACTION_NEXT_AT_MOVEMENT_GRANULARITY, ACTION_PREVIOUS_AT_MOVEMENT_GRANULARITY, ACTION_SET_SELECTION]
[2026-06-12 09:54:17] [hamibot] [ LOG ]:[ LOG ] [tryClickNode]: tryClickNode: 节点clickable值: function clickable() {/*
boolean clickable()
*/}

[2026-06-12 09:54:17] [hamibot] [ LOG ]:[ LOG ] [tryClickNode]: tryClickNode: 节点clickable toString: function clickable() {/*
boolean clickable()
*/}

[2026-06-12 09:54:17] [hamibot] [ LOG ]:[ LOG ] [tryClickNode]: tryClickNode: 解析后的clickable值: true
[2026-06-12 09:54:17] [hamibot] [ LOG ]:[ LOG ] [tryClickNode]: tryClickNode: 节点本身可点击，执行直接点击
[2026-06-12 09:54:17] [hamibot] [ LOG ]:[ LOG ] [tryClickNode]: tryClickNode: 直接点击结果: true
[2026-06-12 09:54:18] [hamibot] [INFO]:[INFO] [closeApp]: 已通过最近任务页‘关闭全部’关闭应用
[2026-06-12 09:56:20] [hamibot] [INFO]:[INFO] [Outer]: Exit...
[2026-06-12 09:56:20] [hamibot] [INFO]:[INFO] [Anonymous functions]: Launching...

	Current script version: 1.0.4

[2026-06-12 09:56:20] [hamibot] [INFO]:[INFO] [Anonymous functions]: Configuration loaded {"APP_ENV":"development","USER_ID":"6723480da777ba4dbbb4bfe9","ROBOT_ID":"67242f26e2fed0e6e3d11b91","SCRIPT_ID":"6723493b364a634dae6c9099","TIMESTAMP":"2026-06-12 09:56:20"}
[2026-06-12 09:56:20] [hamibot] [INFO]:[INFO] [Anonymous functions]: Verifying configurations
[2026-06-12 09:56:20] [hamibot] [INFO]:[INFO] [Anonymous functions]: Start running script
[2026-06-12 09:56:20] [hamibot] [INFO]:[INFO] [getElementCache]: getElementCache 加载成功，共 18 条 (第1次)
[2026-06-12 09:56:21] [hamibot] [DEBUG]:[DEBUG] [init]: Accessibility permissions enabled
[2026-06-12 09:56:21] [hamibot] [DEBUG]:[DEBUG] [init]: Screen size: 2400 x 1080
[2026-06-12 09:56:21] [hamibot] [INFO]:[INFO] [saveElementCache]: saveElementCache 服务端共 18 条 (本次新增/更新 18 条)
[2026-06-12 09:56:21] [hamibot] [INFO]:[INFO] [flushElementCache]: 已触发异步刷新元素查找缓存
[2026-06-12 09:56:21] [hamibot] [INFO]:[INFO] [closeApp]: openHamibot true
[2026-06-12 09:56:24] [hamibot] [INFO]:[INFO] [tryClickNode]: tryClickNode com.stardust.automator.UiObject@2a24e; boundsInParent: Rect(0, 0 - 240, 240); boundsInScreen: Rect(420, 2057 - 660, 2297); packageName: com.miui.home; className: android.view.View; text: null; contentDescription: 本机共有12.0 G内存，当前5.4 G可用，双击清理全部任务; viewId: com.miui.home:id/clearAnimView; checkable: false; checked: false; focusable: true; focused: false; selected: false; clickable: true; longClickable: true; enabled: true; password: false; scrollable: false; [ACTION_FOCUS, ACTION_SELECT, ACTION_CLEAR_SELECTION, ACTION_CLICK, ACTION_LONG_CLICK, ACTION_ACCESSIBILITY_FOCUS, ACTION_NEXT_AT_MOVEMENT_GRANULARITY, ACTION_PREVIOUS_AT_MOVEMENT_GRANULARITY, ACTION_SET_SELECTION]
[2026-06-12 09:56:24] [hamibot] [ LOG ]:[ LOG ] [tryClickNode]: tryClickNode: 开始尝试点击节点 com.stardust.automator.UiObject@2a24e; boundsInParent: Rect(0, 0 - 240, 240); boundsInScreen: Rect(420, 2057 - 660, 2297); packageName: com.miui.home; className: android.view.View; text: null; contentDescription: 本机共有12.0 G内存，当前5.4 G可用，双击清理全部任务; viewId: com.miui.home:id/clearAnimView; checkable: false; checked: false; focusable: true; focused: false; selected: false; clickable: true; longClickable: true; enabled: true; password: false; scrollable: false; [ACTION_FOCUS, ACTION_SELECT, ACTION_CLEAR_SELECTION, ACTION_CLICK, ACTION_LONG_CLICK, ACTION_ACCESSIBILITY_FOCUS, ACTION_NEXT_AT_MOVEMENT_GRANULARITY, ACTION_PREVIOUS_AT_MOVEMENT_GRANULARITY, ACTION_SET_SELECTION]
[2026-06-12 09:56:24] [hamibot] [ LOG ]:[ LOG ] [tryClickNode]: tryClickNode: 节点clickable值: function clickable() {/*
boolean clickable()
*/}

[2026-06-12 09:56:24] [hamibot] [ LOG ]:[ LOG ] [tryClickNode]: tryClickNode: 节点clickable toString: function clickable() {/*
boolean clickable()
*/}

[2026-06-12 09:56:24] [hamibot] [ LOG ]:[ LOG ] [tryClickNode]: tryClickNode: 解析后的clickable值: true
[2026-06-12 09:56:24] [hamibot] [ LOG ]:[ LOG ] [tryClickNode]: tryClickNode: 节点本身可点击，执行直接点击
[2026-06-12 09:56:24] [hamibot] [ LOG ]:[ LOG ] [tryClickNode]: tryClickNode: 直接点击结果: true
[2026-06-12 09:56:25] [hamibot] [INFO]:[INFO] [closeApp]: 已通过最近任务页‘关闭全部’关闭应用
[2026-06-12 09:58:36] [hamibot] [INFO]:[INFO] [Outer]: Exit...
[2026-06-12 09:58:36] [hamibot] [INFO]:[INFO] [Anonymous functions]: Launching...

	Current script version: 1.0.4

[2026-06-12 09:58:36] [hamibot] [INFO]:[INFO] [Anonymous functions]: Configuration loaded {"APP_ENV":"development","USER_ID":"6723480da777ba4dbbb4bfe9","ROBOT_ID":"67242f26e2fed0e6e3d11b91","SCRIPT_ID":"6723493b364a634dae6c9099","TIMESTAMP":"2026-06-12 09:58:35"}
[2026-06-12 09:58:36] [hamibot] [INFO]:[INFO] [Anonymous functions]: Verifying configurations
[2026-06-12 09:58:36] [hamibot] [INFO]:[INFO] [Anonymous functions]: Start running script
[2026-06-12 09:58:36] [hamibot] [INFO]:[INFO] [getElementCache]: getElementCache 加载成功，共 18 条 (第1次)
[2026-06-12 09:58:36] [hamibot] [DEBUG]:[DEBUG] [init]: Accessibility permissions enabled
[2026-06-12 09:58:36] [hamibot] [DEBUG]:[DEBUG] [init]: Screen size: 2400 x 1080
[2026-06-12 09:58:36] [hamibot] [INFO]:[INFO] [saveElementCache]: saveElementCache 服务端共 18 条 (本次新增/更新 18 条)
[2026-06-12 09:58:37] [hamibot] [INFO]:[INFO] [flushElementCache]: 已触发异步刷新元素查找缓存
[2026-06-12 09:58:37] [hamibot] [INFO]:[INFO] [closeApp]: openHamibot true
[2026-06-12 09:58:39] [hamibot] [INFO]:[INFO] [tryClickNode]: tryClickNode com.stardust.automator.UiObject@2a24e; boundsInParent: Rect(0, 0 - 240, 240); boundsInScreen: Rect(420, 2057 - 660, 2297); packageName: com.miui.home; className: android.view.View; text: null; contentDescription: 本机共有12.0 G内存，当前5.4 G可用，双击清理全部任务; viewId: com.miui.home:id/clearAnimView; checkable: false; checked: false; focusable: true; focused: false; selected: false; clickable: true; longClickable: true; enabled: true; password: false; scrollable: false; [ACTION_FOCUS, ACTION_SELECT, ACTION_CLEAR_SELECTION, ACTION_CLICK, ACTION_LONG_CLICK, ACTION_ACCESSIBILITY_FOCUS, ACTION_NEXT_AT_MOVEMENT_GRANULARITY, ACTION_PREVIOUS_AT_MOVEMENT_GRANULARITY, ACTION_SET_SELECTION]
[2026-06-12 09:58:39] [hamibot] [ LOG ]:[ LOG ] [tryClickNode]: tryClickNode: 开始尝试点击节点 com.stardust.automator.UiObject@2a24e; boundsInParent: Rect(0, 0 - 240, 240); boundsInScreen: Rect(420, 2057 - 660, 2297); packageName: com.miui.home; className: android.view.View; text: null; contentDescription: 本机共有12.0 G内存，当前5.4 G可用，双击清理全部任务; viewId: com.miui.home:id/clearAnimView; checkable: false; checked: false; focusable: true; focused: false; selected: false; clickable: true; longClickable: true; enabled: true; password: false; scrollable: false; [ACTION_FOCUS, ACTION_SELECT, ACTION_CLEAR_SELECTION, ACTION_CLICK, ACTION_LONG_CLICK, ACTION_ACCESSIBILITY_FOCUS, ACTION_NEXT_AT_MOVEMENT_GRANULARITY, ACTION_PREVIOUS_AT_MOVEMENT_GRANULARITY, ACTION_SET_SELECTION]
[2026-06-12 09:58:39] [hamibot] [ LOG ]:[ LOG ] [tryClickNode]: tryClickNode: 节点clickable值: function clickable() {/*
boolean clickable()
*/}

[2026-06-12 09:58:39] [hamibot] [ LOG ]:[ LOG ] [tryClickNode]: tryClickNode: 节点clickable toString: function clickable() {/*
boolean clickable()
*/}

[2026-06-12 09:58:40] [hamibot] [ LOG ]:[ LOG ] [tryClickNode]: tryClickNode: 解析后的clickable值: true
[2026-06-12 09:58:40] [hamibot] [ LOG ]:[ LOG ] [tryClickNode]: tryClickNode: 节点本身可点击，执行直接点击
[2026-06-12 09:58:40] [hamibot] [ LOG ]:[ LOG ] [tryClickNode]: tryClickNode: 直接点击结果: true
[2026-06-12 09:58:40] [hamibot] [INFO]:[INFO] [closeApp]: 已通过最近任务页‘关闭全部’关闭应用
[2026-06-12 09:58:42] [hamibot] [INFO]:[INFO] [Outer]: 开始查找商品详情
[2026-06-12 09:58:44] [hamibot] [INFO]:[INFO] [Outer]: 找到商品数量: 0
[2026-06-12 09:58:44] [hamibot] [INFO]:[INFO] [fetchPendingTasks]: fetchPendingTasks raw[30]: {"code":0,"data":[],"total":0}
[2026-06-12 09:58:59] [hamibot] [INFO]:[INFO] [fetchPendingTasks]: fetchPendingTasks raw[30]: {"code":0,"data":[],"total":0}
[2026-06-12 09:59:14] [hamibot] [INFO]:[INFO] [fetchPendingTasks]: fetchPendingTasks raw[30]: {"code":0,"data":[],"total":0}
[2026-06-12 09:59:29] [hamibot] [INFO]:[INFO] [fetchPendingTasks]: fetchPendingTasks raw[30]: {"code":0,"data":[],"total":0}
[2026-06-12 09:59:44] [hamibot] [INFO]:[INFO] [fetchPendingTasks]: fetchPendingTasks raw[30]: {"code":0,"data":[],"total":0}
[2026-06-12 10:00:00] [hamibot] [INFO]:[INFO] [fetchPendingTasks]: fetchPendingTasks raw[30]: {"code":0,"data":[],"total":0}
[2026-06-12 10:00:15] [hamibot] [INFO]:[INFO] [fetchPendingTasks]: fetchPendingTasks raw[30]: {"code":0,"data":[],"total":0}
[2026-06-12 10:00:30] [hamibot] [INFO]:[INFO] [fetchPendingTasks]: fetchPendingTasks raw[30]: {"code":0,"data":[],"total":0}
[2026-06-12 10:00:46] [hamibot] [INFO]:[INFO] [fetchPendingTasks]: fetchPendingTasks raw[30]: {"code":0,"data":[],"total":0}
[2026-06-12 10:01:01] [hamibot] [INFO]:[INFO] [fetchPendingTasks]: fetchPendingTasks raw[30]: {"code":0,"data":[],"total":0}
[2026-06-12 10:01:16] [hamibot] [INFO]:[INFO] [fetchPendingTasks]: fetchPendingTasks raw[30]: {"code":0,"data":[],"total":0}
[2026-06-12 10:01:31] [hamibot] [INFO]:[INFO] [fetchPendingTasks]: fetchPendingTasks raw[30]: {"code":0,"data":[],"total":0}
[2026-06-12 10:01:46] [hamibot] [INFO]:[INFO] [fetchPendingTasks]: fetchPendingTasks raw[30]: {"code":0,"data":[],"total":0}
[2026-06-12 10:02:01] [hamibot] [INFO]:[INFO] [fetchPendingTasks]: fetchPendingTasks raw[30]: {"code":0,"data":[],"total":0}
[2026-06-12 10:02:16] [hamibot] [INFO]:[INFO] [fetchPendingTasks]: fetchPendingTasks raw[30]: {"code":0,"data":[],"total":0}
[2026-06-12 10:02:31] [hamibot] [INFO]:[INFO] [fetchPendingTasks]: fetchPendingTasks raw[30]: {"code":0,"data":[],"total":0}
[2026-06-12 10:02:47] [hamibot] [INFO]:[INFO] [fetchPendingTasks]: fetchPendingTasks raw[30]: {"code":0,"data":[],"total":0}
[2026-06-12 10:03:02] [hamibot] [INFO]:[INFO] [fetchPendingTasks]: fetchPendingTasks raw[30]: {"code":0,"data":[],"total":0}
[2026-06-12 10:03:17] [hamibot] [INFO]:[INFO] [fetchPendingTasks]: fetchPendingTasks raw[30]: {"code":0,"data":[],"total":0}
[2026-06-12 10:03:32] [hamibot] [INFO]:[INFO] [fetchPendingTasks]: fetchPendingTasks raw[30]: {"code":0,"data":[],"total":0}
[2026-06-12 10:03:47] [hamibot] [INFO]:[INFO] [fetchPendingTasks]: fetchPendingTasks raw[30]: {"code":0,"data":[],"total":0}
[2026-06-12 10:04:02] [hamibot] [INFO]:[INFO] [fetchPendingTasks]: fetchPendingTasks raw[30]: {"code":0,"data":[],"total":0}
[2026-06-12 10:04:08] [hamibot] [INFO]:[INFO] [Outer]: Exit...
[2026-06-12 10:04:08] [hamibot] [INFO]:[INFO] [Anonymous functions]: Launching...

	Current script version: 1.0.4

[2026-06-12 10:04:08] [hamibot] [INFO]:[INFO] [Anonymous functions]: Configuration loaded {"APP_ENV":"development","USER_ID":"6723480da777ba4dbbb4bfe9","ROBOT_ID":"67242f26e2fed0e6e3d11b91","SCRIPT_ID":"6723493b364a634dae6c9099","TIMESTAMP":"2026-06-12 10:04:08"}
[2026-06-12 10:04:08] [hamibot] [INFO]:[INFO] [Anonymous functions]: Verifying configurations
[2026-06-12 10:04:08] [hamibot] [INFO]:[INFO] [Anonymous functions]: Start running script
[2026-06-12 10:04:08] [hamibot] [INFO]:[INFO] [getElementCache]: getElementCache 加载成功，共 18 条 (第1次)
[2026-06-12 10:04:08] [hamibot] [DEBUG]:[DEBUG] [init]: Accessibility permissions enabled
[2026-06-12 10:04:08] [hamibot] [DEBUG]:[DEBUG] [init]: Screen size: 2400 x 1080
[2026-06-12 10:04:08] [hamibot] [INFO]:[INFO] [saveElementCache]: saveElementCache 服务端共 18 条 (本次新增/更新 18 条)
[2026-06-12 10:04:08] [hamibot] [INFO]:[INFO] [flushElementCache]: 已触发异步刷新元素查找缓存
[2026-06-12 10:04:09] [hamibot] [INFO]:[INFO] [closeApp]: openHamibot true
[2026-06-12 10:04:12] [hamibot] [INFO]:[INFO] [tryClickNode]: tryClickNode com.stardust.automator.UiObject@2a24e; boundsInParent: Rect(0, 0 - 240, 240); boundsInScreen: Rect(420, 2057 - 660, 2297); packageName: com.miui.home; className: android.view.View; text: null; contentDescription: 本机共有12.0 G内存，当前5.4 G可用，双击清理全部任务; viewId: com.miui.home:id/clearAnimView; checkable: false; checked: false; focusable: true; focused: false; selected: false; clickable: true; longClickable: true; enabled: true; password: false; scrollable: false; [ACTION_FOCUS, ACTION_SELECT, ACTION_CLEAR_SELECTION, ACTION_CLICK, ACTION_LONG_CLICK, ACTION_ACCESSIBILITY_FOCUS, ACTION_NEXT_AT_MOVEMENT_GRANULARITY, ACTION_PREVIOUS_AT_MOVEMENT_GRANULARITY, ACTION_SET_SELECTION]
[2026-06-12 10:04:12] [hamibot] [ LOG ]:[ LOG ] [tryClickNode]: tryClickNode: 开始尝试点击节点 com.stardust.automator.UiObject@2a24e; boundsInParent: Rect(0, 0 - 240, 240); boundsInScreen: Rect(420, 2057 - 660, 2297); packageName: com.miui.home; className: android.view.View; text: null; contentDescription: 本机共有12.0 G内存，当前5.4 G可用，双击清理全部任务; viewId: com.miui.home:id/clearAnimView; checkable: false; checked: false; focusable: true; focused: false; selected: false; clickable: true; longClickable: true; enabled: true; password: false; scrollable: false; [ACTION_FOCUS, ACTION_SELECT, ACTION_CLEAR_SELECTION, ACTION_CLICK, ACTION_LONG_CLICK, ACTION_ACCESSIBILITY_FOCUS, ACTION_NEXT_AT_MOVEMENT_GRANULARITY, ACTION_PREVIOUS_AT_MOVEMENT_GRANULARITY, ACTION_SET_SELECTION]
[2026-06-12 10:04:12] [hamibot] [ LOG ]:[ LOG ] [tryClickNode]: tryClickNode: 节点clickable值: function clickable() {/*
boolean clickable()
*/}

[2026-06-12 10:04:12] [hamibot] [ LOG ]:[ LOG ] [tryClickNode]: tryClickNode: 节点clickable toString: function clickable() {/*
boolean clickable()
*/}

[2026-06-12 10:04:12] [hamibot] [ LOG ]:[ LOG ] [tryClickNode]: tryClickNode: 解析后的clickable值: true
[2026-06-12 10:04:12] [hamibot] [ LOG ]:[ LOG ] [tryClickNode]: tryClickNode: 节点本身可点击，执行直接点击
[2026-06-12 10:04:12] [hamibot] [ LOG ]:[ LOG ] [tryClickNode]: tryClickNode: 直接点击结果: true
[2026-06-12 10:04:13] [hamibot] [INFO]:[INFO] [closeApp]: 已通过最近任务页‘关闭全部’关闭应用
[2026-06-12 10:04:15] [hamibot] [INFO]:[INFO] [Outer]: 开始查找商品详情
[2026-06-12 10:04:17] [hamibot] [INFO]:[INFO] [Outer]: 找到商品数量: 0
[2026-06-12 10:04:17] [hamibot] [INFO]:[INFO] [fetchPendingTasks]: fetchPendingTasks raw[30]: {"code":0,"data":[],"total":0}
[2026-06-12 10:04:32] [hamibot] [INFO]:[INFO] [fetchPendingTasks]: fetchPendingTasks raw[30]: {"code":0,"data":[],"total":0}
[2026-06-12 10:04:47] [hamibot] [INFO]:[INFO] [fetchPendingTasks]: fetchPendingTasks raw[30]: {"code":0,"data":[],"total":0}
[2026-06-12 10:05:03] [hamibot] [INFO]:[INFO] [fetchPendingTasks]: fetchPendingTasks raw[30]: {"code":0,"data":[],"total":0}
[2026-06-12 10:05:18] [hamibot] [INFO]:[INFO] [fetchPendingTasks]: fetchPendingTasks raw[30]: {"code":0,"data":[],"total":0}
[2026-06-12 10:05:33] [hamibot] [INFO]:[INFO] [fetchPendingTasks]: fetchPendingTasks raw[30]: {"code":0,"data":[],"total":0}
[2026-06-12 10:05:48] [hamibot] [INFO]:[INFO] [fetchPendingTasks]: fetchPendingTasks raw[30]: {"code":0,"data":[],"total":0}
[2026-06-12 10:06:04] [hamibot] [INFO]:[INFO] [fetchPendingTasks]: fetchPendingTasks raw[30]: {"code":0,"data":[],"total":0}
[2026-06-12 10:06:19] [hamibot] [INFO]:[INFO] [fetchPendingTasks]: fetchPendingTasks raw[30]: {"code":0,"data":[],"total":0}
[2026-06-12 10:06:34] [hamibot] [INFO]:[INFO] [fetchPendingTasks]: fetchPendingTasks raw[30]: {"code":0,"data":[],"total":0}
[2026-06-12 10:06:49] [hamibot] [INFO]:[INFO] [fetchPendingTasks]: fetchPendingTasks raw[30]: {"code":0,"data":[],"total":0}
[2026-06-12 10:07:04] [hamibot] [INFO]:[INFO] [fetchPendingTasks]: fetchPendingTasks raw[30]: {"code":0,"data":[],"total":0}
[2026-06-12 10:07:19] [hamibot] [INFO]:[INFO] [fetchPendingTasks]: fetchPendingTasks raw[30]: {"code":0,"data":[],"total":0}
[2026-06-12 10:07:35] [hamibot] [INFO]:[INFO] [fetchPendingTasks]: fetchPendingTasks raw[30]: {"code":0,"data":[],"total":0}
[2026-06-12 10:07:50] [hamibot] [INFO]:[INFO] [fetchPendingTasks]: fetchPendingTasks raw[30]: {"code":0,"data":[],"total":0}
[2026-06-12 10:08:06] [hamibot] [INFO]:[INFO] [fetchPendingTasks]: fetchPendingTasks raw[30]: {"code":0,"data":[],"total":0}
[2026-06-12 10:08:22] [hamibot] [INFO]:[INFO] [fetchPendingTasks]: fetchPendingTasks raw[30]: {"code":0,"data":[],"total":0}
[2026-06-12 10:08:37] [hamibot] [INFO]:[INFO] [fetchPendingTasks]: fetchPendingTasks raw[30]: {"code":0,"data":[],"total":0}
[2026-06-12 10:08:52] [hamibot] [INFO]:[INFO] [fetchPendingTasks]: fetchPendingTasks raw[30]: {"code":0,"data":[],"total":0}
[2026-06-12 10:09:11] [hamibot] [INFO]:[INFO] [fetchPendingTasks]: fetchPendingTasks raw[30]: {"code":0,"data":[],"total":0}
[2026-06-12 10:09:26] [hamibot] [INFO]:[INFO] [fetchPendingTasks]: fetchPendingTasks raw[30]: {"code":0,"data":[],"total":0}
[2026-06-12 10:09:41] [hamibot] [INFO]:[INFO] [fetchPendingTasks]: fetchPendingTasks raw[30]: {"code":0,"data":[],"total":0}
[2026-06-12 10:09:58] [hamibot] [INFO]:[INFO] [fetchPendingTasks]: fetchPendingTasks raw[30]: {"code":0,"data":[],"total":0}
[2026-06-12 10:09:58] [hamibot] [INFO]:[INFO] [Outer]: Exit...
[2026-06-12 10:09:58] [hamibot] [INFO]:[INFO] [Anonymous functions]: Launching...

	Current script version: 1.0.4

[2026-06-12 10:09:58] [hamibot] [INFO]:[INFO] [Anonymous functions]: Configuration loaded {"APP_ENV":"development","USER_ID":"6723480da777ba4dbbb4bfe9","ROBOT_ID":"67242f26e2fed0e6e3d11b91","SCRIPT_ID":"6723493b364a634dae6c9099","TIMESTAMP":"2026-06-12 10:09:58"}
[2026-06-12 10:09:58] [hamibot] [INFO]:[INFO] [Anonymous functions]: Verifying configurations
[2026-06-12 10:09:59] [hamibot] [INFO]:[INFO] [Anonymous functions]: Start running script
[2026-06-12 10:09:59] [hamibot] [INFO]:[INFO] [getElementCache]: getElementCache 加载成功，共 18 条 (第1次)
[2026-06-12 10:09:59] [hamibot] [DEBUG]:[DEBUG] [init]: Accessibility permissions enabled
[2026-06-12 10:09:59] [hamibot] [DEBUG]:[DEBUG] [init]: Screen size: 2400 x 1080
[2026-06-12 10:09:59] [hamibot] [INFO]:[INFO] [saveElementCache]: saveElementCache 服务端共 18 条 (本次新增/更新 18 条)
[2026-06-12 10:09:59] [hamibot] [INFO]:[INFO] [flushElementCache]: 已触发异步刷新元素查找缓存
[2026-06-12 10:09:59] [hamibot] [INFO]:[INFO] [closeApp]: openHamibot true
[2026-06-12 10:10:03] [hamibot] [INFO]:[INFO] [tryClickNode]: tryClickNode com.stardust.automator.UiObject@2a24e; boundsInParent: Rect(0, 0 - 240, 240); boundsInScreen: Rect(420, 2057 - 660, 2297); packageName: com.miui.home; className: android.view.View; text: null; contentDescription: 本机共有12.0 G内存，当前5.1 G可用，双击清理全部任务; viewId: com.miui.home:id/clearAnimView; checkable: false; checked: false; focusable: true; focused: false; selected: false; clickable: true; longClickable: true; enabled: true; password: false; scrollable: false; [ACTION_FOCUS, ACTION_SELECT, ACTION_CLEAR_SELECTION, ACTION_CLICK, ACTION_LONG_CLICK, ACTION_ACCESSIBILITY_FOCUS, ACTION_NEXT_AT_MOVEMENT_GRANULARITY, ACTION_PREVIOUS_AT_MOVEMENT_GRANULARITY, ACTION_SET_SELECTION]
[2026-06-12 10:10:03] [hamibot] [ LOG ]:[ LOG ] [tryClickNode]: tryClickNode: 开始尝试点击节点 com.stardust.automator.UiObject@2a24e; boundsInParent: Rect(0, 0 - 240, 240); boundsInScreen: Rect(420, 2057 - 660, 2297); packageName: com.miui.home; className: android.view.View; text: null; contentDescription: 本机共有12.0 G内存，当前5.1 G可用，双击清理全部任务; viewId: com.miui.home:id/clearAnimView; checkable: false; checked: false; focusable: true; focused: false; selected: false; clickable: true; longClickable: true; enabled: true; password: false; scrollable: false; [ACTION_FOCUS, ACTION_SELECT, ACTION_CLEAR_SELECTION, ACTION_CLICK, ACTION_LONG_CLICK, ACTION_ACCESSIBILITY_FOCUS, ACTION_NEXT_AT_MOVEMENT_GRANULARITY, ACTION_PREVIOUS_AT_MOVEMENT_GRANULARITY, ACTION_SET_SELECTION]
[2026-06-12 10:10:03] [hamibot] [ LOG ]:[ LOG ] [tryClickNode]: tryClickNode: 节点clickable值: function clickable() {/*
boolean clickable()
*/}

[2026-06-12 10:10:03] [hamibot] [ LOG ]:[ LOG ] [tryClickNode]: tryClickNode: 节点clickable toString: function clickable() {/*
boolean clickable()
*/}

[2026-06-12 10:10:03] [hamibot] [ LOG ]:[ LOG ] [tryClickNode]: tryClickNode: 解析后的clickable值: true
[2026-06-12 10:10:03] [hamibot] [ LOG ]:[ LOG ] [tryClickNode]: tryClickNode: 节点本身可点击，执行直接点击
[2026-06-12 10:10:03] [hamibot] [ LOG ]:[ LOG ] [tryClickNode]: tryClickNode: 直接点击结果: true
[2026-06-12 10:10:04] [hamibot] [INFO]:[INFO] [closeApp]: 已通过最近任务页‘关闭全部’关闭应用
[2026-06-12 10:14:11] [hamibot] [INFO]:[INFO] [Outer]: Exit...
[2026-06-12 10:26:24] [hamibot] [INFO]:[INFO] [Anonymous functions]: Launching...

	Current script version: 1.0.4

[2026-06-12 10:26:24] [hamibot] [INFO]:[INFO] [Anonymous functions]: Configuration loaded {"APP_ENV":"development","USER_ID":"6723480da777ba4dbbb4bfe9","ROBOT_ID":"67242f26e2fed0e6e3d11b91","SCRIPT_ID":"6723493b364a634dae6c9099","TIMESTAMP":"2026-06-12 10:26:23"}
[2026-06-12 10:26:24] [hamibot] [INFO]:[INFO] [Anonymous functions]: Verifying configurations
[2026-06-12 10:26:24] [hamibot] [INFO]:[INFO] [Anonymous functions]: Start running script
[2026-06-12 10:26:24] [hamibot] [INFO]:[INFO] [getElementCache]: getElementCache 加载成功，共 18 条 (第1次)
[2026-06-12 10:26:25] [hamibot] [DEBUG]:[DEBUG] [init]: Accessibility permissions enabled
[2026-06-12 10:26:25] [hamibot] [DEBUG]:[DEBUG] [init]: Screen size: 2400 x 1080
[2026-06-12 10:26:25] [hamibot] [INFO]:[INFO] [saveElementCache]: saveElementCache 服务端共 18 条 (本次新增/更新 18 条)
[2026-06-12 10:26:25] [hamibot] [INFO]:[INFO] [flushElementCache]: 已触发异步刷新元素查找缓存
[2026-06-12 10:26:25] [hamibot] [INFO]:[INFO] [closeApp]: openHamibot true
[2026-06-12 10:26:29] [hamibot] [INFO]:[INFO] [tryClickNode]: tryClickNode com.stardust.automator.UiObject@2a24e; boundsInParent: Rect(0, 0 - 240, 240); boundsInScreen: Rect(420, 2057 - 660, 2297); packageName: com.miui.home; className: android.view.View; text: null; contentDescription: 本机共有12.0 G内存，当前5.8 G可用，双击清理全部任务; viewId: com.miui.home:id/clearAnimView; checkable: false; checked: false; focusable: true; focused: false; selected: false; clickable: true; longClickable: true; enabled: true; password: false; scrollable: false; [ACTION_FOCUS, ACTION_SELECT, ACTION_CLEAR_SELECTION, ACTION_CLICK, ACTION_LONG_CLICK, ACTION_ACCESSIBILITY_FOCUS, ACTION_NEXT_AT_MOVEMENT_GRANULARITY, ACTION_PREVIOUS_AT_MOVEMENT_GRANULARITY, ACTION_SET_SELECTION]
[2026-06-12 10:26:29] [hamibot] [ LOG ]:[ LOG ] [tryClickNode]: tryClickNode: 开始尝试点击节点 com.stardust.automator.UiObject@2a24e; boundsInParent: Rect(0, 0 - 240, 240); boundsInScreen: Rect(420, 2057 - 660, 2297); packageName: com.miui.home; className: android.view.View; text: null; contentDescription: 本机共有12.0 G内存，当前5.8 G可用，双击清理全部任务; viewId: com.miui.home:id/clearAnimView; checkable: false; checked: false; focusable: true; focused: false; selected: false; clickable: true; longClickable: true; enabled: true; password: false; scrollable: false; [ACTION_FOCUS, ACTION_SELECT, ACTION_CLEAR_SELECTION, ACTION_CLICK, ACTION_LONG_CLICK, ACTION_ACCESSIBILITY_FOCUS, ACTION_NEXT_AT_MOVEMENT_GRANULARITY, ACTION_PREVIOUS_AT_MOVEMENT_GRANULARITY, ACTION_SET_SELECTION]
[2026-06-12 10:26:29] [hamibot] [ LOG ]:[ LOG ] [tryClickNode]: tryClickNode: 节点clickable值: function clickable() {/*
boolean clickable()
*/}

[2026-06-12 10:26:30] [hamibot] [ LOG ]:[ LOG ] [tryClickNode]: tryClickNode: 节点clickable toString: function clickable() {/*
boolean clickable()
*/}

[2026-06-12 10:26:30] [hamibot] [ LOG ]:[ LOG ] [tryClickNode]: tryClickNode: 解析后的clickable值: true
[2026-06-12 10:26:30] [hamibot] [ LOG ]:[ LOG ] [tryClickNode]: tryClickNode: 节点本身可点击，执行直接点击
[2026-06-12 10:26:30] [hamibot] [ LOG ]:[ LOG ] [tryClickNode]: tryClickNode: 直接点击结果: false
[2026-06-12 10:26:38] [hamibot] [WARN]:[WARN] [closeApp]: 关闭应用未确认成功: com.taobao.idlefish
[2026-06-12 10:26:39] [hamibot] [INFO]:[INFO] [Outer]: 开始查找商品详情
[2026-06-12 10:26:41] [hamibot] [INFO]:[INFO] [Outer]: 找到商品数量: 0
[2026-06-12 10:26:42] [hamibot] [INFO]:[INFO] [fetchPendingTasks]: fetchPendingTasks raw[30]: {"code":0,"data":[],"total":0}
[2026-06-12 10:26:58] [hamibot] [INFO]:[INFO] [fetchPendingTasks]: fetchPendingTasks raw[30]: {"code":0,"data":[],"total":0}
[2026-06-12 10:27:13] [hamibot] [INFO]:[INFO] [fetchPendingTasks]: fetchPendingTasks raw[30]: {"code":0,"data":[],"total":0}
[2026-06-12 10:27:29] [hamibot] [INFO]:[INFO] [fetchPendingTasks]: fetchPendingTasks raw[30]: {"code":0,"data":[],"total":0}
[2026-06-12 10:27:44] [hamibot] [INFO]:[INFO] [fetchPendingTasks]: fetchPendingTasks raw[30]: {"code":0,"data":[],"total":0}
[2026-06-12 10:28:01] [hamibot] [INFO]:[INFO] [fetchPendingTasks]: fetchPendingTasks raw[30]: {"code":0,"data":[],"total":0}
[2026-06-12 10:28:18] [hamibot] [INFO]:[INFO] [fetchPendingTasks]: fetchPendingTasks raw[30]: {"code":0,"data":[],"total":0}
[2026-06-12 10:28:33] [hamibot] [INFO]:[INFO] [fetchPendingTasks]: fetchPendingTasks raw[30]: {"code":0,"data":[],"total":0}
[2026-06-12 10:28:48] [hamibot] [INFO]:[INFO] [fetchPendingTasks]: fetchPendingTasks raw[30]: {"code":0,"data":[],"total":0}
[2026-06-12 10:29:03] [hamibot] [INFO]:[INFO] [fetchPendingTasks]: fetchPendingTasks raw[30]: {"code":0,"data":[],"total":0}
[2026-06-12 10:29:18] [hamibot] [INFO]:[INFO] [fetchPendingTasks]: fetchPendingTasks raw[30]: {"code":0,"data":[],"total":0}
[2026-06-12 10:29:34] [hamibot] [INFO]:[INFO] [fetchPendingTasks]: fetchPendingTasks raw[30]: {"code":0,"data":[],"total":0}
[2026-06-12 10:29:49] [hamibot] [INFO]:[INFO] [fetchPendingTasks]: fetchPendingTasks raw[30]: {"code":0,"data":[],"total":0}
[2026-06-12 10:30:04] [hamibot] [INFO]:[INFO] [fetchPendingTasks]: fetchPendingTasks raw[30]: {"code":0,"data":[],"total":0}
[2026-06-12 10:30:19] [hamibot] [INFO]:[INFO] [fetchPendingTasks]: fetchPendingTasks raw[30]: {"code":0,"data":[],"total":0}
[2026-06-12 10:30:36] [hamibot] [INFO]:[INFO] [fetchPendingTasks]: fetchPendingTasks raw[30]: {"code":0,"data":[],"total":0}
[2026-06-12 10:30:52] [hamibot] [INFO]:[INFO] [fetchPendingTasks]: fetchPendingTasks raw[30]: {"code":0,"data":[],"total":0}
[2026-06-12 10:31:07] [hamibot] [INFO]:[INFO] [fetchPendingTasks]: fetchPendingTasks raw[30]: {"code":0,"data":[],"total":0}
[2026-06-12 10:31:22] [hamibot] [INFO]:[INFO] [fetchPendingTasks]: fetchPendingTasks raw[30]: {"code":0,"data":[],"total":0}
[2026-06-12 10:31:38] [hamibot] [INFO]:[INFO] [fetchPendingTasks]: fetchPendingTasks raw[30]: {"code":0,"data":[],"total":0}
[2026-06-12 10:31:53] [hamibot] [INFO]:[INFO] [fetchPendingTasks]: fetchPendingTasks raw[30]: {"code":0,"data":[],"total":0}
[2026-06-12 10:32:08] [hamibot] [INFO]:[INFO] [fetchPendingTasks]: fetchPendingTasks raw[30]: {"code":0,"data":[],"total":0}
[2026-06-12 10:32:23] [hamibot] [INFO]:[INFO] [fetchPendingTasks]: fetchPendingTasks raw[30]: {"code":0,"data":[],"total":0}
[2026-06-12 10:32:38] [hamibot] [INFO]:[INFO] [fetchPendingTasks]: fetchPendingTasks raw[30]: {"code":0,"data":[],"total":0}
[2026-06-12 10:32:53] [hamibot] [INFO]:[INFO] [fetchPendingTasks]: fetchPendingTasks raw[30]: {"code":0,"data":[],"total":0}
[2026-06-12 10:33:08] [hamibot] [INFO]:[INFO] [fetchPendingTasks]: fetchPendingTasks raw[30]: {"code":0,"data":[],"total":0}
[2026-06-12 10:33:23] [hamibot] [INFO]:[INFO] [fetchPendingTasks]: fetchPendingTasks raw[30]: {"code":0,"data":[],"total":0}
[2026-06-12 10:33:39] [hamibot] [INFO]:[INFO] [fetchPendingTasks]: fetchPendingTasks raw[30]: {"code":0,"data":[],"total":0}
[2026-06-12 10:33:54] [hamibot] [INFO]:[INFO] [fetchPendingTasks]: fetchPendingTasks raw[30]: {"code":0,"data":[],"total":0}
[2026-06-12 10:34:09] [hamibot] [INFO]:[INFO] [fetchPendingTasks]: fetchPendingTasks raw[30]: {"code":0,"data":[],"total":0}
[2026-06-12 10:34:24] [hamibot] [INFO]:[INFO] [fetchPendingTasks]: fetchPendingTasks raw[30]: {"code":0,"data":[],"total":0}
[2026-06-12 10:34:39] [hamibot] [INFO]:[INFO] [fetchPendingTasks]: fetchPendingTasks raw[30]: {"code":0,"data":[],"total":0}
[2026-06-12 10:34:55] [hamibot] [INFO]:[INFO] [fetchPendingTasks]: fetchPendingTasks raw[30]: {"code":0,"data":[],"total":0}
[2026-06-12 10:35:11] [hamibot] [INFO]:[INFO] [fetchPendingTasks]: fetchPendingTasks raw[30]: {"code":0,"data":[],"total":0}
[2026-06-12 10:35:28] [hamibot] [INFO]:[INFO] [fetchPendingTasks]: fetchPendingTasks raw[30]: {"code":0,"data":[],"total":0}
[2026-06-12 10:35:44] [hamibot] [INFO]:[INFO] [fetchPendingTasks]: fetchPendingTasks raw[30]: {"code":0,"data":[],"total":0}
[2026-06-12 10:35:59] [hamibot] [INFO]:[INFO] [fetchPendingTasks]: fetchPendingTasks raw[30]: {"code":0,"data":[],"total":0}
[2026-06-12 10:36:14] [hamibot] [INFO]:[INFO] [fetchPendingTasks]: fetchPendingTasks raw[30]: {"code":0,"data":[],"total":0}
[2026-06-12 10:36:30] [hamibot] [INFO]:[INFO] [fetchPendingTasks]: fetchPendingTasks raw[30]: {"code":0,"data":[],"total":0}
[2026-06-12 10:36:46] [hamibot] [INFO]:[INFO] [fetchPendingTasks]: fetchPendingTasks raw[30]: {"code":0,"data":[],"total":0}
[2026-06-12 10:37:01] [hamibot] [INFO]:[INFO] [fetchPendingTasks]: fetchPendingTasks raw[30]: {"code":0,"data":[],"total":0}
[2026-06-12 10:37:17] [hamibot] [INFO]:[INFO] [fetchPendingTasks]: fetchPendingTasks raw[30]: {"code":0,"data":[],"total":0}
[2026-06-12 10:37:32] [hamibot] [INFO]:[INFO] [fetchPendingTasks]: fetchPendingTasks raw[30]: {"code":0,"data":[],"total":0}
[2026-06-12 10:37:47] [hamibot] [INFO]:[INFO] [fetchPendingTasks]: fetchPendingTasks raw[30]: {"code":0,"data":[],"total":0}
[2026-06-12 10:38:02] [hamibot] [INFO]:[INFO] [fetchPendingTasks]: fetchPendingTasks raw[30]: {"code":0,"data":[],"total":0}
[2026-06-12 10:38:18] [hamibot] [INFO]:[INFO] [fetchPendingTasks]: fetchPendingTasks raw[30]: {"code":0,"data":[],"total":0}
[2026-06-12 10:38:33] [hamibot] [INFO]:[INFO] [fetchPendingTasks]: fetchPendingTasks raw[30]: {"code":0,"data":[],"total":0}
[2026-06-12 10:38:52] [hamibot] [INFO]:[INFO] [fetchPendingTasks]: fetchPendingTasks raw[30]: {"code":0,"data":[],"total":0}
[2026-06-12 10:39:09] [hamibot] [INFO]:[INFO] [fetchPendingTasks]: fetchPendingTasks raw[30]: {"code":0,"data":[],"total":0}
[2026-06-12 10:39:24] [hamibot] [INFO]:[INFO] [fetchPendingTasks]: fetchPendingTasks raw[30]: {"code":0,"data":[],"total":0}
[2026-06-12 10:39:39] [hamibot] [INFO]:[INFO] [fetchPendingTasks]: fetchPendingTasks raw[30]: {"code":0,"data":[],"total":0}
[2026-06-12 10:39:55] [hamibot] [INFO]:[INFO] [fetchPendingTasks]: fetchPendingTasks raw[30]: {"code":0,"data":[],"total":0}
[2026-06-12 10:40:11] [hamibot] [INFO]:[INFO] [fetchPendingTasks]: fetchPendingTasks raw[30]: {"code":0,"data":[],"total":0}
[2026-06-12 10:40:26] [hamibot] [INFO]:[INFO] [fetchPendingTasks]: fetchPendingTasks raw[30]: {"code":0,"data":[],"total":0}
[2026-06-12 10:40:41] [hamibot] [INFO]:[INFO] [fetchPendingTasks]: fetchPendingTasks raw[30]: {"code":0,"data":[],"total":0}
[2026-06-12 10:40:56] [hamibot] [INFO]:[INFO] [fetchPendingTasks]: fetchPendingTasks raw[30]: {"code":0,"data":[],"total":0}
[2026-06-12 10:41:12] [hamibot] [INFO]:[INFO] [fetchPendingTasks]: fetchPendingTasks raw[30]: {"code":0,"data":[],"total":0}
[2026-06-12 10:41:27] [hamibot] [INFO]:[INFO] [fetchPendingTasks]: fetchPendingTasks raw[30]: {"code":0,"data":[],"total":0}
[2026-06-12 10:41:43] [hamibot] [INFO]:[INFO] [fetchPendingTasks]: fetchPendingTasks raw[30]: {"code":0,"data":[],"total":0}
[2026-06-12 10:41:59] [hamibot] [INFO]:[INFO] [fetchPendingTasks]: fetchPendingTasks raw[30]: {"code":0,"data":[],"total":0}
[2026-06-12 10:42:15] [hamibot] [INFO]:[INFO] [fetchPendingTasks]: fetchPendingTasks raw[30]: {"code":0,"data":[],"total":0}
[2026-06-12 10:42:30] [hamibot] [INFO]:[INFO] [fetchPendingTasks]: fetchPendingTasks raw[30]: {"code":0,"data":[],"total":0}
[2026-06-12 10:42:45] [hamibot] [INFO]:[INFO] [fetchPendingTasks]: fetchPendingTasks raw[30]: {"code":0,"data":[],"total":0}
[2026-06-12 10:43:03] [hamibot] [INFO]:[INFO] [fetchPendingTasks]: fetchPendingTasks raw[30]: {"code":0,"data":[],"total":0}
[2026-06-12 10:43:19] [hamibot] [INFO]:[INFO] [fetchPendingTasks]: fetchPendingTasks raw[30]: {"code":0,"data":[],"total":0}
[2026-06-12 10:43:34] [hamibot] [INFO]:[INFO] [fetchPendingTasks]: fetchPendingTasks raw[30]: {"code":0,"data":[],"total":0}
[2026-06-12 10:43:49] [hamibot] [INFO]:[INFO] [fetchPendingTasks]: fetchPendingTasks raw[30]: {"code":0,"data":[],"total":0}
[2026-06-12 10:44:04] [hamibot] [INFO]:[INFO] [fetchPendingTasks]: fetchPendingTasks raw[30]: {"code":0,"data":[],"total":0}
[2026-06-12 10:44:19] [hamibot] [INFO]:[INFO] [fetchPendingTasks]: fetchPendingTasks raw[30]: {"code":0,"data":[],"total":0}
[2026-06-12 10:44:34] [hamibot] [INFO]:[INFO] [fetchPendingTasks]: fetchPendingTasks raw[30]: {"code":0,"data":[],"total":0}
[2026-06-12 10:44:50] [hamibot] [INFO]:[INFO] [fetchPendingTasks]: fetchPendingTasks raw[30]: {"code":0,"data":[],"total":0}
[2026-06-12 10:45:05] [hamibot] [INFO]:[INFO] [fetchPendingTasks]: fetchPendingTasks raw[30]: {"code":0,"data":[],"total":0}
[2026-06-12 10:45:20] [hamibot] [INFO]:[INFO] [fetchPendingTasks]: fetchPendingTasks raw[30]: {"code":0,"data":[],"total":0}
[2026-06-12 10:45:36] [hamibot] [INFO]:[INFO] [fetchPendingTasks]: fetchPendingTasks raw[30]: {"code":0,"data":[],"total":0}
[2026-06-12 10:45:51] [hamibot] [INFO]:[INFO] [fetchPendingTasks]: fetchPendingTasks raw[30]: {"code":0,"data":[],"total":0}
[2026-06-12 10:46:06] [hamibot] [INFO]:[INFO] [fetchPendingTasks]: fetchPendingTasks raw[30]: {"code":0,"data":[],"total":0}
[2026-06-12 10:46:21] [hamibot] [INFO]:[INFO] [fetchPendingTasks]: fetchPendingTasks raw[30]: {"code":0,"data":[],"total":0}
[2026-06-12 10:46:36] [hamibot] [INFO]:[INFO] [fetchPendingTasks]: fetchPendingTasks raw[30]: {"code":0,"data":[],"total":0}
[2026-06-12 10:46:51] [hamibot] [INFO]:[INFO] [fetchPendingTasks]: fetchPendingTasks raw[30]: {"code":0,"data":[],"total":0}
[2026-06-12 10:47:06] [hamibot] [INFO]:[INFO] [fetchPendingTasks]: fetchPendingTasks raw[30]: {"code":0,"data":[],"total":0}
[2026-06-12 10:47:22] [hamibot] [INFO]:[INFO] [fetchPendingTasks]: fetchPendingTasks raw[30]: {"code":0,"data":[],"total":0}
[2026-06-12 10:47:37] [hamibot] [INFO]:[INFO] [fetchPendingTasks]: fetchPendingTasks raw[30]: {"code":0,"data":[],"total":0}
[2026-06-12 10:47:52] [hamibot] [INFO]:[INFO] [fetchPendingTasks]: fetchPendingTasks raw[30]: {"code":0,"data":[],"total":0}
[2026-06-12 10:48:07] [hamibot] [INFO]:[INFO] [fetchPendingTasks]: fetchPendingTasks raw[30]: {"code":0,"data":[],"total":0}
[2026-06-12 10:48:23] [hamibot] [INFO]:[INFO] [fetchPendingTasks]: fetchPendingTasks raw[30]: {"code":0,"data":[],"total":0}
[2026-06-12 10:48:38] [hamibot] [INFO]:[INFO] [fetchPendingTasks]: fetchPendingTasks raw[30]: {"code":0,"data":[],"total":0}
[2026-06-12 10:48:53] [hamibot] [INFO]:[INFO] [fetchPendingTasks]: fetchPendingTasks raw[30]: {"code":0,"data":[],"total":0}
[2026-06-12 10:49:08] [hamibot] [INFO]:[INFO] [fetchPendingTasks]: fetchPendingTasks raw[30]: {"code":0,"data":[],"total":0}
[2026-06-12 10:49:23] [hamibot] [INFO]:[INFO] [fetchPendingTasks]: fetchPendingTasks raw[30]: {"code":0,"data":[],"total":0}
[2026-06-12 10:49:40] [hamibot] [INFO]:[INFO] [fetchPendingTasks]: fetchPendingTasks raw[30]: {"code":0,"data":[],"total":0}
[2026-06-12 10:49:55] [hamibot] [INFO]:[INFO] [fetchPendingTasks]: fetchPendingTasks raw[30]: {"code":0,"data":[],"total":0}
[2026-06-12 10:50:10] [hamibot] [INFO]:[INFO] [fetchPendingTasks]: fetchPendingTasks raw[30]: {"code":0,"data":[],"total":0}
[2026-06-12 10:50:26] [hamibot] [INFO]:[INFO] [fetchPendingTasks]: fetchPendingTasks raw[30]: {"code":0,"data":[],"total":0}
[2026-06-12 10:50:41] [hamibot] [INFO]:[INFO] [fetchPendingTasks]: fetchPendingTasks raw[30]: {"code":0,"data":[],"total":0}
[2026-06-12 10:50:56] [hamibot] [INFO]:[INFO] [fetchPendingTasks]: fetchPendingTasks raw[30]: {"code":0,"data":[],"total":0}
[2026-06-12 10:51:11] [hamibot] [INFO]:[INFO] [fetchPendingTasks]: fetchPendingTasks raw[30]: {"code":0,"data":[],"total":0}
[2026-06-12 10:51:26] [hamibot] [INFO]:[INFO] [fetchPendingTasks]: fetchPendingTasks raw[30]: {"code":0,"data":[],"total":0}
[2026-06-12 10:51:41] [hamibot] [INFO]:[INFO] [fetchPendingTasks]: fetchPendingTasks raw[30]: {"code":0,"data":[],"total":0}
[2026-06-12 10:51:57] [hamibot] [INFO]:[INFO] [fetchPendingTasks]: fetchPendingTasks raw[30]: {"code":0,"data":[],"total":0}
[2026-06-12 10:52:12] [hamibot] [INFO]:[INFO] [fetchPendingTasks]: fetchPendingTasks raw[30]: {"code":0,"data":[],"total":0}
[2026-06-12 10:52:27] [hamibot] [INFO]:[INFO] [fetchPendingTasks]: fetchPendingTasks raw[30]: {"code":0,"data":[],"total":0}
[2026-06-12 10:52:42] [hamibot] [INFO]:[INFO] [fetchPendingTasks]: fetchPendingTasks raw[30]: {"code":0,"data":[],"total":0}
[2026-06-12 10:52:57] [hamibot] [INFO]:[INFO] [fetchPendingTasks]: fetchPendingTasks raw[30]: {"code":0,"data":[],"total":0}
[2026-06-12 10:53:13] [hamibot] [INFO]:[INFO] [fetchPendingTasks]: fetchPendingTasks raw[30]: {"code":0,"data":[],"total":0}
[2026-06-12 10:53:28] [hamibot] [INFO]:[INFO] [fetchPendingTasks]: fetchPendingTasks raw[30]: {"code":0,"data":[],"total":0}
[2026-06-12 10:53:43] [hamibot] [INFO]:[INFO] [fetchPendingTasks]: fetchPendingTasks raw[30]: {"code":0,"data":[],"total":0}
[2026-06-12 10:53:58] [hamibot] [INFO]:[INFO] [fetchPendingTasks]: fetchPendingTasks raw[30]: {"code":0,"data":[],"total":0}
[2026-06-12 10:54:13] [hamibot] [INFO]:[INFO] [fetchPendingTasks]: fetchPendingTasks raw[30]: {"code":0,"data":[],"total":0}
[2026-06-12 10:54:28] [hamibot] [INFO]:[INFO] [fetchPendingTasks]: fetchPendingTasks raw[30]: {"code":0,"data":[],"total":0}
[2026-06-12 10:54:44] [hamibot] [INFO]:[INFO] [fetchPendingTasks]: fetchPendingTasks raw[30]: {"code":0,"data":[],"total":0}
[2026-06-12 10:54:59] [hamibot] [INFO]:[INFO] [fetchPendingTasks]: fetchPendingTasks raw[30]: {"code":0,"data":[],"total":0}
[2026-06-12 10:55:14] [hamibot] [INFO]:[INFO] [fetchPendingTasks]: fetchPendingTasks raw[30]: {"code":0,"data":[],"total":0}
[2026-06-12 10:55:29] [hamibot] [INFO]:[INFO] [fetchPendingTasks]: fetchPendingTasks raw[30]: {"code":0,"data":[],"total":0}
[2026-06-12 10:55:45] [hamibot] [INFO]:[INFO] [fetchPendingTasks]: fetchPendingTasks raw[30]: {"code":0,"data":[],"total":0}
[2026-06-12 10:56:00] [hamibot] [INFO]:[INFO] [fetchPendingTasks]: fetchPendingTasks raw[30]: {"code":0,"data":[],"total":0}
[2026-06-12 10:56:16] [hamibot] [INFO]:[INFO] [fetchPendingTasks]: fetchPendingTasks raw[30]: {"code":0,"data":[],"total":0}
[2026-06-12 10:56:31] [hamibot] [INFO]:[INFO] [fetchPendingTasks]: fetchPendingTasks raw[30]: {"code":0,"data":[],"total":0}
[2026-06-12 10:56:46] [hamibot] [INFO]:[INFO] [fetchPendingTasks]: fetchPendingTasks raw[30]: {"code":0,"data":[],"total":0}
[2026-06-12 10:57:01] [hamibot] [INFO]:[INFO] [fetchPendingTasks]: fetchPendingTasks raw[30]: {"code":0,"data":[],"total":0}
[2026-06-12 10:57:17] [hamibot] [INFO]:[INFO] [fetchPendingTasks]: fetchPendingTasks raw[30]: {"code":0,"data":[],"total":0}
[2026-06-12 10:57:32] [hamibot] [INFO]:[INFO] [fetchPendingTasks]: fetchPendingTasks raw[30]: {"code":0,"data":[],"total":0}
[2026-06-12 10:57:47] [hamibot] [INFO]:[INFO] [fetchPendingTasks]: fetchPendingTasks raw[30]: {"code":0,"data":[],"total":0}
[2026-06-12 10:58:02] [hamibot] [INFO]:[INFO] [fetchPendingTasks]: fetchPendingTasks raw[30]: {"code":0,"data":[],"total":0}
[2026-06-12 10:58:17] [hamibot] [INFO]:[INFO] [fetchPendingTasks]: fetchPendingTasks raw[30]: {"code":0,"data":[],"total":0}
[2026-06-12 10:58:33] [hamibot] [INFO]:[INFO] [fetchPendingTasks]: fetchPendingTasks raw[30]: {"code":0,"data":[],"total":0}
[2026-06-12 10:58:48] [hamibot] [INFO]:[INFO] [fetchPendingTasks]: fetchPendingTasks raw[30]: {"code":0,"data":[],"total":0}
[2026-06-12 10:59:04] [hamibot] [INFO]:[INFO] [fetchPendingTasks]: fetchPendingTasks raw[30]: {"code":0,"data":[],"total":0}
[2026-06-12 10:59:19] [hamibot] [INFO]:[INFO] [fetchPendingTasks]: fetchPendingTasks raw[30]: {"code":0,"data":[],"total":0}
[2026-06-12 10:59:34] [hamibot] [INFO]:[INFO] [fetchPendingTasks]: fetchPendingTasks raw[30]: {"code":0,"data":[],"total":0}
[2026-06-12 10:59:49] [hamibot] [INFO]:[INFO] [fetchPendingTasks]: fetchPendingTasks raw[30]: {"code":0,"data":[],"total":0}
[2026-06-12 11:00:05] [hamibot] [INFO]:[INFO] [fetchPendingTasks]: fetchPendingTasks raw[30]: {"code":0,"data":[],"total":0}
[2026-06-12 11:00:20] [hamibot] [INFO]:[INFO] [fetchPendingTasks]: fetchPendingTasks raw[30]: {"code":0,"data":[],"total":0}
[2026-06-12 11:00:36] [hamibot] [INFO]:[INFO] [fetchPendingTasks]: fetchPendingTasks raw[30]: {"code":0,"data":[],"total":0}
[2026-06-12 11:00:52] [hamibot] [INFO]:[INFO] [fetchPendingTasks]: fetchPendingTasks raw[30]: {"code":0,"data":[],"total":0}
[2026-06-12 11:01:07] [hamibot] [INFO]:[INFO] [fetchPendingTasks]: fetchPendingTasks raw[30]: {"code":0,"data":[],"total":0}
[2026-06-12 11:01:23] [hamibot] [INFO]:[INFO] [fetchPendingTasks]: fetchPendingTasks raw[30]: {"code":0,"data":[],"total":0}
[2026-06-12 11:01:38] [hamibot] [INFO]:[INFO] [fetchPendingTasks]: fetchPendingTasks raw[30]: {"code":0,"data":[],"total":0}
[2026-06-12 11:01:54] [hamibot] [INFO]:[INFO] [fetchPendingTasks]: fetchPendingTasks raw[30]: {"code":0,"data":[],"total":0}
[2026-06-12 11:02:10] [hamibot] [INFO]:[INFO] [fetchPendingTasks]: fetchPendingTasks raw[30]: {"code":0,"data":[],"total":0}
[2026-06-12 11:02:25] [hamibot] [INFO]:[INFO] [fetchPendingTasks]: fetchPendingTasks raw[30]: {"code":0,"data":[],"total":0}
[2026-06-12 11:02:42] [hamibot] [INFO]:[INFO] [fetchPendingTasks]: fetchPendingTasks raw[30]: {"code":0,"data":[],"total":0}
[2026-06-12 11:02:58] [hamibot] [INFO]:[INFO] [fetchPendingTasks]: fetchPendingTasks raw[30]: {"code":0,"data":[],"total":0}
[2026-06-12 11:03:14] [hamibot] [INFO]:[INFO] [fetchPendingTasks]: fetchPendingTasks raw[30]: {"code":0,"data":[],"total":0}
[2026-06-12 11:03:29] [hamibot] [INFO]:[INFO] [fetchPendingTasks]: fetchPendingTasks raw[30]: {"code":0,"data":[],"total":0}
[2026-06-12 11:03:46] [hamibot] [INFO]:[INFO] [fetchPendingTasks]: fetchPendingTasks raw[30]: {"code":0,"data":[],"total":0}
[2026-06-12 11:04:02] [hamibot] [INFO]:[INFO] [fetchPendingTasks]: fetchPendingTasks raw[30]: {"code":0,"data":[],"total":0}
[2026-06-12 11:04:17] [hamibot] [INFO]:[INFO] [fetchPendingTasks]: fetchPendingTasks raw[30]: {"code":0,"data":[],"total":0}
[2026-06-12 11:04:33] [hamibot] [INFO]:[INFO] [fetchPendingTasks]: fetchPendingTasks raw[30]: {"code":0,"data":[],"total":0}
[2026-06-12 11:04:52] [hamibot] [INFO]:[INFO] [fetchPendingTasks]: fetchPendingTasks raw[30]: {"code":0,"data":[],"total":0}
[2026-06-12 11:05:10] [hamibot] [INFO]:[INFO] [fetchPendingTasks]: fetchPendingTasks raw[30]: {"code":0,"data":[],"total":0}
[2026-06-12 11:05:25] [hamibot] [INFO]:[INFO] [fetchPendingTasks]: fetchPendingTasks raw[30]: {"code":0,"data":[],"total":0}
[2026-06-12 11:05:40] [hamibot] [INFO]:[INFO] [fetchPendingTasks]: fetchPendingTasks raw[30]: {"code":0,"data":[],"total":0}
[2026-06-12 11:05:55] [hamibot] [INFO]:[INFO] [fetchPendingTasks]: fetchPendingTasks raw[30]: {"code":0,"data":[],"total":0}
[2026-06-12 11:06:10] [hamibot] [INFO]:[INFO] [fetchPendingTasks]: fetchPendingTasks raw[30]: {"code":0,"data":[],"total":0}
[2026-06-12 11:06:27] [hamibot] [INFO]:[INFO] [fetchPendingTasks]: fetchPendingTasks raw[30]: {"code":0,"data":[],"total":0}
[2026-06-12 11:06:42] [hamibot] [INFO]:[INFO] [fetchPendingTasks]: fetchPendingTasks raw[30]: {"code":0,"data":[],"total":0}
[2026-06-12 11:06:57] [hamibot] [INFO]:[INFO] [fetchPendingTasks]: fetchPendingTasks raw[30]: {"code":0,"data":[],"total":0}
[2026-06-12 11:07:13] [hamibot] [INFO]:[INFO] [fetchPendingTasks]: fetchPendingTasks raw[30]: {"code":0,"data":[],"total":0}
[2026-06-12 11:07:28] [hamibot] [INFO]:[INFO] [fetchPendingTasks]: fetchPendingTasks raw[30]: {"code":0,"data":[],"total":0}
[2026-06-12 11:07:44] [hamibot] [INFO]:[INFO] [fetchPendingTasks]: fetchPendingTasks raw[30]: {"code":0,"data":[],"total":0}
[2026-06-12 11:07:59] [hamibot] [INFO]:[INFO] [fetchPendingTasks]: fetchPendingTasks raw[30]: {"code":0,"data":[],"total":0}
[2026-06-12 11:08:14] [hamibot] [INFO]:[INFO] [fetchPendingTasks]: fetchPendingTasks raw[30]: {"code":0,"data":[],"total":0}
[2026-06-12 11:08:30] [hamibot] [INFO]:[INFO] [fetchPendingTasks]: fetchPendingTasks raw[30]: {"code":0,"data":[],"total":0}
[2026-06-12 11:08:45] [hamibot] [INFO]:[INFO] [fetchPendingTasks]: fetchPendingTasks raw[30]: {"code":0,"data":[],"total":0}
[2026-06-12 11:09:01] [hamibot] [INFO]:[INFO] [fetchPendingTasks]: fetchPendingTasks raw[30]: {"code":0,"data":[],"total":0}
[2026-06-12 11:09:16] [hamibot] [INFO]:[INFO] [fetchPendingTasks]: fetchPendingTasks raw[30]: {"code":0,"data":[],"total":0}
[2026-06-12 11:09:32] [hamibot] [INFO]:[INFO] [fetchPendingTasks]: fetchPendingTasks raw[30]: {"code":0,"data":[],"total":0}
[2026-06-12 11:09:49] [hamibot] [INFO]:[INFO] [fetchPendingTasks]: fetchPendingTasks raw[30]: {"code":0,"data":[],"total":0}
[2026-06-12 11:10:09] [hamibot] [INFO]:[INFO] [fetchPendingTasks]: fetchPendingTasks raw[30]: {"code":0,"data":[],"total":0}
[2026-06-12 11:10:27] [hamibot] [INFO]:[INFO] [fetchPendingTasks]: fetchPendingTasks raw[30]: {"code":0,"data":[],"total":0}
[2026-06-12 11:10:42] [hamibot] [INFO]:[INFO] [fetchPendingTasks]: fetchPendingTasks raw[30]: {"code":0,"data":[],"total":0}
[2026-06-12 11:10:58] [hamibot] [INFO]:[INFO] [fetchPendingTasks]: fetchPendingTasks raw[30]: {"code":0,"data":[],"total":0}
[2026-06-12 11:11:14] [hamibot] [INFO]:[INFO] [fetchPendingTasks]: fetchPendingTasks raw[30]: {"code":0,"data":[],"total":0}
[2026-06-12 11:11:31] [hamibot] [INFO]:[INFO] [fetchPendingTasks]: fetchPendingTasks raw[30]: {"code":0,"data":[],"total":0}
[2026-06-12 11:11:47] [hamibot] [INFO]:[INFO] [fetchPendingTasks]: fetchPendingTasks raw[30]: {"code":0,"data":[],"total":0}
[2026-06-12 11:12:02] [hamibot] [INFO]:[INFO] [fetchPendingTasks]: fetchPendingTasks raw[30]: {"code":0,"data":[],"total":0}
[2026-06-12 11:12:18] [hamibot] [INFO]:[INFO] [fetchPendingTasks]: fetchPendingTasks raw[30]: {"code":0,"data":[],"total":0}
[2026-06-12 11:12:35] [hamibot] [INFO]:[INFO] [fetchPendingTasks]: fetchPendingTasks raw[30]: {"code":0,"data":[],"total":0}
[2026-06-12 11:12:51] [hamibot] [INFO]:[INFO] [fetchPendingTasks]: fetchPendingTasks raw[30]: {"code":0,"data":[],"total":0}
[2026-06-12 11:13:07] [hamibot] [INFO]:[INFO] [fetchPendingTasks]: fetchPendingTasks raw[30]: {"code":0,"data":[],"total":0}
[2026-06-12 11:13:23] [hamibot] [INFO]:[INFO] [fetchPendingTasks]: fetchPendingTasks raw[30]: {"code":0,"data":[],"total":0}
[2026-06-12 11:13:39] [hamibot] [INFO]:[INFO] [fetchPendingTasks]: fetchPendingTasks raw[30]: {"code":0,"data":[],"total":0}
[2026-06-12 11:13:54] [hamibot] [INFO]:[INFO] [fetchPendingTasks]: fetchPendingTasks raw[30]: {"code":0,"data":[],"total":0}
[2026-06-12 11:14:09] [hamibot] [INFO]:[INFO] [fetchPendingTasks]: fetchPendingTasks raw[30]: {"code":0,"data":[],"total":0}
[2026-06-12 11:14:25] [hamibot] [INFO]:[INFO] [fetchPendingTasks]: fetchPendingTasks raw[30]: {"code":0,"data":[],"total":0}
[2026-06-12 11:14:40] [hamibot] [INFO]:[INFO] [fetchPendingTasks]: fetchPendingTasks raw[30]: {"code":0,"data":[],"total":0}
[2026-06-12 11:14:55] [hamibot] [INFO]:[INFO] [fetchPendingTasks]: fetchPendingTasks raw[30]: {"code":0,"data":[],"total":0}
[2026-06-12 11:15:10] [hamibot] [INFO]:[INFO] [fetchPendingTasks]: fetchPendingTasks raw[30]: {"code":0,"data":[],"total":0}
[2026-06-12 11:15:26] [hamibot] [INFO]:[INFO] [fetchPendingTasks]: fetchPendingTasks raw[30]: {"code":0,"data":[],"total":0}
[2026-06-12 11:15:41] [hamibot] [INFO]:[INFO] [fetchPendingTasks]: fetchPendingTasks raw[30]: {"code":0,"data":[],"total":0}
[2026-06-12 11:15:56] [hamibot] [INFO]:[INFO] [fetchPendingTasks]: fetchPendingTasks raw[30]: {"code":0,"data":[],"total":0}
[2026-06-12 11:16:12] [hamibot] [INFO]:[INFO] [fetchPendingTasks]: fetchPendingTasks raw[30]: {"code":0,"data":[],"total":0}
[2026-06-12 11:16:27] [hamibot] [INFO]:[INFO] [fetchPendingTasks]: fetchPendingTasks raw[30]: {"code":0,"data":[],"total":0}
[2026-06-12 11:16:43] [hamibot] [INFO]:[INFO] [fetchPendingTasks]: fetchPendingTasks raw[30]: {"code":0,"data":[],"total":0}
[2026-06-12 11:16:58] [hamibot] [INFO]:[INFO] [fetchPendingTasks]: fetchPendingTasks raw[30]: {"code":0,"data":[],"total":0}
[2026-06-12 11:17:13] [hamibot] [INFO]:[INFO] [fetchPendingTasks]: fetchPendingTasks raw[30]: {"code":0,"data":[],"total":0}
[2026-06-12 11:17:28] [hamibot] [INFO]:[INFO] [fetchPendingTasks]: fetchPendingTasks raw[30]: {"code":0,"data":[],"total":0}
[2026-06-12 11:17:43] [hamibot] [INFO]:[INFO] [fetchPendingTasks]: fetchPendingTasks raw[30]: {"code":0,"data":[],"total":0}
[2026-06-12 11:17:58] [hamibot] [INFO]:[INFO] [fetchPendingTasks]: fetchPendingTasks raw[30]: {"code":0,"data":[],"total":0}
[2026-06-12 11:18:14] [hamibot] [INFO]:[INFO] [fetchPendingTasks]: fetchPendingTasks raw[30]: {"code":0,"data":[],"total":0}
[2026-06-12 11:18:29] [hamibot] [INFO]:[INFO] [fetchPendingTasks]: fetchPendingTasks raw[30]: {"code":0,"data":[],"total":0}
[2026-06-12 11:18:44] [hamibot] [INFO]:[INFO] [fetchPendingTasks]: fetchPendingTasks raw[30]: {"code":0,"data":[],"total":0}
[2026-06-12 11:18:59] [hamibot] [INFO]:[INFO] [fetchPendingTasks]: fetchPendingTasks raw[30]: {"code":0,"data":[],"total":0}
[2026-06-12 11:19:14] [hamibot] [INFO]:[INFO] [fetchPendingTasks]: fetchPendingTasks raw[30]: {"code":0,"data":[],"total":0}
[2026-06-12 11:19:30] [hamibot] [INFO]:[INFO] [fetchPendingTasks]: fetchPendingTasks raw[30]: {"code":0,"data":[],"total":0}
[2026-06-12 11:19:45] [hamibot] [INFO]:[INFO] [fetchPendingTasks]: fetchPendingTasks raw[30]: {"code":0,"data":[],"total":0}
[2026-06-12 11:20:00] [hamibot] [INFO]:[INFO] [fetchPendingTasks]: fetchPendingTasks raw[30]: {"code":0,"data":[],"total":0}
[2026-06-12 11:20:15] [hamibot] [INFO]:[INFO] [fetchPendingTasks]: fetchPendingTasks raw[30]: {"code":0,"data":[],"total":0}
[2026-06-12 11:20:30] [hamibot] [INFO]:[INFO] [fetchPendingTasks]: fetchPendingTasks raw[30]: {"code":0,"data":[],"total":0}
[2026-06-12 11:20:45] [hamibot] [INFO]:[INFO] [fetchPendingTasks]: fetchPendingTasks raw[30]: {"code":0,"data":[],"total":0}
[2026-06-12 11:21:01] [hamibot] [INFO]:[INFO] [fetchPendingTasks]: fetchPendingTasks raw[30]: {"code":0,"data":[],"total":0}
[2026-06-12 11:21:16] [hamibot] [INFO]:[INFO] [fetchPendingTasks]: fetchPendingTasks raw[30]: {"code":0,"data":[],"total":0}
[2026-06-12 11:21:31] [hamibot] [INFO]:[INFO] [fetchPendingTasks]: fetchPendingTasks raw[30]: {"code":0,"data":[],"total":0}
[2026-06-12 11:21:47] [hamibot] [INFO]:[INFO] [fetchPendingTasks]: fetchPendingTasks raw[30]: {"code":0,"data":[],"total":0}
[2026-06-12 11:22:02] [hamibot] [INFO]:[INFO] [fetchPendingTasks]: fetchPendingTasks raw[30]: {"code":0,"data":[],"total":0}
[2026-06-12 11:22:19] [hamibot] [INFO]:[INFO] [fetchPendingTasks]: fetchPendingTasks raw[30]: {"code":0,"data":[],"total":0}
[2026-06-12 11:22:34] [hamibot] [INFO]:[INFO] [fetchPendingTasks]: fetchPendingTasks raw[30]: {"code":0,"data":[],"total":0}
[2026-06-12 11:22:49] [hamibot] [INFO]:[INFO] [fetchPendingTasks]: fetchPendingTasks raw[30]: {"code":0,"data":[],"total":0}
[2026-06-12 11:23:05] [hamibot] [INFO]:[INFO] [fetchPendingTasks]: fetchPendingTasks raw[30]: {"code":0,"data":[],"total":0}
[2026-06-12 11:23:20] [hamibot] [INFO]:[INFO] [fetchPendingTasks]: fetchPendingTasks raw[30]: {"code":0,"data":[],"total":0}
[2026-06-12 11:23:36] [hamibot] [INFO]:[INFO] [fetchPendingTasks]: fetchPendingTasks raw[30]: {"code":0,"data":[],"total":0}
[2026-06-12 11:23:52] [hamibot] [INFO]:[INFO] [fetchPendingTasks]: fetchPendingTasks raw[30]: {"code":0,"data":[],"total":0}
[2026-06-12 11:24:07] [hamibot] [INFO]:[INFO] [fetchPendingTasks]: fetchPendingTasks raw[30]: {"code":0,"data":[],"total":0}
[2026-06-12 11:24:23] [hamibot] [INFO]:[INFO] [fetchPendingTasks]: fetchPendingTasks raw[30]: {"code":0,"data":[],"total":0}
[2026-06-12 11:24:39] [hamibot] [INFO]:[INFO] [fetchPendingTasks]: fetchPendingTasks raw[30]: {"code":0,"data":[],"total":0}
[2026-06-12 11:24:55] [hamibot] [INFO]:[INFO] [fetchPendingTasks]: fetchPendingTasks raw[30]: {"code":0,"data":[],"total":0}
[2026-06-12 11:25:10] [hamibot] [INFO]:[INFO] [fetchPendingTasks]: fetchPendingTasks raw[30]: {"code":0,"data":[],"total":0}
[2026-06-12 11:25:25] [hamibot] [INFO]:[INFO] [fetchPendingTasks]: fetchPendingTasks raw[30]: {"code":0,"data":[],"total":0}
[2026-06-12 11:25:41] [hamibot] [INFO]:[INFO] [fetchPendingTasks]: fetchPendingTasks raw[30]: {"code":0,"data":[],"total":0}
[2026-06-12 11:25:57] [hamibot] [INFO]:[INFO] [fetchPendingTasks]: fetchPendingTasks raw[30]: {"code":0,"data":[],"total":0}
[2026-06-12 11:26:13] [hamibot] [INFO]:[INFO] [fetchPendingTasks]: fetchPendingTasks raw[30]: {"code":0,"data":[],"total":0}
[2026-06-12 11:26:28] [hamibot] [INFO]:[INFO] [fetchPendingTasks]: fetchPendingTasks raw[30]: {"code":0,"data":[],"total":0}
[2026-06-12 11:26:43] [hamibot] [INFO]:[INFO] [fetchPendingTasks]: fetchPendingTasks raw[30]: {"code":0,"data":[],"total":0}
[2026-06-12 11:26:59] [hamibot] [INFO]:[INFO] [fetchPendingTasks]: fetchPendingTasks raw[30]: {"code":0,"data":[],"total":0}
[2026-06-12 11:27:14] [hamibot] [INFO]:[INFO] [fetchPendingTasks]: fetchPendingTasks raw[30]: {"code":0,"data":[],"total":0}
[2026-06-12 11:27:29] [hamibot] [INFO]:[INFO] [fetchPendingTasks]: fetchPendingTasks raw[30]: {"code":0,"data":[],"total":0}
[2026-06-12 11:27:45] [hamibot] [INFO]:[INFO] [fetchPendingTasks]: fetchPendingTasks raw[30]: {"code":0,"data":[],"total":0}
[2026-06-12 11:28:03] [hamibot] [INFO]:[INFO] [fetchPendingTasks]: fetchPendingTasks raw[30]: {"code":0,"data":[],"total":0}
[2026-06-12 11:28:18] [hamibot] [INFO]:[INFO] [fetchPendingTasks]: fetchPendingTasks raw[30]: {"code":0,"data":[],"total":0}
[2026-06-12 11:28:33] [hamibot] [INFO]:[INFO] [fetchPendingTasks]: fetchPendingTasks raw[30]: {"code":0,"data":[],"total":0}
[2026-06-12 11:28:48] [hamibot] [INFO]:[INFO] [fetchPendingTasks]: fetchPendingTasks raw[30]: {"code":0,"data":[],"total":0}
[2026-06-12 11:29:04] [hamibot] [INFO]:[INFO] [fetchPendingTasks]: fetchPendingTasks raw[30]: {"code":0,"data":[],"total":0}
[2026-06-12 11:29:19] [hamibot] [INFO]:[INFO] [fetchPendingTasks]: fetchPendingTasks raw[30]: {"code":0,"data":[],"total":0}
[2026-06-12 11:29:35] [hamibot] [INFO]:[INFO] [fetchPendingTasks]: fetchPendingTasks raw[30]: {"code":0,"data":[],"total":0}
[2026-06-12 11:29:50] [hamibot] [INFO]:[INFO] [fetchPendingTasks]: fetchPendingTasks raw[30]: {"code":0,"data":[],"total":0}
[2026-06-12 11:30:06] [hamibot] [INFO]:[INFO] [fetchPendingTasks]: fetchPendingTasks raw[30]: {"code":0,"data":[],"total":0}
[2026-06-12 11:30:22] [hamibot] [INFO]:[INFO] [fetchPendingTasks]: fetchPendingTasks raw[30]: {"code":0,"data":[],"total":0}
[2026-06-12 11:30:38] [hamibot] [INFO]:[INFO] [fetchPendingTasks]: fetchPendingTasks raw[30]: {"code":0,"data":[],"total":0}
[2026-06-12 11:30:53] [hamibot] [INFO]:[INFO] [fetchPendingTasks]: fetchPendingTasks raw[30]: {"code":0,"data":[],"total":0}
[2026-06-12 11:31:08] [hamibot] [INFO]:[INFO] [fetchPendingTasks]: fetchPendingTasks raw[30]: {"code":0,"data":[],"total":0}
[2026-06-12 11:31:23] [hamibot] [INFO]:[INFO] [fetchPendingTasks]: fetchPendingTasks raw[30]: {"code":0,"data":[],"total":0}
[2026-06-12 11:31:38] [hamibot] [INFO]:[INFO] [fetchPendingTasks]: fetchPendingTasks raw[30]: {"code":0,"data":[],"total":0}
[2026-06-12 11:31:54] [hamibot] [INFO]:[INFO] [fetchPendingTasks]: fetchPendingTasks raw[30]: {"code":0,"data":[],"total":0}
[2026-06-12 11:32:09] [hamibot] [INFO]:[INFO] [fetchPendingTasks]: fetchPendingTasks raw[30]: {"code":0,"data":[],"total":0}
[2026-06-12 11:32:25] [hamibot] [INFO]:[INFO] [fetchPendingTasks]: fetchPendingTasks raw[30]: {"code":0,"data":[],"total":0}
[2026-06-12 11:32:44] [hamibot] [INFO]:[INFO] [fetchPendingTasks]: fetchPendingTasks raw[30]: {"code":0,"data":[],"total":0}
[2026-06-12 11:33:04] [hamibot] [INFO]:[INFO] [fetchPendingTasks]: fetchPendingTasks raw[30]: {"code":0,"data":[],"total":0}
[2026-06-12 11:33:53] [hamibot] [INFO]:[INFO] [fetchPendingTasks]: fetchPendingTasks raw[30]: {"code":0,"data":[],"total":0}
[2026-06-12 11:34:08] [hamibot] [INFO]:[INFO] [fetchPendingTasks]: fetchPendingTasks raw[30]: {"code":0,"data":[],"total":0}
[2026-06-12 11:34:24] [hamibot] [INFO]:[INFO] [fetchPendingTasks]: fetchPendingTasks raw[30]: {"code":0,"data":[],"total":0}
[2026-06-12 11:34:39] [hamibot] [INFO]:[INFO] [fetchPendingTasks]: fetchPendingTasks raw[30]: {"code":0,"data":[],"total":0}
[2026-06-12 11:34:54] [hamibot] [INFO]:[INFO] [fetchPendingTasks]: fetchPendingTasks raw[30]: {"code":0,"data":[],"total":0}
[2026-06-12 11:35:10] [hamibot] [INFO]:[INFO] [fetchPendingTasks]: fetchPendingTasks raw[30]: {"code":0,"data":[],"total":0}
[2026-06-12 11:35:25] [hamibot] [INFO]:[INFO] [fetchPendingTasks]: fetchPendingTasks raw[30]: {"code":0,"data":[],"total":0}
[2026-06-12 11:35:41] [hamibot] [INFO]:[INFO] [fetchPendingTasks]: fetchPendingTasks raw[30]: {"code":0,"data":[],"total":0}
[2026-06-12 11:35:56] [hamibot] [INFO]:[INFO] [fetchPendingTasks]: fetchPendingTasks raw[30]: {"code":0,"data":[],"total":0}
[2026-06-12 11:36:12] [hamibot] [INFO]:[INFO] [fetchPendingTasks]: fetchPendingTasks raw[30]: {"code":0,"data":[],"total":0}
[2026-06-12 11:36:28] [hamibot] [INFO]:[INFO] [fetchPendingTasks]: fetchPendingTasks raw[30]: {"code":0,"data":[],"total":0}
[2026-06-12 11:36:43] [hamibot] [INFO]:[INFO] [fetchPendingTasks]: fetchPendingTasks raw[30]: {"code":0,"data":[],"total":0}
[2026-06-12 11:36:59] [hamibot] [INFO]:[INFO] [fetchPendingTasks]: fetchPendingTasks raw[30]: {"code":0,"data":[],"total":0}
[2026-06-12 11:37:14] [hamibot] [INFO]:[INFO] [fetchPendingTasks]: fetchPendingTasks raw[30]: {"code":0,"data":[],"total":0}
[2026-06-12 11:37:29] [hamibot] [INFO]:[INFO] [fetchPendingTasks]: fetchPendingTasks raw[30]: {"code":0,"data":[],"total":0}
[2026-06-12 11:37:45] [hamibot] [INFO]:[INFO] [fetchPendingTasks]: fetchPendingTasks raw[30]: {"code":0,"data":[],"total":0}
[2026-06-12 11:38:01] [hamibot] [INFO]:[INFO] [fetchPendingTasks]: fetchPendingTasks raw[30]: {"code":0,"data":[],"total":0}
[2026-06-12 11:38:16] [hamibot] [INFO]:[INFO] [fetchPendingTasks]: fetchPendingTasks raw[30]: {"code":0,"data":[],"total":0}
[2026-06-12 11:38:31] [hamibot] [INFO]:[INFO] [fetchPendingTasks]: fetchPendingTasks raw[30]: {"code":0,"data":[],"total":0}
[2026-06-12 11:38:47] [hamibot] [INFO]:[INFO] [fetchPendingTasks]: fetchPendingTasks raw[30]: {"code":0,"data":[],"total":0}
[2026-06-12 11:39:04] [hamibot] [INFO]:[INFO] [fetchPendingTasks]: fetchPendingTasks raw[30]: {"code":0,"data":[],"total":0}
[2026-06-12 11:39:23] [hamibot] [INFO]:[INFO] [fetchPendingTasks]: fetchPendingTasks raw[30]: {"code":0,"data":[],"total":0}
[2026-06-12 11:39:47] [hamibot] [INFO]:[INFO] [fetchPendingTasks]: fetchPendingTasks raw[30]: {"code":0,"data":[],"total":0}
[2026-06-12 11:40:05] [hamibot] [INFO]:[INFO] [fetchPendingTasks]: fetchPendingTasks raw[30]: {"code":0,"data":[],"total":0}
[2026-06-12 11:40:23] [hamibot] [INFO]:[INFO] [fetchPendingTasks]: fetchPendingTasks raw[30]: {"code":0,"data":[],"total":0}
[2026-06-12 11:40:48] [hamibot] [INFO]:[INFO] [fetchPendingTasks]: fetchPendingTasks raw[30]: {"code":0,"data":[],"total":0}
[2026-06-12 11:41:04] [hamibot] [INFO]:[INFO] [fetchPendingTasks]: fetchPendingTasks raw[30]: {"code":0,"data":[],"total":0}
[2026-06-12 11:41:21] [hamibot] [INFO]:[INFO] [fetchPendingTasks]: fetchPendingTasks raw[30]: {"code":0,"data":[],"total":0}
[2026-06-12 11:41:43] [hamibot] [INFO]:[INFO] [fetchPendingTasks]: fetchPendingTasks raw[30]: {"code":0,"data":[],"total":0}
[2026-06-12 11:42:01] [hamibot] [INFO]:[INFO] [fetchPendingTasks]: fetchPendingTasks raw[30]: {"code":0,"data":[],"total":0}
[2026-06-12 11:42:19] [hamibot] [INFO]:[INFO] [fetchPendingTasks]: fetchPendingTasks raw[30]: {"code":0,"data":[],"total":0}
[2026-06-12 11:42:36] [hamibot] [INFO]:[INFO] [fetchPendingTasks]: fetchPendingTasks raw[30]: {"code":0,"data":[],"total":0}
[2026-06-12 11:42:53] [hamibot] [INFO]:[INFO] [fetchPendingTasks]: fetchPendingTasks raw[30]: {"code":0,"data":[],"total":0}
[2026-06-12 11:43:09] [hamibot] [INFO]:[INFO] [fetchPendingTasks]: fetchPendingTasks raw[30]: {"code":0,"data":[],"total":0}
[2026-06-12 11:43:35] [hamibot] [INFO]:[INFO] [fetchPendingTasks]: fetchPendingTasks raw[30]: {"code":0,"data":[],"total":0}
[2026-06-12 11:43:55] [hamibot] [INFO]:[INFO] [fetchPendingTasks]: fetchPendingTasks raw[30]: {"code":0,"data":[],"total":0}
[2026-06-12 11:44:11] [hamibot] [INFO]:[INFO] [fetchPendingTasks]: fetchPendingTasks raw[30]: {"code":0,"data":[],"total":0}
[2026-06-12 11:44:31] [hamibot] [INFO]:[INFO] [fetchPendingTasks]: fetchPendingTasks raw[30]: {"code":0,"data":[],"total":0}
[2026-06-12 11:44:53] [hamibot] [INFO]:[INFO] [fetchPendingTasks]: fetchPendingTasks raw[30]: {"code":0,"data":[],"total":0}
[2026-06-12 11:45:09] [hamibot] [INFO]:[INFO] [fetchPendingTasks]: fetchPendingTasks raw[30]: {"code":0,"data":[],"total":0}
[2026-06-12 11:45:25] [hamibot] [INFO]:[INFO] [fetchPendingTasks]: fetchPendingTasks raw[30]: {"code":0,"data":[],"total":0}
[2026-06-12 11:45:41] [hamibot] [INFO]:[INFO] [fetchPendingTasks]: fetchPendingTasks raw[30]: {"code":0,"data":[],"total":0}
[2026-06-12 11:45:58] [hamibot] [INFO]:[INFO] [fetchPendingTasks]: fetchPendingTasks raw[30]: {"code":0,"data":[],"total":0}
[2026-06-12 11:46:14] [hamibot] [INFO]:[INFO] [fetchPendingTasks]: fetchPendingTasks raw[30]: {"code":0,"data":[],"total":0}
[2026-06-12 11:46:32] [hamibot] [INFO]:[INFO] [fetchPendingTasks]: fetchPendingTasks raw[30]: {"code":0,"data":[],"total":0}
[2026-06-12 11:46:48] [hamibot] [INFO]:[INFO] [fetchPendingTasks]: fetchPendingTasks raw[30]: {"code":0,"data":[],"total":0}
[2026-06-12 11:47:05] [hamibot] [INFO]:[INFO] [fetchPendingTasks]: fetchPendingTasks raw[30]: {"code":0,"data":[],"total":0}
[2026-06-12 11:47:22] [hamibot] [INFO]:[INFO] [fetchPendingTasks]: fetchPendingTasks raw[30]: {"code":0,"data":[],"total":0}
[2026-06-12 11:47:37] [hamibot] [INFO]:[INFO] [fetchPendingTasks]: fetchPendingTasks raw[30]: {"code":0,"data":[],"total":0}
[2026-06-12 11:47:54] [hamibot] [INFO]:[INFO] [fetchPendingTasks]: fetchPendingTasks raw[30]: {"code":0,"data":[],"total":0}
[2026-06-12 11:48:09] [hamibot] [INFO]:[INFO] [fetchPendingTasks]: fetchPendingTasks raw[30]: {"code":0,"data":[],"total":0}
[2026-06-12 11:48:25] [hamibot] [INFO]:[INFO] [fetchPendingTasks]: fetchPendingTasks raw[30]: {"code":0,"data":[],"total":0}
[2026-06-12 11:48:42] [hamibot] [INFO]:[INFO] [fetchPendingTasks]: fetchPendingTasks raw[30]: {"code":0,"data":[],"total":0}
[2026-06-12 11:48:58] [hamibot] [INFO]:[INFO] [fetchPendingTasks]: fetchPendingTasks raw[30]: {"code":0,"data":[],"total":0}
[2026-06-12 11:49:14] [hamibot] [INFO]:[INFO] [fetchPendingTasks]: fetchPendingTasks raw[30]: {"code":0,"data":[],"total":0}
[2026-06-12 11:49:30] [hamibot] [INFO]:[INFO] [fetchPendingTasks]: fetchPendingTasks raw[30]: {"code":0,"data":[],"total":0}
[2026-06-12 11:49:45] [hamibot] [INFO]:[INFO] [fetchPendingTasks]: fetchPendingTasks raw[30]: {"code":0,"data":[],"total":0}
[2026-06-12 11:50:01] [hamibot] [INFO]:[INFO] [fetchPendingTasks]: fetchPendingTasks raw[30]: {"code":0,"data":[],"total":0}
[2026-06-12 11:50:16] [hamibot] [INFO]:[INFO] [fetchPendingTasks]: fetchPendingTasks raw[30]: {"code":0,"data":[],"total":0}
[2026-06-12 11:50:33] [hamibot] [INFO]:[INFO] [fetchPendingTasks]: fetchPendingTasks raw[30]: {"code":0,"data":[],"total":0}
[2026-06-12 11:50:48] [hamibot] [INFO]:[INFO] [fetchPendingTasks]: fetchPendingTasks raw[30]: {"code":0,"data":[],"total":0}
[2026-06-12 11:51:04] [hamibot] [INFO]:[INFO] [fetchPendingTasks]: fetchPendingTasks raw[30]: {"code":0,"data":[],"total":0}
[2026-06-12 11:51:21] [hamibot] [INFO]:[INFO] [fetchPendingTasks]: fetchPendingTasks raw[30]: {"code":0,"data":[],"total":0}
[2026-06-12 11:51:37] [hamibot] [INFO]:[INFO] [fetchPendingTasks]: fetchPendingTasks raw[30]: {"code":0,"data":[],"total":0}
[2026-06-12 11:51:52] [hamibot] [INFO]:[INFO] [fetchPendingTasks]: fetchPendingTasks raw[30]: {"code":0,"data":[],"total":0}
[2026-06-12 11:52:07] [hamibot] [INFO]:[INFO] [fetchPendingTasks]: fetchPendingTasks raw[30]: {"code":0,"data":[],"total":0}
[2026-06-12 11:52:22] [hamibot] [INFO]:[INFO] [fetchPendingTasks]: fetchPendingTasks raw[30]: {"code":0,"data":[],"total":0}
[2026-06-12 11:52:37] [hamibot] [INFO]:[INFO] [fetchPendingTasks]: fetchPendingTasks raw[30]: {"code":0,"data":[],"total":0}
[2026-06-12 11:52:53] [hamibot] [INFO]:[INFO] [fetchPendingTasks]: fetchPendingTasks raw[30]: {"code":0,"data":[],"total":0}
[2026-06-12 11:53:08] [hamibot] [INFO]:[INFO] [fetchPendingTasks]: fetchPendingTasks raw[30]: {"code":0,"data":[],"total":0}
[2026-06-12 11:53:23] [hamibot] [INFO]:[INFO] [fetchPendingTasks]: fetchPendingTasks raw[30]: {"code":0,"data":[],"total":0}
[2026-06-12 11:53:38] [hamibot] [INFO]:[INFO] [fetchPendingTasks]: fetchPendingTasks raw[30]: {"code":0,"data":[],"total":0}
[2026-06-12 11:53:53] [hamibot] [INFO]:[INFO] [fetchPendingTasks]: fetchPendingTasks raw[30]: {"code":0,"data":[],"total":0}
[2026-06-12 11:54:08] [hamibot] [INFO]:[INFO] [fetchPendingTasks]: fetchPendingTasks raw[30]: {"code":0,"data":[],"total":0}
[2026-06-12 11:54:23] [hamibot] [INFO]:[INFO] [fetchPendingTasks]: fetchPendingTasks raw[30]: {"code":0,"data":[],"total":0}
[2026-06-12 11:54:39] [hamibot] [INFO]:[INFO] [fetchPendingTasks]: fetchPendingTasks raw[30]: {"code":0,"data":[],"total":0}
[2026-06-12 11:54:54] [hamibot] [INFO]:[INFO] [fetchPendingTasks]: fetchPendingTasks raw[30]: {"code":0,"data":[],"total":0}
[2026-06-12 11:55:09] [hamibot] [INFO]:[INFO] [fetchPendingTasks]: fetchPendingTasks raw[30]: {"code":0,"data":[],"total":0}
[2026-06-12 11:55:24] [hamibot] [INFO]:[INFO] [fetchPendingTasks]: fetchPendingTasks raw[30]: {"code":0,"data":[],"total":0}
[2026-06-12 11:55:39] [hamibot] [INFO]:[INFO] [fetchPendingTasks]: fetchPendingTasks raw[30]: {"code":0,"data":[],"total":0}
[2026-06-12 11:55:55] [hamibot] [INFO]:[INFO] [fetchPendingTasks]: fetchPendingTasks raw[30]: {"code":0,"data":[],"total":0}
[2026-06-12 11:56:10] [hamibot] [INFO]:[INFO] [fetchPendingTasks]: fetchPendingTasks raw[30]: {"code":0,"data":[],"total":0}
[2026-06-12 11:56:25] [hamibot] [INFO]:[INFO] [fetchPendingTasks]: fetchPendingTasks raw[30]: {"code":0,"data":[],"total":0}
[2026-06-12 11:56:40] [hamibot] [INFO]:[INFO] [fetchPendingTasks]: fetchPendingTasks raw[30]: {"code":0,"data":[],"total":0}
[2026-06-12 11:56:55] [hamibot] [INFO]:[INFO] [fetchPendingTasks]: fetchPendingTasks raw[30]: {"code":0,"data":[],"total":0}
[2026-06-12 11:57:10] [hamibot] [INFO]:[INFO] [fetchPendingTasks]: fetchPendingTasks raw[30]: {"code":0,"data":[],"total":0}
[2026-06-12 11:57:26] [hamibot] [INFO]:[INFO] [fetchPendingTasks]: fetchPendingTasks raw[30]: {"code":0,"data":[],"total":0}
[2026-06-12 11:57:41] [hamibot] [INFO]:[INFO] [fetchPendingTasks]: fetchPendingTasks raw[30]: {"code":0,"data":[],"total":0}
[2026-06-12 11:57:57] [hamibot] [INFO]:[INFO] [fetchPendingTasks]: fetchPendingTasks raw[30]: {"code":0,"data":[],"total":0}
[2026-06-12 11:58:12] [hamibot] [INFO]:[INFO] [fetchPendingTasks]: fetchPendingTasks raw[30]: {"code":0,"data":[],"total":0}
[2026-06-12 11:58:28] [hamibot] [INFO]:[INFO] [fetchPendingTasks]: fetchPendingTasks raw[30]: {"code":0,"data":[],"total":0}
[2026-06-12 11:58:44] [hamibot] [INFO]:[INFO] [fetchPendingTasks]: fetchPendingTasks raw[30]: {"code":0,"data":[],"total":0}
[2026-06-12 11:59:00] [hamibot] [INFO]:[INFO] [fetchPendingTasks]: fetchPendingTasks raw[30]: {"code":0,"data":[],"total":0}
[2026-06-12 11:59:15] [hamibot] [INFO]:[INFO] [fetchPendingTasks]: fetchPendingTasks raw[30]: {"code":0,"data":[],"total":0}
[2026-06-12 11:59:33] [hamibot] [INFO]:[INFO] [fetchPendingTasks]: fetchPendingTasks raw[30]: {"code":0,"data":[],"total":0}
[2026-06-12 11:59:48] [hamibot] [INFO]:[INFO] [fetchPendingTasks]: fetchPendingTasks raw[30]: {"code":0,"data":[],"total":0}
[2026-06-12 12:00:05] [hamibot] [INFO]:[INFO] [fetchPendingTasks]: fetchPendingTasks raw[30]: {"code":0,"data":[],"total":0}
[2026-06-12 12:00:20] [hamibot] [INFO]:[INFO] [fetchPendingTasks]: fetchPendingTasks raw[30]: {"code":0,"data":[],"total":0}
[2026-06-12 12:00:35] [hamibot] [INFO]:[INFO] [fetchPendingTasks]: fetchPendingTasks raw[30]: {"code":0,"data":[],"total":0}
[2026-06-12 12:00:51] [hamibot] [INFO]:[INFO] [fetchPendingTasks]: fetchPendingTasks raw[30]: {"code":0,"data":[],"total":0}
[2026-06-12 12:01:06] [hamibot] [INFO]:[INFO] [fetchPendingTasks]: fetchPendingTasks raw[30]: {"code":0,"data":[],"total":0}
[2026-06-12 12:01:22] [hamibot] [INFO]:[INFO] [fetchPendingTasks]: fetchPendingTasks raw[30]: {"code":0,"data":[],"total":0}
[2026-06-12 12:01:37] [hamibot] [INFO]:[INFO] [fetchPendingTasks]: fetchPendingTasks raw[30]: {"code":0,"data":[],"total":0}
[2026-06-12 12:01:53] [hamibot] [INFO]:[INFO] [fetchPendingTasks]: fetchPendingTasks raw[30]: {"code":0,"data":[],"total":0}
[2026-06-12 12:02:08] [hamibot] [INFO]:[INFO] [fetchPendingTasks]: fetchPendingTasks raw[30]: {"code":0,"data":[],"total":0}
[2026-06-12 12:02:23] [hamibot] [INFO]:[INFO] [fetchPendingTasks]: fetchPendingTasks raw[30]: {"code":0,"data":[],"total":0}
[2026-06-12 12:02:38] [hamibot] [INFO]:[INFO] [fetchPendingTasks]: fetchPendingTasks raw[30]: {"code":0,"data":[],"total":0}
[2026-06-12 12:02:53] [hamibot] [INFO]:[INFO] [fetchPendingTasks]: fetchPendingTasks raw[30]: {"code":0,"data":[],"total":0}
[2026-06-12 12:03:09] [hamibot] [INFO]:[INFO] [fetchPendingTasks]: fetchPendingTasks raw[30]: {"code":0,"data":[],"total":0}
[2026-06-12 12:03:24] [hamibot] [INFO]:[INFO] [fetchPendingTasks]: fetchPendingTasks raw[30]: {"code":0,"data":[],"total":0}
[2026-06-12 12:03:39] [hamibot] [INFO]:[INFO] [fetchPendingTasks]: fetchPendingTasks raw[30]: {"code":0,"data":[],"total":0}
[2026-06-12 12:03:56] [hamibot] [INFO]:[INFO] [fetchPendingTasks]: fetchPendingTasks raw[30]: {"code":0,"data":[],"total":0}
[2026-06-12 12:04:12] [hamibot] [INFO]:[INFO] [fetchPendingTasks]: fetchPendingTasks raw[30]: {"code":0,"data":[],"total":0}
[2026-06-12 12:04:27] [hamibot] [INFO]:[INFO] [fetchPendingTasks]: fetchPendingTasks raw[30]: {"code":0,"data":[],"total":0}
[2026-06-12 12:04:43] [hamibot] [INFO]:[INFO] [fetchPendingTasks]: fetchPendingTasks raw[30]: {"code":0,"data":[],"total":0}
[2026-06-12 12:04:59] [hamibot] [INFO]:[INFO] [fetchPendingTasks]: fetchPendingTasks raw[30]: {"code":0,"data":[],"total":0}
[2026-06-12 12:05:14] [hamibot] [INFO]:[INFO] [fetchPendingTasks]: fetchPendingTasks raw[30]: {"code":0,"data":[],"total":0}
[2026-06-12 12:05:29] [hamibot] [INFO]:[INFO] [fetchPendingTasks]: fetchPendingTasks raw[30]: {"code":0,"data":[],"total":0}
[2026-06-12 12:05:45] [hamibot] [INFO]:[INFO] [fetchPendingTasks]: fetchPendingTasks raw[30]: {"code":0,"data":[],"total":0}
[2026-06-12 12:06:00] [hamibot] [INFO]:[INFO] [fetchPendingTasks]: fetchPendingTasks raw[30]: {"code":0,"data":[],"total":0}
[2026-06-12 12:06:16] [hamibot] [INFO]:[INFO] [fetchPendingTasks]: fetchPendingTasks raw[30]: {"code":0,"data":[],"total":0}
[2026-06-12 12:06:31] [hamibot] [INFO]:[INFO] [fetchPendingTasks]: fetchPendingTasks raw[30]: {"code":0,"data":[],"total":0}
[2026-06-12 12:06:46] [hamibot] [INFO]:[INFO] [fetchPendingTasks]: fetchPendingTasks raw[30]: {"code":0,"data":[],"total":0}
[2026-06-12 12:07:01] [hamibot] [INFO]:[INFO] [fetchPendingTasks]: fetchPendingTasks raw[30]: {"code":0,"data":[],"total":0}
[2026-06-12 12:07:16] [hamibot] [INFO]:[INFO] [fetchPendingTasks]: fetchPendingTasks raw[30]: {"code":0,"data":[],"total":0}
[2026-06-12 12:07:32] [hamibot] [INFO]:[INFO] [fetchPendingTasks]: fetchPendingTasks raw[30]: {"code":0,"data":[],"total":0}
[2026-06-12 12:07:47] [hamibot] [INFO]:[INFO] [fetchPendingTasks]: fetchPendingTasks raw[30]: {"code":0,"data":[],"total":0}
[2026-06-12 12:08:03] [hamibot] [INFO]:[INFO] [fetchPendingTasks]: fetchPendingTasks raw[30]: {"code":0,"data":[],"total":0}
[2026-06-12 12:08:18] [hamibot] [INFO]:[INFO] [fetchPendingTasks]: fetchPendingTasks raw[30]: {"code":0,"data":[],"total":0}
[2026-06-12 12:08:33] [hamibot] [INFO]:[INFO] [fetchPendingTasks]: fetchPendingTasks raw[30]: {"code":0,"data":[],"total":0}
[2026-06-12 12:08:48] [hamibot] [INFO]:[INFO] [fetchPendingTasks]: fetchPendingTasks raw[30]: {"code":0,"data":[],"total":0}
[2026-06-12 12:09:03] [hamibot] [INFO]:[INFO] [fetchPendingTasks]: fetchPendingTasks raw[30]: {"code":0,"data":[],"total":0}
[2026-06-12 12:09:18] [hamibot] [INFO]:[INFO] [fetchPendingTasks]: fetchPendingTasks raw[30]: {"code":0,"data":[],"total":0}
[2026-06-12 12:09:33] [hamibot] [INFO]:[INFO] [fetchPendingTasks]: fetchPendingTasks raw[30]: {"code":0,"data":[],"total":0}
[2026-06-12 12:09:48] [hamibot] [INFO]:[INFO] [fetchPendingTasks]: fetchPendingTasks raw[30]: {"code":0,"data":[],"total":0}
[2026-06-12 12:10:04] [hamibot] [INFO]:[INFO] [fetchPendingTasks]: fetchPendingTasks raw[30]: {"code":0,"data":[],"total":0}
[2026-06-12 12:10:19] [hamibot] [INFO]:[INFO] [fetchPendingTasks]: fetchPendingTasks raw[30]: {"code":0,"data":[],"total":0}
[2026-06-12 12:10:34] [hamibot] [INFO]:[INFO] [fetchPendingTasks]: fetchPendingTasks raw[30]: {"code":0,"data":[],"total":0}
[2026-06-12 12:10:50] [hamibot] [INFO]:[INFO] [fetchPendingTasks]: fetchPendingTasks raw[30]: {"code":0,"data":[],"total":0}
[2026-06-12 12:11:36] [hamibot] [INFO]:[INFO] [fetchPendingTasks]: fetchPendingTasks raw[30]: {"code":0,"data":[],"total":0}
[2026-06-12 12:11:51] [hamibot] [INFO]:[INFO] [fetchPendingTasks]: fetchPendingTasks raw[30]: {"code":0,"data":[],"total":0}
[2026-06-12 12:12:06] [hamibot] [INFO]:[INFO] [fetchPendingTasks]: fetchPendingTasks raw[30]: {"code":0,"data":[],"total":0}
[2026-06-12 12:12:22] [hamibot] [INFO]:[INFO] [fetchPendingTasks]: fetchPendingTasks raw[30]: {"code":0,"data":[],"total":0}
[2026-06-12 12:12:37] [hamibot] [INFO]:[INFO] [fetchPendingTasks]: fetchPendingTasks raw[30]: {"code":0,"data":[],"total":0}
[2026-06-12 12:12:52] [hamibot] [INFO]:[INFO] [fetchPendingTasks]: fetchPendingTasks raw[30]: {"code":0,"data":[],"total":0}
[2026-06-12 12:13:07] [hamibot] [INFO]:[INFO] [fetchPendingTasks]: fetchPendingTasks raw[30]: {"code":0,"data":[],"total":0}
[2026-06-12 12:13:22] [hamibot] [INFO]:[INFO] [fetchPendingTasks]: fetchPendingTasks raw[30]: {"code":0,"data":[],"total":0}
[2026-06-12 12:13:37] [hamibot] [INFO]:[INFO] [fetchPendingTasks]: fetchPendingTasks raw[30]: {"code":0,"data":[],"total":0}
[2026-06-12 12:13:52] [hamibot] [INFO]:[INFO] [fetchPendingTasks]: fetchPendingTasks raw[30]: {"code":0,"data":[],"total":0}
[2026-06-12 12:14:07] [hamibot] [INFO]:[INFO] [fetchPendingTasks]: fetchPendingTasks raw[30]: {"code":0,"data":[],"total":0}
[2026-06-12 12:14:22] [hamibot] [INFO]:[INFO] [fetchPendingTasks]: fetchPendingTasks raw[30]: {"code":0,"data":[],"total":0}
[2026-06-12 12:14:38] [hamibot] [INFO]:[INFO] [fetchPendingTasks]: fetchPendingTasks raw[30]: {"code":0,"data":[],"total":0}
[2026-06-12 12:14:53] [hamibot] [INFO]:[INFO] [fetchPendingTasks]: fetchPendingTasks raw[30]: {"code":0,"data":[],"total":0}
[2026-06-12 12:15:08] [hamibot] [INFO]:[INFO] [fetchPendingTasks]: fetchPendingTasks raw[30]: {"code":0,"data":[],"total":0}
[2026-06-12 12:15:23] [hamibot] [INFO]:[INFO] [fetchPendingTasks]: fetchPendingTasks raw[30]: {"code":0,"data":[],"total":0}
[2026-06-12 12:15:38] [hamibot] [INFO]:[INFO] [fetchPendingTasks]: fetchPendingTasks raw[30]: {"code":0,"data":[],"total":0}
[2026-06-12 12:15:53] [hamibot] [INFO]:[INFO] [fetchPendingTasks]: fetchPendingTasks raw[30]: {"code":0,"data":[],"total":0}
[2026-06-12 12:16:08] [hamibot] [INFO]:[INFO] [fetchPendingTasks]: fetchPendingTasks raw[30]: {"code":0,"data":[],"total":0}
[2026-06-12 12:16:24] [hamibot] [INFO]:[INFO] [fetchPendingTasks]: fetchPendingTasks raw[30]: {"code":0,"data":[],"total":0}
[2026-06-12 12:16:39] [hamibot] [INFO]:[INFO] [fetchPendingTasks]: fetchPendingTasks raw[30]: {"code":0,"data":[],"total":0}
[2026-06-12 12:16:54] [hamibot] [INFO]:[INFO] [fetchPendingTasks]: fetchPendingTasks raw[30]: {"code":0,"data":[],"total":0}
[2026-06-12 12:17:10] [hamibot] [INFO]:[INFO] [fetchPendingTasks]: fetchPendingTasks raw[30]: {"code":0,"data":[],"total":0}
[2026-06-12 12:17:25] [hamibot] [INFO]:[INFO] [fetchPendingTasks]: fetchPendingTasks raw[30]: {"code":0,"data":[],"total":0}
[2026-06-12 12:17:40] [hamibot] [INFO]:[INFO] [fetchPendingTasks]: fetchPendingTasks raw[30]: {"code":0,"data":[],"total":0}
[2026-06-12 12:17:55] [hamibot] [INFO]:[INFO] [fetchPendingTasks]: fetchPendingTasks raw[30]: {"code":0,"data":[],"total":0}
[2026-06-12 12:18:11] [hamibot] [INFO]:[INFO] [fetchPendingTasks]: fetchPendingTasks raw[30]: {"code":0,"data":[],"total":0}
[2026-06-12 12:18:26] [hamibot] [INFO]:[INFO] [fetchPendingTasks]: fetchPendingTasks raw[30]: {"code":0,"data":[],"total":0}
[2026-06-12 12:18:42] [hamibot] [INFO]:[INFO] [fetchPendingTasks]: fetchPendingTasks raw[30]: {"code":0,"data":[],"total":0}
[2026-06-12 12:18:57] [hamibot] [INFO]:[INFO] [fetchPendingTasks]: fetchPendingTasks raw[30]: {"code":0,"data":[],"total":0}
[2026-06-12 12:19:12] [hamibot] [INFO]:[INFO] [fetchPendingTasks]: fetchPendingTasks raw[30]: {"code":0,"data":[],"total":0}
[2026-06-12 12:19:27] [hamibot] [INFO]:[INFO] [fetchPendingTasks]: fetchPendingTasks raw[30]: {"code":0,"data":[],"total":0}
[2026-06-12 12:19:42] [hamibot] [INFO]:[INFO] [fetchPendingTasks]: fetchPendingTasks raw[30]: {"code":0,"data":[],"total":0}
[2026-06-12 12:19:58] [hamibot] [INFO]:[INFO] [fetchPendingTasks]: fetchPendingTasks raw[30]: {"code":0,"data":[],"total":0}
[2026-06-12 12:20:13] [hamibot] [INFO]:[INFO] [fetchPendingTasks]: fetchPendingTasks raw[30]: {"code":0,"data":[],"total":0}
[2026-06-12 12:20:28] [hamibot] [INFO]:[INFO] [fetchPendingTasks]: fetchPendingTasks raw[30]: {"code":0,"data":[],"total":0}
[2026-06-12 12:20:43] [hamibot] [INFO]:[INFO] [fetchPendingTasks]: fetchPendingTasks raw[30]: {"code":0,"data":[],"total":0}
[2026-06-12 12:20:58] [hamibot] [INFO]:[INFO] [fetchPendingTasks]: fetchPendingTasks raw[30]: {"code":0,"data":[],"total":0}
[2026-06-12 12:21:13] [hamibot] [INFO]:[INFO] [fetchPendingTasks]: fetchPendingTasks raw[30]: {"code":0,"data":[],"total":0}
[2026-06-12 12:21:28] [hamibot] [INFO]:[INFO] [fetchPendingTasks]: fetchPendingTasks raw[30]: {"code":0,"data":[],"total":0}
[2026-06-12 12:21:44] [hamibot] [INFO]:[INFO] [fetchPendingTasks]: fetchPendingTasks raw[30]: {"code":0,"data":[],"total":0}
[2026-06-12 12:22:00] [hamibot] [INFO]:[INFO] [fetchPendingTasks]: fetchPendingTasks raw[30]: {"code":0,"data":[],"total":0}
[2026-06-12 12:22:15] [hamibot] [INFO]:[INFO] [fetchPendingTasks]: fetchPendingTasks raw[30]: {"code":0,"data":[],"total":0}
[2026-06-12 12:22:31] [hamibot] [INFO]:[INFO] [fetchPendingTasks]: fetchPendingTasks raw[30]: {"code":0,"data":[],"total":0}
[2026-06-12 12:22:46] [hamibot] [INFO]:[INFO] [fetchPendingTasks]: fetchPendingTasks raw[30]: {"code":0,"data":[],"total":0}
[2026-06-12 12:23:01] [hamibot] [INFO]:[INFO] [fetchPendingTasks]: fetchPendingTasks raw[30]: {"code":0,"data":[],"total":0}
[2026-06-12 12:23:17] [hamibot] [INFO]:[INFO] [fetchPendingTasks]: fetchPendingTasks raw[30]: {"code":0,"data":[],"total":0}
[2026-06-12 12:23:32] [hamibot] [INFO]:[INFO] [fetchPendingTasks]: fetchPendingTasks raw[30]: {"code":0,"data":[],"total":0}
[2026-06-12 12:23:47] [hamibot] [INFO]:[INFO] [fetchPendingTasks]: fetchPendingTasks raw[30]: {"code":0,"data":[],"total":0}
[2026-06-12 12:24:02] [hamibot] [INFO]:[INFO] [fetchPendingTasks]: fetchPendingTasks raw[30]: {"code":0,"data":[],"total":0}
[2026-06-12 12:24:17] [hamibot] [INFO]:[INFO] [fetchPendingTasks]: fetchPendingTasks raw[30]: {"code":0,"data":[],"total":0}
[2026-06-12 12:24:33] [hamibot] [INFO]:[INFO] [fetchPendingTasks]: fetchPendingTasks raw[30]: {"code":0,"data":[],"total":0}
[2026-06-12 12:24:48] [hamibot] [INFO]:[INFO] [fetchPendingTasks]: fetchPendingTasks raw[30]: {"code":0,"data":[],"total":0}
[2026-06-12 12:25:03] [hamibot] [INFO]:[INFO] [fetchPendingTasks]: fetchPendingTasks raw[30]: {"code":0,"data":[],"total":0}
[2026-06-12 12:25:18] [hamibot] [INFO]:[INFO] [fetchPendingTasks]: fetchPendingTasks raw[30]: {"code":0,"data":[],"total":0}
[2026-06-12 12:25:34] [hamibot] [INFO]:[INFO] [fetchPendingTasks]: fetchPendingTasks raw[30]: {"code":0,"data":[],"total":0}
[2026-06-12 12:25:49] [hamibot] [INFO]:[INFO] [fetchPendingTasks]: fetchPendingTasks raw[30]: {"code":0,"data":[],"total":0}
[2026-06-12 12:26:04] [hamibot] [INFO]:[INFO] [fetchPendingTasks]: fetchPendingTasks raw[30]: {"code":0,"data":[],"total":0}
[2026-06-12 12:26:19] [hamibot] [INFO]:[INFO] [fetchPendingTasks]: fetchPendingTasks raw[30]: {"code":0,"data":[],"total":0}
[2026-06-12 12:26:34] [hamibot] [INFO]:[INFO] [fetchPendingTasks]: fetchPendingTasks raw[30]: {"code":0,"data":[],"total":0}
[2026-06-12 12:26:49] [hamibot] [INFO]:[INFO] [fetchPendingTasks]: fetchPendingTasks raw[30]: {"code":0,"data":[],"total":0}
[2026-06-12 12:27:04] [hamibot] [INFO]:[INFO] [fetchPendingTasks]: fetchPendingTasks raw[30]: {"code":0,"data":[],"total":0}
[2026-06-12 12:27:20] [hamibot] [INFO]:[INFO] [fetchPendingTasks]: fetchPendingTasks raw[30]: {"code":0,"data":[],"total":0}
[2026-06-12 12:27:35] [hamibot] [INFO]:[INFO] [fetchPendingTasks]: fetchPendingTasks raw[30]: {"code":0,"data":[],"total":0}
[2026-06-12 12:27:50] [hamibot] [INFO]:[INFO] [fetchPendingTasks]: fetchPendingTasks raw[30]: {"code":0,"data":[],"total":0}
[2026-06-12 12:28:05] [hamibot] [INFO]:[INFO] [fetchPendingTasks]: fetchPendingTasks raw[30]: {"code":0,"data":[],"total":0}
[2026-06-12 12:28:21] [hamibot] [INFO]:[INFO] [fetchPendingTasks]: fetchPendingTasks raw[30]: {"code":0,"data":[],"total":0}
[2026-06-12 12:28:36] [hamibot] [INFO]:[INFO] [fetchPendingTasks]: fetchPendingTasks raw[30]: {"code":0,"data":[],"total":0}
[2026-06-12 12:28:52] [hamibot] [INFO]:[INFO] [fetchPendingTasks]: fetchPendingTasks raw[30]: {"code":0,"data":[],"total":0}
[2026-06-12 12:29:07] [hamibot] [INFO]:[INFO] [fetchPendingTasks]: fetchPendingTasks raw[30]: {"code":0,"data":[],"total":0}
[2026-06-12 12:29:22] [hamibot] [INFO]:[INFO] [fetchPendingTasks]: fetchPendingTasks raw[30]: {"code":0,"data":[],"total":0}
[2026-06-12 12:29:37] [hamibot] [INFO]:[INFO] [fetchPendingTasks]: fetchPendingTasks raw[30]: {"code":0,"data":[],"total":0}
[2026-06-12 12:29:52] [hamibot] [INFO]:[INFO] [fetchPendingTasks]: fetchPendingTasks raw[30]: {"code":0,"data":[],"total":0}
[2026-06-12 12:30:07] [hamibot] [INFO]:[INFO] [fetchPendingTasks]: fetchPendingTasks raw[30]: {"code":0,"data":[],"total":0}
[2026-06-12 12:30:22] [hamibot] [INFO]:[INFO] [fetchPendingTasks]: fetchPendingTasks raw[30]: {"code":0,"data":[],"total":0}
[2026-06-12 12:30:37] [hamibot] [INFO]:[INFO] [fetchPendingTasks]: fetchPendingTasks raw[30]: {"code":0,"data":[],"total":0}
[2026-06-12 12:30:53] [hamibot] [INFO]:[INFO] [fetchPendingTasks]: fetchPendingTasks raw[30]: {"code":0,"data":[],"total":0}
[2026-06-12 12:31:08] [hamibot] [INFO]:[INFO] [fetchPendingTasks]: fetchPendingTasks raw[30]: {"code":0,"data":[],"total":0}
[2026-06-12 12:31:23] [hamibot] [INFO]:[INFO] [fetchPendingTasks]: fetchPendingTasks raw[30]: {"code":0,"data":[],"total":0}
[2026-06-12 12:31:38] [hamibot] [INFO]:[INFO] [fetchPendingTasks]: fetchPendingTasks raw[30]: {"code":0,"data":[],"total":0}
[2026-06-12 12:31:54] [hamibot] [INFO]:[INFO] [fetchPendingTasks]: fetchPendingTasks raw[30]: {"code":0,"data":[],"total":0}
[2026-06-12 12:32:09] [hamibot] [INFO]:[INFO] [fetchPendingTasks]: fetchPendingTasks raw[30]: {"code":0,"data":[],"total":0}
[2026-06-12 12:32:25] [hamibot] [INFO]:[INFO] [fetchPendingTasks]: fetchPendingTasks raw[30]: {"code":0,"data":[],"total":0}
[2026-06-12 12:32:40] [hamibot] [INFO]:[INFO] [fetchPendingTasks]: fetchPendingTasks raw[30]: {"code":0,"data":[],"total":0}
[2026-06-12 12:32:55] [hamibot] [INFO]:[INFO] [fetchPendingTasks]: fetchPendingTasks raw[30]: {"code":0,"data":[],"total":0}
[2026-06-12 12:33:10] [hamibot] [INFO]:[INFO] [fetchPendingTasks]: fetchPendingTasks raw[30]: {"code":0,"data":[],"total":0}
[2026-06-12 12:33:25] [hamibot] [INFO]:[INFO] [fetchPendingTasks]: fetchPendingTasks raw[30]: {"code":0,"data":[],"total":0}
[2026-06-12 12:33:40] [hamibot] [INFO]:[INFO] [fetchPendingTasks]: fetchPendingTasks raw[30]: {"code":0,"data":[],"total":0}
[2026-06-12 12:33:59] [hamibot] [INFO]:[INFO] [fetchPendingTasks]: fetchPendingTasks raw[30]: {"code":0,"data":[],"total":0}
[2026-06-12 12:35:23] [hamibot] [INFO]:[INFO] [fetchPendingTasks]: fetchPendingTasks raw[30]: {"code":0,"data":[],"total":0}
[2026-06-12 12:36:03] [hamibot] [INFO]:[INFO] [fetchPendingTasks]: fetchPendingTasks raw[30]: {"code":0,"data":[],"total":0}
[2026-06-12 12:36:18] [hamibot] [INFO]:[INFO] [fetchPendingTasks]: fetchPendingTasks raw[30]: {"code":0,"data":[],"total":0}
[2026-06-12 12:36:33] [hamibot] [INFO]:[INFO] [fetchPendingTasks]: fetchPendingTasks raw[30]: {"code":0,"data":[],"total":0}
[2026-06-12 12:36:49] [hamibot] [INFO]:[INFO] [fetchPendingTasks]: fetchPendingTasks raw[30]: {"code":0,"data":[],"total":0}
[2026-06-12 12:37:04] [hamibot] [INFO]:[INFO] [fetchPendingTasks]: fetchPendingTasks raw[30]: {"code":0,"data":[],"total":0}
[2026-06-12 12:37:19] [hamibot] [INFO]:[INFO] [fetchPendingTasks]: fetchPendingTasks raw[30]: {"code":0,"data":[],"total":0}
[2026-06-12 12:37:35] [hamibot] [INFO]:[INFO] [fetchPendingTasks]: fetchPendingTasks raw[30]: {"code":0,"data":[],"total":0}
[2026-06-12 12:37:50] [hamibot] [INFO]:[INFO] [fetchPendingTasks]: fetchPendingTasks raw[30]: {"code":0,"data":[],"total":0}
[2026-06-12 12:38:06] [hamibot] [INFO]:[INFO] [fetchPendingTasks]: fetchPendingTasks raw[30]: {"code":0,"data":[],"total":0}
[2026-06-12 12:38:21] [hamibot] [INFO]:[INFO] [fetchPendingTasks]: fetchPendingTasks raw[30]: {"code":0,"data":[],"total":0}
[2026-06-12 12:38:36] [hamibot] [INFO]:[INFO] [fetchPendingTasks]: fetchPendingTasks raw[30]: {"code":0,"data":[],"total":0}
[2026-06-12 12:38:52] [hamibot] [INFO]:[INFO] [fetchPendingTasks]: fetchPendingTasks raw[30]: {"code":0,"data":[],"total":0}
[2026-06-12 12:39:07] [hamibot] [INFO]:[INFO] [fetchPendingTasks]: fetchPendingTasks raw[30]: {"code":0,"data":[],"total":0}
[2026-06-12 12:39:23] [hamibot] [INFO]:[INFO] [fetchPendingTasks]: fetchPendingTasks raw[30]: {"code":0,"data":[],"total":0}
[2026-06-12 12:39:38] [hamibot] [INFO]:[INFO] [fetchPendingTasks]: fetchPendingTasks raw[30]: {"code":0,"data":[],"total":0}
[2026-06-12 12:39:53] [hamibot] [INFO]:[INFO] [fetchPendingTasks]: fetchPendingTasks raw[30]: {"code":0,"data":[],"total":0}
[2026-06-12 12:40:09] [hamibot] [INFO]:[INFO] [fetchPendingTasks]: fetchPendingTasks raw[30]: {"code":0,"data":[],"total":0}
[2026-06-12 12:40:24] [hamibot] [INFO]:[INFO] [fetchPendingTasks]: fetchPendingTasks raw[30]: {"code":0,"data":[],"total":0}
[2026-06-12 12:40:39] [hamibot] [INFO]:[INFO] [fetchPendingTasks]: fetchPendingTasks raw[30]: {"code":0,"data":[],"total":0}
[2026-06-12 12:40:54] [hamibot] [INFO]:[INFO] [fetchPendingTasks]: fetchPendingTasks raw[30]: {"code":0,"data":[],"total":0}
[2026-06-12 12:41:09] [hamibot] [INFO]:[INFO] [fetchPendingTasks]: fetchPendingTasks raw[30]: {"code":0,"data":[],"total":0}
[2026-06-12 12:41:24] [hamibot] [INFO]:[INFO] [fetchPendingTasks]: fetchPendingTasks raw[30]: {"code":0,"data":[],"total":0}
[2026-06-12 12:41:40] [hamibot] [INFO]:[INFO] [fetchPendingTasks]: fetchPendingTasks raw[30]: {"code":0,"data":[],"total":0}
[2026-06-12 12:41:55] [hamibot] [INFO]:[INFO] [fetchPendingTasks]: fetchPendingTasks raw[30]: {"code":0,"data":[],"total":0}
[2026-06-12 12:42:10] [hamibot] [INFO]:[INFO] [fetchPendingTasks]: fetchPendingTasks raw[30]: {"code":0,"data":[],"total":0}
[2026-06-12 12:42:25] [hamibot] [INFO]:[INFO] [fetchPendingTasks]: fetchPendingTasks raw[30]: {"code":0,"data":[],"total":0}
[2026-06-12 12:42:40] [hamibot] [INFO]:[INFO] [fetchPendingTasks]: fetchPendingTasks raw[30]: {"code":0,"data":[],"total":0}
[2026-06-12 12:42:56] [hamibot] [INFO]:[INFO] [fetchPendingTasks]: fetchPendingTasks raw[30]: {"code":0,"data":[],"total":0}
[2026-06-12 12:43:12] [hamibot] [INFO]:[INFO] [fetchPendingTasks]: fetchPendingTasks raw[30]: {"code":0,"data":[],"total":0}
[2026-06-12 12:43:27] [hamibot] [INFO]:[INFO] [fetchPendingTasks]: fetchPendingTasks raw[30]: {"code":0,"data":[],"total":0}
[2026-06-12 12:43:43] [hamibot] [INFO]:[INFO] [fetchPendingTasks]: fetchPendingTasks raw[30]: {"code":0,"data":[],"total":0}
[2026-06-12 12:43:58] [hamibot] [INFO]:[INFO] [fetchPendingTasks]: fetchPendingTasks raw[30]: {"code":0,"data":[],"total":0}
[2026-06-12 12:44:14] [hamibot] [INFO]:[INFO] [fetchPendingTasks]: fetchPendingTasks raw[30]: {"code":0,"data":[],"total":0}
[2026-06-12 12:44:29] [hamibot] [INFO]:[INFO] [fetchPendingTasks]: fetchPendingTasks raw[30]: {"code":0,"data":[],"total":0}
[2026-06-12 12:44:44] [hamibot] [INFO]:[INFO] [fetchPendingTasks]: fetchPendingTasks raw[30]: {"code":0,"data":[],"total":0}
[2026-06-12 12:45:00] [hamibot] [INFO]:[INFO] [fetchPendingTasks]: fetchPendingTasks raw[30]: {"code":0,"data":[],"total":0}
[2026-06-12 12:45:15] [hamibot] [INFO]:[INFO] [fetchPendingTasks]: fetchPendingTasks raw[30]: {"code":0,"data":[],"total":0}
[2026-06-12 12:45:30] [hamibot] [INFO]:[INFO] [fetchPendingTasks]: fetchPendingTasks raw[30]: {"code":0,"data":[],"total":0}
[2026-06-12 12:45:45] [hamibot] [INFO]:[INFO] [fetchPendingTasks]: fetchPendingTasks raw[30]: {"code":0,"data":[],"total":0}
[2026-06-12 12:46:00] [hamibot] [INFO]:[INFO] [fetchPendingTasks]: fetchPendingTasks raw[30]: {"code":0,"data":[],"total":0}
[2026-06-12 12:46:16] [hamibot] [INFO]:[INFO] [fetchPendingTasks]: fetchPendingTasks raw[30]: {"code":0,"data":[],"total":0}
[2026-06-12 12:46:31] [hamibot] [INFO]:[INFO] [fetchPendingTasks]: fetchPendingTasks raw[30]: {"code":0,"data":[],"total":0}
[2026-06-12 12:46:46] [hamibot] [INFO]:[INFO] [fetchPendingTasks]: fetchPendingTasks raw[30]: {"code":0,"data":[],"total":0}
[2026-06-12 12:47:01] [hamibot] [INFO]:[INFO] [fetchPendingTasks]: fetchPendingTasks raw[30]: {"code":0,"data":[],"total":0}
[2026-06-12 12:47:16] [hamibot] [INFO]:[INFO] [fetchPendingTasks]: fetchPendingTasks raw[30]: {"code":0,"data":[],"total":0}
[2026-06-12 12:47:31] [hamibot] [INFO]:[INFO] [fetchPendingTasks]: fetchPendingTasks raw[30]: {"code":0,"data":[],"total":0}
[2026-06-12 12:47:46] [hamibot] [INFO]:[INFO] [fetchPendingTasks]: fetchPendingTasks raw[30]: {"code":0,"data":[],"total":0}
[2026-06-12 12:48:02] [hamibot] [INFO]:[INFO] [fetchPendingTasks]: fetchPendingTasks raw[30]: {"code":0,"data":[],"total":0}
[2026-06-12 12:48:17] [hamibot] [INFO]:[INFO] [fetchPendingTasks]: fetchPendingTasks raw[30]: {"code":0,"data":[],"total":0}
[2026-06-12 12:48:32] [hamibot] [INFO]:[INFO] [fetchPendingTasks]: fetchPendingTasks raw[30]: {"code":0,"data":[],"total":0}
[2026-06-12 12:48:47] [hamibot] [INFO]:[INFO] [fetchPendingTasks]: fetchPendingTasks raw[30]: {"code":0,"data":[],"total":0}
[2026-06-12 12:49:02] [hamibot] [INFO]:[INFO] [fetchPendingTasks]: fetchPendingTasks raw[30]: {"code":0,"data":[],"total":0}
[2026-06-12 12:49:17] [hamibot] [INFO]:[INFO] [fetchPendingTasks]: fetchPendingTasks raw[30]: {"code":0,"data":[],"total":0}
[2026-06-12 12:49:32] [hamibot] [INFO]:[INFO] [fetchPendingTasks]: fetchPendingTasks raw[30]: {"code":0,"data":[],"total":0}
[2026-06-12 12:49:48] [hamibot] [INFO]:[INFO] [fetchPendingTasks]: fetchPendingTasks raw[30]: {"code":0,"data":[],"total":0}
[2026-06-12 12:50:04] [hamibot] [INFO]:[INFO] [fetchPendingTasks]: fetchPendingTasks raw[30]: {"code":0,"data":[],"total":0}
[2026-06-12 12:50:19] [hamibot] [INFO]:[INFO] [fetchPendingTasks]: fetchPendingTasks raw[30]: {"code":0,"data":[],"total":0}
[2026-06-12 12:50:34] [hamibot] [INFO]:[INFO] [fetchPendingTasks]: fetchPendingTasks raw[30]: {"code":0,"data":[],"total":0}
[2026-06-12 12:50:50] [hamibot] [INFO]:[INFO] [fetchPendingTasks]: fetchPendingTasks raw[30]: {"code":0,"data":[],"total":0}
[2026-06-12 12:51:05] [hamibot] [INFO]:[INFO] [fetchPendingTasks]: fetchPendingTasks raw[30]: {"code":0,"data":[],"total":0}
[2026-06-12 12:51:20] [hamibot] [INFO]:[INFO] [fetchPendingTasks]: fetchPendingTasks raw[30]: {"code":0,"data":[],"total":0}
[2026-06-12 12:51:36] [hamibot] [INFO]:[INFO] [fetchPendingTasks]: fetchPendingTasks raw[30]: {"code":0,"data":[],"total":0}
[2026-06-12 12:51:51] [hamibot] [INFO]:[INFO] [fetchPendingTasks]: fetchPendingTasks raw[30]: {"code":0,"data":[],"total":0}
[2026-06-12 12:52:06] [hamibot] [INFO]:[INFO] [fetchPendingTasks]: fetchPendingTasks raw[30]: {"code":0,"data":[],"total":0}
[2026-06-12 12:52:21] [hamibot] [INFO]:[INFO] [fetchPendingTasks]: fetchPendingTasks raw[30]: {"code":0,"data":[],"total":0}
[2026-06-12 12:52:36] [hamibot] [INFO]:[INFO] [fetchPendingTasks]: fetchPendingTasks raw[30]: {"code":0,"data":[],"total":0}
[2026-06-12 12:52:52] [hamibot] [INFO]:[INFO] [fetchPendingTasks]: fetchPendingTasks raw[30]: {"code":0,"data":[],"total":0}
[2026-06-12 12:53:07] [hamibot] [INFO]:[INFO] [fetchPendingTasks]: fetchPendingTasks raw[30]: {"code":0,"data":[],"total":0}
[2026-06-12 12:53:22] [hamibot] [INFO]:[INFO] [fetchPendingTasks]: fetchPendingTasks raw[30]: {"code":0,"data":[],"total":0}
[2026-06-12 12:53:37] [hamibot] [INFO]:[INFO] [fetchPendingTasks]: fetchPendingTasks raw[30]: {"code":0,"data":[],"total":0}
[2026-06-12 12:53:52] [hamibot] [INFO]:[INFO] [fetchPendingTasks]: fetchPendingTasks raw[30]: {"code":0,"data":[],"total":0}
[2026-06-12 12:54:07] [hamibot] [INFO]:[INFO] [fetchPendingTasks]: fetchPendingTasks raw[30]: {"code":0,"data":[],"total":0}
[2026-06-12 12:54:22] [hamibot] [INFO]:[INFO] [fetchPendingTasks]: fetchPendingTasks raw[30]: {"code":0,"data":[],"total":0}
[2026-06-12 12:54:38] [hamibot] [INFO]:[INFO] [fetchPendingTasks]: fetchPendingTasks raw[30]: {"code":0,"data":[],"total":0}
[2026-06-12 12:54:53] [hamibot] [INFO]:[INFO] [fetchPendingTasks]: fetchPendingTasks raw[30]: {"code":0,"data":[],"total":0}
[2026-06-12 12:55:08] [hamibot] [INFO]:[INFO] [fetchPendingTasks]: fetchPendingTasks raw[30]: {"code":0,"data":[],"total":0}
[2026-06-12 12:55:23] [hamibot] [INFO]:[INFO] [fetchPendingTasks]: fetchPendingTasks raw[30]: {"code":0,"data":[],"total":0}
[2026-06-12 12:55:38] [hamibot] [INFO]:[INFO] [fetchPendingTasks]: fetchPendingTasks raw[30]: {"code":0,"data":[],"total":0}
[2026-06-12 12:55:53] [hamibot] [INFO]:[INFO] [fetchPendingTasks]: fetchPendingTasks raw[30]: {"code":0,"data":[],"total":0}
[2026-06-12 12:56:08] [hamibot] [INFO]:[INFO] [fetchPendingTasks]: fetchPendingTasks raw[30]: {"code":0,"data":[],"total":0}
[2026-06-12 12:56:23] [hamibot] [INFO]:[INFO] [fetchPendingTasks]: fetchPendingTasks raw[30]: {"code":0,"data":[],"total":0}
[2026-06-12 12:56:38] [hamibot] [INFO]:[INFO] [fetchPendingTasks]: fetchPendingTasks raw[30]: {"code":0,"data":[],"total":0}
[2026-06-12 12:56:54] [hamibot] [INFO]:[INFO] [fetchPendingTasks]: fetchPendingTasks raw[30]: {"code":0,"data":[],"total":0}
[2026-06-12 12:57:09] [hamibot] [INFO]:[INFO] [fetchPendingTasks]: fetchPendingTasks raw[30]: {"code":0,"data":[],"total":0}
[2026-06-12 12:57:24] [hamibot] [INFO]:[INFO] [fetchPendingTasks]: fetchPendingTasks raw[30]: {"code":0,"data":[],"total":0}
[2026-06-12 12:57:39] [hamibot] [INFO]:[INFO] [fetchPendingTasks]: fetchPendingTasks raw[30]: {"code":0,"data":[],"total":0}
[2026-06-12 12:57:54] [hamibot] [INFO]:[INFO] [fetchPendingTasks]: fetchPendingTasks raw[30]: {"code":0,"data":[],"total":0}
[2026-06-12 12:58:09] [hamibot] [INFO]:[INFO] [fetchPendingTasks]: fetchPendingTasks raw[30]: {"code":0,"data":[],"total":0}
[2026-06-12 12:58:24] [hamibot] [INFO]:[INFO] [fetchPendingTasks]: fetchPendingTasks raw[30]: {"code":0,"data":[],"total":0}
[2026-06-12 12:58:39] [hamibot] [INFO]:[INFO] [fetchPendingTasks]: fetchPendingTasks raw[30]: {"code":0,"data":[],"total":0}
[2026-06-12 12:58:54] [hamibot] [INFO]:[INFO] [fetchPendingTasks]: fetchPendingTasks raw[30]: {"code":0,"data":[],"total":0}
[2026-06-12 12:59:10] [hamibot] [INFO]:[INFO] [fetchPendingTasks]: fetchPendingTasks raw[30]: {"code":0,"data":[],"total":0}
[2026-06-12 12:59:25] [hamibot] [INFO]:[INFO] [fetchPendingTasks]: fetchPendingTasks raw[30]: {"code":0,"data":[],"total":0}
[2026-06-12 12:59:40] [hamibot] [INFO]:[INFO] [fetchPendingTasks]: fetchPendingTasks raw[30]: {"code":0,"data":[],"total":0}
[2026-06-12 12:59:55] [hamibot] [INFO]:[INFO] [fetchPendingTasks]: fetchPendingTasks raw[30]: {"code":0,"data":[],"total":0}
[2026-06-12 13:00:10] [hamibot] [INFO]:[INFO] [fetchPendingTasks]: fetchPendingTasks raw[30]: {"code":0,"data":[],"total":0}
[2026-06-12 13:00:25] [hamibot] [INFO]:[INFO] [fetchPendingTasks]: fetchPendingTasks raw[30]: {"code":0,"data":[],"total":0}
[2026-06-12 13:00:42] [hamibot] [INFO]:[INFO] [fetchPendingTasks]: fetchPendingTasks raw[30]: {"code":0,"data":[],"total":0}
[2026-06-12 13:00:58] [hamibot] [INFO]:[INFO] [fetchPendingTasks]: fetchPendingTasks raw[30]: {"code":0,"data":[],"total":0}
[2026-06-12 13:01:13] [hamibot] [INFO]:[INFO] [fetchPendingTasks]: fetchPendingTasks raw[30]: {"code":0,"data":[],"total":0}
[2026-06-12 13:01:28] [hamibot] [INFO]:[INFO] [fetchPendingTasks]: fetchPendingTasks raw[30]: {"code":0,"data":[],"total":0}
[2026-06-12 13:01:43] [hamibot] [INFO]:[INFO] [fetchPendingTasks]: fetchPendingTasks raw[30]: {"code":0,"data":[],"total":0}
[2026-06-12 13:01:59] [hamibot] [INFO]:[INFO] [fetchPendingTasks]: fetchPendingTasks raw[30]: {"code":0,"data":[],"total":0}
[2026-06-12 13:02:15] [hamibot] [INFO]:[INFO] [fetchPendingTasks]: fetchPendingTasks raw[30]: {"code":0,"data":[],"total":0}
[2026-06-12 13:02:30] [hamibot] [INFO]:[INFO] [fetchPendingTasks]: fetchPendingTasks raw[30]: {"code":0,"data":[],"total":0}
[2026-06-12 13:02:45] [hamibot] [INFO]:[INFO] [fetchPendingTasks]: fetchPendingTasks raw[30]: {"code":0,"data":[],"total":0}
[2026-06-12 13:03:01] [hamibot] [INFO]:[INFO] [fetchPendingTasks]: fetchPendingTasks raw[30]: {"code":0,"data":[],"total":0}
[2026-06-12 13:03:16] [hamibot] [INFO]:[INFO] [fetchPendingTasks]: fetchPendingTasks raw[30]: {"code":0,"data":[],"total":0}
[2026-06-12 13:03:31] [hamibot] [INFO]:[INFO] [fetchPendingTasks]: fetchPendingTasks raw[30]: {"code":0,"data":[],"total":0}
[2026-06-12 13:03:46] [hamibot] [INFO]:[INFO] [fetchPendingTasks]: fetchPendingTasks raw[30]: {"code":0,"data":[],"total":0}
[2026-06-12 13:04:01] [hamibot] [INFO]:[INFO] [fetchPendingTasks]: fetchPendingTasks raw[30]: {"code":0,"data":[],"total":0}
[2026-06-12 13:04:16] [hamibot] [INFO]:[INFO] [fetchPendingTasks]: fetchPendingTasks raw[30]: {"code":0,"data":[],"total":0}
[2026-06-12 13:04:31] [hamibot] [INFO]:[INFO] [fetchPendingTasks]: fetchPendingTasks raw[30]: {"code":0,"data":[],"total":0}
[2026-06-12 13:04:46] [hamibot] [INFO]:[INFO] [fetchPendingTasks]: fetchPendingTasks raw[30]: {"code":0,"data":[],"total":0}
[2026-06-12 13:05:02] [hamibot] [INFO]:[INFO] [fetchPendingTasks]: fetchPendingTasks raw[30]: {"code":0,"data":[],"total":0}
[2026-06-12 13:05:17] [hamibot] [INFO]:[INFO] [fetchPendingTasks]: fetchPendingTasks raw[30]: {"code":0,"data":[],"total":0}
[2026-06-12 13:05:32] [hamibot] [INFO]:[INFO] [fetchPendingTasks]: fetchPendingTasks raw[30]: {"code":0,"data":[],"total":0}
[2026-06-12 13:05:47] [hamibot] [INFO]:[INFO] [fetchPendingTasks]: fetchPendingTasks raw[30]: {"code":0,"data":[],"total":0}
[2026-06-12 13:06:02] [hamibot] [INFO]:[INFO] [fetchPendingTasks]: fetchPendingTasks raw[30]: {"code":0,"data":[],"total":0}
[2026-06-12 13:06:17] [hamibot] [INFO]:[INFO] [fetchPendingTasks]: fetchPendingTasks raw[30]: {"code":0,"data":[],"total":0}
[2026-06-12 13:06:32] [hamibot] [INFO]:[INFO] [fetchPendingTasks]: fetchPendingTasks raw[30]: {"code":0,"data":[],"total":0}
[2026-06-12 13:06:47] [hamibot] [INFO]:[INFO] [fetchPendingTasks]: fetchPendingTasks raw[30]: {"code":0,"data":[],"total":0}
[2026-06-12 13:07:02] [hamibot] [INFO]:[INFO] [fetchPendingTasks]: fetchPendingTasks raw[30]: {"code":0,"data":[],"total":0}
[2026-06-12 13:07:17] [hamibot] [INFO]:[INFO] [fetchPendingTasks]: fetchPendingTasks raw[30]: {"code":0,"data":[],"total":0}
[2026-06-12 13:07:33] [hamibot] [INFO]:[INFO] [fetchPendingTasks]: fetchPendingTasks raw[30]: {"code":0,"data":[],"total":0}
[2026-06-12 13:07:48] [hamibot] [INFO]:[INFO] [fetchPendingTasks]: fetchPendingTasks raw[30]: {"code":0,"data":[],"total":0}
[2026-06-12 13:08:03] [hamibot] [INFO]:[INFO] [fetchPendingTasks]: fetchPendingTasks raw[30]: {"code":0,"data":[],"total":0}
[2026-06-12 13:08:18] [hamibot] [INFO]:[INFO] [fetchPendingTasks]: fetchPendingTasks raw[30]: {"code":0,"data":[],"total":0}
[2026-06-12 13:08:33] [hamibot] [INFO]:[INFO] [fetchPendingTasks]: fetchPendingTasks raw[30]: {"code":0,"data":[],"total":0}
[2026-06-12 13:08:48] [hamibot] [INFO]:[INFO] [fetchPendingTasks]: fetchPendingTasks raw[30]: {"code":0,"data":[],"total":0}
[2026-06-12 13:09:03] [hamibot] [INFO]:[INFO] [fetchPendingTasks]: fetchPendingTasks raw[30]: {"code":0,"data":[],"total":0}
[2026-06-12 13:09:18] [hamibot] [INFO]:[INFO] [fetchPendingTasks]: fetchPendingTasks raw[30]: {"code":0,"data":[],"total":0}
[2026-06-12 13:09:34] [hamibot] [INFO]:[INFO] [fetchPendingTasks]: fetchPendingTasks raw[30]: {"code":0,"data":[],"total":0}
[2026-06-12 13:09:49] [hamibot] [INFO]:[INFO] [fetchPendingTasks]: fetchPendingTasks raw[30]: {"code":0,"data":[],"total":0}
[2026-06-12 13:10:04] [hamibot] [INFO]:[INFO] [fetchPendingTasks]: fetchPendingTasks raw[30]: {"code":0,"data":[],"total":0}
[2026-06-12 13:10:19] [hamibot] [INFO]:[INFO] [fetchPendingTasks]: fetchPendingTasks raw[30]: {"code":0,"data":[],"total":0}
[2026-06-12 13:10:34] [hamibot] [INFO]:[INFO] [fetchPendingTasks]: fetchPendingTasks raw[30]: {"code":0,"data":[],"total":0}
[2026-06-12 13:10:49] [hamibot] [INFO]:[INFO] [fetchPendingTasks]: fetchPendingTasks raw[30]: {"code":0,"data":[],"total":0}
[2026-06-12 13:11:04] [hamibot] [INFO]:[INFO] [fetchPendingTasks]: fetchPendingTasks raw[30]: {"code":0,"data":[],"total":0}
[2026-06-12 13:11:19] [hamibot] [INFO]:[INFO] [fetchPendingTasks]: fetchPendingTasks raw[30]: {"code":0,"data":[],"total":0}
[2026-06-12 13:11:34] [hamibot] [INFO]:[INFO] [fetchPendingTasks]: fetchPendingTasks raw[30]: {"code":0,"data":[],"total":0}
[2026-06-12 13:11:50] [hamibot] [INFO]:[INFO] [fetchPendingTasks]: fetchPendingTasks raw[30]: {"code":0,"data":[],"total":0}
[2026-06-12 13:12:05] [hamibot] [INFO]:[INFO] [fetchPendingTasks]: fetchPendingTasks raw[30]: {"code":0,"data":[],"total":0}
[2026-06-12 13:12:20] [hamibot] [INFO]:[INFO] [fetchPendingTasks]: fetchPendingTasks raw[30]: {"code":0,"data":[],"total":0}
[2026-06-12 13:12:35] [hamibot] [INFO]:[INFO] [fetchPendingTasks]: fetchPendingTasks raw[30]: {"code":0,"data":[],"total":0}
[2026-06-12 13:12:50] [hamibot] [INFO]:[INFO] [fetchPendingTasks]: fetchPendingTasks raw[30]: {"code":0,"data":[],"total":0}
[2026-06-12 13:13:05] [hamibot] [INFO]:[INFO] [fetchPendingTasks]: fetchPendingTasks raw[30]: {"code":0,"data":[],"total":0}
[2026-06-12 13:13:20] [hamibot] [INFO]:[INFO] [fetchPendingTasks]: fetchPendingTasks raw[30]: {"code":0,"data":[],"total":0}
[2026-06-12 13:13:35] [hamibot] [INFO]:[INFO] [fetchPendingTasks]: fetchPendingTasks raw[30]: {"code":0,"data":[],"total":0}
[2026-06-12 13:13:50] [hamibot] [INFO]:[INFO] [fetchPendingTasks]: fetchPendingTasks raw[30]: {"code":0,"data":[],"total":0}
[2026-06-12 13:14:05] [hamibot] [INFO]:[INFO] [fetchPendingTasks]: fetchPendingTasks raw[30]: {"code":0,"data":[],"total":0}
[2026-06-12 13:14:20] [hamibot] [INFO]:[INFO] [fetchPendingTasks]: fetchPendingTasks raw[30]: {"code":0,"data":[],"total":0}
[2026-06-12 13:14:35] [hamibot] [INFO]:[INFO] [fetchPendingTasks]: fetchPendingTasks raw[30]: {"code":0,"data":[],"total":0}
[2026-06-12 13:14:51] [hamibot] [INFO]:[INFO] [fetchPendingTasks]: fetchPendingTasks raw[30]: {"code":0,"data":[],"total":0}
[2026-06-12 13:15:06] [hamibot] [INFO]:[INFO] [fetchPendingTasks]: fetchPendingTasks raw[30]: {"code":0,"data":[],"total":0}
[2026-06-12 13:15:21] [hamibot] [INFO]:[INFO] [fetchPendingTasks]: fetchPendingTasks raw[30]: {"code":0,"data":[],"total":0}
[2026-06-12 13:15:36] [hamibot] [INFO]:[INFO] [fetchPendingTasks]: fetchPendingTasks raw[30]: {"code":0,"data":[],"total":0}
[2026-06-12 13:15:51] [hamibot] [INFO]:[INFO] [fetchPendingTasks]: fetchPendingTasks raw[30]: {"code":0,"data":[],"total":0}
[2026-06-12 13:16:06] [hamibot] [INFO]:[INFO] [fetchPendingTasks]: fetchPendingTasks raw[30]: {"code":0,"data":[],"total":0}
[2026-06-12 13:16:21] [hamibot] [INFO]:[INFO] [fetchPendingTasks]: fetchPendingTasks raw[30]: {"code":0,"data":[],"total":0}
[2026-06-12 13:16:36] [hamibot] [INFO]:[INFO] [fetchPendingTasks]: fetchPendingTasks raw[30]: {"code":0,"data":[],"total":0}
[2026-06-12 13:16:51] [hamibot] [INFO]:[INFO] [fetchPendingTasks]: fetchPendingTasks raw[30]: {"code":0,"data":[],"total":0}
[2026-06-12 13:17:06] [hamibot] [INFO]:[INFO] [fetchPendingTasks]: fetchPendingTasks raw[30]: {"code":0,"data":[],"total":0}
[2026-06-12 13:17:21] [hamibot] [INFO]:[INFO] [fetchPendingTasks]: fetchPendingTasks raw[30]: {"code":0,"data":[],"total":0}
[2026-06-12 13:17:37] [hamibot] [INFO]:[INFO] [fetchPendingTasks]: fetchPendingTasks raw[30]: {"code":0,"data":[],"total":0}
[2026-06-12 13:17:52] [hamibot] [INFO]:[INFO] [fetchPendingTasks]: fetchPendingTasks raw[30]: {"code":0,"data":[],"total":0}
[2026-06-12 13:18:07] [hamibot] [INFO]:[INFO] [fetchPendingTasks]: fetchPendingTasks raw[30]: {"code":0,"data":[],"total":0}
[2026-06-12 13:18:22] [hamibot] [INFO]:[INFO] [fetchPendingTasks]: fetchPendingTasks raw[30]: {"code":0,"data":[],"total":0}
[2026-06-12 13:18:38] [hamibot] [INFO]:[INFO] [fetchPendingTasks]: fetchPendingTasks raw[30]: {"code":0,"data":[],"total":0}
[2026-06-12 13:18:53] [hamibot] [INFO]:[INFO] [fetchPendingTasks]: fetchPendingTasks raw[30]: {"code":0,"data":[],"total":0}
[2026-06-12 13:19:08] [hamibot] [INFO]:[INFO] [fetchPendingTasks]: fetchPendingTasks raw[30]: {"code":0,"data":[],"total":0}
[2026-06-12 13:19:23] [hamibot] [INFO]:[INFO] [fetchPendingTasks]: fetchPendingTasks raw[30]: {"code":0,"data":[],"total":0}
[2026-06-12 13:19:38] [hamibot] [INFO]:[INFO] [fetchPendingTasks]: fetchPendingTasks raw[30]: {"code":0,"data":[],"total":0}
[2026-06-12 13:19:53] [hamibot] [INFO]:[INFO] [fetchPendingTasks]: fetchPendingTasks raw[30]: {"code":0,"data":[],"total":0}
[2026-06-12 13:20:08] [hamibot] [INFO]:[INFO] [fetchPendingTasks]: fetchPendingTasks raw[30]: {"code":0,"data":[],"total":0}
[2026-06-12 13:20:23] [hamibot] [INFO]:[INFO] [fetchPendingTasks]: fetchPendingTasks raw[30]: {"code":0,"data":[],"total":0}
[2026-06-12 13:20:39] [hamibot] [INFO]:[INFO] [fetchPendingTasks]: fetchPendingTasks raw[30]: {"code":0,"data":[],"total":0}
[2026-06-12 13:20:54] [hamibot] [INFO]:[INFO] [fetchPendingTasks]: fetchPendingTasks raw[30]: {"code":0,"data":[],"total":0}
[2026-06-12 13:21:09] [hamibot] [INFO]:[INFO] [fetchPendingTasks]: fetchPendingTasks raw[30]: {"code":0,"data":[],"total":0}
[2026-06-12 13:21:24] [hamibot] [INFO]:[INFO] [fetchPendingTasks]: fetchPendingTasks raw[30]: {"code":0,"data":[],"total":0}
[2026-06-12 13:21:39] [hamibot] [INFO]:[INFO] [fetchPendingTasks]: fetchPendingTasks raw[30]: {"code":0,"data":[],"total":0}
[2026-06-12 13:21:54] [hamibot] [INFO]:[INFO] [fetchPendingTasks]: fetchPendingTasks raw[30]: {"code":0,"data":[],"total":0}
[2026-06-12 13:22:09] [hamibot] [INFO]:[INFO] [fetchPendingTasks]: fetchPendingTasks raw[30]: {"code":0,"data":[],"total":0}
[2026-06-12 13:22:24] [hamibot] [INFO]:[INFO] [fetchPendingTasks]: fetchPendingTasks raw[30]: {"code":0,"data":[],"total":0}
[2026-06-12 13:22:39] [hamibot] [INFO]:[INFO] [fetchPendingTasks]: fetchPendingTasks raw[30]: {"code":0,"data":[],"total":0}
[2026-06-12 13:22:54] [hamibot] [INFO]:[INFO] [fetchPendingTasks]: fetchPendingTasks raw[30]: {"code":0,"data":[],"total":0}
[2026-06-12 13:23:09] [hamibot] [INFO]:[INFO] [fetchPendingTasks]: fetchPendingTasks raw[30]: {"code":0,"data":[],"total":0}
[2026-06-12 13:23:24] [hamibot] [INFO]:[INFO] [fetchPendingTasks]: fetchPendingTasks raw[30]: {"code":0,"data":[],"total":0}
[2026-06-12 13:23:40] [hamibot] [INFO]:[INFO] [fetchPendingTasks]: fetchPendingTasks raw[30]: {"code":0,"data":[],"total":0}
[2026-06-12 13:23:55] [hamibot] [INFO]:[INFO] [fetchPendingTasks]: fetchPendingTasks raw[30]: {"code":0,"data":[],"total":0}
[2026-06-12 13:24:10] [hamibot] [INFO]:[INFO] [fetchPendingTasks]: fetchPendingTasks raw[30]: {"code":0,"data":[],"total":0}
[2026-06-12 13:24:25] [hamibot] [INFO]:[INFO] [fetchPendingTasks]: fetchPendingTasks raw[30]: {"code":0,"data":[],"total":0}
[2026-06-12 13:24:40] [hamibot] [INFO]:[INFO] [fetchPendingTasks]: fetchPendingTasks raw[30]: {"code":0,"data":[],"total":0}
[2026-06-12 13:24:55] [hamibot] [INFO]:[INFO] [fetchPendingTasks]: fetchPendingTasks raw[30]: {"code":0,"data":[],"total":0}
[2026-06-12 13:25:10] [hamibot] [INFO]:[INFO] [fetchPendingTasks]: fetchPendingTasks raw[30]: {"code":0,"data":[],"total":0}
[2026-06-12 13:25:25] [hamibot] [INFO]:[INFO] [fetchPendingTasks]: fetchPendingTasks raw[30]: {"code":0,"data":[],"total":0}
[2026-06-12 13:25:40] [hamibot] [INFO]:[INFO] [fetchPendingTasks]: fetchPendingTasks raw[30]: {"code":0,"data":[],"total":0}
[2026-06-12 13:25:55] [hamibot] [INFO]:[INFO] [fetchPendingTasks]: fetchPendingTasks raw[30]: {"code":0,"data":[],"total":0}
[2026-06-12 13:26:10] [hamibot] [INFO]:[INFO] [fetchPendingTasks]: fetchPendingTasks raw[30]: {"code":0,"data":[],"total":0}
[2026-06-12 13:26:25] [hamibot] [INFO]:[INFO] [fetchPendingTasks]: fetchPendingTasks raw[30]: {"code":0,"data":[],"total":0}
[2026-06-12 13:26:40] [hamibot] [INFO]:[INFO] [fetchPendingTasks]: fetchPendingTasks raw[30]: {"code":0,"data":[],"total":0}
[2026-06-12 13:26:55] [hamibot] [INFO]:[INFO] [fetchPendingTasks]: fetchPendingTasks raw[30]: {"code":0,"data":[],"total":0}
[2026-06-12 13:27:11] [hamibot] [INFO]:[INFO] [fetchPendingTasks]: fetchPendingTasks raw[30]: {"code":0,"data":[],"total":0}
[2026-06-12 13:27:26] [hamibot] [INFO]:[INFO] [fetchPendingTasks]: fetchPendingTasks raw[30]: {"code":0,"data":[],"total":0}
[2026-06-12 13:27:41] [hamibot] [INFO]:[INFO] [fetchPendingTasks]: fetchPendingTasks raw[30]: {"code":0,"data":[],"total":0}
[2026-06-12 13:27:56] [hamibot] [INFO]:[INFO] [fetchPendingTasks]: fetchPendingTasks raw[30]: {"code":0,"data":[],"total":0}
[2026-06-12 13:28:11] [hamibot] [INFO]:[INFO] [fetchPendingTasks]: fetchPendingTasks raw[30]: {"code":0,"data":[],"total":0}
[2026-06-12 13:28:26] [hamibot] [INFO]:[INFO] [fetchPendingTasks]: fetchPendingTasks raw[30]: {"code":0,"data":[],"total":0}
[2026-06-12 13:28:41] [hamibot] [INFO]:[INFO] [fetchPendingTasks]: fetchPendingTasks raw[30]: {"code":0,"data":[],"total":0}
[2026-06-12 13:28:56] [hamibot] [INFO]:[INFO] [fetchPendingTasks]: fetchPendingTasks raw[30]: {"code":0,"data":[],"total":0}
[2026-06-12 13:29:11] [hamibot] [INFO]:[INFO] [fetchPendingTasks]: fetchPendingTasks raw[30]: {"code":0,"data":[],"total":0}
[2026-06-12 13:29:27] [hamibot] [INFO]:[INFO] [fetchPendingTasks]: fetchPendingTasks raw[30]: {"code":0,"data":[],"total":0}
[2026-06-12 13:29:42] [hamibot] [INFO]:[INFO] [fetchPendingTasks]: fetchPendingTasks raw[30]: {"code":0,"data":[],"total":0}
[2026-06-12 13:29:57] [hamibot] [INFO]:[INFO] [fetchPendingTasks]: fetchPendingTasks raw[30]: {"code":0,"data":[],"total":0}
[2026-06-12 13:30:12] [hamibot] [INFO]:[INFO] [fetchPendingTasks]: fetchPendingTasks raw[30]: {"code":0,"data":[],"total":0}
[2026-06-12 13:30:27] [hamibot] [INFO]:[INFO] [fetchPendingTasks]: fetchPendingTasks raw[30]: {"code":0,"data":[],"total":0}
[2026-06-12 13:30:42] [hamibot] [INFO]:[INFO] [fetchPendingTasks]: fetchPendingTasks raw[30]: {"code":0,"data":[],"total":0}
[2026-06-12 13:30:57] [hamibot] [INFO]:[INFO] [fetchPendingTasks]: fetchPendingTasks raw[30]: {"code":0,"data":[],"total":0}
[2026-06-12 13:31:12] [hamibot] [INFO]:[INFO] [fetchPendingTasks]: fetchPendingTasks raw[30]: {"code":0,"data":[],"total":0}
[2026-06-12 13:31:27] [hamibot] [INFO]:[INFO] [fetchPendingTasks]: fetchPendingTasks raw[30]: {"code":0,"data":[],"total":0}
[2026-06-12 13:31:42] [hamibot] [INFO]:[INFO] [fetchPendingTasks]: fetchPendingTasks raw[30]: {"code":0,"data":[],"total":0}
[2026-06-12 13:31:57] [hamibot] [INFO]:[INFO] [fetchPendingTasks]: fetchPendingTasks raw[30]: {"code":0,"data":[],"total":0}
[2026-06-12 13:32:13] [hamibot] [INFO]:[INFO] [fetchPendingTasks]: fetchPendingTasks raw[30]: {"code":0,"data":[],"total":0}
[2026-06-12 13:32:28] [hamibot] [INFO]:[INFO] [fetchPendingTasks]: fetchPendingTasks raw[30]: {"code":0,"data":[],"total":0}
[2026-06-12 13:32:43] [hamibot] [INFO]:[INFO] [fetchPendingTasks]: fetchPendingTasks raw[30]: {"code":0,"data":[],"total":0}
[2026-06-12 13:32:58] [hamibot] [INFO]:[INFO] [fetchPendingTasks]: fetchPendingTasks raw[30]: {"code":0,"data":[],"total":0}
[2026-06-12 13:33:13] [hamibot] [INFO]:[INFO] [fetchPendingTasks]: fetchPendingTasks raw[30]: {"code":0,"data":[],"total":0}
[2026-06-12 13:33:28] [hamibot] [INFO]:[INFO] [fetchPendingTasks]: fetchPendingTasks raw[30]: {"code":0,"data":[],"total":0}
[2026-06-12 13:33:43] [hamibot] [INFO]:[INFO] [fetchPendingTasks]: fetchPendingTasks raw[30]: {"code":0,"data":[],"total":0}
[2026-06-12 13:33:59] [hamibot] [INFO]:[INFO] [fetchPendingTasks]: fetchPendingTasks raw[30]: {"code":0,"data":[],"total":0}
[2026-06-12 13:34:14] [hamibot] [INFO]:[INFO] [fetchPendingTasks]: fetchPendingTasks raw[30]: {"code":0,"data":[],"total":0}
[2026-06-12 13:34:29] [hamibot] [INFO]:[INFO] [fetchPendingTasks]: fetchPendingTasks raw[30]: {"code":0,"data":[],"total":0}
[2026-06-12 13:34:44] [hamibot] [INFO]:[INFO] [fetchPendingTasks]: fetchPendingTasks raw[30]: {"code":0,"data":[],"total":0}
[2026-06-12 13:34:59] [hamibot] [INFO]:[INFO] [fetchPendingTasks]: fetchPendingTasks raw[30]: {"code":0,"data":[],"total":0}
[2026-06-12 13:35:14] [hamibot] [INFO]:[INFO] [fetchPendingTasks]: fetchPendingTasks raw[30]: {"code":0,"data":[],"total":0}
[2026-06-12 13:35:30] [hamibot] [INFO]:[INFO] [fetchPendingTasks]: fetchPendingTasks raw[30]: {"code":0,"data":[],"total":0}
[2026-06-12 13:35:45] [hamibot] [INFO]:[INFO] [fetchPendingTasks]: fetchPendingTasks raw[30]: {"code":0,"data":[],"total":0}
[2026-06-12 13:36:08] [hamibot] [INFO]:[INFO] [fetchPendingTasks]: fetchPendingTasks raw[30]: {"code":0,"data":[],"total":0}
[2026-06-12 13:36:57] [hamibot] [INFO]:[INFO] [fetchPendingTasks]: fetchPendingTasks raw[30]: {"code":0,"data":[],"total":0}
[2026-06-12 13:37:12] [hamibot] [INFO]:[INFO] [fetchPendingTasks]: fetchPendingTasks raw[30]: {"code":0,"data":[],"total":0}
[2026-06-12 13:37:27] [hamibot] [INFO]:[INFO] [fetchPendingTasks]: fetchPendingTasks raw[30]: {"code":0,"data":[],"total":0}
[2026-06-12 13:37:42] [hamibot] [INFO]:[INFO] [fetchPendingTasks]: fetchPendingTasks raw[30]: {"code":0,"data":[],"total":0}
[2026-06-12 13:37:58] [hamibot] [INFO]:[INFO] [fetchPendingTasks]: fetchPendingTasks raw[30]: {"code":0,"data":[],"total":0}
[2026-06-12 13:38:14] [hamibot] [INFO]:[INFO] [fetchPendingTasks]: fetchPendingTasks raw[30]: {"code":0,"data":[],"total":0}
[2026-06-12 13:38:29] [hamibot] [INFO]:[INFO] [fetchPendingTasks]: fetchPendingTasks raw[30]: {"code":0,"data":[],"total":0}
[2026-06-12 13:38:45] [hamibot] [INFO]:[INFO] [fetchPendingTasks]: fetchPendingTasks raw[30]: {"code":0,"data":[],"total":0}
[2026-06-12 13:39:00] [hamibot] [INFO]:[INFO] [fetchPendingTasks]: fetchPendingTasks raw[30]: {"code":0,"data":[],"total":0}
[2026-06-12 13:39:15] [hamibot] [INFO]:[INFO] [fetchPendingTasks]: fetchPendingTasks raw[30]: {"code":0,"data":[],"total":0}
[2026-06-12 13:39:30] [hamibot] [INFO]:[INFO] [fetchPendingTasks]: fetchPendingTasks raw[30]: {"code":0,"data":[],"total":0}
[2026-06-12 13:39:46] [hamibot] [INFO]:[INFO] [fetchPendingTasks]: fetchPendingTasks raw[30]: {"code":0,"data":[],"total":0}
[2026-06-12 13:40:01] [hamibot] [INFO]:[INFO] [fetchPendingTasks]: fetchPendingTasks raw[30]: {"code":0,"data":[],"total":0}
[2026-06-12 13:40:16] [hamibot] [INFO]:[INFO] [fetchPendingTasks]: fetchPendingTasks raw[30]: {"code":0,"data":[],"total":0}
[2026-06-12 13:40:32] [hamibot] [INFO]:[INFO] [fetchPendingTasks]: fetchPendingTasks raw[30]: {"code":0,"data":[],"total":0}
[2026-06-12 13:40:47] [hamibot] [INFO]:[INFO] [fetchPendingTasks]: fetchPendingTasks raw[30]: {"code":0,"data":[],"total":0}
[2026-06-12 13:41:02] [hamibot] [INFO]:[INFO] [fetchPendingTasks]: fetchPendingTasks raw[30]: {"code":0,"data":[],"total":0}
[2026-06-12 13:41:17] [hamibot] [INFO]:[INFO] [fetchPendingTasks]: fetchPendingTasks raw[30]: {"code":0,"data":[],"total":0}
[2026-06-12 13:41:32] [hamibot] [INFO]:[INFO] [fetchPendingTasks]: fetchPendingTasks raw[30]: {"code":0,"data":[],"total":0}
[2026-06-12 13:41:47] [hamibot] [INFO]:[INFO] [fetchPendingTasks]: fetchPendingTasks raw[30]: {"code":0,"data":[],"total":0}
[2026-06-12 13:42:03] [hamibot] [INFO]:[INFO] [fetchPendingTasks]: fetchPendingTasks raw[30]: {"code":0,"data":[],"total":0}
[2026-06-12 13:42:18] [hamibot] [INFO]:[INFO] [fetchPendingTasks]: fetchPendingTasks raw[30]: {"code":0,"data":[],"total":0}
[2026-06-12 13:42:33] [hamibot] [INFO]:[INFO] [fetchPendingTasks]: fetchPendingTasks raw[30]: {"code":0,"data":[],"total":0}
[2026-06-12 13:42:48] [hamibot] [INFO]:[INFO] [fetchPendingTasks]: fetchPendingTasks raw[30]: {"code":0,"data":[],"total":0}
[2026-06-12 13:43:04] [hamibot] [INFO]:[INFO] [fetchPendingTasks]: fetchPendingTasks raw[30]: {"code":0,"data":[],"total":0}
[2026-06-12 13:43:19] [hamibot] [INFO]:[INFO] [fetchPendingTasks]: fetchPendingTasks raw[30]: {"code":0,"data":[],"total":0}
[2026-06-12 13:43:35] [hamibot] [INFO]:[INFO] [fetchPendingTasks]: fetchPendingTasks raw[30]: {"code":0,"data":[],"total":0}
[2026-06-12 13:43:50] [hamibot] [INFO]:[INFO] [fetchPendingTasks]: fetchPendingTasks raw[30]: {"code":0,"data":[],"total":0}
[2026-06-12 13:44:06] [hamibot] [INFO]:[INFO] [fetchPendingTasks]: fetchPendingTasks raw[30]: {"code":0,"data":[],"total":0}
[2026-06-12 13:44:21] [hamibot] [INFO]:[INFO] [fetchPendingTasks]: fetchPendingTasks raw[30]: {"code":0,"data":[],"total":0}
[2026-06-12 13:44:38] [hamibot] [INFO]:[INFO] [fetchPendingTasks]: fetchPendingTasks raw[30]: {"code":0,"data":[],"total":0}
[2026-06-12 13:44:53] [hamibot] [INFO]:[INFO] [fetchPendingTasks]: fetchPendingTasks raw[30]: {"code":0,"data":[],"total":0}
[2026-06-12 13:45:09] [hamibot] [INFO]:[INFO] [fetchPendingTasks]: fetchPendingTasks raw[30]: {"code":0,"data":[],"total":0}
[2026-06-12 13:45:25] [hamibot] [INFO]:[INFO] [fetchPendingTasks]: fetchPendingTasks raw[30]: {"code":0,"data":[],"total":0}
[2026-06-12 13:45:40] [hamibot] [INFO]:[INFO] [fetchPendingTasks]: fetchPendingTasks raw[30]: {"code":0,"data":[],"total":0}
[2026-06-12 13:45:56] [hamibot] [INFO]:[INFO] [fetchPendingTasks]: fetchPendingTasks raw[30]: {"code":0,"data":[],"total":0}
[2026-06-12 13:46:16] [hamibot] [INFO]:[INFO] [fetchPendingTasks]: fetchPendingTasks raw[30]: {"code":0,"data":[],"total":0}
[2026-06-12 13:46:31] [hamibot] [INFO]:[INFO] [fetchPendingTasks]: fetchPendingTasks raw[30]: {"code":0,"data":[],"total":0}
[2026-06-12 13:46:46] [hamibot] [INFO]:[INFO] [fetchPendingTasks]: fetchPendingTasks raw[30]: {"code":0,"data":[],"total":0}
[2026-06-12 13:47:02] [hamibot] [INFO]:[INFO] [fetchPendingTasks]: fetchPendingTasks raw[30]: {"code":0,"data":[],"total":0}
[2026-06-12 13:47:18] [hamibot] [INFO]:[INFO] [fetchPendingTasks]: fetchPendingTasks raw[30]: {"code":0,"data":[],"total":0}
[2026-06-12 13:47:41] [hamibot] [INFO]:[INFO] [fetchPendingTasks]: fetchPendingTasks raw[30]: {"code":0,"data":[],"total":0}
[2026-06-12 13:48:00] [hamibot] [INFO]:[INFO] [fetchPendingTasks]: fetchPendingTasks raw[30]: {"code":0,"data":[],"total":0}
[2026-06-12 13:48:23] [hamibot] [INFO]:[INFO] [fetchPendingTasks]: fetchPendingTasks raw[30]: {"code":0,"data":[],"total":0}
[2026-06-12 13:48:38] [hamibot] [INFO]:[INFO] [fetchPendingTasks]: fetchPendingTasks raw[30]: {"code":0,"data":[],"total":0}
[2026-06-12 13:48:53] [hamibot] [INFO]:[INFO] [fetchPendingTasks]: fetchPendingTasks raw[30]: {"code":0,"data":[],"total":0}
[2026-06-12 13:49:08] [hamibot] [INFO]:[INFO] [fetchPendingTasks]: fetchPendingTasks raw[30]: {"code":0,"data":[],"total":0}
[2026-06-12 13:49:23] [hamibot] [INFO]:[INFO] [fetchPendingTasks]: fetchPendingTasks raw[30]: {"code":0,"data":[],"total":0}
[2026-06-12 13:49:40] [hamibot] [INFO]:[INFO] [fetchPendingTasks]: fetchPendingTasks raw[30]: {"code":0,"data":[],"total":0}
[2026-06-12 13:49:55] [hamibot] [INFO]:[INFO] [fetchPendingTasks]: fetchPendingTasks raw[30]: {"code":0,"data":[],"total":0}
[2026-06-12 13:50:12] [hamibot] [INFO]:[INFO] [fetchPendingTasks]: fetchPendingTasks raw[30]: {"code":0,"data":[],"total":0}
[2026-06-12 13:50:27] [hamibot] [INFO]:[INFO] [fetchPendingTasks]: fetchPendingTasks raw[30]: {"code":0,"data":[],"total":0}
[2026-06-12 13:50:42] [hamibot] [INFO]:[INFO] [fetchPendingTasks]: fetchPendingTasks raw[30]: {"code":0,"data":[],"total":0}
[2026-06-12 13:50:58] [hamibot] [INFO]:[INFO] [fetchPendingTasks]: fetchPendingTasks raw[30]: {"code":0,"data":[],"total":0}
[2026-06-12 13:51:13] [hamibot] [INFO]:[INFO] [fetchPendingTasks]: fetchPendingTasks raw[30]: {"code":0,"data":[],"total":0}
[2026-06-12 13:51:28] [hamibot] [INFO]:[INFO] [fetchPendingTasks]: fetchPendingTasks raw[30]: {"code":0,"data":[],"total":0}
[2026-06-12 13:51:43] [hamibot] [INFO]:[INFO] [fetchPendingTasks]: fetchPendingTasks raw[30]: {"code":0,"data":[],"total":0}
[2026-06-12 13:51:59] [hamibot] [INFO]:[INFO] [fetchPendingTasks]: fetchPendingTasks raw[30]: {"code":0,"data":[],"total":0}
[2026-06-12 13:52:15] [hamibot] [INFO]:[INFO] [fetchPendingTasks]: fetchPendingTasks raw[30]: {"code":0,"data":[],"total":0}
[2026-06-12 13:52:31] [hamibot] [INFO]:[INFO] [fetchPendingTasks]: fetchPendingTasks raw[30]: {"code":0,"data":[],"total":0}
[2026-06-12 13:52:46] [hamibot] [INFO]:[INFO] [fetchPendingTasks]: fetchPendingTasks raw[30]: {"code":0,"data":[],"total":0}
[2026-06-12 13:53:02] [hamibot] [INFO]:[INFO] [fetchPendingTasks]: fetchPendingTasks raw[30]: {"code":0,"data":[],"total":0}
[2026-06-12 13:53:17] [hamibot] [INFO]:[INFO] [fetchPendingTasks]: fetchPendingTasks raw[30]: {"code":0,"data":[],"total":0}
[2026-06-12 13:53:32] [hamibot] [INFO]:[INFO] [fetchPendingTasks]: fetchPendingTasks raw[30]: {"code":0,"data":[],"total":0}
[2026-06-12 13:53:47] [hamibot] [INFO]:[INFO] [fetchPendingTasks]: fetchPendingTasks raw[30]: {"code":0,"data":[],"total":0}
[2026-06-12 13:54:03] [hamibot] [INFO]:[INFO] [fetchPendingTasks]: fetchPendingTasks raw[30]: {"code":0,"data":[],"total":0}
[2026-06-12 13:54:18] [hamibot] [INFO]:[INFO] [fetchPendingTasks]: fetchPendingTasks raw[30]: {"code":0,"data":[],"total":0}
[2026-06-12 13:54:33] [hamibot] [INFO]:[INFO] [fetchPendingTasks]: fetchPendingTasks raw[30]: {"code":0,"data":[],"total":0}
[2026-06-12 13:54:48] [hamibot] [INFO]:[INFO] [fetchPendingTasks]: fetchPendingTasks raw[30]: {"code":0,"data":[],"total":0}
[2026-06-12 13:55:03] [hamibot] [INFO]:[INFO] [fetchPendingTasks]: fetchPendingTasks raw[30]: {"code":0,"data":[],"total":0}
[2026-06-12 13:55:18] [hamibot] [INFO]:[INFO] [fetchPendingTasks]: fetchPendingTasks raw[30]: {"code":0,"data":[],"total":0}
[2026-06-12 13:55:33] [hamibot] [INFO]:[INFO] [fetchPendingTasks]: fetchPendingTasks raw[30]: {"code":0,"data":[],"total":0}
[2026-06-12 13:55:49] [hamibot] [INFO]:[INFO] [fetchPendingTasks]: fetchPendingTasks raw[30]: {"code":0,"data":[],"total":0}
[2026-06-12 13:56:04] [hamibot] [INFO]:[INFO] [fetchPendingTasks]: fetchPendingTasks raw[30]: {"code":0,"data":[],"total":0}
[2026-06-12 13:56:20] [hamibot] [INFO]:[INFO] [fetchPendingTasks]: fetchPendingTasks raw[30]: {"code":0,"data":[],"total":0}
[2026-06-12 13:56:35] [hamibot] [INFO]:[INFO] [fetchPendingTasks]: fetchPendingTasks raw[30]: {"code":0,"data":[],"total":0}
[2026-06-12 13:56:51] [hamibot] [INFO]:[INFO] [fetchPendingTasks]: fetchPendingTasks raw[30]: {"code":0,"data":[],"total":0}
[2026-06-12 13:57:06] [hamibot] [INFO]:[INFO] [fetchPendingTasks]: fetchPendingTasks raw[30]: {"code":0,"data":[],"total":0}
[2026-06-12 13:57:21] [hamibot] [INFO]:[INFO] [fetchPendingTasks]: fetchPendingTasks raw[30]: {"code":0,"data":[],"total":0}
[2026-06-12 13:57:36] [hamibot] [INFO]:[INFO] [fetchPendingTasks]: fetchPendingTasks raw[30]: {"code":0,"data":[],"total":0}
[2026-06-12 13:57:51] [hamibot] [INFO]:[INFO] [fetchPendingTasks]: fetchPendingTasks raw[30]: {"code":0,"data":[],"total":0}
[2026-06-12 13:58:07] [hamibot] [INFO]:[INFO] [fetchPendingTasks]: fetchPendingTasks raw[30]: {"code":0,"data":[],"total":0}
[2026-06-12 13:58:22] [hamibot] [INFO]:[INFO] [fetchPendingTasks]: fetchPendingTasks raw[30]: {"code":0,"data":[],"total":0}
[2026-06-12 13:58:38] [hamibot] [INFO]:[INFO] [fetchPendingTasks]: fetchPendingTasks raw[30]: {"code":0,"data":[],"total":0}
[2026-06-12 13:58:53] [hamibot] [INFO]:[INFO] [fetchPendingTasks]: fetchPendingTasks raw[30]: {"code":0,"data":[],"total":0}
[2026-06-12 13:59:09] [hamibot] [INFO]:[INFO] [fetchPendingTasks]: fetchPendingTasks raw[30]: {"code":0,"data":[],"total":0}
[2026-06-12 13:59:24] [hamibot] [INFO]:[INFO] [fetchPendingTasks]: fetchPendingTasks raw[30]: {"code":0,"data":[],"total":0}
[2026-06-12 13:59:39] [hamibot] [INFO]:[INFO] [fetchPendingTasks]: fetchPendingTasks raw[30]: {"code":0,"data":[],"total":0}
[2026-06-12 13:59:54] [hamibot] [INFO]:[INFO] [fetchPendingTasks]: fetchPendingTasks raw[30]: {"code":0,"data":[],"total":0}
[2026-06-12 14:00:09] [hamibot] [INFO]:[INFO] [fetchPendingTasks]: fetchPendingTasks raw[30]: {"code":0,"data":[],"total":0}
[2026-06-12 14:00:25] [hamibot] [INFO]:[INFO] [fetchPendingTasks]: fetchPendingTasks raw[30]: {"code":0,"data":[],"total":0}
[2026-06-12 14:00:41] [hamibot] [INFO]:[INFO] [fetchPendingTasks]: fetchPendingTasks raw[30]: {"code":0,"data":[],"total":0}
[2026-06-12 14:00:56] [hamibot] [INFO]:[INFO] [fetchPendingTasks]: fetchPendingTasks raw[30]: {"code":0,"data":[],"total":0}
[2026-06-12 14:01:11] [hamibot] [INFO]:[INFO] [fetchPendingTasks]: fetchPendingTasks raw[30]: {"code":0,"data":[],"total":0}
[2026-06-12 14:01:26] [hamibot] [INFO]:[INFO] [fetchPendingTasks]: fetchPendingTasks raw[30]: {"code":0,"data":[],"total":0}
[2026-06-12 14:01:42] [hamibot] [INFO]:[INFO] [fetchPendingTasks]: fetchPendingTasks raw[30]: {"code":0,"data":[],"total":0}
[2026-06-12 14:01:58] [hamibot] [INFO]:[INFO] [fetchPendingTasks]: fetchPendingTasks raw[30]: {"code":0,"data":[],"total":0}
[2026-06-12 14:02:14] [hamibot] [INFO]:[INFO] [fetchPendingTasks]: fetchPendingTasks raw[30]: {"code":0,"data":[],"total":0}
[2026-06-12 14:02:29] [hamibot] [INFO]:[INFO] [fetchPendingTasks]: fetchPendingTasks raw[30]: {"code":0,"data":[],"total":0}
[2026-06-12 14:02:45] [hamibot] [INFO]:[INFO] [fetchPendingTasks]: fetchPendingTasks raw[30]: {"code":0,"data":[],"total":0}
[2026-06-12 14:03:00] [hamibot] [INFO]:[INFO] [fetchPendingTasks]: fetchPendingTasks raw[30]: {"code":0,"data":[],"total":0}
[2026-06-12 14:03:16] [hamibot] [INFO]:[INFO] [fetchPendingTasks]: fetchPendingTasks raw[30]: {"code":0,"data":[],"total":0}
[2026-06-12 14:03:32] [hamibot] [INFO]:[INFO] [fetchPendingTasks]: fetchPendingTasks raw[30]: {"code":0,"data":[],"total":0}
[2026-06-12 14:03:47] [hamibot] [INFO]:[INFO] [fetchPendingTasks]: fetchPendingTasks raw[30]: {"code":0,"data":[],"total":0}
[2026-06-12 14:04:03] [hamibot] [INFO]:[INFO] [fetchPendingTasks]: fetchPendingTasks raw[30]: {"code":0,"data":[],"total":0}
[2026-06-12 14:04:19] [hamibot] [INFO]:[INFO] [fetchPendingTasks]: fetchPendingTasks raw[30]: {"code":0,"data":[],"total":0}
[2026-06-12 14:04:34] [hamibot] [INFO]:[INFO] [fetchPendingTasks]: fetchPendingTasks raw[30]: {"code":0,"data":[],"total":0}
[2026-06-12 14:04:50] [hamibot] [INFO]:[INFO] [fetchPendingTasks]: fetchPendingTasks raw[30]: {"code":0,"data":[],"total":0}
[2026-06-12 14:05:05] [hamibot] [INFO]:[INFO] [fetchPendingTasks]: fetchPendingTasks raw[30]: {"code":0,"data":[],"total":0}
[2026-06-12 14:05:21] [hamibot] [INFO]:[INFO] [fetchPendingTasks]: fetchPendingTasks raw[30]: {"code":0,"data":[],"total":0}
[2026-06-12 14:05:36] [hamibot] [INFO]:[INFO] [fetchPendingTasks]: fetchPendingTasks raw[30]: {"code":0,"data":[],"total":0}
[2026-06-12 14:05:51] [hamibot] [INFO]:[INFO] [fetchPendingTasks]: fetchPendingTasks raw[30]: {"code":0,"data":[],"total":0}
[2026-06-12 14:06:06] [hamibot] [INFO]:[INFO] [fetchPendingTasks]: fetchPendingTasks raw[30]: {"code":0,"data":[],"total":0}
[2026-06-12 14:06:22] [hamibot] [INFO]:[INFO] [fetchPendingTasks]: fetchPendingTasks raw[30]: {"code":0,"data":[],"total":0}
[2026-06-12 14:06:37] [hamibot] [INFO]:[INFO] [fetchPendingTasks]: fetchPendingTasks raw[30]: {"code":0,"data":[],"total":0}
[2026-06-12 14:06:53] [hamibot] [INFO]:[INFO] [fetchPendingTasks]: fetchPendingTasks raw[30]: {"code":0,"data":[],"total":0}
[2026-06-12 14:07:10] [hamibot] [INFO]:[INFO] [fetchPendingTasks]: fetchPendingTasks raw[30]: {"code":0,"data":[],"total":0}
[2026-06-12 14:07:25] [hamibot] [INFO]:[INFO] [fetchPendingTasks]: fetchPendingTasks raw[30]: {"code":0,"data":[],"total":0}
[2026-06-12 14:07:40] [hamibot] [INFO]:[INFO] [fetchPendingTasks]: fetchPendingTasks raw[30]: {"code":0,"data":[],"total":0}
[2026-06-12 14:07:56] [hamibot] [INFO]:[INFO] [fetchPendingTasks]: fetchPendingTasks raw[30]: {"code":0,"data":[],"total":0}
[2026-06-12 14:08:11] [hamibot] [INFO]:[INFO] [fetchPendingTasks]: fetchPendingTasks raw[30]: {"code":0,"data":[],"total":0}
[2026-06-12 14:08:26] [hamibot] [INFO]:[INFO] [fetchPendingTasks]: fetchPendingTasks raw[30]: {"code":0,"data":[],"total":0}
[2026-06-12 14:08:41] [hamibot] [INFO]:[INFO] [fetchPendingTasks]: fetchPendingTasks raw[30]: {"code":0,"data":[],"total":0}
[2026-06-12 14:08:56] [hamibot] [INFO]:[INFO] [fetchPendingTasks]: fetchPendingTasks raw[30]: {"code":0,"data":[],"total":0}
[2026-06-12 14:09:12] [hamibot] [INFO]:[INFO] [fetchPendingTasks]: fetchPendingTasks raw[30]: {"code":0,"data":[],"total":0}
[2026-06-12 14:09:27] [hamibot] [INFO]:[INFO] [fetchPendingTasks]: fetchPendingTasks raw[30]: {"code":0,"data":[],"total":0}
[2026-06-12 14:09:42] [hamibot] [INFO]:[INFO] [fetchPendingTasks]: fetchPendingTasks raw[30]: {"code":0,"data":[],"total":0}
[2026-06-12 14:09:57] [hamibot] [INFO]:[INFO] [fetchPendingTasks]: fetchPendingTasks raw[30]: {"code":0,"data":[],"total":0}
[2026-06-12 14:10:12] [hamibot] [INFO]:[INFO] [fetchPendingTasks]: fetchPendingTasks raw[30]: {"code":0,"data":[],"total":0}
[2026-06-12 14:10:27] [hamibot] [INFO]:[INFO] [fetchPendingTasks]: fetchPendingTasks raw[30]: {"code":0,"data":[],"total":0}
[2026-06-12 14:10:42] [hamibot] [INFO]:[INFO] [fetchPendingTasks]: fetchPendingTasks raw[30]: {"code":0,"data":[],"total":0}
[2026-06-12 14:10:58] [hamibot] [INFO]:[INFO] [fetchPendingTasks]: fetchPendingTasks raw[30]: {"code":0,"data":[],"total":0}
[2026-06-12 14:11:13] [hamibot] [INFO]:[INFO] [fetchPendingTasks]: fetchPendingTasks raw[30]: {"code":0,"data":[],"total":0}
[2026-06-12 14:11:28] [hamibot] [INFO]:[INFO] [fetchPendingTasks]: fetchPendingTasks raw[30]: {"code":0,"data":[],"total":0}
[2026-06-12 14:11:43] [hamibot] [INFO]:[INFO] [fetchPendingTasks]: fetchPendingTasks raw[30]: {"code":0,"data":[],"total":0}
[2026-06-12 14:11:58] [hamibot] [INFO]:[INFO] [fetchPendingTasks]: fetchPendingTasks raw[30]: {"code":0,"data":[],"total":0}
[2026-06-12 14:12:14] [hamibot] [INFO]:[INFO] [fetchPendingTasks]: fetchPendingTasks raw[30]: {"code":0,"data":[],"total":0}
[2026-06-12 14:12:29] [hamibot] [INFO]:[INFO] [fetchPendingTasks]: fetchPendingTasks raw[30]: {"code":0,"data":[],"total":0}
[2026-06-12 14:12:44] [hamibot] [INFO]:[INFO] [fetchPendingTasks]: fetchPendingTasks raw[30]: {"code":0,"data":[],"total":0}
[2026-06-12 14:12:59] [hamibot] [INFO]:[INFO] [fetchPendingTasks]: fetchPendingTasks raw[30]: {"code":0,"data":[],"total":0}
[2026-06-12 14:13:14] [hamibot] [INFO]:[INFO] [fetchPendingTasks]: fetchPendingTasks raw[30]: {"code":0,"data":[],"total":0}
[2026-06-12 14:13:30] [hamibot] [INFO]:[INFO] [fetchPendingTasks]: fetchPendingTasks raw[30]: {"code":0,"data":[],"total":0}
[2026-06-12 14:13:45] [hamibot] [INFO]:[INFO] [fetchPendingTasks]: fetchPendingTasks raw[30]: {"code":0,"data":[],"total":0}
[2026-06-12 14:14:00] [hamibot] [INFO]:[INFO] [fetchPendingTasks]: fetchPendingTasks raw[30]: {"code":0,"data":[],"total":0}
[2026-06-12 14:14:15] [hamibot] [INFO]:[INFO] [fetchPendingTasks]: fetchPendingTasks raw[30]: {"code":0,"data":[],"total":0}
[2026-06-12 14:14:30] [hamibot] [INFO]:[INFO] [fetchPendingTasks]: fetchPendingTasks raw[30]: {"code":0,"data":[],"total":0}
[2026-06-12 14:14:45] [hamibot] [INFO]:[INFO] [fetchPendingTasks]: fetchPendingTasks raw[30]: {"code":0,"data":[],"total":0}
[2026-06-12 14:15:00] [hamibot] [INFO]:[INFO] [fetchPendingTasks]: fetchPendingTasks raw[30]: {"code":0,"data":[],"total":0}
[2026-06-12 14:15:15] [hamibot] [INFO]:[INFO] [fetchPendingTasks]: fetchPendingTasks raw[30]: {"code":0,"data":[],"total":0}
[2026-06-12 14:15:30] [hamibot] [INFO]:[INFO] [fetchPendingTasks]: fetchPendingTasks raw[30]: {"code":0,"data":[],"total":0}
[2026-06-12 14:15:45] [hamibot] [INFO]:[INFO] [fetchPendingTasks]: fetchPendingTasks raw[30]: {"code":0,"data":[],"total":0}
[2026-06-12 14:16:01] [hamibot] [INFO]:[INFO] [fetchPendingTasks]: fetchPendingTasks raw[30]: {"code":0,"data":[],"total":0}
[2026-06-12 14:16:16] [hamibot] [INFO]:[INFO] [fetchPendingTasks]: fetchPendingTasks raw[30]: {"code":0,"data":[],"total":0}
[2026-06-12 14:16:31] [hamibot] [INFO]:[INFO] [fetchPendingTasks]: fetchPendingTasks raw[30]: {"code":0,"data":[],"total":0}
[2026-06-12 14:16:46] [hamibot] [INFO]:[INFO] [fetchPendingTasks]: fetchPendingTasks raw[30]: {"code":0,"data":[],"total":0}
[2026-06-12 14:17:01] [hamibot] [INFO]:[INFO] [fetchPendingTasks]: fetchPendingTasks raw[30]: {"code":0,"data":[],"total":0}
[2026-06-12 14:17:16] [hamibot] [INFO]:[INFO] [fetchPendingTasks]: fetchPendingTasks raw[30]: {"code":0,"data":[],"total":0}
[2026-06-12 14:17:31] [hamibot] [INFO]:[INFO] [fetchPendingTasks]: fetchPendingTasks raw[30]: {"code":0,"data":[],"total":0}
[2026-06-12 14:17:47] [hamibot] [INFO]:[INFO] [fetchPendingTasks]: fetchPendingTasks raw[30]: {"code":0,"data":[],"total":0}
[2026-06-12 14:18:02] [hamibot] [INFO]:[INFO] [fetchPendingTasks]: fetchPendingTasks raw[30]: {"code":0,"data":[],"total":0}
[2026-06-12 14:18:17] [hamibot] [INFO]:[INFO] [fetchPendingTasks]: fetchPendingTasks raw[30]: {"code":0,"data":[],"total":0}
[2026-06-12 14:18:32] [hamibot] [INFO]:[INFO] [fetchPendingTasks]: fetchPendingTasks raw[30]: {"code":0,"data":[],"total":0}
[2026-06-12 14:18:47] [hamibot] [INFO]:[INFO] [fetchPendingTasks]: fetchPendingTasks raw[30]: {"code":0,"data":[],"total":0}
[2026-06-12 14:19:03] [hamibot] [INFO]:[INFO] [fetchPendingTasks]: fetchPendingTasks raw[30]: {"code":0,"data":[],"total":0}
[2026-06-12 14:19:18] [hamibot] [INFO]:[INFO] [fetchPendingTasks]: fetchPendingTasks raw[30]: {"code":0,"data":[],"total":0}
[2026-06-12 14:19:34] [hamibot] [INFO]:[INFO] [fetchPendingTasks]: fetchPendingTasks raw[30]: {"code":0,"data":[],"total":0}
[2026-06-12 14:19:49] [hamibot] [INFO]:[INFO] [fetchPendingTasks]: fetchPendingTasks raw[30]: {"code":0,"data":[],"total":0}
[2026-06-12 14:20:04] [hamibot] [INFO]:[INFO] [fetchPendingTasks]: fetchPendingTasks raw[30]: {"code":0,"data":[],"total":0}
[2026-06-12 14:20:20] [hamibot] [INFO]:[INFO] [fetchPendingTasks]: fetchPendingTasks raw[30]: {"code":0,"data":[],"total":0}
[2026-06-12 14:20:35] [hamibot] [INFO]:[INFO] [fetchPendingTasks]: fetchPendingTasks raw[30]: {"code":0,"data":[],"total":0}
[2026-06-12 14:20:50] [hamibot] [INFO]:[INFO] [fetchPendingTasks]: fetchPendingTasks raw[30]: {"code":0,"data":[],"total":0}
[2026-06-12 14:21:05] [hamibot] [INFO]:[INFO] [fetchPendingTasks]: fetchPendingTasks raw[30]: {"code":0,"data":[],"total":0}
[2026-06-12 14:21:20] [hamibot] [INFO]:[INFO] [fetchPendingTasks]: fetchPendingTasks raw[30]: {"code":0,"data":[],"total":0}
[2026-06-12 14:21:35] [hamibot] [INFO]:[INFO] [fetchPendingTasks]: fetchPendingTasks raw[30]: {"code":0,"data":[],"total":0}
[2026-06-12 14:21:51] [hamibot] [INFO]:[INFO] [fetchPendingTasks]: fetchPendingTasks raw[30]: {"code":0,"data":[],"total":0}
[2026-06-12 14:22:06] [hamibot] [INFO]:[INFO] [fetchPendingTasks]: fetchPendingTasks raw[30]: {"code":0,"data":[],"total":0}
[2026-06-12 14:22:21] [hamibot] [INFO]:[INFO] [fetchPendingTasks]: fetchPendingTasks raw[30]: {"code":0,"data":[],"total":0}
[2026-06-12 14:22:37] [hamibot] [INFO]:[INFO] [fetchPendingTasks]: fetchPendingTasks raw[30]: {"code":0,"data":[],"total":0}
[2026-06-12 14:22:52] [hamibot] [INFO]:[INFO] [fetchPendingTasks]: fetchPendingTasks raw[30]: {"code":0,"data":[],"total":0}
[2026-06-12 14:23:07] [hamibot] [INFO]:[INFO] [fetchPendingTasks]: fetchPendingTasks raw[30]: {"code":0,"data":[],"total":0}
[2026-06-12 14:23:22] [hamibot] [INFO]:[INFO] [fetchPendingTasks]: fetchPendingTasks raw[30]: {"code":0,"data":[],"total":0}
[2026-06-12 14:23:37] [hamibot] [INFO]:[INFO] [fetchPendingTasks]: fetchPendingTasks raw[30]: {"code":0,"data":[],"total":0}
[2026-06-12 14:23:53] [hamibot] [INFO]:[INFO] [fetchPendingTasks]: fetchPendingTasks raw[30]: {"code":0,"data":[],"total":0}
[2026-06-12 14:24:08] [hamibot] [INFO]:[INFO] [fetchPendingTasks]: fetchPendingTasks raw[30]: {"code":0,"data":[],"total":0}
[2026-06-12 14:24:23] [hamibot] [INFO]:[INFO] [fetchPendingTasks]: fetchPendingTasks raw[30]: {"code":0,"data":[],"total":0}
[2026-06-12 14:24:38] [hamibot] [INFO]:[INFO] [fetchPendingTasks]: fetchPendingTasks raw[30]: {"code":0,"data":[],"total":0}
[2026-06-12 14:24:53] [hamibot] [INFO]:[INFO] [fetchPendingTasks]: fetchPendingTasks raw[30]: {"code":0,"data":[],"total":0}
[2026-06-12 14:25:09] [hamibot] [INFO]:[INFO] [fetchPendingTasks]: fetchPendingTasks raw[30]: {"code":0,"data":[],"total":0}
[2026-06-12 14:25:24] [hamibot] [INFO]:[INFO] [fetchPendingTasks]: fetchPendingTasks raw[30]: {"code":0,"data":[],"total":0}
[2026-06-12 14:25:40] [hamibot] [INFO]:[INFO] [fetchPendingTasks]: fetchPendingTasks raw[30]: {"code":0,"data":[],"total":0}
[2026-06-12 14:25:55] [hamibot] [INFO]:[INFO] [fetchPendingTasks]: fetchPendingTasks raw[30]: {"code":0,"data":[],"total":0}
[2026-06-12 14:26:11] [hamibot] [INFO]:[INFO] [fetchPendingTasks]: fetchPendingTasks raw[30]: {"code":0,"data":[],"total":0}
[2026-06-12 14:26:26] [hamibot] [INFO]:[INFO] [fetchPendingTasks]: fetchPendingTasks raw[30]: {"code":0,"data":[],"total":0}
[2026-06-12 14:26:41] [hamibot] [INFO]:[INFO] [fetchPendingTasks]: fetchPendingTasks raw[30]: {"code":0,"data":[],"total":0}
[2026-06-12 14:26:56] [hamibot] [INFO]:[INFO] [fetchPendingTasks]: fetchPendingTasks raw[30]: {"code":0,"data":[],"total":0}
[2026-06-12 14:27:12] [hamibot] [INFO]:[INFO] [fetchPendingTasks]: fetchPendingTasks raw[30]: {"code":0,"data":[],"total":0}
[2026-06-12 14:27:27] [hamibot] [INFO]:[INFO] [fetchPendingTasks]: fetchPendingTasks raw[30]: {"code":0,"data":[],"total":0}
[2026-06-12 14:27:42] [hamibot] [INFO]:[INFO] [fetchPendingTasks]: fetchPendingTasks raw[30]: {"code":0,"data":[],"total":0}
[2026-06-12 14:27:57] [hamibot] [INFO]:[INFO] [fetchPendingTasks]: fetchPendingTasks raw[30]: {"code":0,"data":[],"total":0}
[2026-06-12 14:28:12] [hamibot] [INFO]:[INFO] [fetchPendingTasks]: fetchPendingTasks raw[30]: {"code":0,"data":[],"total":0}
[2026-06-12 14:28:29] [hamibot] [INFO]:[INFO] [fetchPendingTasks]: fetchPendingTasks raw[30]: {"code":0,"data":[],"total":0}
[2026-06-12 14:28:44] [hamibot] [INFO]:[INFO] [fetchPendingTasks]: fetchPendingTasks raw[30]: {"code":0,"data":[],"total":0}
[2026-06-12 14:28:59] [hamibot] [INFO]:[INFO] [fetchPendingTasks]: fetchPendingTasks raw[30]: {"code":0,"data":[],"total":0}
[2026-06-12 14:29:15] [hamibot] [INFO]:[INFO] [fetchPendingTasks]: fetchPendingTasks raw[30]: {"code":0,"data":[],"total":0}
[2026-06-12 14:29:30] [hamibot] [INFO]:[INFO] [fetchPendingTasks]: fetchPendingTasks raw[30]: {"code":0,"data":[],"total":0}
[2026-06-12 14:29:46] [hamibot] [INFO]:[INFO] [fetchPendingTasks]: fetchPendingTasks raw[30]: {"code":0,"data":[],"total":0}
[2026-06-12 14:30:01] [hamibot] [INFO]:[INFO] [fetchPendingTasks]: fetchPendingTasks raw[30]: {"code":0,"data":[],"total":0}
[2026-06-12 14:30:17] [hamibot] [INFO]:[INFO] [fetchPendingTasks]: fetchPendingTasks raw[30]: {"code":0,"data":[],"total":0}
[2026-06-12 14:30:35] [hamibot] [INFO]:[INFO] [fetchPendingTasks]: fetchPendingTasks raw[30]: {"code":0,"data":[],"total":0}
[2026-06-12 14:30:50] [hamibot] [INFO]:[INFO] [fetchPendingTasks]: fetchPendingTasks raw[30]: {"code":0,"data":[],"total":0}
[2026-06-12 14:31:06] [hamibot] [INFO]:[INFO] [fetchPendingTasks]: fetchPendingTasks raw[30]: {"code":0,"data":[],"total":0}
[2026-06-12 14:31:21] [hamibot] [INFO]:[INFO] [fetchPendingTasks]: fetchPendingTasks raw[30]: {"code":0,"data":[],"total":0}
[2026-06-12 14:31:37] [hamibot] [INFO]:[INFO] [fetchPendingTasks]: fetchPendingTasks raw[30]: {"code":0,"data":[],"total":0}
[2026-06-12 14:31:54] [hamibot] [INFO]:[INFO] [fetchPendingTasks]: fetchPendingTasks raw[30]: {"code":0,"data":[],"total":0}
[2026-06-12 14:32:10] [hamibot] [INFO]:[INFO] [fetchPendingTasks]: fetchPendingTasks raw[30]: {"code":0,"data":[],"total":0}
[2026-06-12 14:32:26] [hamibot] [INFO]:[INFO] [fetchPendingTasks]: fetchPendingTasks raw[30]: {"code":0,"data":[],"total":0}
[2026-06-12 14:32:45] [hamibot] [INFO]:[INFO] [fetchPendingTasks]: fetchPendingTasks raw[30]: {"code":0,"data":[],"total":0}
[2026-06-12 14:33:00] [hamibot] [INFO]:[INFO] [fetchPendingTasks]: fetchPendingTasks raw[30]: {"code":0,"data":[],"total":0}
[2026-06-12 14:33:16] [hamibot] [INFO]:[INFO] [fetchPendingTasks]: fetchPendingTasks raw[30]: {"code":0,"data":[],"total":0}
[2026-06-12 14:33:32] [hamibot] [INFO]:[INFO] [fetchPendingTasks]: fetchPendingTasks raw[30]: {"code":0,"data":[],"total":0}
[2026-06-12 14:33:48] [hamibot] [INFO]:[INFO] [fetchPendingTasks]: fetchPendingTasks raw[30]: {"code":0,"data":[],"total":0}
[2026-06-12 14:34:03] [hamibot] [INFO]:[INFO] [fetchPendingTasks]: fetchPendingTasks raw[30]: {"code":0,"data":[],"total":0}
[2026-06-12 14:34:18] [hamibot] [INFO]:[INFO] [fetchPendingTasks]: fetchPendingTasks raw[30]: {"code":0,"data":[],"total":0}
[2026-06-12 14:34:33] [hamibot] [INFO]:[INFO] [fetchPendingTasks]: fetchPendingTasks raw[30]: {"code":0,"data":[],"total":0}
[2026-06-12 14:34:49] [hamibot] [INFO]:[INFO] [fetchPendingTasks]: fetchPendingTasks raw[30]: {"code":0,"data":[],"total":0}
[2026-06-12 14:35:04] [hamibot] [INFO]:[INFO] [fetchPendingTasks]: fetchPendingTasks raw[30]: {"code":0,"data":[],"total":0}
[2026-06-12 14:35:19] [hamibot] [INFO]:[INFO] [fetchPendingTasks]: fetchPendingTasks raw[30]: {"code":0,"data":[],"total":0}
[2026-06-12 14:35:34] [hamibot] [INFO]:[INFO] [fetchPendingTasks]: fetchPendingTasks raw[30]: {"code":0,"data":[],"total":0}
[2026-06-12 14:35:49] [hamibot] [INFO]:[INFO] [fetchPendingTasks]: fetchPendingTasks raw[30]: {"code":0,"data":[],"total":0}
[2026-06-12 14:36:04] [hamibot] [INFO]:[INFO] [fetchPendingTasks]: fetchPendingTasks raw[30]: {"code":0,"data":[],"total":0}
[2026-06-12 14:36:20] [hamibot] [INFO]:[INFO] [fetchPendingTasks]: fetchPendingTasks raw[30]: {"code":0,"data":[],"total":0}
[2026-06-12 14:36:35] [hamibot] [INFO]:[INFO] [fetchPendingTasks]: fetchPendingTasks raw[30]: {"code":0,"data":[],"total":0}
[2026-06-12 14:36:50] [hamibot] [INFO]:[INFO] [fetchPendingTasks]: fetchPendingTasks raw[30]: {"code":0,"data":[],"total":0}
[2026-06-12 14:37:07] [hamibot] [INFO]:[INFO] [fetchPendingTasks]: fetchPendingTasks raw[30]: {"code":0,"data":[],"total":0}
[2026-06-12 14:37:22] [hamibot] [INFO]:[INFO] [fetchPendingTasks]: fetchPendingTasks raw[30]: {"code":0,"data":[],"total":0}
[2026-06-12 14:37:37] [hamibot] [INFO]:[INFO] [fetchPendingTasks]: fetchPendingTasks raw[30]: {"code":0,"data":[],"total":0}
[2026-06-12 14:37:53] [hamibot] [INFO]:[INFO] [fetchPendingTasks]: fetchPendingTasks raw[30]: {"code":0,"data":[],"total":0}
[2026-06-12 14:38:08] [hamibot] [INFO]:[INFO] [fetchPendingTasks]: fetchPendingTasks raw[30]: {"code":0,"data":[],"total":0}
[2026-06-12 14:38:23] [hamibot] [INFO]:[INFO] [fetchPendingTasks]: fetchPendingTasks raw[30]: {"code":0,"data":[],"total":0}
[2026-06-12 14:38:38] [hamibot] [INFO]:[INFO] [fetchPendingTasks]: fetchPendingTasks raw[30]: {"code":0,"data":[],"total":0}
[2026-06-12 14:38:54] [hamibot] [INFO]:[INFO] [fetchPendingTasks]: fetchPendingTasks raw[30]: {"code":0,"data":[],"total":0}
[2026-06-12 14:39:09] [hamibot] [INFO]:[INFO] [fetchPendingTasks]: fetchPendingTasks raw[30]: {"code":0,"data":[],"total":0}
[2026-06-12 14:39:24] [hamibot] [INFO]:[INFO] [fetchPendingTasks]: fetchPendingTasks raw[30]: {"code":0,"data":[],"total":0}
[2026-06-12 14:39:39] [hamibot] [INFO]:[INFO] [fetchPendingTasks]: fetchPendingTasks raw[30]: {"code":0,"data":[],"total":0}
[2026-06-12 14:39:54] [hamibot] [INFO]:[INFO] [fetchPendingTasks]: fetchPendingTasks raw[30]: {"code":0,"data":[],"total":0}
[2026-06-12 14:40:09] [hamibot] [INFO]:[INFO] [fetchPendingTasks]: fetchPendingTasks raw[30]: {"code":0,"data":[],"total":0}
[2026-06-12 14:40:24] [hamibot] [INFO]:[INFO] [fetchPendingTasks]: fetchPendingTasks raw[30]: {"code":0,"data":[],"total":0}
[2026-06-12 14:40:40] [hamibot] [INFO]:[INFO] [fetchPendingTasks]: fetchPendingTasks raw[30]: {"code":0,"data":[],"total":0}
[2026-06-12 14:40:55] [hamibot] [INFO]:[INFO] [fetchPendingTasks]: fetchPendingTasks raw[30]: {"code":0,"data":[],"total":0}
[2026-06-12 14:41:10] [hamibot] [INFO]:[INFO] [fetchPendingTasks]: fetchPendingTasks raw[30]: {"code":0,"data":[],"total":0}
[2026-06-12 14:41:26] [hamibot] [INFO]:[INFO] [fetchPendingTasks]: fetchPendingTasks raw[30]: {"code":0,"data":[],"total":0}
[2026-06-12 14:41:41] [hamibot] [INFO]:[INFO] [fetchPendingTasks]: fetchPendingTasks raw[30]: {"code":0,"data":[],"total":0}
[2026-06-12 14:41:56] [hamibot] [INFO]:[INFO] [fetchPendingTasks]: fetchPendingTasks raw[30]: {"code":0,"data":[],"total":0}
[2026-06-12 14:42:11] [hamibot] [INFO]:[INFO] [fetchPendingTasks]: fetchPendingTasks raw[30]: {"code":0,"data":[],"total":0}
[2026-06-12 14:42:26] [hamibot] [INFO]:[INFO] [fetchPendingTasks]: fetchPendingTasks raw[30]: {"code":0,"data":[],"total":0}
[2026-06-12 14:42:42] [hamibot] [INFO]:[INFO] [fetchPendingTasks]: fetchPendingTasks raw[30]: {"code":0,"data":[],"total":0}
[2026-06-12 14:42:57] [hamibot] [INFO]:[INFO] [fetchPendingTasks]: fetchPendingTasks raw[30]: {"code":0,"data":[],"total":0}
[2026-06-12 14:43:12] [hamibot] [INFO]:[INFO] [fetchPendingTasks]: fetchPendingTasks raw[30]: {"code":0,"data":[],"total":0}
[2026-06-12 14:43:27] [hamibot] [INFO]:[INFO] [fetchPendingTasks]: fetchPendingTasks raw[30]: {"code":0,"data":[],"total":0}
[2026-06-12 14:43:43] [hamibot] [INFO]:[INFO] [fetchPendingTasks]: fetchPendingTasks raw[30]: {"code":0,"data":[],"total":0}
[2026-06-12 14:43:58] [hamibot] [INFO]:[INFO] [fetchPendingTasks]: fetchPendingTasks raw[30]: {"code":0,"data":[],"total":0}
[2026-06-12 14:44:18] [hamibot] [INFO]:[INFO] [fetchPendingTasks]: fetchPendingTasks raw[30]: {"code":0,"data":[],"total":0}
[2026-06-12 14:44:54] [hamibot] [INFO]:[INFO] [fetchPendingTasks]: fetchPendingTasks raw[30]: {"code":0,"data":[],"total":0}
[2026-06-12 14:45:09] [hamibot] [INFO]:[INFO] [fetchPendingTasks]: fetchPendingTasks raw[30]: {"code":0,"data":[],"total":0}
[2026-06-12 14:45:25] [hamibot] [INFO]:[INFO] [fetchPendingTasks]: fetchPendingTasks raw[30]: {"code":0,"data":[],"total":0}
[2026-06-12 14:45:40] [hamibot] [INFO]:[INFO] [fetchPendingTasks]: fetchPendingTasks raw[30]: {"code":0,"data":[],"total":0}
[2026-06-12 14:45:55] [hamibot] [INFO]:[INFO] [fetchPendingTasks]: fetchPendingTasks raw[30]: {"code":0,"data":[],"total":0}
[2026-06-12 14:46:10] [hamibot] [INFO]:[INFO] [fetchPendingTasks]: fetchPendingTasks raw[30]: {"code":0,"data":[],"total":0}
[2026-06-12 14:46:25] [hamibot] [INFO]:[INFO] [fetchPendingTasks]: fetchPendingTasks raw[30]: {"code":0,"data":[],"total":0}
[2026-06-12 14:46:40] [hamibot] [INFO]:[INFO] [fetchPendingTasks]: fetchPendingTasks raw[30]: {"code":0,"data":[],"total":0}
[2026-06-12 14:46:56] [hamibot] [INFO]:[INFO] [fetchPendingTasks]: fetchPendingTasks raw[30]: {"code":0,"data":[],"total":0}
[2026-06-12 14:47:11] [hamibot] [INFO]:[INFO] [fetchPendingTasks]: fetchPendingTasks raw[30]: {"code":0,"data":[],"total":0}
[2026-06-12 14:47:26] [hamibot] [INFO]:[INFO] [fetchPendingTasks]: fetchPendingTasks raw[30]: {"code":0,"data":[],"total":0}
[2026-06-12 14:47:41] [hamibot] [INFO]:[INFO] [fetchPendingTasks]: fetchPendingTasks raw[30]: {"code":0,"data":[],"total":0}
[2026-06-12 14:47:56] [hamibot] [INFO]:[INFO] [fetchPendingTasks]: fetchPendingTasks raw[30]: {"code":0,"data":[],"total":0}
[2026-06-12 14:48:11] [hamibot] [INFO]:[INFO] [fetchPendingTasks]: fetchPendingTasks raw[30]: {"code":0,"data":[],"total":0}
[2026-06-12 14:48:27] [hamibot] [INFO]:[INFO] [fetchPendingTasks]: fetchPendingTasks raw[30]: {"code":0,"data":[],"total":0}
[2026-06-12 14:48:42] [hamibot] [INFO]:[INFO] [fetchPendingTasks]: fetchPendingTasks raw[30]: {"code":0,"data":[],"total":0}
[2026-06-12 14:48:57] [hamibot] [INFO]:[INFO] [fetchPendingTasks]: fetchPendingTasks raw[30]: {"code":0,"data":[],"total":0}
[2026-06-12 14:49:12] [hamibot] [INFO]:[INFO] [fetchPendingTasks]: fetchPendingTasks raw[30]: {"code":0,"data":[],"total":0}
[2026-06-12 14:49:28] [hamibot] [INFO]:[INFO] [fetchPendingTasks]: fetchPendingTasks raw[30]: {"code":0,"data":[],"total":0}
[2026-06-12 14:49:43] [hamibot] [INFO]:[INFO] [fetchPendingTasks]: fetchPendingTasks raw[30]: {"code":0,"data":[],"total":0}
[2026-06-12 14:49:58] [hamibot] [INFO]:[INFO] [fetchPendingTasks]: fetchPendingTasks raw[30]: {"code":0,"data":[],"total":0}
[2026-06-12 14:50:14] [hamibot] [INFO]:[INFO] [fetchPendingTasks]: fetchPendingTasks raw[30]: {"code":0,"data":[],"total":0}
[2026-06-12 14:50:29] [hamibot] [INFO]:[INFO] [fetchPendingTasks]: fetchPendingTasks raw[30]: {"code":0,"data":[],"total":0}
[2026-06-12 14:50:44] [hamibot] [INFO]:[INFO] [fetchPendingTasks]: fetchPendingTasks raw[30]: {"code":0,"data":[],"total":0}
[2026-06-12 14:50:59] [hamibot] [INFO]:[INFO] [fetchPendingTasks]: fetchPendingTasks raw[30]: {"code":0,"data":[],"total":0}
[2026-06-12 14:51:15] [hamibot] [INFO]:[INFO] [fetchPendingTasks]: fetchPendingTasks raw[30]: {"code":0,"data":[],"total":0}
[2026-06-12 14:51:31] [hamibot] [INFO]:[INFO] [fetchPendingTasks]: fetchPendingTasks raw[30]: {"code":0,"data":[],"total":0}
[2026-06-12 14:51:47] [hamibot] [INFO]:[INFO] [fetchPendingTasks]: fetchPendingTasks raw[30]: {"code":0,"data":[],"total":0}
[2026-06-12 14:52:03] [hamibot] [INFO]:[INFO] [fetchPendingTasks]: fetchPendingTasks raw[30]: {"code":0,"data":[],"total":0}
[2026-06-12 14:52:18] [hamibot] [INFO]:[INFO] [fetchPendingTasks]: fetchPendingTasks raw[30]: {"code":0,"data":[],"total":0}
[2026-06-12 14:52:34] [hamibot] [INFO]:[INFO] [fetchPendingTasks]: fetchPendingTasks raw[30]: {"code":0,"data":[],"total":0}
[2026-06-12 14:52:49] [hamibot] [INFO]:[INFO] [fetchPendingTasks]: fetchPendingTasks raw[30]: {"code":0,"data":[],"total":0}
[2026-06-12 14:53:06] [hamibot] [INFO]:[INFO] [fetchPendingTasks]: fetchPendingTasks raw[30]: {"code":0,"data":[],"total":0}
[2026-06-12 14:53:21] [hamibot] [INFO]:[INFO] [fetchPendingTasks]: fetchPendingTasks raw[30]: {"code":0,"data":[],"total":0}
[2026-06-12 14:53:37] [hamibot] [INFO]:[INFO] [fetchPendingTasks]: fetchPendingTasks raw[30]: {"code":0,"data":[],"total":0}
[2026-06-12 14:53:54] [hamibot] [INFO]:[INFO] [fetchPendingTasks]: fetchPendingTasks raw[30]: {"code":0,"data":[],"total":0}
[2026-06-12 14:54:09] [hamibot] [INFO]:[INFO] [fetchPendingTasks]: fetchPendingTasks raw[30]: {"code":0,"data":[],"total":0}
[2026-06-12 14:54:25] [hamibot] [INFO]:[INFO] [fetchPendingTasks]: fetchPendingTasks raw[30]: {"code":0,"data":[],"total":0}
[2026-06-12 14:54:40] [hamibot] [INFO]:[INFO] [fetchPendingTasks]: fetchPendingTasks raw[30]: {"code":0,"data":[],"total":0}
[2026-06-12 14:54:55] [hamibot] [INFO]:[INFO] [fetchPendingTasks]: fetchPendingTasks raw[30]: {"code":0,"data":[],"total":0}
[2026-06-12 14:55:11] [hamibot] [INFO]:[INFO] [fetchPendingTasks]: fetchPendingTasks raw[30]: {"code":0,"data":[],"total":0}
[2026-06-12 14:55:27] [hamibot] [INFO]:[INFO] [fetchPendingTasks]: fetchPendingTasks raw[30]: {"code":0,"data":[],"total":0}
[2026-06-12 14:55:43] [hamibot] [INFO]:[INFO] [fetchPendingTasks]: fetchPendingTasks raw[30]: {"code":0,"data":[],"total":0}
[2026-06-12 14:55:59] [hamibot] [INFO]:[INFO] [fetchPendingTasks]: fetchPendingTasks raw[30]: {"code":0,"data":[],"total":0}
[2026-06-12 14:56:17] [hamibot] [INFO]:[INFO] [fetchPendingTasks]: fetchPendingTasks raw[30]: {"code":0,"data":[],"total":0}
[2026-06-12 14:56:34] [hamibot] [INFO]:[INFO] [fetchPendingTasks]: fetchPendingTasks raw[30]: {"code":0,"data":[],"total":0}
[2026-06-12 14:56:52] [hamibot] [INFO]:[INFO] [fetchPendingTasks]: fetchPendingTasks raw[30]: {"code":0,"data":[],"total":0}
[2026-06-12 14:57:07] [hamibot] [INFO]:[INFO] [fetchPendingTasks]: fetchPendingTasks raw[30]: {"code":0,"data":[],"total":0}
[2026-06-12 14:57:23] [hamibot] [INFO]:[INFO] [fetchPendingTasks]: fetchPendingTasks raw[30]: {"code":0,"data":[],"total":0}
[2026-06-12 14:57:39] [hamibot] [INFO]:[INFO] [fetchPendingTasks]: fetchPendingTasks raw[30]: {"code":0,"data":[],"total":0}
[2026-06-12 14:57:55] [hamibot] [INFO]:[INFO] [fetchPendingTasks]: fetchPendingTasks raw[30]: {"code":0,"data":[],"total":0}
[2026-06-12 14:58:11] [hamibot] [INFO]:[INFO] [fetchPendingTasks]: fetchPendingTasks raw[30]: {"code":0,"data":[],"total":0}
[2026-06-12 14:58:27] [hamibot] [INFO]:[INFO] [fetchPendingTasks]: fetchPendingTasks raw[30]: {"code":0,"data":[],"total":0}
[2026-06-12 14:58:42] [hamibot] [INFO]:[INFO] [fetchPendingTasks]: fetchPendingTasks raw[30]: {"code":0,"data":[],"total":0}
[2026-06-12 14:59:00] [hamibot] [INFO]:[INFO] [fetchPendingTasks]: fetchPendingTasks raw[30]: {"code":0,"data":[],"total":0}
[2026-06-12 14:59:15] [hamibot] [INFO]:[INFO] [fetchPendingTasks]: fetchPendingTasks raw[30]: {"code":0,"data":[],"total":0}
[2026-06-12 14:59:35] [hamibot] [INFO]:[INFO] [fetchPendingTasks]: fetchPendingTasks raw[30]: {"code":0,"data":[],"total":0}
[2026-06-12 14:59:52] [hamibot] [INFO]:[INFO] [fetchPendingTasks]: fetchPendingTasks raw[30]: {"code":0,"data":[],"total":0}
[2026-06-12 15:00:08] [hamibot] [INFO]:[INFO] [fetchPendingTasks]: fetchPendingTasks raw[30]: {"code":0,"data":[],"total":0}
[2026-06-12 15:00:25] [hamibot] [INFO]:[INFO] [fetchPendingTasks]: fetchPendingTasks raw[30]: {"code":0,"data":[],"total":0}
[2026-06-12 15:00:40] [hamibot] [INFO]:[INFO] [fetchPendingTasks]: fetchPendingTasks raw[30]: {"code":0,"data":[],"total":0}
[2026-06-12 15:00:57] [hamibot] [INFO]:[INFO] [fetchPendingTasks]: fetchPendingTasks raw[30]: {"code":0,"data":[],"total":0}
[2026-06-12 15:01:12] [hamibot] [INFO]:[INFO] [fetchPendingTasks]: fetchPendingTasks raw[30]: {"code":0,"data":[],"total":0}
[2026-06-12 15:01:28] [hamibot] [INFO]:[INFO] [fetchPendingTasks]: fetchPendingTasks raw[30]: {"code":0,"data":[],"total":0}
[2026-06-12 15:01:43] [hamibot] [INFO]:[INFO] [fetchPendingTasks]: fetchPendingTasks raw[30]: {"code":0,"data":[],"total":0}
[2026-06-12 15:01:58] [hamibot] [INFO]:[INFO] [fetchPendingTasks]: fetchPendingTasks raw[30]: {"code":0,"data":[],"total":0}
[2026-06-12 15:02:13] [hamibot] [INFO]:[INFO] [fetchPendingTasks]: fetchPendingTasks raw[30]: {"code":0,"data":[],"total":0}
[2026-06-12 15:02:28] [hamibot] [INFO]:[INFO] [fetchPendingTasks]: fetchPendingTasks raw[30]: {"code":0,"data":[],"total":0}
[2026-06-12 15:02:43] [hamibot] [INFO]:[INFO] [fetchPendingTasks]: fetchPendingTasks raw[30]: {"code":0,"data":[],"total":0}
[2026-06-12 15:02:58] [hamibot] [INFO]:[INFO] [fetchPendingTasks]: fetchPendingTasks raw[30]: {"code":0,"data":[],"total":0}
[2026-06-12 15:03:13] [hamibot] [INFO]:[INFO] [fetchPendingTasks]: fetchPendingTasks raw[30]: {"code":0,"data":[],"total":0}
[2026-06-12 15:03:29] [hamibot] [INFO]:[INFO] [fetchPendingTasks]: fetchPendingTasks raw[30]: {"code":0,"data":[],"total":0}
[2026-06-12 15:03:44] [hamibot] [INFO]:[INFO] [fetchPendingTasks]: fetchPendingTasks raw[30]: {"code":0,"data":[],"total":0}
[2026-06-12 15:03:59] [hamibot] [INFO]:[INFO] [fetchPendingTasks]: fetchPendingTasks raw[30]: {"code":0,"data":[],"total":0}
[2026-06-12 15:04:15] [hamibot] [INFO]:[INFO] [fetchPendingTasks]: fetchPendingTasks raw[30]: {"code":0,"data":[],"total":0}
[2026-06-12 15:04:30] [hamibot] [INFO]:[INFO] [fetchPendingTasks]: fetchPendingTasks raw[30]: {"code":0,"data":[],"total":0}
[2026-06-12 15:04:45] [hamibot] [INFO]:[INFO] [fetchPendingTasks]: fetchPendingTasks raw[30]: {"code":0,"data":[],"total":0}
[2026-06-12 15:05:00] [hamibot] [INFO]:[INFO] [fetchPendingTasks]: fetchPendingTasks raw[30]: {"code":0,"data":[],"total":0}
[2026-06-12 15:05:15] [hamibot] [INFO]:[INFO] [fetchPendingTasks]: fetchPendingTasks raw[30]: {"code":0,"data":[],"total":0}
[2026-06-12 15:05:30] [hamibot] [INFO]:[INFO] [fetchPendingTasks]: fetchPendingTasks raw[30]: {"code":0,"data":[],"total":0}
[2026-06-12 15:05:45] [hamibot] [INFO]:[INFO] [fetchPendingTasks]: fetchPendingTasks raw[30]: {"code":0,"data":[],"total":0}
[2026-06-12 15:06:01] [hamibot] [INFO]:[INFO] [fetchPendingTasks]: fetchPendingTasks raw[30]: {"code":0,"data":[],"total":0}
[2026-06-12 15:06:16] [hamibot] [INFO]:[INFO] [fetchPendingTasks]: fetchPendingTasks raw[30]: {"code":0,"data":[],"total":0}
[2026-06-12 15:06:31] [hamibot] [INFO]:[INFO] [fetchPendingTasks]: fetchPendingTasks raw[30]: {"code":0,"data":[],"total":0}
[2026-06-12 15:06:46] [hamibot] [INFO]:[INFO] [fetchPendingTasks]: fetchPendingTasks raw[30]: {"code":0,"data":[],"total":0}
[2026-06-12 15:07:01] [hamibot] [INFO]:[INFO] [fetchPendingTasks]: fetchPendingTasks raw[30]: {"code":0,"data":[],"total":0}
[2026-06-12 15:07:17] [hamibot] [INFO]:[INFO] [fetchPendingTasks]: fetchPendingTasks raw[30]: {"code":0,"data":[],"total":0}
[2026-06-12 15:07:32] [hamibot] [INFO]:[INFO] [fetchPendingTasks]: fetchPendingTasks raw[30]: {"code":0,"data":[],"total":0}
[2026-06-12 15:07:47] [hamibot] [INFO]:[INFO] [fetchPendingTasks]: fetchPendingTasks raw[30]: {"code":0,"data":[],"total":0}
[2026-06-12 15:08:02] [hamibot] [INFO]:[INFO] [fetchPendingTasks]: fetchPendingTasks raw[30]: {"code":0,"data":[],"total":0}
[2026-06-12 15:08:17] [hamibot] [INFO]:[INFO] [fetchPendingTasks]: fetchPendingTasks raw[30]: {"code":0,"data":[],"total":0}
[2026-06-12 15:08:33] [hamibot] [INFO]:[INFO] [fetchPendingTasks]: fetchPendingTasks raw[30]: {"code":0,"data":[],"total":0}
[2026-06-12 15:08:48] [hamibot] [INFO]:[INFO] [fetchPendingTasks]: fetchPendingTasks raw[30]: {"code":0,"data":[],"total":0}
[2026-06-12 15:09:03] [hamibot] [INFO]:[INFO] [fetchPendingTasks]: fetchPendingTasks raw[30]: {"code":0,"data":[],"total":0}
[2026-06-12 15:09:18] [hamibot] [INFO]:[INFO] [fetchPendingTasks]: fetchPendingTasks raw[30]: {"code":0,"data":[],"total":0}
[2026-06-12 15:09:33] [hamibot] [INFO]:[INFO] [fetchPendingTasks]: fetchPendingTasks raw[30]: {"code":0,"data":[],"total":0}
[2026-06-12 15:09:48] [hamibot] [INFO]:[INFO] [fetchPendingTasks]: fetchPendingTasks raw[30]: {"code":0,"data":[],"total":0}
[2026-06-12 15:10:03] [hamibot] [INFO]:[INFO] [fetchPendingTasks]: fetchPendingTasks raw[30]: {"code":0,"data":[],"total":0}
[2026-06-12 15:10:19] [hamibot] [INFO]:[INFO] [fetchPendingTasks]: fetchPendingTasks raw[30]: {"code":0,"data":[],"total":0}
[2026-06-12 15:10:34] [hamibot] [INFO]:[INFO] [fetchPendingTasks]: fetchPendingTasks raw[30]: {"code":0,"data":[],"total":0}
[2026-06-12 15:10:49] [hamibot] [INFO]:[INFO] [fetchPendingTasks]: fetchPendingTasks raw[30]: {"code":0,"data":[],"total":0}
[2026-06-12 15:11:04] [hamibot] [INFO]:[INFO] [fetchPendingTasks]: fetchPendingTasks raw[30]: {"code":0,"data":[],"total":0}
[2026-06-12 15:11:19] [hamibot] [INFO]:[INFO] [fetchPendingTasks]: fetchPendingTasks raw[30]: {"code":0,"data":[],"total":0}
[2026-06-12 15:11:34] [hamibot] [INFO]:[INFO] [fetchPendingTasks]: fetchPendingTasks raw[30]: {"code":0,"data":[],"total":0}
[2026-06-12 15:11:49] [hamibot] [INFO]:[INFO] [fetchPendingTasks]: fetchPendingTasks raw[30]: {"code":0,"data":[],"total":0}
[2026-06-12 15:12:04] [hamibot] [INFO]:[INFO] [fetchPendingTasks]: fetchPendingTasks raw[30]: {"code":0,"data":[],"total":0}
[2026-06-12 15:12:19] [hamibot] [INFO]:[INFO] [fetchPendingTasks]: fetchPendingTasks raw[30]: {"code":0,"data":[],"total":0}
[2026-06-12 15:12:34] [hamibot] [INFO]:[INFO] [fetchPendingTasks]: fetchPendingTasks raw[30]: {"code":0,"data":[],"total":0}
[2026-06-12 15:12:49] [hamibot] [INFO]:[INFO] [fetchPendingTasks]: fetchPendingTasks raw[30]: {"code":0,"data":[],"total":0}
[2026-06-12 15:13:05] [hamibot] [INFO]:[INFO] [fetchPendingTasks]: fetchPendingTasks raw[30]: {"code":0,"data":[],"total":0}
[2026-06-12 15:13:20] [hamibot] [INFO]:[INFO] [fetchPendingTasks]: fetchPendingTasks raw[30]: {"code":0,"data":[],"total":0}
[2026-06-12 15:13:35] [hamibot] [INFO]:[INFO] [fetchPendingTasks]: fetchPendingTasks raw[30]: {"code":0,"data":[],"total":0}
[2026-06-12 15:13:50] [hamibot] [INFO]:[INFO] [fetchPendingTasks]: fetchPendingTasks raw[30]: {"code":0,"data":[],"total":0}
[2026-06-12 15:14:06] [hamibot] [INFO]:[INFO] [fetchPendingTasks]: fetchPendingTasks raw[30]: {"code":0,"data":[],"total":0}
[2026-06-12 15:14:21] [hamibot] [INFO]:[INFO] [fetchPendingTasks]: fetchPendingTasks raw[30]: {"code":0,"data":[],"total":0}
[2026-06-12 15:14:36] [hamibot] [INFO]:[INFO] [fetchPendingTasks]: fetchPendingTasks raw[30]: {"code":0,"data":[],"total":0}
[2026-06-12 15:14:51] [hamibot] [INFO]:[INFO] [fetchPendingTasks]: fetchPendingTasks raw[30]: {"code":0,"data":[],"total":0}
[2026-06-12 15:15:06] [hamibot] [INFO]:[INFO] [fetchPendingTasks]: fetchPendingTasks raw[30]: {"code":0,"data":[],"total":0}
[2026-06-12 15:15:21] [hamibot] [INFO]:[INFO] [fetchPendingTasks]: fetchPendingTasks raw[30]: {"code":0,"data":[],"total":0}
[2026-06-12 15:15:37] [hamibot] [INFO]:[INFO] [fetchPendingTasks]: fetchPendingTasks raw[30]: {"code":0,"data":[],"total":0}
[2026-06-12 15:15:52] [hamibot] [INFO]:[INFO] [fetchPendingTasks]: fetchPendingTasks raw[30]: {"code":0,"data":[],"total":0}
[2026-06-12 15:16:07] [hamibot] [INFO]:[INFO] [fetchPendingTasks]: fetchPendingTasks raw[30]: {"code":0,"data":[],"total":0}
[2026-06-12 15:16:22] [hamibot] [INFO]:[INFO] [fetchPendingTasks]: fetchPendingTasks raw[30]: {"code":0,"data":[],"total":0}
[2026-06-12 15:16:38] [hamibot] [INFO]:[INFO] [fetchPendingTasks]: fetchPendingTasks raw[30]: {"code":0,"data":[],"total":0}
[2026-06-12 15:16:53] [hamibot] [INFO]:[INFO] [fetchPendingTasks]: fetchPendingTasks raw[30]: {"code":0,"data":[],"total":0}
[2026-06-12 15:17:08] [hamibot] [INFO]:[INFO] [fetchPendingTasks]: fetchPendingTasks raw[30]: {"code":0,"data":[],"total":0}
[2026-06-12 15:17:23] [hamibot] [INFO]:[INFO] [fetchPendingTasks]: fetchPendingTasks raw[30]: {"code":0,"data":[],"total":0}
[2026-06-12 15:17:39] [hamibot] [INFO]:[INFO] [fetchPendingTasks]: fetchPendingTasks raw[30]: {"code":0,"data":[],"total":0}
[2026-06-12 15:17:54] [hamibot] [INFO]:[INFO] [fetchPendingTasks]: fetchPendingTasks raw[30]: {"code":0,"data":[],"total":0}
[2026-06-12 15:18:10] [hamibot] [INFO]:[INFO] [fetchPendingTasks]: fetchPendingTasks raw[30]: {"code":0,"data":[],"total":0}
[2026-06-12 15:18:25] [hamibot] [INFO]:[INFO] [fetchPendingTasks]: fetchPendingTasks raw[30]: {"code":0,"data":[],"total":0}
[2026-06-12 15:18:40] [hamibot] [INFO]:[INFO] [fetchPendingTasks]: fetchPendingTasks raw[30]: {"code":0,"data":[],"total":0}
[2026-06-12 15:18:55] [hamibot] [INFO]:[INFO] [fetchPendingTasks]: fetchPendingTasks raw[30]: {"code":0,"data":[],"total":0}
[2026-06-12 15:19:11] [hamibot] [INFO]:[INFO] [fetchPendingTasks]: fetchPendingTasks raw[30]: {"code":0,"data":[],"total":0}
[2026-06-12 15:19:26] [hamibot] [INFO]:[INFO] [fetchPendingTasks]: fetchPendingTasks raw[30]: {"code":0,"data":[],"total":0}
[2026-06-12 15:19:41] [hamibot] [INFO]:[INFO] [fetchPendingTasks]: fetchPendingTasks raw[30]: {"code":0,"data":[],"total":0}
[2026-06-12 15:19:56] [hamibot] [INFO]:[INFO] [fetchPendingTasks]: fetchPendingTasks raw[30]: {"code":0,"data":[],"total":0}
[2026-06-12 15:20:11] [hamibot] [INFO]:[INFO] [fetchPendingTasks]: fetchPendingTasks raw[30]: {"code":0,"data":[],"total":0}
[2026-06-12 15:20:27] [hamibot] [INFO]:[INFO] [fetchPendingTasks]: fetchPendingTasks raw[30]: {"code":0,"data":[],"total":0}
[2026-06-12 15:20:42] [hamibot] [INFO]:[INFO] [fetchPendingTasks]: fetchPendingTasks raw[30]: {"code":0,"data":[],"total":0}
[2026-06-12 15:20:58] [hamibot] [INFO]:[INFO] [fetchPendingTasks]: fetchPendingTasks raw[30]: {"code":0,"data":[],"total":0}
[2026-06-12 15:21:13] [hamibot] [INFO]:[INFO] [fetchPendingTasks]: fetchPendingTasks raw[30]: {"code":0,"data":[],"total":0}
[2026-06-12 15:21:29] [hamibot] [INFO]:[INFO] [fetchPendingTasks]: fetchPendingTasks raw[30]: {"code":0,"data":[],"total":0}
[2026-06-12 15:21:44] [hamibot] [INFO]:[INFO] [fetchPendingTasks]: fetchPendingTasks raw[30]: {"code":0,"data":[],"total":0}
[2026-06-12 15:21:59] [hamibot] [INFO]:[INFO] [fetchPendingTasks]: fetchPendingTasks raw[30]: {"code":0,"data":[],"total":0}
[2026-06-12 15:22:14] [hamibot] [INFO]:[INFO] [fetchPendingTasks]: fetchPendingTasks raw[30]: {"code":0,"data":[],"total":0}
[2026-06-12 15:22:29] [hamibot] [INFO]:[INFO] [fetchPendingTasks]: fetchPendingTasks raw[30]: {"code":0,"data":[],"total":0}
[2026-06-12 15:22:44] [hamibot] [INFO]:[INFO] [fetchPendingTasks]: fetchPendingTasks raw[30]: {"code":0,"data":[],"total":0}
[2026-06-12 15:22:59] [hamibot] [INFO]:[INFO] [fetchPendingTasks]: fetchPendingTasks raw[30]: {"code":0,"data":[],"total":0}
[2026-06-12 15:23:14] [hamibot] [INFO]:[INFO] [fetchPendingTasks]: fetchPendingTasks raw[30]: {"code":0,"data":[],"total":0}
[2026-06-12 15:23:30] [hamibot] [INFO]:[INFO] [fetchPendingTasks]: fetchPendingTasks raw[30]: {"code":0,"data":[],"total":0}
[2026-06-12 15:23:45] [hamibot] [INFO]:[INFO] [fetchPendingTasks]: fetchPendingTasks raw[30]: {"code":0,"data":[],"total":0}
[2026-06-12 15:24:00] [hamibot] [INFO]:[INFO] [fetchPendingTasks]: fetchPendingTasks raw[30]: {"code":0,"data":[],"total":0}
[2026-06-12 15:24:15] [hamibot] [INFO]:[INFO] [fetchPendingTasks]: fetchPendingTasks raw[30]: {"code":0,"data":[],"total":0}
[2026-06-12 15:24:30] [hamibot] [INFO]:[INFO] [fetchPendingTasks]: fetchPendingTasks raw[30]: {"code":0,"data":[],"total":0}
[2026-06-12 15:24:45] [hamibot] [INFO]:[INFO] [fetchPendingTasks]: fetchPendingTasks raw[30]: {"code":0,"data":[],"total":0}
[2026-06-12 15:25:00] [hamibot] [INFO]:[INFO] [fetchPendingTasks]: fetchPendingTasks raw[30]: {"code":0,"data":[],"total":0}
[2026-06-12 15:25:15] [hamibot] [INFO]:[INFO] [fetchPendingTasks]: fetchPendingTasks raw[30]: {"code":0,"data":[],"total":0}
[2026-06-12 15:25:31] [hamibot] [INFO]:[INFO] [fetchPendingTasks]: fetchPendingTasks raw[30]: {"code":0,"data":[],"total":0}
[2026-06-12 15:25:46] [hamibot] [INFO]:[INFO] [fetchPendingTasks]: fetchPendingTasks raw[30]: {"code":0,"data":[],"total":0}
[2026-06-12 15:26:01] [hamibot] [INFO]:[INFO] [fetchPendingTasks]: fetchPendingTasks raw[30]: {"code":0,"data":[],"total":0}
[2026-06-12 15:26:17] [hamibot] [INFO]:[INFO] [fetchPendingTasks]: fetchPendingTasks raw[30]: {"code":0,"data":[],"total":0}
[2026-06-12 15:26:32] [hamibot] [INFO]:[INFO] [fetchPendingTasks]: fetchPendingTasks raw[30]: {"code":0,"data":[],"total":0}
[2026-06-12 15:26:47] [hamibot] [INFO]:[INFO] [fetchPendingTasks]: fetchPendingTasks raw[30]: {"code":0,"data":[],"total":0}
[2026-06-12 15:27:02] [hamibot] [INFO]:[INFO] [fetchPendingTasks]: fetchPendingTasks raw[30]: {"code":0,"data":[],"total":0}
[2026-06-12 15:27:17] [hamibot] [INFO]:[INFO] [fetchPendingTasks]: fetchPendingTasks raw[30]: {"code":0,"data":[],"total":0}
[2026-06-12 15:27:32] [hamibot] [INFO]:[INFO] [fetchPendingTasks]: fetchPendingTasks raw[30]: {"code":0,"data":[],"total":0}
[2026-06-12 15:27:47] [hamibot] [INFO]:[INFO] [fetchPendingTasks]: fetchPendingTasks raw[30]: {"code":0,"data":[],"total":0}
[2026-06-12 15:28:02] [hamibot] [INFO]:[INFO] [fetchPendingTasks]: fetchPendingTasks raw[30]: {"code":0,"data":[],"total":0}
[2026-06-12 15:28:17] [hamibot] [INFO]:[INFO] [fetchPendingTasks]: fetchPendingTasks raw[30]: {"code":0,"data":[],"total":0}
[2026-06-12 15:28:33] [hamibot] [INFO]:[INFO] [fetchPendingTasks]: fetchPendingTasks raw[30]: {"code":0,"data":[],"total":0}
[2026-06-12 15:28:48] [hamibot] [INFO]:[INFO] [fetchPendingTasks]: fetchPendingTasks raw[30]: {"code":0,"data":[],"total":0}
[2026-06-12 15:29:04] [hamibot] [INFO]:[INFO] [fetchPendingTasks]: fetchPendingTasks raw[30]: {"code":0,"data":[],"total":0}
[2026-06-12 15:29:19] [hamibot] [INFO]:[INFO] [fetchPendingTasks]: fetchPendingTasks raw[30]: {"code":0,"data":[],"total":0}
[2026-06-12 15:29:34] [hamibot] [INFO]:[INFO] [fetchPendingTasks]: fetchPendingTasks raw[30]: {"code":0,"data":[],"total":0}
[2026-06-12 15:29:49] [hamibot] [INFO]:[INFO] [fetchPendingTasks]: fetchPendingTasks raw[30]: {"code":0,"data":[],"total":0}
[2026-06-12 15:30:04] [hamibot] [INFO]:[INFO] [fetchPendingTasks]: fetchPendingTasks raw[30]: {"code":0,"data":[],"total":0}
[2026-06-12 15:30:19] [hamibot] [INFO]:[INFO] [fetchPendingTasks]: fetchPendingTasks raw[30]: {"code":0,"data":[],"total":0}
[2026-06-12 15:30:35] [hamibot] [INFO]:[INFO] [fetchPendingTasks]: fetchPendingTasks raw[30]: {"code":0,"data":[],"total":0}
[2026-06-12 15:30:50] [hamibot] [INFO]:[INFO] [fetchPendingTasks]: fetchPendingTasks raw[30]: {"code":0,"data":[],"total":0}
[2026-06-12 15:31:05] [hamibot] [INFO]:[INFO] [fetchPendingTasks]: fetchPendingTasks raw[30]: {"code":0,"data":[],"total":0}
[2026-06-12 15:31:20] [hamibot] [INFO]:[INFO] [fetchPendingTasks]: fetchPendingTasks raw[30]: {"code":0,"data":[],"total":0}
[2026-06-12 15:31:36] [hamibot] [INFO]:[INFO] [fetchPendingTasks]: fetchPendingTasks raw[30]: {"code":0,"data":[],"total":0}
[2026-06-12 15:31:51] [hamibot] [INFO]:[INFO] [fetchPendingTasks]: fetchPendingTasks raw[30]: {"code":0,"data":[],"total":0}
[2026-06-12 15:32:06] [hamibot] [INFO]:[INFO] [fetchPendingTasks]: fetchPendingTasks raw[30]: {"code":0,"data":[],"total":0}
[2026-06-12 15:32:21] [hamibot] [INFO]:[INFO] [fetchPendingTasks]: fetchPendingTasks raw[30]: {"code":0,"data":[],"total":0}
[2026-06-12 15:32:36] [hamibot] [INFO]:[INFO] [fetchPendingTasks]: fetchPendingTasks raw[30]: {"code":0,"data":[],"total":0}
[2026-06-12 15:32:51] [hamibot] [INFO]:[INFO] [fetchPendingTasks]: fetchPendingTasks raw[30]: {"code":0,"data":[],"total":0}
[2026-06-12 15:33:07] [hamibot] [INFO]:[INFO] [fetchPendingTasks]: fetchPendingTasks raw[30]: {"code":0,"data":[],"total":0}
[2026-06-12 15:33:22] [hamibot] [INFO]:[INFO] [fetchPendingTasks]: fetchPendingTasks raw[30]: {"code":0,"data":[],"total":0}
[2026-06-12 15:33:37] [hamibot] [INFO]:[INFO] [fetchPendingTasks]: fetchPendingTasks raw[30]: {"code":0,"data":[],"total":0}
[2026-06-12 15:33:52] [hamibot] [INFO]:[INFO] [fetchPendingTasks]: fetchPendingTasks raw[30]: {"code":0,"data":[],"total":0}
[2026-06-12 15:34:07] [hamibot] [INFO]:[INFO] [fetchPendingTasks]: fetchPendingTasks raw[30]: {"code":0,"data":[],"total":0}
[2026-06-12 15:34:22] [hamibot] [INFO]:[INFO] [fetchPendingTasks]: fetchPendingTasks raw[30]: {"code":0,"data":[],"total":0}
[2026-06-12 15:34:37] [hamibot] [INFO]:[INFO] [fetchPendingTasks]: fetchPendingTasks raw[30]: {"code":0,"data":[],"total":0}
[2026-06-12 15:34:52] [hamibot] [INFO]:[INFO] [fetchPendingTasks]: fetchPendingTasks raw[30]: {"code":0,"data":[],"total":0}
[2026-06-12 15:35:08] [hamibot] [INFO]:[INFO] [fetchPendingTasks]: fetchPendingTasks raw[30]: {"code":0,"data":[],"total":0}
[2026-06-12 15:35:23] [hamibot] [INFO]:[INFO] [fetchPendingTasks]: fetchPendingTasks raw[30]: {"code":0,"data":[],"total":0}
[2026-06-12 15:35:38] [hamibot] [INFO]:[INFO] [fetchPendingTasks]: fetchPendingTasks raw[30]: {"code":0,"data":[],"total":0}
[2026-06-12 15:35:53] [hamibot] [INFO]:[INFO] [fetchPendingTasks]: fetchPendingTasks raw[30]: {"code":0,"data":[],"total":0}
[2026-06-12 15:36:08] [hamibot] [INFO]:[INFO] [fetchPendingTasks]: fetchPendingTasks raw[30]: {"code":0,"data":[],"total":0}
[2026-06-12 15:36:24] [hamibot] [INFO]:[INFO] [fetchPendingTasks]: fetchPendingTasks raw[30]: {"code":0,"data":[],"total":0}
[2026-06-12 15:36:40] [hamibot] [INFO]:[INFO] [fetchPendingTasks]: fetchPendingTasks raw[30]: {"code":0,"data":[],"total":0}
[2026-06-12 15:36:55] [hamibot] [INFO]:[INFO] [fetchPendingTasks]: fetchPendingTasks raw[30]: {"code":0,"data":[],"total":0}
[2026-06-12 15:37:10] [hamibot] [INFO]:[INFO] [fetchPendingTasks]: fetchPendingTasks raw[30]: {"code":0,"data":[],"total":0}
[2026-06-12 15:37:25] [hamibot] [INFO]:[INFO] [fetchPendingTasks]: fetchPendingTasks raw[30]: {"code":0,"data":[],"total":0}
[2026-06-12 15:37:40] [hamibot] [INFO]:[INFO] [fetchPendingTasks]: fetchPendingTasks raw[30]: {"code":0,"data":[],"total":0}
[2026-06-12 15:37:56] [hamibot] [INFO]:[INFO] [fetchPendingTasks]: fetchPendingTasks raw[30]: {"code":0,"data":[],"total":0}
[2026-06-12 15:38:11] [hamibot] [INFO]:[INFO] [fetchPendingTasks]: fetchPendingTasks raw[30]: {"code":0,"data":[],"total":0}
[2026-06-12 15:38:27] [hamibot] [INFO]:[INFO] [fetchPendingTasks]: fetchPendingTasks raw[30]: {"code":0,"data":[],"total":0}
[2026-06-12 15:38:42] [hamibot] [INFO]:[INFO] [fetchPendingTasks]: fetchPendingTasks raw[30]: {"code":0,"data":[],"total":0}
[2026-06-12 15:38:57] [hamibot] [INFO]:[INFO] [fetchPendingTasks]: fetchPendingTasks raw[30]: {"code":0,"data":[],"total":0}
[2026-06-12 15:39:13] [hamibot] [INFO]:[INFO] [fetchPendingTasks]: fetchPendingTasks raw[30]: {"code":0,"data":[],"total":0}
[2026-06-12 15:39:28] [hamibot] [INFO]:[INFO] [fetchPendingTasks]: fetchPendingTasks raw[30]: {"code":0,"data":[],"total":0}
[2026-06-12 15:39:43] [hamibot] [INFO]:[INFO] [fetchPendingTasks]: fetchPendingTasks raw[30]: {"code":0,"data":[],"total":0}
[2026-06-12 15:39:58] [hamibot] [INFO]:[INFO] [fetchPendingTasks]: fetchPendingTasks raw[30]: {"code":0,"data":[],"total":0}
[2026-06-12 15:40:14] [hamibot] [INFO]:[INFO] [fetchPendingTasks]: fetchPendingTasks raw[30]: {"code":0,"data":[],"total":0}
[2026-06-12 15:40:29] [hamibot] [INFO]:[INFO] [fetchPendingTasks]: fetchPendingTasks raw[30]: {"code":0,"data":[],"total":0}
[2026-06-12 15:40:44] [hamibot] [INFO]:[INFO] [fetchPendingTasks]: fetchPendingTasks raw[30]: {"code":0,"data":[],"total":0}
[2026-06-12 15:40:59] [hamibot] [INFO]:[INFO] [fetchPendingTasks]: fetchPendingTasks raw[30]: {"code":0,"data":[],"total":0}
[2026-06-12 15:41:14] [hamibot] [INFO]:[INFO] [fetchPendingTasks]: fetchPendingTasks raw[30]: {"code":0,"data":[],"total":0}
[2026-06-12 15:41:29] [hamibot] [INFO]:[INFO] [fetchPendingTasks]: fetchPendingTasks raw[30]: {"code":0,"data":[],"total":0}
[2026-06-12 15:41:45] [hamibot] [INFO]:[INFO] [fetchPendingTasks]: fetchPendingTasks raw[30]: {"code":0,"data":[],"total":0}
[2026-06-12 15:42:00] [hamibot] [INFO]:[INFO] [fetchPendingTasks]: fetchPendingTasks raw[30]: {"code":0,"data":[],"total":0}
[2026-06-12 15:42:17] [hamibot] [INFO]:[INFO] [fetchPendingTasks]: fetchPendingTasks raw[30]: {"code":0,"data":[],"total":0}
[2026-06-12 15:42:33] [hamibot] [INFO]:[INFO] [fetchPendingTasks]: fetchPendingTasks raw[30]: {"code":0,"data":[],"total":0}
[2026-06-12 15:42:49] [hamibot] [INFO]:[INFO] [fetchPendingTasks]: fetchPendingTasks raw[30]: {"code":0,"data":[],"total":0}
[2026-06-12 15:43:04] [hamibot] [INFO]:[INFO] [fetchPendingTasks]: fetchPendingTasks raw[30]: {"code":0,"data":[],"total":0}
[2026-06-12 15:43:20] [hamibot] [INFO]:[INFO] [fetchPendingTasks]: fetchPendingTasks raw[30]: {"code":0,"data":[],"total":0}
[2026-06-12 15:43:36] [hamibot] [INFO]:[INFO] [fetchPendingTasks]: fetchPendingTasks raw[30]: {"code":0,"data":[],"total":0}
[2026-06-12 15:43:54] [hamibot] [INFO]:[INFO] [fetchPendingTasks]: fetchPendingTasks raw[30]: {"code":0,"data":[],"total":0}
[2026-06-12 15:44:10] [hamibot] [INFO]:[INFO] [fetchPendingTasks]: fetchPendingTasks raw[30]: {"code":0,"data":[],"total":0}
[2026-06-12 15:44:25] [hamibot] [INFO]:[INFO] [fetchPendingTasks]: fetchPendingTasks raw[30]: {"code":0,"data":[],"total":0}
[2026-06-12 15:44:40] [hamibot] [INFO]:[INFO] [fetchPendingTasks]: fetchPendingTasks raw[30]: {"code":0,"data":[],"total":0}
[2026-06-12 15:44:56] [hamibot] [INFO]:[INFO] [fetchPendingTasks]: fetchPendingTasks raw[30]: {"code":0,"data":[],"total":0}
[2026-06-12 15:45:11] [hamibot] [INFO]:[INFO] [fetchPendingTasks]: fetchPendingTasks raw[30]: {"code":0,"data":[],"total":0}
[2026-06-12 15:45:26] [hamibot] [INFO]:[INFO] [fetchPendingTasks]: fetchPendingTasks raw[30]: {"code":0,"data":[],"total":0}
[2026-06-12 15:45:42] [hamibot] [INFO]:[INFO] [fetchPendingTasks]: fetchPendingTasks raw[30]: {"code":0,"data":[],"total":0}
[2026-06-12 15:45:58] [hamibot] [INFO]:[INFO] [fetchPendingTasks]: fetchPendingTasks raw[30]: {"code":0,"data":[],"total":0}
[2026-06-12 15:46:14] [hamibot] [INFO]:[INFO] [fetchPendingTasks]: fetchPendingTasks raw[30]: {"code":0,"data":[],"total":0}
[2026-06-12 15:46:29] [hamibot] [INFO]:[INFO] [fetchPendingTasks]: fetchPendingTasks raw[30]: {"code":0,"data":[],"total":0}
[2026-06-12 15:46:44] [hamibot] [INFO]:[INFO] [fetchPendingTasks]: fetchPendingTasks raw[30]: {"code":0,"data":[],"total":0}
[2026-06-12 15:46:59] [hamibot] [INFO]:[INFO] [fetchPendingTasks]: fetchPendingTasks raw[30]: {"code":0,"data":[],"total":0}
[2026-06-12 15:47:14] [hamibot] [INFO]:[INFO] [fetchPendingTasks]: fetchPendingTasks raw[30]: {"code":0,"data":[],"total":0}
[2026-06-12 15:47:29] [hamibot] [INFO]:[INFO] [fetchPendingTasks]: fetchPendingTasks raw[30]: {"code":0,"data":[],"total":0}
[2026-06-12 15:47:44] [hamibot] [INFO]:[INFO] [fetchPendingTasks]: fetchPendingTasks raw[30]: {"code":0,"data":[],"total":0}
[2026-06-12 15:47:59] [hamibot] [INFO]:[INFO] [fetchPendingTasks]: fetchPendingTasks raw[30]: {"code":0,"data":[],"total":0}
[2026-06-12 15:48:14] [hamibot] [INFO]:[INFO] [fetchPendingTasks]: fetchPendingTasks raw[30]: {"code":0,"data":[],"total":0}
[2026-06-12 15:48:29] [hamibot] [INFO]:[INFO] [fetchPendingTasks]: fetchPendingTasks raw[30]: {"code":0,"data":[],"total":0}
[2026-06-12 15:48:44] [hamibot] [INFO]:[INFO] [fetchPendingTasks]: fetchPendingTasks raw[30]: {"code":0,"data":[],"total":0}
[2026-06-12 15:49:00] [hamibot] [INFO]:[INFO] [fetchPendingTasks]: fetchPendingTasks raw[30]: {"code":0,"data":[],"total":0}
[2026-06-12 15:49:15] [hamibot] [INFO]:[INFO] [fetchPendingTasks]: fetchPendingTasks raw[30]: {"code":0,"data":[],"total":0}
[2026-06-12 15:49:30] [hamibot] [INFO]:[INFO] [fetchPendingTasks]: fetchPendingTasks raw[30]: {"code":0,"data":[],"total":0}
[2026-06-12 15:49:45] [hamibot] [INFO]:[INFO] [fetchPendingTasks]: fetchPendingTasks raw[30]: {"code":0,"data":[],"total":0}
[2026-06-12 15:50:00] [hamibot] [INFO]:[INFO] [fetchPendingTasks]: fetchPendingTasks raw[30]: {"code":0,"data":[],"total":0}
[2026-06-12 15:50:16] [hamibot] [INFO]:[INFO] [fetchPendingTasks]: fetchPendingTasks raw[30]: {"code":0,"data":[],"total":0}
[2026-06-12 15:50:31] [hamibot] [INFO]:[INFO] [fetchPendingTasks]: fetchPendingTasks raw[30]: {"code":0,"data":[],"total":0}
[2026-06-12 15:50:46] [hamibot] [INFO]:[INFO] [fetchPendingTasks]: fetchPendingTasks raw[30]: {"code":0,"data":[],"total":0}
[2026-06-12 15:51:01] [hamibot] [INFO]:[INFO] [fetchPendingTasks]: fetchPendingTasks raw[30]: {"code":0,"data":[],"total":0}
[2026-06-12 15:51:16] [hamibot] [INFO]:[INFO] [fetchPendingTasks]: fetchPendingTasks raw[30]: {"code":0,"data":[],"total":0}
[2026-06-12 15:51:31] [hamibot] [INFO]:[INFO] [fetchPendingTasks]: fetchPendingTasks raw[30]: {"code":0,"data":[],"total":0}
[2026-06-12 15:51:47] [hamibot] [INFO]:[INFO] [fetchPendingTasks]: fetchPendingTasks raw[30]: {"code":0,"data":[],"total":0}
[2026-06-12 15:52:02] [hamibot] [INFO]:[INFO] [fetchPendingTasks]: fetchPendingTasks raw[30]: {"code":0,"data":[],"total":0}
[2026-06-12 15:52:17] [hamibot] [INFO]:[INFO] [fetchPendingTasks]: fetchPendingTasks raw[30]: {"code":0,"data":[],"total":0}
[2026-06-12 15:52:32] [hamibot] [INFO]:[INFO] [fetchPendingTasks]: fetchPendingTasks raw[30]: {"code":0,"data":[],"total":0}
[2026-06-12 15:52:47] [hamibot] [INFO]:[INFO] [fetchPendingTasks]: fetchPendingTasks raw[30]: {"code":0,"data":[],"total":0}
[2026-06-12 15:53:02] [hamibot] [INFO]:[INFO] [fetchPendingTasks]: fetchPendingTasks raw[30]: {"code":0,"data":[],"total":0}
[2026-06-12 15:53:18] [hamibot] [INFO]:[INFO] [fetchPendingTasks]: fetchPendingTasks raw[30]: {"code":0,"data":[],"total":0}
[2026-06-12 15:53:33] [hamibot] [INFO]:[INFO] [fetchPendingTasks]: fetchPendingTasks raw[30]: {"code":0,"data":[],"total":0}
[2026-06-12 15:53:48] [hamibot] [INFO]:[INFO] [fetchPendingTasks]: fetchPendingTasks raw[30]: {"code":0,"data":[],"total":0}
[2026-06-12 15:54:03] [hamibot] [INFO]:[INFO] [fetchPendingTasks]: fetchPendingTasks raw[30]: {"code":0,"data":[],"total":0}
[2026-06-12 15:54:18] [hamibot] [INFO]:[INFO] [fetchPendingTasks]: fetchPendingTasks raw[30]: {"code":0,"data":[],"total":0}
[2026-06-12 15:54:33] [hamibot] [INFO]:[INFO] [fetchPendingTasks]: fetchPendingTasks raw[30]: {"code":0,"data":[],"total":0}
[2026-06-12 15:54:49] [hamibot] [INFO]:[INFO] [fetchPendingTasks]: fetchPendingTasks raw[30]: {"code":0,"data":[],"total":0}
[2026-06-12 15:55:04] [hamibot] [INFO]:[INFO] [fetchPendingTasks]: fetchPendingTasks raw[30]: {"code":0,"data":[],"total":0}
[2026-06-12 15:55:19] [hamibot] [INFO]:[INFO] [fetchPendingTasks]: fetchPendingTasks raw[30]: {"code":0,"data":[],"total":0}
[2026-06-12 15:55:34] [hamibot] [INFO]:[INFO] [fetchPendingTasks]: fetchPendingTasks raw[30]: {"code":0,"data":[],"total":0}
[2026-06-12 15:55:49] [hamibot] [INFO]:[INFO] [fetchPendingTasks]: fetchPendingTasks raw[30]: {"code":0,"data":[],"total":0}
[2026-06-12 15:56:04] [hamibot] [INFO]:[INFO] [fetchPendingTasks]: fetchPendingTasks raw[30]: {"code":0,"data":[],"total":0}
[2026-06-12 15:56:19] [hamibot] [INFO]:[INFO] [fetchPendingTasks]: fetchPendingTasks raw[30]: {"code":0,"data":[],"total":0}
[2026-06-12 15:56:36] [hamibot] [INFO]:[INFO] [fetchPendingTasks]: fetchPendingTasks raw[30]: {"code":0,"data":[],"total":0}
[2026-06-12 15:56:51] [hamibot] [INFO]:[INFO] [fetchPendingTasks]: fetchPendingTasks raw[30]: {"code":0,"data":[],"total":0}
[2026-06-12 15:57:07] [hamibot] [INFO]:[INFO] [fetchPendingTasks]: fetchPendingTasks raw[30]: {"code":0,"data":[],"total":0}
[2026-06-12 15:57:22] [hamibot] [INFO]:[INFO] [fetchPendingTasks]: fetchPendingTasks raw[30]: {"code":0,"data":[],"total":0}
[2026-06-12 15:57:38] [hamibot] [INFO]:[INFO] [fetchPendingTasks]: fetchPendingTasks raw[30]: {"code":0,"data":[],"total":0}
[2026-06-12 15:57:53] [hamibot] [INFO]:[INFO] [fetchPendingTasks]: fetchPendingTasks raw[30]: {"code":0,"data":[],"total":0}
[2026-06-12 15:58:08] [hamibot] [INFO]:[INFO] [fetchPendingTasks]: fetchPendingTasks raw[30]: {"code":0,"data":[],"total":0}
[2026-06-12 15:58:23] [hamibot] [INFO]:[INFO] [fetchPendingTasks]: fetchPendingTasks raw[30]: {"code":0,"data":[],"total":0}
[2026-06-12 15:58:38] [hamibot] [INFO]:[INFO] [fetchPendingTasks]: fetchPendingTasks raw[30]: {"code":0,"data":[],"total":0}
[2026-06-12 15:58:54] [hamibot] [INFO]:[INFO] [fetchPendingTasks]: fetchPendingTasks raw[30]: {"code":0,"data":[],"total":0}
[2026-06-12 15:59:09] [hamibot] [INFO]:[INFO] [fetchPendingTasks]: fetchPendingTasks raw[30]: {"code":0,"data":[],"total":0}
[2026-06-12 15:59:24] [hamibot] [INFO]:[INFO] [fetchPendingTasks]: fetchPendingTasks raw[30]: {"code":0,"data":[],"total":0}
[2026-06-12 15:59:39] [hamibot] [INFO]:[INFO] [fetchPendingTasks]: fetchPendingTasks raw[30]: {"code":0,"data":[],"total":0}
[2026-06-12 15:59:55] [hamibot] [INFO]:[INFO] [fetchPendingTasks]: fetchPendingTasks raw[30]: {"code":0,"data":[],"total":0}
[2026-06-12 16:00:10] [hamibot] [INFO]:[INFO] [fetchPendingTasks]: fetchPendingTasks raw[30]: {"code":0,"data":[],"total":0}
[2026-06-12 16:00:26] [hamibot] [INFO]:[INFO] [fetchPendingTasks]: fetchPendingTasks raw[30]: {"code":0,"data":[],"total":0}
[2026-06-12 16:00:41] [hamibot] [INFO]:[INFO] [fetchPendingTasks]: fetchPendingTasks raw[30]: {"code":0,"data":[],"total":0}
[2026-06-12 16:00:56] [hamibot] [INFO]:[INFO] [fetchPendingTasks]: fetchPendingTasks raw[30]: {"code":0,"data":[],"total":0}
[2026-06-12 16:01:12] [hamibot] [INFO]:[INFO] [fetchPendingTasks]: fetchPendingTasks raw[30]: {"code":0,"data":[],"total":0}
[2026-06-12 16:01:27] [hamibot] [INFO]:[INFO] [fetchPendingTasks]: fetchPendingTasks raw[30]: {"code":0,"data":[],"total":0}
[2026-06-12 16:01:42] [hamibot] [INFO]:[INFO] [fetchPendingTasks]: fetchPendingTasks raw[30]: {"code":0,"data":[],"total":0}
[2026-06-12 16:01:57] [hamibot] [INFO]:[INFO] [fetchPendingTasks]: fetchPendingTasks raw[30]: {"code":0,"data":[],"total":0}
[2026-06-12 16:02:12] [hamibot] [INFO]:[INFO] [fetchPendingTasks]: fetchPendingTasks raw[30]: {"code":0,"data":[],"total":0}
[2026-06-12 16:02:28] [hamibot] [INFO]:[INFO] [fetchPendingTasks]: fetchPendingTasks raw[30]: {"code":0,"data":[],"total":0}
[2026-06-12 16:02:43] [hamibot] [INFO]:[INFO] [fetchPendingTasks]: fetchPendingTasks raw[30]: {"code":0,"data":[],"total":0}
[2026-06-12 16:02:58] [hamibot] [INFO]:[INFO] [fetchPendingTasks]: fetchPendingTasks raw[30]: {"code":0,"data":[],"total":0}
[2026-06-12 16:03:13] [hamibot] [INFO]:[INFO] [fetchPendingTasks]: fetchPendingTasks raw[30]: {"code":0,"data":[],"total":0}
[2026-06-12 16:03:29] [hamibot] [INFO]:[INFO] [fetchPendingTasks]: fetchPendingTasks raw[30]: {"code":0,"data":[],"total":0}
[2026-06-12 16:03:44] [hamibot] [INFO]:[INFO] [fetchPendingTasks]: fetchPendingTasks raw[30]: {"code":0,"data":[],"total":0}
[2026-06-12 16:03:59] [hamibot] [INFO]:[INFO] [fetchPendingTasks]: fetchPendingTasks raw[30]: {"code":0,"data":[],"total":0}
[2026-06-12 16:04:14] [hamibot] [INFO]:[INFO] [fetchPendingTasks]: fetchPendingTasks raw[30]: {"code":0,"data":[],"total":0}
[2026-06-12 16:04:30] [hamibot] [INFO]:[INFO] [fetchPendingTasks]: fetchPendingTasks raw[30]: {"code":0,"data":[],"total":0}
[2026-06-12 16:04:45] [hamibot] [INFO]:[INFO] [fetchPendingTasks]: fetchPendingTasks raw[30]: {"code":0,"data":[],"total":0}
[2026-06-12 16:05:00] [hamibot] [INFO]:[INFO] [fetchPendingTasks]: fetchPendingTasks raw[30]: {"code":0,"data":[],"total":0}
[2026-06-12 16:05:15] [hamibot] [INFO]:[INFO] [fetchPendingTasks]: fetchPendingTasks raw[30]: {"code":0,"data":[],"total":0}
[2026-06-12 16:05:30] [hamibot] [INFO]:[INFO] [fetchPendingTasks]: fetchPendingTasks raw[30]: {"code":0,"data":[],"total":0}
[2026-06-12 16:05:45] [hamibot] [INFO]:[INFO] [fetchPendingTasks]: fetchPendingTasks raw[30]: {"code":0,"data":[],"total":0}
[2026-06-12 16:06:00] [hamibot] [INFO]:[INFO] [fetchPendingTasks]: fetchPendingTasks raw[30]: {"code":0,"data":[],"total":0}
[2026-06-12 16:06:15] [hamibot] [INFO]:[INFO] [fetchPendingTasks]: fetchPendingTasks raw[30]: {"code":0,"data":[],"total":0}
[2026-06-12 16:06:31] [hamibot] [INFO]:[INFO] [fetchPendingTasks]: fetchPendingTasks raw[30]: {"code":0,"data":[],"total":0}
[2026-06-12 16:06:46] [hamibot] [INFO]:[INFO] [fetchPendingTasks]: fetchPendingTasks raw[30]: {"code":0,"data":[],"total":0}
[2026-06-12 16:07:01] [hamibot] [INFO]:[INFO] [fetchPendingTasks]: fetchPendingTasks raw[30]: {"code":0,"data":[],"total":0}
[2026-06-12 16:07:16] [hamibot] [INFO]:[INFO] [fetchPendingTasks]: fetchPendingTasks raw[30]: {"code":0,"data":[],"total":0}
[2026-06-12 16:07:31] [hamibot] [INFO]:[INFO] [fetchPendingTasks]: fetchPendingTasks raw[30]: {"code":0,"data":[],"total":0}
[2026-06-12 16:07:46] [hamibot] [INFO]:[INFO] [fetchPendingTasks]: fetchPendingTasks raw[30]: {"code":0,"data":[],"total":0}
[2026-06-12 16:08:01] [hamibot] [INFO]:[INFO] [fetchPendingTasks]: fetchPendingTasks raw[30]: {"code":0,"data":[],"total":0}
[2026-06-12 16:08:17] [hamibot] [INFO]:[INFO] [fetchPendingTasks]: fetchPendingTasks raw[30]: {"code":0,"data":[],"total":0}
[2026-06-12 16:08:32] [hamibot] [INFO]:[INFO] [fetchPendingTasks]: fetchPendingTasks raw[30]: {"code":0,"data":[],"total":0}
[2026-06-12 16:08:47] [hamibot] [INFO]:[INFO] [fetchPendingTasks]: fetchPendingTasks raw[30]: {"code":0,"data":[],"total":0}
[2026-06-12 16:09:02] [hamibot] [INFO]:[INFO] [fetchPendingTasks]: fetchPendingTasks raw[30]: {"code":0,"data":[],"total":0}
[2026-06-12 16:09:17] [hamibot] [INFO]:[INFO] [fetchPendingTasks]: fetchPendingTasks raw[30]: {"code":0,"data":[],"total":0}
[2026-06-12 16:09:32] [hamibot] [INFO]:[INFO] [fetchPendingTasks]: fetchPendingTasks raw[30]: {"code":0,"data":[],"total":0}
[2026-06-12 16:09:47] [hamibot] [INFO]:[INFO] [fetchPendingTasks]: fetchPendingTasks raw[30]: {"code":0,"data":[],"total":0}
[2026-06-12 16:10:03] [hamibot] [INFO]:[INFO] [fetchPendingTasks]: fetchPendingTasks raw[30]: {"code":0,"data":[],"total":0}
[2026-06-12 16:10:18] [hamibot] [INFO]:[INFO] [fetchPendingTasks]: fetchPendingTasks raw[30]: {"code":0,"data":[],"total":0}
[2026-06-12 16:10:33] [hamibot] [INFO]:[INFO] [fetchPendingTasks]: fetchPendingTasks raw[30]: {"code":0,"data":[],"total":0}
[2026-06-12 16:10:49] [hamibot] [INFO]:[INFO] [fetchPendingTasks]: fetchPendingTasks raw[30]: {"code":0,"data":[],"total":0}
[2026-06-12 16:11:04] [hamibot] [INFO]:[INFO] [fetchPendingTasks]: fetchPendingTasks raw[30]: {"code":0,"data":[],"total":0}
[2026-06-12 16:11:19] [hamibot] [INFO]:[INFO] [fetchPendingTasks]: fetchPendingTasks raw[30]: {"code":0,"data":[],"total":0}
[2026-06-12 16:11:34] [hamibot] [INFO]:[INFO] [fetchPendingTasks]: fetchPendingTasks raw[30]: {"code":0,"data":[],"total":0}
[2026-06-12 16:11:49] [hamibot] [INFO]:[INFO] [fetchPendingTasks]: fetchPendingTasks raw[30]: {"code":0,"data":[],"total":0}
[2026-06-12 16:12:04] [hamibot] [INFO]:[INFO] [fetchPendingTasks]: fetchPendingTasks raw[30]: {"code":0,"data":[],"total":0}
[2026-06-12 16:12:19] [hamibot] [INFO]:[INFO] [fetchPendingTasks]: fetchPendingTasks raw[30]: {"code":0,"data":[],"total":0}
[2026-06-12 16:12:34] [hamibot] [INFO]:[INFO] [fetchPendingTasks]: fetchPendingTasks raw[30]: {"code":0,"data":[],"total":0}
[2026-06-12 16:12:50] [hamibot] [INFO]:[INFO] [fetchPendingTasks]: fetchPendingTasks raw[30]: {"code":0,"data":[],"total":0}
[2026-06-12 16:13:05] [hamibot] [INFO]:[INFO] [fetchPendingTasks]: fetchPendingTasks raw[30]: {"code":0,"data":[],"total":0}
[2026-06-12 16:13:20] [hamibot] [INFO]:[INFO] [fetchPendingTasks]: fetchPendingTasks raw[30]: {"code":0,"data":[],"total":0}
[2026-06-12 16:13:35] [hamibot] [INFO]:[INFO] [fetchPendingTasks]: fetchPendingTasks raw[30]: {"code":0,"data":[],"total":0}
[2026-06-12 16:13:51] [hamibot] [INFO]:[INFO] [fetchPendingTasks]: fetchPendingTasks raw[30]: {"code":0,"data":[],"total":0}
[2026-06-12 16:14:06] [hamibot] [INFO]:[INFO] [fetchPendingTasks]: fetchPendingTasks raw[30]: {"code":0,"data":[],"total":0}
[2026-06-12 16:14:24] [hamibot] [INFO]:[INFO] [fetchPendingTasks]: fetchPendingTasks raw[30]: {"code":0,"data":[],"total":0}
[2026-06-12 16:15:26] [hamibot] [INFO]:[INFO] [fetchPendingTasks]: fetchPendingTasks raw[30]: {"code":0,"data":[],"total":0}
[2026-06-12 16:17:36] [hamibot] [INFO]:[INFO] [fetchPendingTasks]: fetchPendingTasks raw[30]: {"code":0,"data":[],"total":0}
[2026-06-12 16:17:51] [hamibot] [INFO]:[INFO] [fetchPendingTasks]: fetchPendingTasks raw[30]: {"code":0,"data":[],"total":0}
[2026-06-12 16:18:07] [hamibot] [INFO]:[INFO] [fetchPendingTasks]: fetchPendingTasks raw[30]: {"code":0,"data":[],"total":0}
[2026-06-12 16:18:22] [hamibot] [INFO]:[INFO] [fetchPendingTasks]: fetchPendingTasks raw[30]: {"code":0,"data":[],"total":0}
[2026-06-12 16:18:37] [hamibot] [INFO]:[INFO] [fetchPendingTasks]: fetchPendingTasks raw[30]: {"code":0,"data":[],"total":0}
[2026-06-12 16:18:52] [hamibot] [INFO]:[INFO] [fetchPendingTasks]: fetchPendingTasks raw[30]: {"code":0,"data":[],"total":0}
[2026-06-12 16:19:08] [hamibot] [INFO]:[INFO] [fetchPendingTasks]: fetchPendingTasks raw[30]: {"code":0,"data":[],"total":0}
[2026-06-12 16:19:23] [hamibot] [INFO]:[INFO] [fetchPendingTasks]: fetchPendingTasks raw[30]: {"code":0,"data":[],"total":0}
[2026-06-12 16:19:38] [hamibot] [INFO]:[INFO] [fetchPendingTasks]: fetchPendingTasks raw[30]: {"code":0,"data":[],"total":0}
[2026-06-12 16:19:53] [hamibot] [INFO]:[INFO] [fetchPendingTasks]: fetchPendingTasks raw[30]: {"code":0,"data":[],"total":0}
[2026-06-12 16:20:08] [hamibot] [INFO]:[INFO] [fetchPendingTasks]: fetchPendingTasks raw[30]: {"code":0,"data":[],"total":0}
[2026-06-12 16:20:23] [hamibot] [INFO]:[INFO] [fetchPendingTasks]: fetchPendingTasks raw[30]: {"code":0,"data":[],"total":0}
[2026-06-12 16:20:39] [hamibot] [INFO]:[INFO] [fetchPendingTasks]: fetchPendingTasks raw[30]: {"code":0,"data":[],"total":0}
[2026-06-12 16:20:54] [hamibot] [INFO]:[INFO] [fetchPendingTasks]: fetchPendingTasks raw[30]: {"code":0,"data":[],"total":0}
[2026-06-12 16:21:09] [hamibot] [INFO]:[INFO] [fetchPendingTasks]: fetchPendingTasks raw[30]: {"code":0,"data":[],"total":0}
[2026-06-12 16:21:24] [hamibot] [INFO]:[INFO] [fetchPendingTasks]: fetchPendingTasks raw[30]: {"code":0,"data":[],"total":0}
[2026-06-12 16:21:39] [hamibot] [INFO]:[INFO] [fetchPendingTasks]: fetchPendingTasks raw[30]: {"code":0,"data":[],"total":0}
[2026-06-12 16:21:55] [hamibot] [INFO]:[INFO] [fetchPendingTasks]: fetchPendingTasks raw[30]: {"code":0,"data":[],"total":0}
[2026-06-12 16:22:10] [hamibot] [INFO]:[INFO] [fetchPendingTasks]: fetchPendingTasks raw[30]: {"code":0,"data":[],"total":0}
[2026-06-12 16:22:25] [hamibot] [INFO]:[INFO] [fetchPendingTasks]: fetchPendingTasks raw[30]: {"code":0,"data":[],"total":0}
[2026-06-12 16:22:40] [hamibot] [INFO]:[INFO] [fetchPendingTasks]: fetchPendingTasks raw[30]: {"code":0,"data":[],"total":0}
[2026-06-12 16:22:55] [hamibot] [INFO]:[INFO] [fetchPendingTasks]: fetchPendingTasks raw[30]: {"code":0,"data":[],"total":0}
[2026-06-12 16:23:11] [hamibot] [INFO]:[INFO] [fetchPendingTasks]: fetchPendingTasks raw[30]: {"code":0,"data":[],"total":0}
[2026-06-12 16:23:26] [hamibot] [INFO]:[INFO] [fetchPendingTasks]: fetchPendingTasks raw[30]: {"code":0,"data":[],"total":0}
[2026-06-12 16:23:41] [hamibot] [INFO]:[INFO] [fetchPendingTasks]: fetchPendingTasks raw[30]: {"code":0,"data":[],"total":0}
[2026-06-12 16:23:57] [hamibot] [INFO]:[INFO] [fetchPendingTasks]: fetchPendingTasks raw[30]: {"code":0,"data":[],"total":0}
[2026-06-12 16:24:12] [hamibot] [INFO]:[INFO] [fetchPendingTasks]: fetchPendingTasks raw[30]: {"code":0,"data":[],"total":0}
[2026-06-12 16:24:27] [hamibot] [INFO]:[INFO] [fetchPendingTasks]: fetchPendingTasks raw[30]: {"code":0,"data":[],"total":0}
[2026-06-12 16:24:42] [hamibot] [INFO]:[INFO] [fetchPendingTasks]: fetchPendingTasks raw[30]: {"code":0,"data":[],"total":0}
[2026-06-12 16:24:58] [hamibot] [INFO]:[INFO] [fetchPendingTasks]: fetchPendingTasks raw[30]: {"code":0,"data":[],"total":0}
[2026-06-12 16:25:13] [hamibot] [INFO]:[INFO] [fetchPendingTasks]: fetchPendingTasks raw[30]: {"code":0,"data":[],"total":0}
[2026-06-12 16:25:28] [hamibot] [INFO]:[INFO] [fetchPendingTasks]: fetchPendingTasks raw[30]: {"code":0,"data":[],"total":0}
[2026-06-12 16:25:43] [hamibot] [INFO]:[INFO] [fetchPendingTasks]: fetchPendingTasks raw[30]: {"code":0,"data":[],"total":0}
[2026-06-12 16:25:58] [hamibot] [INFO]:[INFO] [fetchPendingTasks]: fetchPendingTasks raw[30]: {"code":0,"data":[],"total":0}
[2026-06-12 16:26:13] [hamibot] [INFO]:[INFO] [fetchPendingTasks]: fetchPendingTasks raw[30]: {"code":0,"data":[],"total":0}
[2026-06-12 16:26:28] [hamibot] [INFO]:[INFO] [fetchPendingTasks]: fetchPendingTasks raw[30]: {"code":0,"data":[],"total":0}
[2026-06-12 16:26:44] [hamibot] [INFO]:[INFO] [fetchPendingTasks]: fetchPendingTasks raw[30]: {"code":0,"data":[],"total":0}
[2026-06-12 16:27:00] [hamibot] [INFO]:[INFO] [fetchPendingTasks]: fetchPendingTasks raw[30]: {"code":0,"data":[],"total":0}
[2026-06-12 16:27:16] [hamibot] [INFO]:[INFO] [fetchPendingTasks]: fetchPendingTasks raw[30]: {"code":0,"data":[],"total":0}
[2026-06-12 16:27:31] [hamibot] [INFO]:[INFO] [fetchPendingTasks]: fetchPendingTasks raw[30]: {"code":0,"data":[],"total":0}
[2026-06-12 16:27:46] [hamibot] [INFO]:[INFO] [fetchPendingTasks]: fetchPendingTasks raw[30]: {"code":0,"data":[],"total":0}
[2026-06-12 16:28:01] [hamibot] [INFO]:[INFO] [fetchPendingTasks]: fetchPendingTasks raw[30]: {"code":0,"data":[],"total":0}
[2026-06-12 16:28:16] [hamibot] [INFO]:[INFO] [fetchPendingTasks]: fetchPendingTasks raw[30]: {"code":0,"data":[],"total":0}
[2026-06-12 16:28:32] [hamibot] [INFO]:[INFO] [fetchPendingTasks]: fetchPendingTasks raw[30]: {"code":0,"data":[],"total":0}
[2026-06-12 16:28:47] [hamibot] [INFO]:[INFO] [fetchPendingTasks]: fetchPendingTasks raw[30]: {"code":0,"data":[],"total":0}
[2026-06-12 16:29:02] [hamibot] [INFO]:[INFO] [fetchPendingTasks]: fetchPendingTasks raw[30]: {"code":0,"data":[],"total":0}
[2026-06-12 16:29:18] [hamibot] [INFO]:[INFO] [fetchPendingTasks]: fetchPendingTasks raw[30]: {"code":0,"data":[],"total":0}
[2026-06-12 16:29:33] [hamibot] [INFO]:[INFO] [fetchPendingTasks]: fetchPendingTasks raw[30]: {"code":0,"data":[],"total":0}
[2026-06-12 16:29:48] [hamibot] [INFO]:[INFO] [fetchPendingTasks]: fetchPendingTasks raw[30]: {"code":0,"data":[],"total":0}
[2026-06-12 16:30:03] [hamibot] [INFO]:[INFO] [fetchPendingTasks]: fetchPendingTasks raw[30]: {"code":0,"data":[],"total":0}
[2026-06-12 16:30:18] [hamibot] [INFO]:[INFO] [fetchPendingTasks]: fetchPendingTasks raw[30]: {"code":0,"data":[],"total":0}
[2026-06-12 16:30:33] [hamibot] [INFO]:[INFO] [fetchPendingTasks]: fetchPendingTasks raw[30]: {"code":0,"data":[],"total":0}
[2026-06-12 16:30:48] [hamibot] [INFO]:[INFO] [fetchPendingTasks]: fetchPendingTasks raw[30]: {"code":0,"data":[],"total":0}
[2026-06-12 16:31:03] [hamibot] [INFO]:[INFO] [fetchPendingTasks]: fetchPendingTasks raw[30]: {"code":0,"data":[],"total":0}
[2026-06-12 16:31:18] [hamibot] [INFO]:[INFO] [fetchPendingTasks]: fetchPendingTasks raw[30]: {"code":0,"data":[],"total":0}
[2026-06-12 16:31:33] [hamibot] [INFO]:[INFO] [fetchPendingTasks]: fetchPendingTasks raw[30]: {"code":0,"data":[],"total":0}
[2026-06-12 16:31:48] [hamibot] [INFO]:[INFO] [fetchPendingTasks]: fetchPendingTasks raw[30]: {"code":0,"data":[],"total":0}
[2026-06-12 16:32:04] [hamibot] [INFO]:[INFO] [fetchPendingTasks]: fetchPendingTasks raw[30]: {"code":0,"data":[],"total":0}
[2026-06-12 16:32:19] [hamibot] [INFO]:[INFO] [fetchPendingTasks]: fetchPendingTasks raw[30]: {"code":0,"data":[],"total":0}
[2026-06-12 16:32:34] [hamibot] [INFO]:[INFO] [fetchPendingTasks]: fetchPendingTasks raw[30]: {"code":0,"data":[],"total":0}
[2026-06-12 16:32:49] [hamibot] [INFO]:[INFO] [fetchPendingTasks]: fetchPendingTasks raw[30]: {"code":0,"data":[],"total":0}
[2026-06-12 16:33:04] [hamibot] [INFO]:[INFO] [fetchPendingTasks]: fetchPendingTasks raw[30]: {"code":0,"data":[],"total":0}
[2026-06-12 16:33:20] [hamibot] [INFO]:[INFO] [fetchPendingTasks]: fetchPendingTasks raw[30]: {"code":0,"data":[],"total":0}
[2026-06-12 16:33:35] [hamibot] [INFO]:[INFO] [fetchPendingTasks]: fetchPendingTasks raw[30]: {"code":0,"data":[],"total":0}
[2026-06-12 16:33:50] [hamibot] [INFO]:[INFO] [fetchPendingTasks]: fetchPendingTasks raw[30]: {"code":0,"data":[],"total":0}
[2026-06-12 16:34:06] [hamibot] [INFO]:[INFO] [fetchPendingTasks]: fetchPendingTasks raw[30]: {"code":0,"data":[],"total":0}
[2026-06-12 16:34:21] [hamibot] [INFO]:[INFO] [fetchPendingTasks]: fetchPendingTasks raw[30]: {"code":0,"data":[],"total":0}
[2026-06-12 16:34:36] [hamibot] [INFO]:[INFO] [fetchPendingTasks]: fetchPendingTasks raw[30]: {"code":0,"data":[],"total":0}
[2026-06-12 16:34:51] [hamibot] [INFO]:[INFO] [fetchPendingTasks]: fetchPendingTasks raw[30]: {"code":0,"data":[],"total":0}
[2026-06-12 16:35:06] [hamibot] [INFO]:[INFO] [fetchPendingTasks]: fetchPendingTasks raw[30]: {"code":0,"data":[],"total":0}
[2026-06-12 16:35:21] [hamibot] [INFO]:[INFO] [fetchPendingTasks]: fetchPendingTasks raw[30]: {"code":0,"data":[],"total":0}
[2026-06-12 16:35:36] [hamibot] [INFO]:[INFO] [fetchPendingTasks]: fetchPendingTasks raw[30]: {"code":0,"data":[],"total":0}
[2026-06-12 16:35:51] [hamibot] [INFO]:[INFO] [fetchPendingTasks]: fetchPendingTasks raw[30]: {"code":0,"data":[],"total":0}
[2026-06-12 16:36:06] [hamibot] [INFO]:[INFO] [fetchPendingTasks]: fetchPendingTasks raw[30]: {"code":0,"data":[],"total":0}
[2026-06-12 16:36:22] [hamibot] [INFO]:[INFO] [fetchPendingTasks]: fetchPendingTasks raw[30]: {"code":0,"data":[],"total":0}
[2026-06-12 16:36:37] [hamibot] [INFO]:[INFO] [fetchPendingTasks]: fetchPendingTasks raw[30]: {"code":0,"data":[],"total":0}
[2026-06-12 16:36:52] [hamibot] [INFO]:[INFO] [fetchPendingTasks]: fetchPendingTasks raw[30]: {"code":0,"data":[],"total":0}
[2026-06-12 16:37:07] [hamibot] [INFO]:[INFO] [fetchPendingTasks]: fetchPendingTasks raw[30]: {"code":0,"data":[],"total":0}
[2026-06-12 16:37:22] [hamibot] [INFO]:[INFO] [fetchPendingTasks]: fetchPendingTasks raw[30]: {"code":0,"data":[],"total":0}
[2026-06-12 16:37:38] [hamibot] [INFO]:[INFO] [fetchPendingTasks]: fetchPendingTasks raw[30]: {"code":0,"data":[],"total":0}
[2026-06-12 16:37:53] [hamibot] [INFO]:[INFO] [fetchPendingTasks]: fetchPendingTasks raw[30]: {"code":0,"data":[],"total":0}
[2026-06-12 16:38:08] [hamibot] [INFO]:[INFO] [fetchPendingTasks]: fetchPendingTasks raw[30]: {"code":0,"data":[],"total":0}
[2026-06-12 16:38:23] [hamibot] [INFO]:[INFO] [fetchPendingTasks]: fetchPendingTasks raw[30]: {"code":0,"data":[],"total":0}
[2026-06-12 16:38:38] [hamibot] [INFO]:[INFO] [fetchPendingTasks]: fetchPendingTasks raw[30]: {"code":0,"data":[],"total":0}
[2026-06-12 16:38:54] [hamibot] [INFO]:[INFO] [fetchPendingTasks]: fetchPendingTasks raw[30]: {"code":0,"data":[],"total":0}
[2026-06-12 16:39:09] [hamibot] [INFO]:[INFO] [fetchPendingTasks]: fetchPendingTasks raw[30]: {"code":0,"data":[],"total":0}
[2026-06-12 16:39:24] [hamibot] [INFO]:[INFO] [fetchPendingTasks]: fetchPendingTasks raw[30]: {"code":0,"data":[],"total":0}
[2026-06-12 16:39:39] [hamibot] [INFO]:[INFO] [fetchPendingTasks]: fetchPendingTasks raw[30]: {"code":0,"data":[],"total":0}
[2026-06-12 16:39:54] [hamibot] [INFO]:[INFO] [fetchPendingTasks]: fetchPendingTasks raw[30]: {"code":0,"data":[],"total":0}
[2026-06-12 16:40:09] [hamibot] [INFO]:[INFO] [fetchPendingTasks]: fetchPendingTasks raw[30]: {"code":0,"data":[],"total":0}
[2026-06-12 16:40:25] [hamibot] [INFO]:[INFO] [fetchPendingTasks]: fetchPendingTasks raw[30]: {"code":0,"data":[],"total":0}
[2026-06-12 16:40:40] [hamibot] [INFO]:[INFO] [fetchPendingTasks]: fetchPendingTasks raw[30]: {"code":0,"data":[],"total":0}
[2026-06-12 16:40:55] [hamibot] [INFO]:[INFO] [fetchPendingTasks]: fetchPendingTasks raw[30]: {"code":0,"data":[],"total":0}
[2026-06-12 16:41:10] [hamibot] [INFO]:[INFO] [fetchPendingTasks]: fetchPendingTasks raw[30]: {"code":0,"data":[],"total":0}
[2026-06-12 16:41:25] [hamibot] [INFO]:[INFO] [fetchPendingTasks]: fetchPendingTasks raw[30]: {"code":0,"data":[],"total":0}
[2026-06-12 16:41:40] [hamibot] [INFO]:[INFO] [fetchPendingTasks]: fetchPendingTasks raw[30]: {"code":0,"data":[],"total":0}
[2026-06-12 16:41:55] [hamibot] [INFO]:[INFO] [fetchPendingTasks]: fetchPendingTasks raw[30]: {"code":0,"data":[],"total":0}
[2026-06-12 16:42:11] [hamibot] [INFO]:[INFO] [fetchPendingTasks]: fetchPendingTasks raw[30]: {"code":0,"data":[],"total":0}
[2026-06-12 16:42:26] [hamibot] [INFO]:[INFO] [fetchPendingTasks]: fetchPendingTasks raw[30]: {"code":0,"data":[],"total":0}
[2026-06-12 16:42:41] [hamibot] [INFO]:[INFO] [fetchPendingTasks]: fetchPendingTasks raw[30]: {"code":0,"data":[],"total":0}
[2026-06-12 16:42:56] [hamibot] [INFO]:[INFO] [fetchPendingTasks]: fetchPendingTasks raw[30]: {"code":0,"data":[],"total":0}
[2026-06-12 16:43:12] [hamibot] [INFO]:[INFO] [fetchPendingTasks]: fetchPendingTasks raw[30]: {"code":0,"data":[],"total":0}
[2026-06-12 16:43:27] [hamibot] [INFO]:[INFO] [fetchPendingTasks]: fetchPendingTasks raw[30]: {"code":0,"data":[],"total":0}
[2026-06-12 16:43:42] [hamibot] [INFO]:[INFO] [fetchPendingTasks]: fetchPendingTasks raw[30]: {"code":0,"data":[],"total":0}
[2026-06-12 16:43:57] [hamibot] [INFO]:[INFO] [fetchPendingTasks]: fetchPendingTasks raw[30]: {"code":0,"data":[],"total":0}
[2026-06-12 16:44:12] [hamibot] [INFO]:[INFO] [fetchPendingTasks]: fetchPendingTasks raw[30]: {"code":0,"data":[],"total":0}
[2026-06-12 16:44:28] [hamibot] [INFO]:[INFO] [fetchPendingTasks]: fetchPendingTasks raw[30]: {"code":0,"data":[],"total":0}
[2026-06-12 16:44:43] [hamibot] [INFO]:[INFO] [fetchPendingTasks]: fetchPendingTasks raw[30]: {"code":0,"data":[],"total":0}
[2026-06-12 16:44:58] [hamibot] [INFO]:[INFO] [fetchPendingTasks]: fetchPendingTasks raw[30]: {"code":0,"data":[],"total":0}
[2026-06-12 16:45:13] [hamibot] [INFO]:[INFO] [fetchPendingTasks]: fetchPendingTasks raw[30]: {"code":0,"data":[],"total":0}
[2026-06-12 16:45:28] [hamibot] [INFO]:[INFO] [fetchPendingTasks]: fetchPendingTasks raw[30]: {"code":0,"data":[],"total":0}
[2026-06-12 16:45:43] [hamibot] [INFO]:[INFO] [fetchPendingTasks]: fetchPendingTasks raw[30]: {"code":0,"data":[],"total":0}
[2026-06-12 16:45:59] [hamibot] [INFO]:[INFO] [fetchPendingTasks]: fetchPendingTasks raw[30]: {"code":0,"data":[],"total":0}
[2026-06-12 16:46:14] [hamibot] [INFO]:[INFO] [fetchPendingTasks]: fetchPendingTasks raw[30]: {"code":0,"data":[],"total":0}
[2026-06-12 16:46:29] [hamibot] [INFO]:[INFO] [fetchPendingTasks]: fetchPendingTasks raw[30]: {"code":0,"data":[],"total":0}
[2026-06-12 16:46:44] [hamibot] [INFO]:[INFO] [fetchPendingTasks]: fetchPendingTasks raw[30]: {"code":0,"data":[],"total":0}
[2026-06-12 16:46:59] [hamibot] [INFO]:[INFO] [fetchPendingTasks]: fetchPendingTasks raw[30]: {"code":0,"data":[],"total":0}
[2026-06-12 16:47:14] [hamibot] [INFO]:[INFO] [fetchPendingTasks]: fetchPendingTasks raw[30]: {"code":0,"data":[],"total":0}
[2026-06-12 16:47:29] [hamibot] [INFO]:[INFO] [fetchPendingTasks]: fetchPendingTasks raw[30]: {"code":0,"data":[],"total":0}
[2026-06-12 16:47:44] [hamibot] [INFO]:[INFO] [fetchPendingTasks]: fetchPendingTasks raw[30]: {"code":0,"data":[],"total":0}
[2026-06-12 16:48:00] [hamibot] [INFO]:[INFO] [fetchPendingTasks]: fetchPendingTasks raw[30]: {"code":0,"data":[],"total":0}
[2026-06-12 16:48:15] [hamibot] [INFO]:[INFO] [fetchPendingTasks]: fetchPendingTasks raw[30]: {"code":0,"data":[],"total":0}
[2026-06-12 16:48:30] [hamibot] [INFO]:[INFO] [fetchPendingTasks]: fetchPendingTasks raw[30]: {"code":0,"data":[],"total":0}
[2026-06-12 16:48:45] [hamibot] [INFO]:[INFO] [fetchPendingTasks]: fetchPendingTasks raw[30]: {"code":0,"data":[],"total":0}
[2026-06-12 16:49:00] [hamibot] [INFO]:[INFO] [fetchPendingTasks]: fetchPendingTasks raw[30]: {"code":0,"data":[],"total":0}
[2026-06-12 16:49:15] [hamibot] [INFO]:[INFO] [fetchPendingTasks]: fetchPendingTasks raw[30]: {"code":0,"data":[],"total":0}
[2026-06-12 16:49:30] [hamibot] [INFO]:[INFO] [fetchPendingTasks]: fetchPendingTasks raw[30]: {"code":0,"data":[],"total":0}
[2026-06-12 16:49:45] [hamibot] [INFO]:[INFO] [fetchPendingTasks]: fetchPendingTasks raw[30]: {"code":0,"data":[],"total":0}
[2026-06-12 16:50:00] [hamibot] [INFO]:[INFO] [fetchPendingTasks]: fetchPendingTasks raw[30]: {"code":0,"data":[],"total":0}
[2026-06-12 16:50:15] [hamibot] [INFO]:[INFO] [fetchPendingTasks]: fetchPendingTasks raw[30]: {"code":0,"data":[],"total":0}
[2026-06-12 16:50:31] [hamibot] [INFO]:[INFO] [fetchPendingTasks]: fetchPendingTasks raw[30]: {"code":0,"data":[],"total":0}
[2026-06-12 16:50:46] [hamibot] [INFO]:[INFO] [fetchPendingTasks]: fetchPendingTasks raw[30]: {"code":0,"data":[],"total":0}
[2026-06-12 16:51:01] [hamibot] [INFO]:[INFO] [fetchPendingTasks]: fetchPendingTasks raw[30]: {"code":0,"data":[],"total":0}
[2026-06-12 16:51:16] [hamibot] [INFO]:[INFO] [fetchPendingTasks]: fetchPendingTasks raw[30]: {"code":0,"data":[],"total":0}
[2026-06-12 16:51:31] [hamibot] [INFO]:[INFO] [fetchPendingTasks]: fetchPendingTasks raw[30]: {"code":0,"data":[],"total":0}
[2026-06-12 16:51:46] [hamibot] [INFO]:[INFO] [fetchPendingTasks]: fetchPendingTasks raw[30]: {"code":0,"data":[],"total":0}
[2026-06-12 16:52:02] [hamibot] [INFO]:[INFO] [fetchPendingTasks]: fetchPendingTasks raw[30]: {"code":0,"data":[],"total":0}
[2026-06-12 16:52:17] [hamibot] [INFO]:[INFO] [fetchPendingTasks]: fetchPendingTasks raw[30]: {"code":0,"data":[],"total":0}
[2026-06-12 16:52:32] [hamibot] [INFO]:[INFO] [fetchPendingTasks]: fetchPendingTasks raw[30]: {"code":0,"data":[],"total":0}
[2026-06-12 16:52:47] [hamibot] [INFO]:[INFO] [fetchPendingTasks]: fetchPendingTasks raw[30]: {"code":0,"data":[],"total":0}
[2026-06-12 16:53:02] [hamibot] [INFO]:[INFO] [fetchPendingTasks]: fetchPendingTasks raw[30]: {"code":0,"data":[],"total":0}
[2026-06-12 16:53:17] [hamibot] [INFO]:[INFO] [fetchPendingTasks]: fetchPendingTasks raw[30]: {"code":0,"data":[],"total":0}
[2026-06-12 16:53:32] [hamibot] [INFO]:[INFO] [fetchPendingTasks]: fetchPendingTasks raw[30]: {"code":0,"data":[],"total":0}
[2026-06-12 16:53:47] [hamibot] [INFO]:[INFO] [fetchPendingTasks]: fetchPendingTasks raw[30]: {"code":0,"data":[],"total":0}
[2026-06-12 16:54:02] [hamibot] [INFO]:[INFO] [fetchPendingTasks]: fetchPendingTasks raw[30]: {"code":0,"data":[],"total":0}
[2026-06-12 16:54:17] [hamibot] [INFO]:[INFO] [fetchPendingTasks]: fetchPendingTasks raw[30]: {"code":0,"data":[],"total":0}
[2026-06-12 16:54:33] [hamibot] [INFO]:[INFO] [fetchPendingTasks]: fetchPendingTasks raw[30]: {"code":0,"data":[],"total":0}
[2026-06-12 16:54:48] [hamibot] [INFO]:[INFO] [fetchPendingTasks]: fetchPendingTasks raw[30]: {"code":0,"data":[],"total":0}
[2026-06-12 16:55:03] [hamibot] [INFO]:[INFO] [fetchPendingTasks]: fetchPendingTasks raw[30]: {"code":0,"data":[],"total":0}
[2026-06-12 16:55:19] [hamibot] [INFO]:[INFO] [fetchPendingTasks]: fetchPendingTasks raw[30]: {"code":0,"data":[],"total":0}
[2026-06-12 16:55:34] [hamibot] [INFO]:[INFO] [fetchPendingTasks]: fetchPendingTasks raw[30]: {"code":0,"data":[],"total":0}
[2026-06-12 16:55:49] [hamibot] [INFO]:[INFO] [fetchPendingTasks]: fetchPendingTasks raw[30]: {"code":0,"data":[],"total":0}
[2026-06-12 16:56:04] [hamibot] [INFO]:[INFO] [fetchPendingTasks]: fetchPendingTasks raw[30]: {"code":0,"data":[],"total":0}
[2026-06-12 16:56:20] [hamibot] [INFO]:[INFO] [fetchPendingTasks]: fetchPendingTasks raw[30]: {"code":0,"data":[],"total":0}
[2026-06-12 16:56:35] [hamibot] [INFO]:[INFO] [fetchPendingTasks]: fetchPendingTasks raw[30]: {"code":0,"data":[],"total":0}
[2026-06-12 16:56:50] [hamibot] [INFO]:[INFO] [fetchPendingTasks]: fetchPendingTasks raw[30]: {"code":0,"data":[],"total":0}
[2026-06-12 16:57:05] [hamibot] [INFO]:[INFO] [fetchPendingTasks]: fetchPendingTasks raw[30]: {"code":0,"data":[],"total":0}
[2026-06-12 16:57:21] [hamibot] [INFO]:[INFO] [fetchPendingTasks]: fetchPendingTasks raw[30]: {"code":0,"data":[],"total":0}
[2026-06-12 16:57:36] [hamibot] [INFO]:[INFO] [fetchPendingTasks]: fetchPendingTasks raw[30]: {"code":0,"data":[],"total":0}
[2026-06-12 16:57:52] [hamibot] [INFO]:[INFO] [fetchPendingTasks]: fetchPendingTasks raw[30]: {"code":0,"data":[],"total":0}
[2026-06-12 16:58:07] [hamibot] [INFO]:[INFO] [fetchPendingTasks]: fetchPendingTasks raw[30]: {"code":0,"data":[],"total":0}
[2026-06-12 16:58:22] [hamibot] [INFO]:[INFO] [fetchPendingTasks]: fetchPendingTasks raw[30]: {"code":0,"data":[],"total":0}
[2026-06-12 16:58:37] [hamibot] [INFO]:[INFO] [fetchPendingTasks]: fetchPendingTasks raw[30]: {"code":0,"data":[],"total":0}
[2026-06-12 16:58:52] [hamibot] [INFO]:[INFO] [fetchPendingTasks]: fetchPendingTasks raw[30]: {"code":0,"data":[],"total":0}
[2026-06-12 16:59:08] [hamibot] [INFO]:[INFO] [fetchPendingTasks]: fetchPendingTasks raw[30]: {"code":0,"data":[],"total":0}
[2026-06-12 16:59:23] [hamibot] [INFO]:[INFO] [fetchPendingTasks]: fetchPendingTasks raw[30]: {"code":0,"data":[],"total":0}
[2026-06-12 16:59:38] [hamibot] [INFO]:[INFO] [fetchPendingTasks]: fetchPendingTasks raw[30]: {"code":0,"data":[],"total":0}
[2026-06-12 16:59:53] [hamibot] [INFO]:[INFO] [fetchPendingTasks]: fetchPendingTasks raw[30]: {"code":0,"data":[],"total":0}
[2026-06-12 17:00:09] [hamibot] [INFO]:[INFO] [fetchPendingTasks]: fetchPendingTasks raw[30]: {"code":0,"data":[],"total":0}
[2026-06-12 17:00:24] [hamibot] [INFO]:[INFO] [fetchPendingTasks]: fetchPendingTasks raw[30]: {"code":0,"data":[],"total":0}
[2026-06-12 17:00:39] [hamibot] [INFO]:[INFO] [fetchPendingTasks]: fetchPendingTasks raw[30]: {"code":0,"data":[],"total":0}
[2026-06-12 17:00:55] [hamibot] [INFO]:[INFO] [fetchPendingTasks]: fetchPendingTasks raw[30]: {"code":0,"data":[],"total":0}
[2026-06-12 17:01:10] [hamibot] [INFO]:[INFO] [fetchPendingTasks]: fetchPendingTasks raw[30]: {"code":0,"data":[],"total":0}
[2026-06-12 17:01:25] [hamibot] [INFO]:[INFO] [fetchPendingTasks]: fetchPendingTasks raw[30]: {"code":0,"data":[],"total":0}
[2026-06-12 17:01:40] [hamibot] [INFO]:[INFO] [fetchPendingTasks]: fetchPendingTasks raw[30]: {"code":0,"data":[],"total":0}
[2026-06-12 17:01:56] [hamibot] [INFO]:[INFO] [fetchPendingTasks]: fetchPendingTasks raw[30]: {"code":0,"data":[],"total":0}
[2026-06-12 17:02:12] [hamibot] [INFO]:[INFO] [fetchPendingTasks]: fetchPendingTasks raw[30]: {"code":0,"data":[],"total":0}
[2026-06-12 17:02:28] [hamibot] [INFO]:[INFO] [fetchPendingTasks]: fetchPendingTasks raw[30]: {"code":0,"data":[],"total":0}
[2026-06-12 17:02:44] [hamibot] [INFO]:[INFO] [fetchPendingTasks]: fetchPendingTasks raw[30]: {"code":0,"data":[],"total":0}
[2026-06-12 17:02:59] [hamibot] [INFO]:[INFO] [fetchPendingTasks]: fetchPendingTasks raw[30]: {"code":0,"data":[],"total":0}
[2026-06-12 17:03:15] [hamibot] [INFO]:[INFO] [fetchPendingTasks]: fetchPendingTasks raw[30]: {"code":0,"data":[],"total":0}
[2026-06-12 17:03:30] [hamibot] [INFO]:[INFO] [fetchPendingTasks]: fetchPendingTasks raw[30]: {"code":0,"data":[],"total":0}
[2026-06-12 17:03:46] [hamibot] [INFO]:[INFO] [fetchPendingTasks]: fetchPendingTasks raw[30]: {"code":0,"data":[],"total":0}
[2026-06-12 17:04:01] [hamibot] [INFO]:[INFO] [fetchPendingTasks]: fetchPendingTasks raw[30]: {"code":0,"data":[],"total":0}
[2026-06-12 17:04:16] [hamibot] [INFO]:[INFO] [fetchPendingTasks]: fetchPendingTasks raw[30]: {"code":0,"data":[],"total":0}
[2026-06-12 17:04:31] [hamibot] [INFO]:[INFO] [fetchPendingTasks]: fetchPendingTasks raw[30]: {"code":0,"data":[],"total":0}
[2026-06-12 17:04:47] [hamibot] [INFO]:[INFO] [fetchPendingTasks]: fetchPendingTasks raw[30]: {"code":0,"data":[],"total":0}
[2026-06-12 17:05:02] [hamibot] [INFO]:[INFO] [fetchPendingTasks]: fetchPendingTasks raw[30]: {"code":0,"data":[],"total":0}
[2026-06-12 17:05:17] [hamibot] [INFO]:[INFO] [fetchPendingTasks]: fetchPendingTasks raw[30]: {"code":0,"data":[],"total":0}
[2026-06-12 17:05:32] [hamibot] [INFO]:[INFO] [fetchPendingTasks]: fetchPendingTasks raw[30]: {"code":0,"data":[],"total":0}
[2026-06-12 17:05:47] [hamibot] [INFO]:[INFO] [fetchPendingTasks]: fetchPendingTasks raw[30]: {"code":0,"data":[],"total":0}
[2026-06-12 17:06:02] [hamibot] [INFO]:[INFO] [fetchPendingTasks]: fetchPendingTasks raw[30]: {"code":0,"data":[],"total":0}
[2026-06-12 17:06:18] [hamibot] [INFO]:[INFO] [fetchPendingTasks]: fetchPendingTasks raw[30]: {"code":0,"data":[],"total":0}
[2026-06-12 17:06:35] [hamibot] [INFO]:[INFO] [fetchPendingTasks]: fetchPendingTasks raw[30]: {"code":0,"data":[],"total":0}
[2026-06-12 17:06:53] [hamibot] [INFO]:[INFO] [fetchPendingTasks]: fetchPendingTasks raw[30]: {"code":0,"data":[],"total":0}
[2026-06-12 17:07:08] [hamibot] [INFO]:[INFO] [fetchPendingTasks]: fetchPendingTasks raw[30]: {"code":0,"data":[],"total":0}
[2026-06-12 17:07:23] [hamibot] [INFO]:[INFO] [fetchPendingTasks]: fetchPendingTasks raw[30]: {"code":0,"data":[],"total":0}
[2026-06-12 17:07:39] [hamibot] [INFO]:[INFO] [fetchPendingTasks]: fetchPendingTasks raw[30]: {"code":0,"data":[],"total":0}
[2026-06-12 17:07:54] [hamibot] [INFO]:[INFO] [fetchPendingTasks]: fetchPendingTasks raw[30]: {"code":0,"data":[],"total":0}
[2026-06-12 17:08:09] [hamibot] [INFO]:[INFO] [fetchPendingTasks]: fetchPendingTasks raw[30]: {"code":0,"data":[],"total":0}
[2026-06-12 17:08:24] [hamibot] [INFO]:[INFO] [fetchPendingTasks]: fetchPendingTasks raw[30]: {"code":0,"data":[],"total":0}
[2026-06-12 17:08:39] [hamibot] [INFO]:[INFO] [fetchPendingTasks]: fetchPendingTasks raw[30]: {"code":0,"data":[],"total":0}
[2026-06-12 17:08:55] [hamibot] [INFO]:[INFO] [fetchPendingTasks]: fetchPendingTasks raw[30]: {"code":0,"data":[],"total":0}
[2026-06-12 17:09:10] [hamibot] [INFO]:[INFO] [fetchPendingTasks]: fetchPendingTasks raw[30]: {"code":0,"data":[],"total":0}
[2026-06-12 17:09:25] [hamibot] [INFO]:[INFO] [fetchPendingTasks]: fetchPendingTasks raw[30]: {"code":0,"data":[],"total":0}
[2026-06-12 17:09:41] [hamibot] [INFO]:[INFO] [fetchPendingTasks]: fetchPendingTasks raw[30]: {"code":0,"data":[],"total":0}
[2026-06-12 17:09:58] [hamibot] [INFO]:[INFO] [fetchPendingTasks]: fetchPendingTasks raw[30]: {"code":0,"data":[],"total":0}
[2026-06-12 17:10:14] [hamibot] [INFO]:[INFO] [fetchPendingTasks]: fetchPendingTasks raw[30]: {"code":0,"data":[],"total":0}
[2026-06-12 17:10:29] [hamibot] [INFO]:[INFO] [fetchPendingTasks]: fetchPendingTasks raw[30]: {"code":0,"data":[],"total":0}
[2026-06-12 17:10:44] [hamibot] [INFO]:[INFO] [fetchPendingTasks]: fetchPendingTasks raw[30]: {"code":0,"data":[],"total":0}
[2026-06-12 17:10:59] [hamibot] [INFO]:[INFO] [fetchPendingTasks]: fetchPendingTasks raw[30]: {"code":0,"data":[],"total":0}
[2026-06-12 17:11:14] [hamibot] [INFO]:[INFO] [fetchPendingTasks]: fetchPendingTasks raw[30]: {"code":0,"data":[],"total":0}
[2026-06-12 17:11:29] [hamibot] [INFO]:[INFO] [fetchPendingTasks]: fetchPendingTasks raw[30]: {"code":0,"data":[],"total":0}
[2026-06-12 17:11:44] [hamibot] [INFO]:[INFO] [fetchPendingTasks]: fetchPendingTasks raw[30]: {"code":0,"data":[],"total":0}
[2026-06-12 17:11:59] [hamibot] [INFO]:[INFO] [fetchPendingTasks]: fetchPendingTasks raw[30]: {"code":0,"data":[],"total":0}
[2026-06-12 17:12:14] [hamibot] [INFO]:[INFO] [fetchPendingTasks]: fetchPendingTasks raw[30]: {"code":0,"data":[],"total":0}
[2026-06-12 17:12:30] [hamibot] [INFO]:[INFO] [fetchPendingTasks]: fetchPendingTasks raw[30]: {"code":0,"data":[],"total":0}
[2026-06-12 17:12:45] [hamibot] [INFO]:[INFO] [fetchPendingTasks]: fetchPendingTasks raw[30]: {"code":0,"data":[],"total":0}
[2026-06-12 17:13:00] [hamibot] [INFO]:[INFO] [fetchPendingTasks]: fetchPendingTasks raw[30]: {"code":0,"data":[],"total":0}
[2026-06-12 17:13:15] [hamibot] [INFO]:[INFO] [fetchPendingTasks]: fetchPendingTasks raw[30]: {"code":0,"data":[],"total":0}
[2026-06-12 17:13:31] [hamibot] [INFO]:[INFO] [fetchPendingTasks]: fetchPendingTasks raw[30]: {"code":0,"data":[],"total":0}
[2026-06-12 17:13:46] [hamibot] [INFO]:[INFO] [fetchPendingTasks]: fetchPendingTasks raw[30]: {"code":0,"data":[],"total":0}
[2026-06-12 17:14:01] [hamibot] [INFO]:[INFO] [fetchPendingTasks]: fetchPendingTasks raw[30]: {"code":0,"data":[],"total":0}
[2026-06-12 17:14:17] [hamibot] [INFO]:[INFO] [fetchPendingTasks]: fetchPendingTasks raw[30]: {"code":0,"data":[],"total":0}
[2026-06-12 17:14:32] [hamibot] [INFO]:[INFO] [fetchPendingTasks]: fetchPendingTasks raw[30]: {"code":0,"data":[],"total":0}
[2026-06-12 17:14:47] [hamibot] [INFO]:[INFO] [fetchPendingTasks]: fetchPendingTasks raw[30]: {"code":0,"data":[],"total":0}
[2026-06-12 17:15:02] [hamibot] [INFO]:[INFO] [fetchPendingTasks]: fetchPendingTasks raw[30]: {"code":0,"data":[],"total":0}
[2026-06-12 17:15:17] [hamibot] [INFO]:[INFO] [fetchPendingTasks]: fetchPendingTasks raw[30]: {"code":0,"data":[],"total":0}
[2026-06-12 17:15:32] [hamibot] [INFO]:[INFO] [fetchPendingTasks]: fetchPendingTasks raw[30]: {"code":0,"data":[],"total":0}
[2026-06-12 17:15:47] [hamibot] [INFO]:[INFO] [fetchPendingTasks]: fetchPendingTasks raw[30]: {"code":0,"data":[],"total":0}
[2026-06-12 17:16:03] [hamibot] [INFO]:[INFO] [fetchPendingTasks]: fetchPendingTasks raw[30]: {"code":0,"data":[],"total":0}
[2026-06-12 17:16:18] [hamibot] [INFO]:[INFO] [fetchPendingTasks]: fetchPendingTasks raw[30]: {"code":0,"data":[],"total":0}
[2026-06-12 17:16:33] [hamibot] [INFO]:[INFO] [fetchPendingTasks]: fetchPendingTasks raw[30]: {"code":0,"data":[],"total":0}
[2026-06-12 17:16:48] [hamibot] [INFO]:[INFO] [fetchPendingTasks]: fetchPendingTasks raw[30]: {"code":0,"data":[],"total":0}
[2026-06-12 17:17:03] [hamibot] [INFO]:[INFO] [fetchPendingTasks]: fetchPendingTasks raw[30]: {"code":0,"data":[],"total":0}
[2026-06-12 17:17:18] [hamibot] [INFO]:[INFO] [fetchPendingTasks]: fetchPendingTasks raw[30]: {"code":0,"data":[],"total":0}
[2026-06-12 17:17:43] [hamibot] [INFO]:[INFO] [fetchPendingTasks]: fetchPendingTasks raw[30]: {"code":0,"data":[],"total":0}
[2026-06-12 17:19:03] [hamibot] [INFO]:[INFO] [fetchPendingTasks]: fetchPendingTasks raw[30]: {"code":0,"data":[],"total":0}
[2026-06-12 17:19:18] [hamibot] [INFO]:[INFO] [fetchPendingTasks]: fetchPendingTasks raw[30]: {"code":0,"data":[],"total":0}
[2026-06-12 17:19:33] [hamibot] [INFO]:[INFO] [fetchPendingTasks]: fetchPendingTasks raw[30]: {"code":0,"data":[],"total":0}
[2026-06-12 17:19:48] [hamibot] [INFO]:[INFO] [fetchPendingTasks]: fetchPendingTasks raw[30]: {"code":0,"data":[],"total":0}
[2026-06-12 17:20:03] [hamibot] [INFO]:[INFO] [fetchPendingTasks]: fetchPendingTasks raw[30]: {"code":0,"data":[],"total":0}
[2026-06-12 17:20:19] [hamibot] [INFO]:[INFO] [fetchPendingTasks]: fetchPendingTasks raw[30]: {"code":0,"data":[],"total":0}
[2026-06-12 17:20:34] [hamibot] [INFO]:[INFO] [fetchPendingTasks]: fetchPendingTasks raw[30]: {"code":0,"data":[],"total":0}
[2026-06-12 17:20:49] [hamibot] [INFO]:[INFO] [fetchPendingTasks]: fetchPendingTasks raw[30]: {"code":0,"data":[],"total":0}
[2026-06-12 17:21:04] [hamibot] [INFO]:[INFO] [fetchPendingTasks]: fetchPendingTasks raw[30]: {"code":0,"data":[],"total":0}
[2026-06-12 17:21:19] [hamibot] [INFO]:[INFO] [fetchPendingTasks]: fetchPendingTasks raw[30]: {"code":0,"data":[],"total":0}
[2026-06-12 17:21:34] [hamibot] [INFO]:[INFO] [fetchPendingTasks]: fetchPendingTasks raw[30]: {"code":0,"data":[],"total":0}
[2026-06-12 17:21:49] [hamibot] [INFO]:[INFO] [fetchPendingTasks]: fetchPendingTasks raw[30]: {"code":0,"data":[],"total":0}
[2026-06-12 17:22:04] [hamibot] [INFO]:[INFO] [fetchPendingTasks]: fetchPendingTasks raw[30]: {"code":0,"data":[],"total":0}
[2026-06-12 17:22:19] [hamibot] [INFO]:[INFO] [fetchPendingTasks]: fetchPendingTasks raw[30]: {"code":0,"data":[],"total":0}
[2026-06-12 17:22:34] [hamibot] [INFO]:[INFO] [fetchPendingTasks]: fetchPendingTasks raw[30]: {"code":0,"data":[],"total":0}
[2026-06-12 17:22:49] [hamibot] [INFO]:[INFO] [fetchPendingTasks]: fetchPendingTasks raw[30]: {"code":0,"data":[],"total":0}
[2026-06-12 17:23:05] [hamibot] [INFO]:[INFO] [fetchPendingTasks]: fetchPendingTasks raw[30]: {"code":0,"data":[],"total":0}
[2026-06-12 17:23:20] [hamibot] [INFO]:[INFO] [fetchPendingTasks]: fetchPendingTasks raw[30]: {"code":0,"data":[],"total":0}
[2026-06-12 17:23:35] [hamibot] [INFO]:[INFO] [fetchPendingTasks]: fetchPendingTasks raw[30]: {"code":0,"data":[],"total":0}
[2026-06-12 17:23:50] [hamibot] [INFO]:[INFO] [fetchPendingTasks]: fetchPendingTasks raw[30]: {"code":0,"data":[],"total":0}
[2026-06-12 17:24:05] [hamibot] [INFO]:[INFO] [fetchPendingTasks]: fetchPendingTasks raw[30]: {"code":0,"data":[],"total":0}
[2026-06-12 17:24:20] [hamibot] [INFO]:[INFO] [fetchPendingTasks]: fetchPendingTasks raw[30]: {"code":0,"data":[],"total":0}
[2026-06-12 17:24:35] [hamibot] [INFO]:[INFO] [fetchPendingTasks]: fetchPendingTasks raw[30]: {"code":0,"data":[],"total":0}
[2026-06-12 17:24:50] [hamibot] [INFO]:[INFO] [fetchPendingTasks]: fetchPendingTasks raw[30]: {"code":0,"data":[],"total":0}
[2026-06-12 17:25:06] [hamibot] [INFO]:[INFO] [fetchPendingTasks]: fetchPendingTasks raw[30]: {"code":0,"data":[],"total":0}
[2026-06-12 17:25:21] [hamibot] [INFO]:[INFO] [fetchPendingTasks]: fetchPendingTasks raw[30]: {"code":0,"data":[],"total":0}
[2026-06-12 17:25:36] [hamibot] [INFO]:[INFO] [fetchPendingTasks]: fetchPendingTasks raw[30]: {"code":0,"data":[],"total":0}
[2026-06-12 17:25:51] [hamibot] [INFO]:[INFO] [fetchPendingTasks]: fetchPendingTasks raw[30]: {"code":0,"data":[],"total":0}
[2026-06-12 17:26:06] [hamibot] [INFO]:[INFO] [fetchPendingTasks]: fetchPendingTasks raw[30]: {"code":0,"data":[],"total":0}
[2026-06-12 17:26:21] [hamibot] [INFO]:[INFO] [fetchPendingTasks]: fetchPendingTasks raw[30]: {"code":0,"data":[],"total":0}
[2026-06-12 17:26:36] [hamibot] [INFO]:[INFO] [fetchPendingTasks]: fetchPendingTasks raw[30]: {"code":0,"data":[],"total":0}
[2026-06-12 17:26:52] [hamibot] [INFO]:[INFO] [fetchPendingTasks]: fetchPendingTasks raw[30]: {"code":0,"data":[],"total":0}
[2026-06-12 17:27:07] [hamibot] [INFO]:[INFO] [fetchPendingTasks]: fetchPendingTasks raw[30]: {"code":0,"data":[],"total":0}
[2026-06-12 17:27:22] [hamibot] [INFO]:[INFO] [fetchPendingTasks]: fetchPendingTasks raw[30]: {"code":0,"data":[],"total":0}
[2026-06-12 17:27:38] [hamibot] [INFO]:[INFO] [fetchPendingTasks]: fetchPendingTasks raw[30]: {"code":0,"data":[],"total":0}
[2026-06-12 17:27:54] [hamibot] [INFO]:[INFO] [fetchPendingTasks]: fetchPendingTasks raw[30]: {"code":0,"data":[],"total":0}
[2026-06-12 17:28:09] [hamibot] [INFO]:[INFO] [fetchPendingTasks]: fetchPendingTasks raw[30]: {"code":0,"data":[],"total":0}
[2026-06-12 17:28:24] [hamibot] [INFO]:[INFO] [fetchPendingTasks]: fetchPendingTasks raw[30]: {"code":0,"data":[],"total":0}
[2026-06-12 17:28:39] [hamibot] [INFO]:[INFO] [fetchPendingTasks]: fetchPendingTasks raw[30]: {"code":0,"data":[],"total":0}
[2026-06-12 17:28:54] [hamibot] [INFO]:[INFO] [fetchPendingTasks]: fetchPendingTasks raw[30]: {"code":0,"data":[],"total":0}
[2026-06-12 17:29:10] [hamibot] [INFO]:[INFO] [fetchPendingTasks]: fetchPendingTasks raw[30]: {"code":0,"data":[],"total":0}
[2026-06-12 17:29:25] [hamibot] [INFO]:[INFO] [fetchPendingTasks]: fetchPendingTasks raw[30]: {"code":0,"data":[],"total":0}
[2026-06-12 17:29:41] [hamibot] [INFO]:[INFO] [fetchPendingTasks]: fetchPendingTasks raw[30]: {"code":0,"data":[],"total":0}
[2026-06-12 17:29:56] [hamibot] [INFO]:[INFO] [fetchPendingTasks]: fetchPendingTasks raw[30]: {"code":0,"data":[],"total":0}
[2026-06-12 17:30:11] [hamibot] [INFO]:[INFO] [fetchPendingTasks]: fetchPendingTasks raw[30]: {"code":0,"data":[],"total":0}
[2026-06-12 17:30:26] [hamibot] [INFO]:[INFO] [fetchPendingTasks]: fetchPendingTasks raw[30]: {"code":0,"data":[],"total":0}
[2026-06-12 17:30:41] [hamibot] [INFO]:[INFO] [fetchPendingTasks]: fetchPendingTasks raw[30]: {"code":0,"data":[],"total":0}
[2026-06-12 17:30:57] [hamibot] [INFO]:[INFO] [fetchPendingTasks]: fetchPendingTasks raw[30]: {"code":0,"data":[],"total":0}
[2026-06-12 17:31:12] [hamibot] [INFO]:[INFO] [fetchPendingTasks]: fetchPendingTasks raw[30]: {"code":0,"data":[],"total":0}
[2026-06-12 17:31:27] [hamibot] [INFO]:[INFO] [fetchPendingTasks]: fetchPendingTasks raw[30]: {"code":0,"data":[],"total":0}
[2026-06-12 17:31:42] [hamibot] [INFO]:[INFO] [fetchPendingTasks]: fetchPendingTasks raw[30]: {"code":0,"data":[],"total":0}
[2026-06-12 17:31:57] [hamibot] [INFO]:[INFO] [fetchPendingTasks]: fetchPendingTasks raw[30]: {"code":0,"data":[],"total":0}
[2026-06-12 17:32:12] [hamibot] [INFO]:[INFO] [fetchPendingTasks]: fetchPendingTasks raw[30]: {"code":0,"data":[],"total":0}
[2026-06-12 17:32:27] [hamibot] [INFO]:[INFO] [fetchPendingTasks]: fetchPendingTasks raw[30]: {"code":0,"data":[],"total":0}
[2026-06-12 17:32:43] [hamibot] [INFO]:[INFO] [fetchPendingTasks]: fetchPendingTasks raw[30]: {"code":0,"data":[],"total":0}
[2026-06-12 17:32:58] [hamibot] [INFO]:[INFO] [fetchPendingTasks]: fetchPendingTasks raw[30]: {"code":0,"data":[],"total":0}
[2026-06-12 17:33:13] [hamibot] [INFO]:[INFO] [fetchPendingTasks]: fetchPendingTasks raw[30]: {"code":0,"data":[],"total":0}
[2026-06-12 17:33:28] [hamibot] [INFO]:[INFO] [fetchPendingTasks]: fetchPendingTasks raw[30]: {"code":0,"data":[],"total":0}
[2026-06-12 17:33:43] [hamibot] [INFO]:[INFO] [fetchPendingTasks]: fetchPendingTasks raw[30]: {"code":0,"data":[],"total":0}
[2026-06-12 17:33:58] [hamibot] [INFO]:[INFO] [fetchPendingTasks]: fetchPendingTasks raw[30]: {"code":0,"data":[],"total":0}
[2026-06-12 17:34:13] [hamibot] [INFO]:[INFO] [fetchPendingTasks]: fetchPendingTasks raw[30]: {"code":0,"data":[],"total":0}
[2026-06-12 17:34:28] [hamibot] [INFO]:[INFO] [fetchPendingTasks]: fetchPendingTasks raw[30]: {"code":0,"data":[],"total":0}
[2026-06-12 17:34:44] [hamibot] [INFO]:[INFO] [fetchPendingTasks]: fetchPendingTasks raw[30]: {"code":0,"data":[],"total":0}
[2026-06-12 17:34:59] [hamibot] [INFO]:[INFO] [fetchPendingTasks]: fetchPendingTasks raw[30]: {"code":0,"data":[],"total":0}
[2026-06-12 17:35:14] [hamibot] [INFO]:[INFO] [fetchPendingTasks]: fetchPendingTasks raw[30]: {"code":0,"data":[],"total":0}
[2026-06-12 17:35:29] [hamibot] [INFO]:[INFO] [fetchPendingTasks]: fetchPendingTasks raw[30]: {"code":0,"data":[],"total":0}
[2026-06-12 17:35:44] [hamibot] [INFO]:[INFO] [fetchPendingTasks]: fetchPendingTasks raw[30]: {"code":0,"data":[],"total":0}
[2026-06-12 17:35:59] [hamibot] [INFO]:[INFO] [fetchPendingTasks]: fetchPendingTasks raw[30]: {"code":0,"data":[],"total":0}
[2026-06-12 17:36:14] [hamibot] [INFO]:[INFO] [fetchPendingTasks]: fetchPendingTasks raw[30]: {"code":0,"data":[],"total":0}
[2026-06-12 17:36:29] [hamibot] [INFO]:[INFO] [fetchPendingTasks]: fetchPendingTasks raw[30]: {"code":0,"data":[],"total":0}
[2026-06-12 17:36:45] [hamibot] [INFO]:[INFO] [fetchPendingTasks]: fetchPendingTasks raw[30]: {"code":0,"data":[],"total":0}
[2026-06-12 17:37:00] [hamibot] [INFO]:[INFO] [fetchPendingTasks]: fetchPendingTasks raw[30]: {"code":0,"data":[],"total":0}
[2026-06-12 17:37:15] [hamibot] [INFO]:[INFO] [fetchPendingTasks]: fetchPendingTasks raw[30]: {"code":0,"data":[],"total":0}
[2026-06-12 17:37:30] [hamibot] [INFO]:[INFO] [fetchPendingTasks]: fetchPendingTasks raw[30]: {"code":0,"data":[],"total":0}
[2026-06-12 17:37:45] [hamibot] [INFO]:[INFO] [fetchPendingTasks]: fetchPendingTasks raw[30]: {"code":0,"data":[],"total":0}
[2026-06-12 17:38:00] [hamibot] [INFO]:[INFO] [fetchPendingTasks]: fetchPendingTasks raw[30]: {"code":0,"data":[],"total":0}
[2026-06-12 17:38:15] [hamibot] [INFO]:[INFO] [fetchPendingTasks]: fetchPendingTasks raw[30]: {"code":0,"data":[],"total":0}
[2026-06-12 17:38:30] [hamibot] [INFO]:[INFO] [fetchPendingTasks]: fetchPendingTasks raw[30]: {"code":0,"data":[],"total":0}
[2026-06-12 17:38:45] [hamibot] [INFO]:[INFO] [fetchPendingTasks]: fetchPendingTasks raw[30]: {"code":0,"data":[],"total":0}
[2026-06-12 17:39:00] [hamibot] [INFO]:[INFO] [fetchPendingTasks]: fetchPendingTasks raw[30]: {"code":0,"data":[],"total":0}
[2026-06-12 17:39:15] [hamibot] [INFO]:[INFO] [fetchPendingTasks]: fetchPendingTasks raw[30]: {"code":0,"data":[],"total":0}
[2026-06-12 17:39:31] [hamibot] [INFO]:[INFO] [fetchPendingTasks]: fetchPendingTasks raw[30]: {"code":0,"data":[],"total":0}
[2026-06-12 17:39:46] [hamibot] [INFO]:[INFO] [fetchPendingTasks]: fetchPendingTasks raw[30]: {"code":0,"data":[],"total":0}
[2026-06-12 17:40:01] [hamibot] [INFO]:[INFO] [fetchPendingTasks]: fetchPendingTasks raw[30]: {"code":0,"data":[],"total":0}
[2026-06-12 17:40:16] [hamibot] [INFO]:[INFO] [fetchPendingTasks]: fetchPendingTasks raw[30]: {"code":0,"data":[],"total":0}
[2026-06-12 17:40:31] [hamibot] [INFO]:[INFO] [fetchPendingTasks]: fetchPendingTasks raw[30]: {"code":0,"data":[],"total":0}
[2026-06-12 17:40:46] [hamibot] [INFO]:[INFO] [fetchPendingTasks]: fetchPendingTasks raw[30]: {"code":0,"data":[],"total":0}
[2026-06-12 17:41:01] [hamibot] [INFO]:[INFO] [fetchPendingTasks]: fetchPendingTasks raw[30]: {"code":0,"data":[],"total":0}
[2026-06-12 17:41:17] [hamibot] [INFO]:[INFO] [fetchPendingTasks]: fetchPendingTasks raw[30]: {"code":0,"data":[],"total":0}
[2026-06-12 17:41:32] [hamibot] [INFO]:[INFO] [fetchPendingTasks]: fetchPendingTasks raw[30]: {"code":0,"data":[],"total":0}
[2026-06-12 17:41:47] [hamibot] [INFO]:[INFO] [fetchPendingTasks]: fetchPendingTasks raw[30]: {"code":0,"data":[],"total":0}
[2026-06-12 17:42:02] [hamibot] [INFO]:[INFO] [fetchPendingTasks]: fetchPendingTasks raw[30]: {"code":0,"data":[],"total":0}
[2026-06-12 17:42:18] [hamibot] [INFO]:[INFO] [fetchPendingTasks]: fetchPendingTasks raw[30]: {"code":0,"data":[],"total":0}
[2026-06-12 17:42:33] [hamibot] [INFO]:[INFO] [fetchPendingTasks]: fetchPendingTasks raw[30]: {"code":0,"data":[],"total":0}
[2026-06-12 17:42:48] [hamibot] [INFO]:[INFO] [fetchPendingTasks]: fetchPendingTasks raw[30]: {"code":0,"data":[],"total":0}
[2026-06-12 17:43:03] [hamibot] [INFO]:[INFO] [fetchPendingTasks]: fetchPendingTasks raw[30]: {"code":0,"data":[],"total":0}
[2026-06-12 17:43:18] [hamibot] [INFO]:[INFO] [fetchPendingTasks]: fetchPendingTasks raw[30]: {"code":0,"data":[],"total":0}
[2026-06-12 17:43:33] [hamibot] [INFO]:[INFO] [fetchPendingTasks]: fetchPendingTasks raw[30]: {"code":0,"data":[],"total":0}
[2026-06-12 17:43:48] [hamibot] [INFO]:[INFO] [fetchPendingTasks]: fetchPendingTasks raw[30]: {"code":0,"data":[],"total":0}
[2026-06-12 17:44:04] [hamibot] [INFO]:[INFO] [fetchPendingTasks]: fetchPendingTasks raw[30]: {"code":0,"data":[],"total":0}
[2026-06-12 17:44:19] [hamibot] [INFO]:[INFO] [fetchPendingTasks]: fetchPendingTasks raw[30]: {"code":0,"data":[],"total":0}
[2026-06-12 17:44:34] [hamibot] [INFO]:[INFO] [fetchPendingTasks]: fetchPendingTasks raw[30]: {"code":0,"data":[],"total":0}
[2026-06-12 17:44:49] [hamibot] [INFO]:[INFO] [fetchPendingTasks]: fetchPendingTasks raw[30]: {"code":0,"data":[],"total":0}
[2026-06-12 17:45:04] [hamibot] [INFO]:[INFO] [fetchPendingTasks]: fetchPendingTasks raw[30]: {"code":0,"data":[],"total":0}
[2026-06-12 17:45:19] [hamibot] [INFO]:[INFO] [fetchPendingTasks]: fetchPendingTasks raw[30]: {"code":0,"data":[],"total":0}
[2026-06-12 17:45:35] [hamibot] [INFO]:[INFO] [fetchPendingTasks]: fetchPendingTasks raw[30]: {"code":0,"data":[],"total":0}
[2026-06-12 17:45:50] [hamibot] [INFO]:[INFO] [fetchPendingTasks]: fetchPendingTasks raw[30]: {"code":0,"data":[],"total":0}
[2026-06-12 17:46:05] [hamibot] [INFO]:[INFO] [fetchPendingTasks]: fetchPendingTasks raw[30]: {"code":0,"data":[],"total":0}
[2026-06-12 17:46:20] [hamibot] [INFO]:[INFO] [fetchPendingTasks]: fetchPendingTasks raw[30]: {"code":0,"data":[],"total":0}
[2026-06-12 17:46:35] [hamibot] [INFO]:[INFO] [fetchPendingTasks]: fetchPendingTasks raw[30]: {"code":0,"data":[],"total":0}
[2026-06-12 17:46:50] [hamibot] [INFO]:[INFO] [fetchPendingTasks]: fetchPendingTasks raw[30]: {"code":0,"data":[],"total":0}
[2026-06-12 17:47:05] [hamibot] [INFO]:[INFO] [fetchPendingTasks]: fetchPendingTasks raw[30]: {"code":0,"data":[],"total":0}
[2026-06-12 17:47:20] [hamibot] [INFO]:[INFO] [fetchPendingTasks]: fetchPendingTasks raw[30]: {"code":0,"data":[],"total":0}
[2026-06-12 17:47:35] [hamibot] [INFO]:[INFO] [fetchPendingTasks]: fetchPendingTasks raw[30]: {"code":0,"data":[],"total":0}
[2026-06-12 17:47:50] [hamibot] [INFO]:[INFO] [fetchPendingTasks]: fetchPendingTasks raw[30]: {"code":0,"data":[],"total":0}
[2026-06-12 17:48:06] [hamibot] [INFO]:[INFO] [fetchPendingTasks]: fetchPendingTasks raw[30]: {"code":0,"data":[],"total":0}
[2026-06-12 17:48:21] [hamibot] [INFO]:[INFO] [fetchPendingTasks]: fetchPendingTasks raw[30]: {"code":0,"data":[],"total":0}
[2026-06-12 17:48:36] [hamibot] [INFO]:[INFO] [fetchPendingTasks]: fetchPendingTasks raw[30]: {"code":0,"data":[],"total":0}
[2026-06-12 17:48:52] [hamibot] [INFO]:[INFO] [fetchPendingTasks]: fetchPendingTasks raw[30]: {"code":0,"data":[],"total":0}
[2026-06-12 17:49:07] [hamibot] [INFO]:[INFO] [fetchPendingTasks]: fetchPendingTasks raw[30]: {"code":0,"data":[],"total":0}
[2026-06-12 17:49:22] [hamibot] [INFO]:[INFO] [fetchPendingTasks]: fetchPendingTasks raw[30]: {"code":0,"data":[],"total":0}
[2026-06-12 17:49:37] [hamibot] [INFO]:[INFO] [fetchPendingTasks]: fetchPendingTasks raw[30]: {"code":0,"data":[],"total":0}
[2026-06-12 17:49:52] [hamibot] [INFO]:[INFO] [fetchPendingTasks]: fetchPendingTasks raw[30]: {"code":0,"data":[],"total":0}
[2026-06-12 17:50:07] [hamibot] [INFO]:[INFO] [fetchPendingTasks]: fetchPendingTasks raw[30]: {"code":0,"data":[],"total":0}
[2026-06-12 17:50:22] [hamibot] [INFO]:[INFO] [fetchPendingTasks]: fetchPendingTasks raw[30]: {"code":0,"data":[],"total":0}
[2026-06-12 17:50:38] [hamibot] [INFO]:[INFO] [fetchPendingTasks]: fetchPendingTasks raw[30]: {"code":0,"data":[],"total":0}
[2026-06-12 17:50:53] [hamibot] [INFO]:[INFO] [fetchPendingTasks]: fetchPendingTasks raw[30]: {"code":0,"data":[],"total":0}
[2026-06-12 17:51:08] [hamibot] [INFO]:[INFO] [fetchPendingTasks]: fetchPendingTasks raw[30]: {"code":0,"data":[],"total":0}
[2026-06-12 17:51:23] [hamibot] [INFO]:[INFO] [fetchPendingTasks]: fetchPendingTasks raw[30]: {"code":0,"data":[],"total":0}
[2026-06-12 17:51:38] [hamibot] [INFO]:[INFO] [fetchPendingTasks]: fetchPendingTasks raw[30]: {"code":0,"data":[],"total":0}
[2026-06-12 17:51:53] [hamibot] [INFO]:[INFO] [fetchPendingTasks]: fetchPendingTasks raw[30]: {"code":0,"data":[],"total":0}
[2026-06-12 17:52:08] [hamibot] [INFO]:[INFO] [fetchPendingTasks]: fetchPendingTasks raw[30]: {"code":0,"data":[],"total":0}
[2026-06-12 17:52:24] [hamibot] [INFO]:[INFO] [fetchPendingTasks]: fetchPendingTasks raw[30]: {"code":0,"data":[],"total":0}
[2026-06-12 17:52:39] [hamibot] [INFO]:[INFO] [fetchPendingTasks]: fetchPendingTasks raw[30]: {"code":0,"data":[],"total":0}
[2026-06-12 17:52:54] [hamibot] [INFO]:[INFO] [fetchPendingTasks]: fetchPendingTasks raw[30]: {"code":0,"data":[],"total":0}
[2026-06-12 17:53:09] [hamibot] [INFO]:[INFO] [fetchPendingTasks]: fetchPendingTasks raw[30]: {"code":0,"data":[],"total":0}
[2026-06-12 17:53:24] [hamibot] [INFO]:[INFO] [fetchPendingTasks]: fetchPendingTasks raw[30]: {"code":0,"data":[],"total":0}
[2026-06-12 17:53:40] [hamibot] [INFO]:[INFO] [fetchPendingTasks]: fetchPendingTasks raw[30]: {"code":0,"data":[],"total":0}
[2026-06-12 17:53:55] [hamibot] [INFO]:[INFO] [fetchPendingTasks]: fetchPendingTasks raw[30]: {"code":0,"data":[],"total":0}
[2026-06-12 17:54:10] [hamibot] [INFO]:[INFO] [fetchPendingTasks]: fetchPendingTasks raw[30]: {"code":0,"data":[],"total":0}
[2026-06-12 17:54:25] [hamibot] [INFO]:[INFO] [fetchPendingTasks]: fetchPendingTasks raw[30]: {"code":0,"data":[],"total":0}
[2026-06-12 17:54:40] [hamibot] [INFO]:[INFO] [fetchPendingTasks]: fetchPendingTasks raw[30]: {"code":0,"data":[],"total":0}
[2026-06-12 17:54:55] [hamibot] [INFO]:[INFO] [fetchPendingTasks]: fetchPendingTasks raw[30]: {"code":0,"data":[],"total":0}
[2026-06-12 17:55:10] [hamibot] [INFO]:[INFO] [fetchPendingTasks]: fetchPendingTasks raw[30]: {"code":0,"data":[],"total":0}
[2026-06-12 17:55:25] [hamibot] [INFO]:[INFO] [fetchPendingTasks]: fetchPendingTasks raw[30]: {"code":0,"data":[],"total":0}
[2026-06-12 17:55:41] [hamibot] [INFO]:[INFO] [fetchPendingTasks]: fetchPendingTasks raw[30]: {"code":0,"data":[],"total":0}
[2026-06-12 17:55:56] [hamibot] [INFO]:[INFO] [fetchPendingTasks]: fetchPendingTasks raw[30]: {"code":0,"data":[],"total":0}
[2026-06-12 17:56:11] [hamibot] [INFO]:[INFO] [fetchPendingTasks]: fetchPendingTasks raw[30]: {"code":0,"data":[],"total":0}
[2026-06-12 17:56:26] [hamibot] [INFO]:[INFO] [fetchPendingTasks]: fetchPendingTasks raw[30]: {"code":0,"data":[],"total":0}
[2026-06-12 17:56:41] [hamibot] [INFO]:[INFO] [fetchPendingTasks]: fetchPendingTasks raw[30]: {"code":0,"data":[],"total":0}
[2026-06-12 17:56:56] [hamibot] [INFO]:[INFO] [fetchPendingTasks]: fetchPendingTasks raw[30]: {"code":0,"data":[],"total":0}
[2026-06-12 17:57:11] [hamibot] [INFO]:[INFO] [fetchPendingTasks]: fetchPendingTasks raw[30]: {"code":0,"data":[],"total":0}
[2026-06-12 17:57:26] [hamibot] [INFO]:[INFO] [fetchPendingTasks]: fetchPendingTasks raw[30]: {"code":0,"data":[],"total":0}
[2026-06-12 17:57:41] [hamibot] [INFO]:[INFO] [fetchPendingTasks]: fetchPendingTasks raw[30]: {"code":0,"data":[],"total":0}
[2026-06-12 17:57:56] [hamibot] [INFO]:[INFO] [fetchPendingTasks]: fetchPendingTasks raw[30]: {"code":0,"data":[],"total":0}
[2026-06-12 17:58:11] [hamibot] [INFO]:[INFO] [fetchPendingTasks]: fetchPendingTasks raw[30]: {"code":0,"data":[],"total":0}
[2026-06-12 17:58:27] [hamibot] [INFO]:[INFO] [fetchPendingTasks]: fetchPendingTasks raw[30]: {"code":0,"data":[],"total":0}
[2026-06-12 17:58:42] [hamibot] [INFO]:[INFO] [fetchPendingTasks]: fetchPendingTasks raw[30]: {"code":0,"data":[],"total":0}
[2026-06-12 17:58:57] [hamibot] [INFO]:[INFO] [fetchPendingTasks]: fetchPendingTasks raw[30]: {"code":0,"data":[],"total":0}
[2026-06-12 17:59:12] [hamibot] [INFO]:[INFO] [fetchPendingTasks]: fetchPendingTasks raw[30]: {"code":0,"data":[],"total":0}
[2026-06-12 17:59:27] [hamibot] [INFO]:[INFO] [fetchPendingTasks]: fetchPendingTasks raw[30]: {"code":0,"data":[],"total":0}
[2026-06-12 17:59:43] [hamibot] [INFO]:[INFO] [fetchPendingTasks]: fetchPendingTasks raw[30]: {"code":0,"data":[],"total":0}
[2026-06-12 17:59:58] [hamibot] [INFO]:[INFO] [fetchPendingTasks]: fetchPendingTasks raw[30]: {"code":0,"data":[],"total":0}
[2026-06-12 18:00:13] [hamibot] [INFO]:[INFO] [fetchPendingTasks]: fetchPendingTasks raw[30]: {"code":0,"data":[],"total":0}
[2026-06-12 18:00:29] [hamibot] [INFO]:[INFO] [fetchPendingTasks]: fetchPendingTasks raw[30]: {"code":0,"data":[],"total":0}
[2026-06-12 18:00:44] [hamibot] [INFO]:[INFO] [fetchPendingTasks]: fetchPendingTasks raw[30]: {"code":0,"data":[],"total":0}
[2026-06-12 18:00:59] [hamibot] [INFO]:[INFO] [fetchPendingTasks]: fetchPendingTasks raw[30]: {"code":0,"data":[],"total":0}
[2026-06-12 18:01:14] [hamibot] [INFO]:[INFO] [fetchPendingTasks]: fetchPendingTasks raw[30]: {"code":0,"data":[],"total":0}
[2026-06-12 18:01:29] [hamibot] [INFO]:[INFO] [fetchPendingTasks]: fetchPendingTasks raw[30]: {"code":0,"data":[],"total":0}
[2026-06-12 18:01:44] [hamibot] [INFO]:[INFO] [fetchPendingTasks]: fetchPendingTasks raw[30]: {"code":0,"data":[],"total":0}
[2026-06-12 18:02:01] [hamibot] [INFO]:[INFO] [fetchPendingTasks]: fetchPendingTasks raw[30]: {"code":0,"data":[],"total":0}
[2026-06-12 18:02:17] [hamibot] [INFO]:[INFO] [fetchPendingTasks]: fetchPendingTasks raw[30]: {"code":0,"data":[],"total":0}
[2026-06-12 18:02:32] [hamibot] [INFO]:[INFO] [fetchPendingTasks]: fetchPendingTasks raw[30]: {"code":0,"data":[],"total":0}
[2026-06-12 18:02:48] [hamibot] [INFO]:[INFO] [fetchPendingTasks]: fetchPendingTasks raw[30]: {"code":0,"data":[],"total":0}
[2026-06-12 18:03:03] [hamibot] [INFO]:[INFO] [fetchPendingTasks]: fetchPendingTasks raw[30]: {"code":0,"data":[],"total":0}
[2026-06-12 18:03:18] [hamibot] [INFO]:[INFO] [fetchPendingTasks]: fetchPendingTasks raw[30]: {"code":0,"data":[],"total":0}
[2026-06-12 18:03:33] [hamibot] [INFO]:[INFO] [fetchPendingTasks]: fetchPendingTasks raw[30]: {"code":0,"data":[],"total":0}
[2026-06-12 18:03:49] [hamibot] [INFO]:[INFO] [fetchPendingTasks]: fetchPendingTasks raw[30]: {"code":0,"data":[],"total":0}
[2026-06-12 18:04:04] [hamibot] [INFO]:[INFO] [fetchPendingTasks]: fetchPendingTasks raw[30]: {"code":0,"data":[],"total":0}
[2026-06-12 18:04:19] [hamibot] [INFO]:[INFO] [fetchPendingTasks]: fetchPendingTasks raw[30]: {"code":0,"data":[],"total":0}
[2026-06-12 18:04:34] [hamibot] [INFO]:[INFO] [fetchPendingTasks]: fetchPendingTasks raw[30]: {"code":0,"data":[],"total":0}
[2026-06-12 18:04:49] [hamibot] [INFO]:[INFO] [fetchPendingTasks]: fetchPendingTasks raw[30]: {"code":0,"data":[],"total":0}
[2026-06-12 18:05:04] [hamibot] [INFO]:[INFO] [fetchPendingTasks]: fetchPendingTasks raw[30]: {"code":0,"data":[],"total":0}
[2026-06-12 18:05:19] [hamibot] [INFO]:[INFO] [fetchPendingTasks]: fetchPendingTasks raw[30]: {"code":0,"data":[],"total":0}
[2026-06-12 18:05:35] [hamibot] [INFO]:[INFO] [fetchPendingTasks]: fetchPendingTasks raw[30]: {"code":0,"data":[],"total":0}
[2026-06-12 18:05:50] [hamibot] [INFO]:[INFO] [fetchPendingTasks]: fetchPendingTasks raw[30]: {"code":0,"data":[],"total":0}
[2026-06-12 18:06:05] [hamibot] [INFO]:[INFO] [fetchPendingTasks]: fetchPendingTasks raw[30]: {"code":0,"data":[],"total":0}
[2026-06-12 18:06:20] [hamibot] [INFO]:[INFO] [fetchPendingTasks]: fetchPendingTasks raw[30]: {"code":0,"data":[],"total":0}
[2026-06-12 18:06:35] [hamibot] [INFO]:[INFO] [fetchPendingTasks]: fetchPendingTasks raw[30]: {"code":0,"data":[],"total":0}
[2026-06-12 18:06:51] [hamibot] [INFO]:[INFO] [fetchPendingTasks]: fetchPendingTasks raw[30]: {"code":0,"data":[],"total":0}
[2026-06-12 18:07:06] [hamibot] [INFO]:[INFO] [fetchPendingTasks]: fetchPendingTasks raw[30]: {"code":0,"data":[],"total":0}
[2026-06-12 18:07:21] [hamibot] [INFO]:[INFO] [fetchPendingTasks]: fetchPendingTasks raw[30]: {"code":0,"data":[],"total":0}
[2026-06-12 18:07:36] [hamibot] [INFO]:[INFO] [fetchPendingTasks]: fetchPendingTasks raw[30]: {"code":0,"data":[],"total":0}
[2026-06-12 18:07:51] [hamibot] [INFO]:[INFO] [fetchPendingTasks]: fetchPendingTasks raw[30]: {"code":0,"data":[],"total":0}
[2026-06-12 18:08:07] [hamibot] [INFO]:[INFO] [fetchPendingTasks]: fetchPendingTasks raw[30]: {"code":0,"data":[],"total":0}
[2026-06-12 18:08:22] [hamibot] [INFO]:[INFO] [fetchPendingTasks]: fetchPendingTasks raw[30]: {"code":0,"data":[],"total":0}
[2026-06-12 18:08:37] [hamibot] [INFO]:[INFO] [fetchPendingTasks]: fetchPendingTasks raw[30]: {"code":0,"data":[],"total":0}
[2026-06-12 18:08:52] [hamibot] [INFO]:[INFO] [fetchPendingTasks]: fetchPendingTasks raw[30]: {"code":0,"data":[],"total":0}
[2026-06-12 18:09:07] [hamibot] [INFO]:[INFO] [fetchPendingTasks]: fetchPendingTasks raw[30]: {"code":0,"data":[],"total":0}
[2026-06-12 18:09:23] [hamibot] [INFO]:[INFO] [fetchPendingTasks]: fetchPendingTasks raw[30]: {"code":0,"data":[],"total":0}
[2026-06-12 18:09:38] [hamibot] [INFO]:[INFO] [fetchPendingTasks]: fetchPendingTasks raw[30]: {"code":0,"data":[],"total":0}
[2026-06-12 18:09:53] [hamibot] [INFO]:[INFO] [fetchPendingTasks]: fetchPendingTasks raw[30]: {"code":0,"data":[],"total":0}
[2026-06-12 18:10:08] [hamibot] [INFO]:[INFO] [fetchPendingTasks]: fetchPendingTasks raw[30]: {"code":0,"data":[],"total":0}
