[2026-06-12 09:04:06] [hamibot] {'time': '9:04:07 上午 GMT+08:00', 'action': '子线程启动，开始初始化...'}
[2026-06-12 09:04:06] [hamibot] {'time': '9:04:07 上午 GMT+08:00', 'action': '主线程: 已跳过截图权限申请（未设置 _REQUEST_SCREEN_CAPTURE）'}
[2026-06-12 09:04:08] [hamibot] {'time': '9:04:09 上午 GMT+08:00', 'action': 'findDom 完成，创建悬浮窗...'}
[2026-06-12 09:04:09] [hamibot] {'time': '9:04:09 上午 GMT+08:00', 'action': 'taskPoller: 任务轮询已启动'}
[2026-06-12 09:04:09] [hamibot] {'time': '9:04:09 上午 GMT+08:00', 'action': 'debugPoller: 调试轮询已启动'}
[2026-06-12 09:04:09] [hamibot] {'time': '9:04:09 上午 GMT+08:00', 'action': 'debugPoller: 执行调试指令 [layout]'}
[2026-06-12 09:04:09] [hamibot] {'time': '9:04:09 上午 GMT+08:00', 'action': 'taskPoller: 无待执行任务，等待下次轮询'}
[2026-06-12 09:04:10] [hamibot] {'time': '9:04:10 上午 GMT+08:00', 'action': 'debugPoller: 执行调试指令 [layout]'}
[2026-06-12 09:04:24] [hamibot] {'time': '9:04:25 上午 GMT+08:00', 'action': 'taskPoller: 无待执行任务，等待下次轮询'}
[2026-06-12 09:04:39] [hamibot] {'time': '9:04:40 上午 GMT+08:00', 'action': 'taskPoller: 无待执行任务，等待下次轮询'}
[2026-06-12 09:04:54] [hamibot] {'time': '9:04:55 上午 GMT+08:00', 'action': 'taskPoller: 无待执行任务，等待下次轮询'}
[2026-06-12 09:05:10] [hamibot] {'time': '9:05:10 上午 GMT+08:00', 'action': 'taskPoller: 无待执行任务，等待下次轮询'}
[2026-06-12 09:05:25] [hamibot] {'time': '9:05:25 上午 GMT+08:00', 'action': 'taskPoller: 无待执行任务，等待下次轮询'}
[2026-06-12 09:05:40] [hamibot] {'time': '9:05:40 上午 GMT+08:00', 'action': 'taskPoller: 无待执行任务，等待下次轮询'}
[2026-06-12 09:06:08] [hamibot] {'time': '9:06:09 上午 GMT+08:00', 'action': 'taskPoller: 无待执行任务，等待下次轮询'}
[2026-06-12 09:06:23] [hamibot] {'time': '9:06:24 上午 GMT+08:00', 'action': 'taskPoller: 无待执行任务，等待下次轮询'}
[2026-06-12 09:06:38] [hamibot] {'time': '9:06:39 上午 GMT+08:00', 'action': 'taskPoller: 无待执行任务，等待下次轮询'}
[2026-06-12 09:06:54] [hamibot] {'time': '9:06:54 上午 GMT+08:00', 'action': 'taskPoller: 无待执行任务，等待下次轮询'}
[2026-06-12 09:07:09] [hamibot] {'time': '9:07:09 上午 GMT+08:00', 'action': 'taskPoller: 无待执行任务，等待下次轮询'}
[2026-06-12 09:07:24] [hamibot] {'time': '9:07:25 上午 GMT+08:00', 'action': 'taskPoller: 无待执行任务，等待下次轮询'}
[2026-06-12 09:07:39] [hamibot] {'time': '9:07:40 上午 GMT+08:00', 'action': 'taskPoller: 无待执行任务，等待下次轮询'}
[2026-06-12 09:07:54] [hamibot] {'time': '9:07:55 上午 GMT+08:00', 'action': 'taskPoller: 无待执行任务，等待下次轮询'}
[2026-06-12 09:08:09] [hamibot] {'time': '9:08:10 上午 GMT+08:00', 'action': 'taskPoller: 无待执行任务，等待下次轮询'}
[2026-06-12 09:08:24] [hamibot] {'time': '9:08:25 上午 GMT+08:00', 'action': 'taskPoller: 无待执行任务，等待下次轮询'}
[2026-06-12 09:08:39] [hamibot] {'time': '9:08:40 上午 GMT+08:00', 'action': 'taskPoller: 无待执行任务，等待下次轮询'}
[2026-06-12 09:08:55] [hamibot] {'time': '9:08:55 上午 GMT+08:00', 'action': 'taskPoller: 无待执行任务，等待下次轮询'}
[2026-06-12 09:09:10] [hamibot] {'time': '9:09:10 上午 GMT+08:00', 'action': 'taskPoller: 无待执行任务，等待下次轮询'}
[2026-06-12 09:09:25] [hamibot] {'time': '9:09:25 上午 GMT+08:00', 'action': 'taskPoller: 无待执行任务，等待下次轮询'}
[2026-06-12 09:09:40] [hamibot] {'time': '9:09:40 上午 GMT+08:00', 'action': 'taskPoller: 无待执行任务，等待下次轮询'}
[2026-06-12 09:09:55] [hamibot] {'time': '9:09:55 上午 GMT+08:00', 'action': 'taskPoller: 无待执行任务，等待下次轮询'}
[2026-06-12 09:10:10] [hamibot] {'time': '9:10:10 上午 GMT+08:00', 'action': 'taskPoller: 无待执行任务，等待下次轮询'}
[2026-06-12 09:10:25] [hamibot] {'time': '9:10:25 上午 GMT+08:00', 'action': 'taskPoller: 无待执行任务，等待下次轮询'}
[2026-06-12 09:10:40] [hamibot] {'time': '9:10:40 上午 GMT+08:00', 'action': 'taskPoller: 无待执行任务，等待下次轮询'}
[2026-06-12 09:10:55] [hamibot] {'time': '9:10:55 上午 GMT+08:00', 'action': 'taskPoller: 无待执行任务，等待下次轮询'}
[2026-06-12 09:11:10] [hamibot] {'time': '9:11:10 上午 GMT+08:00', 'action': 'taskPoller: 无待执行任务，等待下次轮询'}
[2026-06-12 09:11:25] [hamibot] {'time': '9:11:25 上午 GMT+08:00', 'action': 'taskPoller: 无待执行任务，等待下次轮询'}
[2026-06-12 09:11:40] [hamibot] {'time': '9:11:40 上午 GMT+08:00', 'action': 'taskPoller: 无待执行任务，等待下次轮询'}
[2026-06-12 09:11:55] [hamibot] {'time': '9:11:55 上午 GMT+08:00', 'action': 'taskPoller: 无待执行任务，等待下次轮询'}
[2026-06-12 09:12:10] [hamibot] {'time': '9:12:11 上午 GMT+08:00', 'action': 'taskPoller: 无待执行任务，等待下次轮询'}
[2026-06-12 09:12:25] [hamibot] {'time': '9:12:26 上午 GMT+08:00', 'action': 'taskPoller: 无待执行任务，等待下次轮询'}
[2026-06-12 09:12:40] [hamibot] {'time': '9:12:41 上午 GMT+08:00', 'action': 'taskPoller: 无待执行任务，等待下次轮询'}
[2026-06-12 09:12:56] [hamibot] {'time': '9:12:56 上午 GMT+08:00', 'action': 'taskPoller: 无待执行任务，等待下次轮询'}
[2026-06-12 09:13:10] [hamibot] {'time': '9:13:11 上午 GMT+08:00', 'action': 'taskPoller: 无待执行任务，等待下次轮询'}
[2026-06-12 09:13:25] [hamibot] {'time': '9:13:26 上午 GMT+08:00', 'action': 'taskPoller: 无待执行任务，等待下次轮询'}
[2026-06-12 09:13:41] [hamibot] {'time': '9:13:41 上午 GMT+08:00', 'action': 'taskPoller: 无待执行任务，等待下次轮询'}
[2026-06-12 09:13:56] [hamibot] {'time': '9:13:56 上午 GMT+08:00', 'action': 'taskPoller: 无待执行任务，等待下次轮询'}
[2026-06-12 09:14:11] [hamibot] {'time': '9:14:11 上午 GMT+08:00', 'action': 'taskPoller: 无待执行任务，等待下次轮询'}
[2026-06-12 09:14:26] [hamibot] {'time': '9:14:26 上午 GMT+08:00', 'action': 'taskPoller: 无待执行任务，等待下次轮询'}
[2026-06-12 09:14:41] [hamibot] {'time': '9:14:41 上午 GMT+08:00', 'action': 'taskPoller: 无待执行任务，等待下次轮询'}
[2026-06-12 09:14:56] [hamibot] {'time': '9:14:56 上午 GMT+08:00', 'action': 'taskPoller: 无待执行任务，等待下次轮询'}
[2026-06-12 09:15:11] [hamibot] {'time': '9:15:11 上午 GMT+08:00', 'action': 'taskPoller: 无待执行任务，等待下次轮询'}
[2026-06-12 09:15:26] [hamibot] {'time': '9:15:26 上午 GMT+08:00', 'action': 'taskPoller: 无待执行任务，等待下次轮询'}
[2026-06-12 09:15:41] [hamibot] {'time': '9:15:41 上午 GMT+08:00', 'action': 'taskPoller: 无待执行任务，等待下次轮询'}
[2026-06-12 09:15:56] [hamibot] {'time': '9:15:56 上午 GMT+08:00', 'action': 'taskPoller: 无待执行任务，等待下次轮询'}
[2026-06-12 09:16:11] [hamibot] {'time': '9:16:11 上午 GMT+08:00', 'action': 'taskPoller: 无待执行任务，等待下次轮询'}
[2026-06-12 09:16:26] [hamibot] {'time': '9:16:27 上午 GMT+08:00', 'action': 'taskPoller: 无待执行任务，等待下次轮询'}
[2026-06-12 09:16:41] [hamibot] {'time': '9:16:42 上午 GMT+08:00', 'action': 'taskPoller: 无待执行任务，等待下次轮询'}
[2026-06-12 09:16:56] [hamibot] {'time': '9:16:57 上午 GMT+08:00', 'action': 'taskPoller: 无待执行任务，等待下次轮询'}
[2026-06-12 09:17:11] [hamibot] {'time': '9:17:12 上午 GMT+08:00', 'action': 'taskPoller: 无待执行任务，等待下次轮询'}
[2026-06-12 09:17:26] [hamibot] {'time': '9:17:27 上午 GMT+08:00', 'action': 'taskPoller: 无待执行任务，等待下次轮询'}
[2026-06-12 09:17:41] [hamibot] {'time': '9:17:42 上午 GMT+08:00', 'action': 'taskPoller: 无待执行任务，等待下次轮询'}
[2026-06-12 09:17:57] [hamibot] {'time': '9:17:57 上午 GMT+08:00', 'action': 'taskPoller: 无待执行任务，等待下次轮询'}
[2026-06-12 09:18:12] [hamibot] {'time': '9:18:12 上午 GMT+08:00', 'action': 'taskPoller: 无待执行任务，等待下次轮询'}
[2026-06-12 09:18:27] [hamibot] {'time': '9:18:27 上午 GMT+08:00', 'action': 'taskPoller: 无待执行任务，等待下次轮询'}
[2026-06-12 09:18:42] [hamibot] {'time': '9:18:42 上午 GMT+08:00', 'action': '主线程: 已跳过截图权限申请（未设置 _REQUEST_SCREEN_CAPTURE）'}
[2026-06-12 09:18:42] [hamibot] {'time': '9:18:42 上午 GMT+08:00', 'action': '子线程启动，开始初始化...'}
[2026-06-12 09:18:46] [hamibot] {'time': '9:18:46 上午 GMT+08:00', 'action': 'findDom 完成，创建悬浮窗...'}
[2026-06-12 09:18:46] [hamibot] {'time': '9:18:46 上午 GMT+08:00', 'action': 'taskPoller: 任务轮询已启动'}

[2026-06-12 09:18:46] [hamibot] {'time': '9:18:47 上午 GMT+08:00', 'action': 'taskPoller: 无待执行任务，等待下次轮询'}
[2026-06-12 09:18:52] [hamibot] {'time': '9:18:53 上午 GMT+08:00', 'action': 'debugPoller: 执行调试指令 [page_capture]'}
[2026-06-12 09:19:01] [hamibot] {'time': '9:19:02 上午 GMT+08:00', 'action': 'taskPoller: 无待执行任务，等待下次轮询'}
[2026-06-12 09:19:11] [hamibot] {'time': '9:19:12 上午 GMT+08:00', 'action': 'debugPoller: 执行调试指令 [page_capture]'}
[2026-06-12 09:19:16] [hamibot] {'time': '9:19:17 上午 GMT+08:00', 'action': 'taskPoller: 无待执行任务，等待下次轮询'}
[2026-06-12 09:19:31] [hamibot] {'time': '9:19:32 上午 GMT+08:00', 'action': 'taskPoller: 无待执行任务，等待下次轮询'}
[2026-06-12 09:19:46] [hamibot] {'time': '9:19:47 上午 GMT+08:00', 'action': 'taskPoller: 无待执行任务，等待下次轮询'}
[2026-06-12 09:20:03] [hamibot] {'time': '9:20:03 上午 GMT+08:00', 'action': 'taskPoller: 无待执行任务，等待下次轮询'}
[2026-06-12 09:20:18] [hamibot] {'time': '9:20:18 上午 GMT+08:00', 'action': 'taskPoller: 无待执行任务，等待下次轮询'}
[2026-06-12 09:20:33] [hamibot] {'time': '9:20:33 上午 GMT+08:00', 'action': 'taskPoller: 无待执行任务，等待下次轮询'}
[2026-06-12 09:20:48] [hamibot] {'time': '9:20:48 上午 GMT+08:00', 'action': 'taskPoller: 无待执行任务，等待下次轮询'}
[2026-06-12 09:21:03] [hamibot] {'time': '9:21:03 上午 GMT+08:00', 'action': 'taskPoller: 无待执行任务，等待下次轮询'}
[2026-06-12 09:21:18] [hamibot] {'time': '9:21:18 上午 GMT+08:00', 'action': 'taskPoller: 无待执行任务，等待下次轮询'}
[2026-06-12 09:21:33] [hamibot] {'time': '9:21:33 上午 GMT+08:00', 'action': 'taskPoller: 无待执行任务，等待下次轮询'}
[2026-06-12 09:21:48] [hamibot] {'time': '9:21:49 上午 GMT+08:00', 'action': 'taskPoller: 无待执行任务，等待下次轮询'}
[2026-06-12 09:22:03] [hamibot] {'time': '9:22:04 上午 GMT+08:00', 'action': 'taskPoller: 无待执行任务，等待下次轮询'}
[2026-06-12 09:22:18] [hamibot] {'time': '9:22:19 上午 GMT+08:00', 'action': 'taskPoller: 无待执行任务，等待下次轮询'}
[2026-06-12 09:22:33] [hamibot] {'time': '9:22:34 上午 GMT+08:00', 'action': 'taskPoller: 无待执行任务，等待下次轮询'}
[2026-06-12 09:22:48] [hamibot] {'time': '9:22:49 上午 GMT+08:00', 'action': 'taskPoller: 无待执行任务，等待下次轮询'}
[2026-06-12 09:23:03] [hamibot] {'time': '9:23:04 上午 GMT+08:00', 'action': 'taskPoller: 无待执行任务，等待下次轮询'}
[2026-06-12 09:23:18] [hamibot] {'time': '9:23:19 上午 GMT+08:00', 'action': 'taskPoller: 无待执行任务，等待下次轮询'}
[2026-06-12 09:23:33] [hamibot] {'time': '9:23:34 上午 GMT+08:00', 'action': 'taskPoller: 无待执行任务，等待下次轮询'}
[2026-06-12 09:23:49] [hamibot] {'time': '9:23:49 上午 GMT+08:00', 'action': 'taskPoller: 无待执行任务，等待下次轮询'}
[2026-06-12 09:24:04] [hamibot] {'time': '9:24:04 上午 GMT+08:00', 'action': 'taskPoller: 无待执行任务，等待下次轮询'}
[2026-06-12 09:24:19] [hamibot] {'time': '9:24:19 上午 GMT+08:00', 'action': 'taskPoller: 无待执行任务，等待下次轮询'}
[2026-06-12 09:24:27] [hamibot] {'time': '9:24:28 上午 GMT+08:00', 'action': '主线程: 已跳过截图权限申请（未设置 _REQUEST_SCREEN_CAPTURE）'}
[2026-06-12 09:24:27] [hamibot] {'time': '9:24:28 上午 GMT+08:00', 'action': '子线程启动，开始初始化...'}
[2026-06-12 09:24:30] [hamibot] {'time': '9:24:30 上午 GMT+08:00', 'action': 'findDom 完成，创建悬浮窗...'}
[2026-06-12 09:24:30] [hamibot] {'time': '9:24:30 上午 GMT+08:00', 'action': 'taskPoller: 任务轮询已启动'}
[2026-06-12 09:24:30] [hamibot] {'time': '9:24:30 上午 GMT+08:00', 'action': 'debugPoller: 调试轮询已启动'}
[2026-06-12 09:24:30] [hamibot] {'time': '9:24:30 上午 GMT+08:00', 'action': 'taskPoller: 无待执行任务，等待下次轮询'}
[2026-06-12 09:24:45] [hamibot] {'time': '9:24:46 上午 GMT+08:00', 'action': 'taskPoller: 无待执行任务，等待下次轮询'}
[2026-06-12 09:25:00] [hamibot] {'time': '9:25:01 上午 GMT+08:00', 'action': 'taskPoller: 无待执行任务，等待下次轮询'}
[2026-06-12 09:25:15] [hamibot] {'time': '9:25:16 上午 GMT+08:00', 'action': 'taskPoller: 无待执行任务，等待下次轮询'}
[2026-06-12 09:25:30] [hamibot] {'time': '9:25:31 上午 GMT+08:00', 'action': 'taskPoller: 无待执行任务，等待下次轮询'}
[2026-06-12 09:25:45] [hamibot] {'time': '9:25:46 上午 GMT+08:00', 'action': 'taskPoller: 无待执行任务，等待下次轮询'}
[2026-06-12 09:26:01] [hamibot] {'time': '9:26:01 上午 GMT+08:00', 'action': 'taskPoller: 无待执行任务，等待下次轮询'}
[2026-06-12 09:26:16] [hamibot] {'time': '9:26:16 上午 GMT+08:00', 'action': 'taskPoller: 无待执行任务，等待下次轮询'}
[2026-06-12 09:26:31] [hamibot] {'time': '9:26:31 上午 GMT+08:00', 'action': 'taskPoller: 无待执行任务，等待下次轮询'}
[2026-06-12 09:26:46] [hamibot] {'time': '9:26:46 上午 GMT+08:00', 'action': 'taskPoller: 无待执行任务，等待下次轮询'}
[2026-06-12 09:27:01] [hamibot] {'time': '9:27:01 上午 GMT+08:00', 'action': 'taskPoller: 无待执行任务，等待下次轮询'}
[2026-06-12 09:27:16] [hamibot] {'time': '9:27:16 上午 GMT+08:00', 'action': 'taskPoller: 无待执行任务，等待下次轮询'}
[2026-06-12 09:27:31] [hamibot] {'time': '9:27:31 上午 GMT+08:00', 'action': 'taskPoller: 无待执行任务，等待下次轮询'}
[2026-06-12 09:27:46] [hamibot] {'time': '9:27:46 上午 GMT+08:00', 'action': 'taskPoller: 无待执行任务，等待下次轮询'}
[2026-06-12 09:28:01] [hamibot] {'time': '9:28:01 上午 GMT+08:00', 'action': 'taskPoller: 无待执行任务，等待下次轮询'}
[2026-06-12 09:28:16] [hamibot] {'time': '9:28:17 上午 GMT+08:00', 'action': 'taskPoller: 无待执行任务，等待下次轮询'}
[2026-06-12 09:28:31] [hamibot] {'time': '9:28:32 上午 GMT+08:00', 'action': 'taskPoller: 无待执行任务，等待下次轮询'}
[2026-06-12 09:28:46] [hamibot] {'time': '9:28:47 上午 GMT+08:00', 'action': 'taskPoller: 无待执行任务，等待下次轮询'}
[2026-06-12 09:29:01] [hamibot] {'time': '9:29:02 上午 GMT+08:00', 'action': 'taskPoller: 无待执行任务，等待下次轮询'}
[2026-06-12 09:29:16] [hamibot] {'time': '9:29:17 上午 GMT+08:00', 'action': 'taskPoller: 无待执行任务，等待下次轮询'}
[2026-06-12 09:29:31] [hamibot] {'time': '9:29:32 上午 GMT+08:00', 'action': 'taskPoller: 无待执行任务，等待下次轮询'}
[2026-06-12 09:29:37] [hamibot] {'time': '9:29:37 上午 GMT+08:00', 'action': 'debugPoller: 执行调试指令 [page_capture]'}
[2026-06-12 09:29:38] [hamibot] {'time': '9:29:38 上午 GMT+08:00', 'action': 'page_capture: 截图失败（布局树仍会上报）: JavaException: java.lang.SecurityException: No screen capture permission'}
[2026-06-12 09:29:38] [hamibot] {'time': '9:29:38 上午 GMT+08:00', 'action': 'page_capture screenshot failed: JavaException: java.lang.SecurityException: No screen capture permission'}
[2026-06-12 09:29:47] [hamibot] {'time': '9:29:47 上午 GMT+08:00', 'action': 'taskPoller: 无待执行任务，等待下次轮询'}
[2026-06-12 09:30:02] [hamibot] {'time': '9:30:02 上午 GMT+08:00', 'action': 'taskPoller: 无待执行任务，等待下次轮询'}
[2026-06-12 09:30:17] [hamibot] {'time': '9:30:17 上午 GMT+08:00', 'action': 'taskPoller: 无待执行任务，等待下次轮询'}
[2026-06-12 09:30:32] [hamibot] {'time': '9:30:32 上午 GMT+08:00', 'action': 'taskPoller: 无待执行任务，等待下次轮询'}
[2026-06-12 09:30:47] [hamibot] {'time': '9:30:47 上午 GMT+08:00', 'action': 'taskPoller: 无待执行任务，等待下次轮询'}
[2026-06-12 09:31:00] [hamibot] {'time': '9:31:01 上午 GMT+08:00', 'action': 'debugPoller: 执行调试指令 [page_capture]'}
[2026-06-12 09:31:01] [hamibot] {'time': '9:31:01 上午 GMT+08:00', 'action': 'page_capture screenshot failed: JavaException: java.lang.SecurityException: No screen capture permission'}
[2026-06-12 09:31:01] [hamibot] {'time': '9:31:01 上午 GMT+08:00', 'action': 'page_capture: 截图失败（布局树仍会上报）: JavaException: java.lang.SecurityException: No screen capture permission'}
[2026-06-12 09:31:02] [hamibot] {'time': '9:31:03 上午 GMT+08:00', 'action': 'taskPoller: 无待执行任务，等待下次轮询'}
[2026-06-12 09:31:17] [hamibot] {'time': '9:31:18 上午 GMT+08:00', 'action': 'taskPoller: 无待执行任务，等待下次轮询'}
[2026-06-12 09:31:32] [hamibot] {'time': '9:31:33 上午 GMT+08:00', 'action': 'taskPoller: 无待执行任务，等待下次轮询'}
[2026-06-12 09:31:44] [hamibot] {'time': '9:31:45 上午 GMT+08:00', 'action': 'debugPoller: 执行调试指令 [page_capture]'}
[2026-06-12 09:31:47] [hamibot] {'time': '9:31:47 上午 GMT+08:00', 'action': 'page_capture screenshot failed: JavaException: java.lang.SecurityException: No screen capture permission'}
[2026-06-12 09:31:47] [hamibot] {'time': '9:31:47 上午 GMT+08:00', 'action': 'page_capture: 截图失败（布局树仍会上报）: JavaException: java.lang.SecurityException: No screen capture permission'}
[2026-06-12 09:31:47] [hamibot] {'time': '9:31:48 上午 GMT+08:00', 'action': 'taskPoller: 无待执行任务，等待下次轮询'}
[2026-06-12 09:32:02] [hamibot] {'time': '9:32:03 上午 GMT+08:00', 'action': 'taskPoller: 无待执行任务，等待下次轮询'}
[2026-06-12 09:32:18] [hamibot] {'time': '9:32:18 上午 GMT+08:00', 'action': 'taskPoller: 无待执行任务，等待下次轮询'}
[2026-06-12 09:32:19] [hamibot] {'time': '9:32:19 上午 GMT+08:00', 'action': 'debugPoller: 执行调试指令 [page_capture]'}
[2026-06-12 09:32:24] [hamibot] {'time': '9:32:24 上午 GMT+08:00', 'action': 'page_capture: 截图失败（布局树仍会上报）: JavaException: java.lang.SecurityException: No screen capture permission'}
[2026-06-12 09:32:24] [hamibot] {'time': '9:32:24 上午 GMT+08:00', 'action': 'page_capture screenshot failed: JavaException: java.lang.SecurityException: No screen capture permission'}
[2026-06-12 09:32:33] [hamibot] {'time': '9:32:33 上午 GMT+08:00', 'action': 'taskPoller: 无待执行任务，等待下次轮询'}
[2026-06-12 09:32:48] [hamibot] {'time': '9:32:48 上午 GMT+08:00', 'action': 'taskPoller: 无待执行任务，等待下次轮询'}
[2026-06-12 09:33:03] [hamibot] {'time': '9:33:03 上午 GMT+08:00', 'action': 'taskPoller: 无待执行任务，等待下次轮询'}
[2026-06-12 09:33:23] [hamibot] {'time': '9:33:23 上午 GMT+08:00', 'action': '子线程启动，开始初始化...'}
[2026-06-12 09:33:23] [hamibot] {'time': '9:33:23 上午 GMT+08:00', 'action': '主线程: 已跳过截图权限申请（未设置 _REQUEST_SCREEN_CAPTURE）'}
[2026-06-12 09:33:25] [hamibot] {'time': '9:33:26 上午 GMT+08:00', 'action': 'findDom 完成，创建悬浮窗...'}
[2026-06-12 09:33:25] [hamibot] {'time': '9:33:26 上午 GMT+08:00', 'action': 'debugPoller: 调试轮询已启动'}
[2026-06-12 09:33:26] [hamibot] {'time': '9:33:26 上午 GMT+08:00', 'action': 'taskPoller: 任务轮询已启动'}
[2026-06-12 09:33:26] [hamibot] {'time': '9:33:26 上午 GMT+08:00', 'action': 'taskPoller: 无待执行任务，等待下次轮询'}
[2026-06-12 09:33:41] [hamibot] {'time': '9:33:41 上午 GMT+08:00', 'action': 'taskPoller: 无待执行任务，等待下次轮询'}
[2026-06-12 09:33:44] [hamibot] {'time': '9:33:44 上午 GMT+08:00', 'action': 'debugPoller: 执行调试指令 [page_capture]'}
[2026-06-12 09:33:45] [hamibot] {'time': '9:33:46 上午 GMT+08:00', 'action': 'page_capture: 截图失败（布局树仍会上报）: JavaException: java.lang.SecurityException: No screen capture permission'}
[2026-06-12 09:33:56] [hamibot] {'time': '9:33:56 上午 GMT+08:00', 'action': 'taskPoller: 无待执行任务，等待下次轮询'}
[2026-06-12 09:34:11] [hamibot] {'time': '9:34:12 上午 GMT+08:00', 'action': 'taskPoller: 无待执行任务，等待下次轮询'}
[2026-06-12 09:34:26] [hamibot] {'time': '9:34:27 上午 GMT+08:00', 'action': 'taskPoller: 无待执行任务，等待下次轮询'}
[2026-06-12 09:34:42] [hamibot] {'time': '9:34:43 上午 GMT+08:00', 'action': 'taskPoller: 无待执行任务，等待下次轮询'}
[2026-06-12 09:34:58] [hamibot] {'time': '9:34:58 上午 GMT+08:00', 'action': 'taskPoller: 无待执行任务，等待下次轮询'}
[2026-06-12 09:35:24] [hamibot] {'time': '9:35:25 上午 GMT+08:00', 'action': 'taskPoller: 无待执行任务，等待下次轮询'}
[2026-06-12 09:35:40] [hamibot] {'time': '9:35:40 上午 GMT+08:00', 'action': 'taskPoller: 无待执行任务，等待下次轮询'}
[2026-06-12 09:35:48] [hamibot] {'time': '9:35:48 上午 GMT+08:00', 'action': '主线程: 已跳过截图权限申请（未设置 _REQUEST_SCREEN_CAPTURE）'}
[2026-06-12 09:35:48] [hamibot] {'time': '9:35:48 上午 GMT+08:00', 'action': '子线程启动，开始初始化...'}
[2026-06-12 09:35:50] [hamibot] {'time': '9:35:50 上午 GMT+08:00', 'action': 'findDom 完成，创建悬浮窗...'}
[2026-06-12 09:35:50] [hamibot] {'time': '9:35:50 上午 GMT+08:00', 'action': 'taskPoller: 任务轮询已启动'}
[2026-06-12 09:35:50] [hamibot] {'time': '9:35:50 上午 GMT+08:00', 'action': 'debugPoller: 调试轮询已启动'}
[2026-06-12 09:35:50] [hamibot] {'time': '9:35:51 上午 GMT+08:00', 'action': 'taskPoller: 无待执行任务，等待下次轮询'}
[2026-06-12 09:36:05] [hamibot] {'time': '9:36:06 上午 GMT+08:00', 'action': 'taskPoller: 无待执行任务，等待下次轮询'}
[2026-06-12 09:36:21] [hamibot] {'time': '9:36:21 上午 GMT+08:00', 'action': 'taskPoller: 无待执行任务，等待下次轮询'}
[2026-06-12 09:36:36] [hamibot] {'time': '9:36:36 上午 GMT+08:00', 'action': 'taskPoller: 无待执行任务，等待下次轮询'}
[2026-06-12 09:36:51] [hamibot] {'time': '9:36:51 上午 GMT+08:00', 'action': 'taskPoller: 无待执行任务，等待下次轮询'}
[2026-06-12 09:37:06] [hamibot] {'time': '9:37:06 上午 GMT+08:00', 'action': 'taskPoller: 无待执行任务，等待下次轮询'}
[2026-06-12 09:37:21] [hamibot] {'time': '9:37:21 上午 GMT+08:00', 'action': 'taskPoller: 无待执行任务，等待下次轮询'}
[2026-06-12 09:37:36] [hamibot] {'time': '9:37:36 上午 GMT+08:00', 'action': 'taskPoller: 无待执行任务，等待下次轮询'}
[2026-06-12 09:37:51] [hamibot] {'time': '9:37:51 上午 GMT+08:00', 'action': 'taskPoller: 无待执行任务，等待下次轮询'}
[2026-06-12 09:38:06] [hamibot] {'time': '9:38:06 上午 GMT+08:00', 'action': 'taskPoller: 无待执行任务，等待下次轮询'}
[2026-06-12 09:38:21] [hamibot] {'time': '9:38:21 上午 GMT+08:00', 'action': 'taskPoller: 无待执行任务，等待下次轮询'}
[2026-06-12 09:38:36] [hamibot] {'time': '9:38:36 上午 GMT+08:00', 'action': 'taskPoller: 无待执行任务，等待下次轮询'}
[2026-06-12 09:38:51] [hamibot] {'time': '9:38:51 上午 GMT+08:00', 'action': 'taskPoller: 无待执行任务，等待下次轮询'}
[2026-06-12 09:39:06] [hamibot] {'time': '9:39:06 上午 GMT+08:00', 'action': 'taskPoller: 无待执行任务，等待下次轮询'}
[2026-06-12 09:39:13] [hamibot] {'time': '9:39:13 上午 GMT+08:00', 'action': 'debugPoller: 执行调试指令 [page_capture]'}
[2026-06-12 09:39:15] [hamibot] {'time': '9:39:14 上午 GMT+08:00', 'action': '正在申请截图权限，请在弹窗中点击「允许」…'}
[2026-06-12 09:39:21] [hamibot] {'time': '9:39:21 上午 GMT+08:00', 'action': 'taskPoller: 无待执行任务，等待下次轮询'}
[2026-06-12 09:43:25] [hamibot] {'time': '9:43:25 上午 GMT+08:00', 'action': 'page_capture: 截图失败（布局树仍会上报）: JavaException: java.lang.RuntimeException: java.lang.InterruptedException'}
[2026-06-12 09:43:25] [hamibot] {'time': '9:43:25 上午 GMT+08:00', 'action': 'taskPoller: 轮询异常 JavaException: java.lang.RuntimeException: java.lang.InterruptedException'}
[2026-06-12 09:43:30] [hamibot] {'time': '9:43:31 上午 GMT+08:00', 'action': '子线程启动，开始初始化...'}
[2026-06-12 09:43:30] [hamibot] {'time': '9:43:31 上午 GMT+08:00', 'action': '主线程: 已跳过截图权限申请（未设置 _REQUEST_SCREEN_CAPTURE）'}
[2026-06-12 09:43:32] [hamibot] {'time': '9:43:33 上午 GMT+08:00', 'action': 'findDom 完成，创建悬浮窗...'}
[2026-06-12 09:44:46] [hamibot] {'time': '9:44:46 上午 GMT+08:00', 'action': '子线程启动，开始初始化...'}
[2026-06-12 09:44:46] [hamibot] {'time': '9:44:46 上午 GMT+08:00', 'action': '主线程: 已跳过截图权限申请（未设置 _REQUEST_SCREEN_CAPTURE）'}
[2026-06-12 09:44:49] [hamibot] {'time': '9:44:50 上午 GMT+08:00', 'action': 'findDom 完成，创建悬浮窗...'}
[2026-06-12 09:44:50] [hamibot] {'time': '9:44:50 上午 GMT+08:00', 'action': 'debugPoller: 调试轮询已启动'}
[2026-06-12 09:44:50] [hamibot] {'time': '9:44:50 上午 GMT+08:00', 'action': 'taskPoller: 任务轮询已启动'}
[2026-06-12 09:44:50] [hamibot] {'time': '9:44:50 上午 GMT+08:00', 'action': 'taskPoller: 无待执行任务，等待下次轮询'}
[2026-06-12 09:44:50] [hamibot] {'time': '9:44:50 上午 GMT+08:00', 'action': 'debugPoller: 执行调试指令 [page_capture]'}
[2026-06-12 09:44:52] [hamibot] {'time': '9:44:53 上午 GMT+08:00', 'action': '正在申请截图权限，请在弹窗中点击「允许」…'}
[2026-06-12 09:45:05] [hamibot] {'time': '9:45:05 上午 GMT+08:00', 'action': 'taskPoller: 无待执行任务，等待下次轮询'}
[2026-06-12 09:48:12] [hamibot] {'time': '9:48:13 上午 GMT+08:00', 'action': 'taskPoller: 轮询异常 JavaException: java.lang.RuntimeException: java.lang.InterruptedException'}
[2026-06-12 09:48:12] [hamibot] {'time': '9:48:13 上午 GMT+08:00', 'action': 'page_capture: 截图失败（布局树仍会上报）: JavaException: java.lang.RuntimeException: java.lang.InterruptedException'}
[2026-06-12 09:48:19] [hamibot] {'time': '9:48:19 上午 GMT+08:00', 'action': '主线程: 已跳过截图权限申请（未设置 _REQUEST_SCREEN_CAPTURE）'}
[2026-06-12 09:48:19] [hamibot] {'time': '9:48:19 上午 GMT+08:00', 'action': '子线程启动，开始初始化...'}
[2026-06-12 09:48:22] [hamibot] {'time': '9:48:22 上午 GMT+08:00', 'action': 'findDom 完成，创建悬浮窗...'}
[2026-06-12 09:54:20] [hamibot] {'time': '9:54:20 上午 GMT+08:00', 'action': '主线程: 正在申请截图权限，请在弹窗中点击「允许」…'}
[2026-06-12 09:56:26] [hamibot] {'time': '9:56:26 上午 GMT+08:00', 'action': '主线程: 正在申请截图权限，请在弹窗中点击「允许」…'}
[2026-06-12 09:58:42] [hamibot] {'time': '9:58:42 上午 GMT+08:00', 'action': '子线程启动，开始初始化...'}
[2026-06-12 09:58:42] [hamibot] {'time': '9:58:42 上午 GMT+08:00', 'action': '主线程: 正在申请截图权限，请在弹窗中点击「允许」…'}
[2026-06-12 09:58:44] [hamibot] {'time': '9:58:44 上午 GMT+08:00', 'action': 'findDom 完成，创建悬浮窗...'}
[2026-06-12 09:58:44] [hamibot] {'time': '9:58:44 上午 GMT+08:00', 'action': 'debugPoller: 调试轮询已启动'}
[2026-06-12 09:58:44] [hamibot] {'time': '9:58:44 上午 GMT+08:00', 'action': 'taskPoller: 任务轮询已启动'}
[2026-06-12 09:58:44] [hamibot] {'time': '9:58:44 上午 GMT+08:00', 'action': 'debugPoller: 执行调试指令 [page_capture]'}
[2026-06-12 09:58:44] [hamibot] {'time': '9:58:44 上午 GMT+08:00', 'action': 'taskPoller: 无待执行任务，等待下次轮询'}
[2026-06-12 09:58:44] [hamibot] {'time': '9:58:45 上午 GMT+08:00', 'action': '[capture] page_capture: 开始'}
[2026-06-12 09:58:45] [hamibot] {'time': '9:58:45 上午 GMT+08:00', 'action': '[capture] page_capture: dump layout depth=30'}
[2026-06-12 09:58:45] [hamibot] {'time': '9:58:45 上午 GMT+08:00', 'action': '[capture] page_capture: layout ok package=com.hamibot.hamibot'}
[2026-06-12 09:58:45] [hamibot] {'time': '9:58:45 上午 GMT+08:00', 'action': '[capture] page_capture: layout ok package=com.hamibot.hamibot'}
[2026-06-12 09:58:45] [hamibot] {'time': '9:58:45 上午 GMT+08:00', 'action': '[capture] page_capture: 截图失败 Error: 未获取截图权限，请重启脚本并在系统弹窗中点「允许」'}
[2026-06-12 09:58:45] [hamibot] {'time': '9:58:45 上午 GMT+08:00', 'action': '[capture] page_capture: 截图失败 Error: 未获取截图权限，请重启脚本并在系统弹窗中点「允许」'}
[2026-06-12 09:58:46] [hamibot] {'time': '9:58:45 上午 GMT+08:00', 'action': '[capture] page_capture: 完成 tree=true screenshot=false'}
[2026-06-12 09:58:46] [hamibot] {'time': '9:58:45 上午 GMT+08:00', 'action': '[capture] page_capture: 完成 tree=true screenshot=false'}
[2026-06-12 09:58:48] [hamibot] {'time': '9:58:47 上午 GMT+08:00', 'action': 'debugPoller: 执行调试指令 [page_capture]'}
[2026-06-12 09:58:48] [hamibot] {'time': '9:58:48 上午 GMT+08:00', 'action': '[capture] page_capture: 开始'}
[2026-06-12 09:58:48] [hamibot] {'time': '9:58:48 上午 GMT+08:00', 'action': '[capture] page_capture: 开始'}
[2026-06-12 09:58:48] [hamibot] {'time': '9:58:49 上午 GMT+08:00', 'action': '[capture] page_capture: dump layout depth=30'}
[2026-06-12 09:58:48] [hamibot] {'time': '9:58:49 上午 GMT+08:00', 'action': '[capture] page_capture: dump layout depth=30'}
[2026-06-12 09:58:50] [hamibot] {'time': '9:58:50 上午 GMT+08:00', 'action': '[capture] page_capture: layout ok package=com.taobao.idlefish'}
[2026-06-12 09:58:50] [hamibot] {'time': '9:58:50 上午 GMT+08:00', 'action': '[capture] page_capture: layout ok package=com.taobao.idlefish'}
[2026-06-12 09:58:50] [hamibot] {'time': '9:58:50 上午 GMT+08:00', 'action': '[capture] page_capture: 截图失败 Error: 未获取截图权限，请重启脚本并在系统弹窗中点「允许」'}
[2026-06-12 09:58:50] [hamibot] {'time': '9:58:50 上午 GMT+08:00', 'action': '[capture] page_capture: 截图失败 Error: 未获取截图权限，请重启脚本并在系统弹窗中点「允许」'}
[2026-06-12 09:58:50] [hamibot] {'time': '9:58:51 上午 GMT+08:00', 'action': '[capture] page_capture: 完成 tree=true screenshot=false'}
[2026-06-12 09:58:50] [hamibot] {'time': '9:58:51 上午 GMT+08:00', 'action': '[capture] page_capture: 完成 tree=true screenshot=false'}
[2026-06-12 09:58:51] [hamibot] {'time': '9:58:52 上午 GMT+08:00', 'action': 'debugPoller: 执行调试指令 [page_capture]'}
[2026-06-12 09:58:51] [hamibot] {'time': '9:58:52 上午 GMT+08:00', 'action': '[capture] page_capture: 开始'}
[2026-06-12 09:58:51] [hamibot] {'time': '9:58:52 上午 GMT+08:00', 'action': '[capture] page_capture: 开始'}
[2026-06-12 09:58:51] [hamibot] {'time': '9:58:52 上午 GMT+08:00', 'action': '[capture] page_capture: dump layout depth=30'}
[2026-06-12 09:58:51] [hamibot] {'time': '9:58:52 上午 GMT+08:00', 'action': '[capture] page_capture: dump layout depth=30'}
[2026-06-12 09:58:52] [hamibot] {'time': '9:58:52 上午 GMT+08:00', 'action': '[capture] page_capture: layout ok package=com.taobao.idlefish'}
[2026-06-12 09:58:52] [hamibot] {'time': '9:58:52 上午 GMT+08:00', 'action': '[capture] page_capture: layout ok package=com.taobao.idlefish'}
[2026-06-12 09:58:52] [hamibot] {'time': '9:58:53 上午 GMT+08:00', 'action': '[capture] page_capture: 截图失败 Error: 未获取截图权限，请重启脚本并在系统弹窗中点「允许」'}
[2026-06-12 09:58:52] [hamibot] {'time': '9:58:53 上午 GMT+08:00', 'action': '[capture] page_capture: 完成 tree=true screenshot=false'}
[2026-06-12 09:58:52] [hamibot] {'time': '9:58:53 上午 GMT+08:00', 'action': '[capture] page_capture: 完成 tree=true screenshot=false'}
[2026-06-12 09:58:53] [hamibot] {'time': '9:58:54 上午 GMT+08:00', 'action': 'debugPoller: 执行调试指令 [page_capture]'}
[2026-06-12 09:58:54] [hamibot] {'time': '9:58:54 上午 GMT+08:00', 'action': '[capture] page_capture: 开始'}
[2026-06-12 09:58:54] [hamibot] {'time': '9:58:54 上午 GMT+08:00', 'action': '[capture] page_capture: 开始'}
[2026-06-12 09:58:54] [hamibot] {'time': '9:58:54 上午 GMT+08:00', 'action': '[capture] page_capture: dump layout depth=30'}
[2026-06-12 09:58:54] [hamibot] {'time': '9:58:54 上午 GMT+08:00', 'action': '[capture] page_capture: dump layout depth=30'}
[2026-06-12 09:58:54] [hamibot] {'time': '9:58:55 上午 GMT+08:00', 'action': '[capture] page_capture: layout ok package=com.taobao.idlefish'}
[2026-06-12 09:58:54] [hamibot] {'time': '9:58:55 上午 GMT+08:00', 'action': '[capture] page_capture: layout ok package=com.taobao.idlefish'}
[2026-06-12 09:58:55] [hamibot] {'time': '9:58:55 上午 GMT+08:00', 'action': '[capture] page_capture: 截图失败 Error: 未获取截图权限，请重启脚本并在系统弹窗中点「允许」'}
[2026-06-12 09:58:55] [hamibot] {'time': '9:58:55 上午 GMT+08:00', 'action': '[capture] page_capture: 截图失败 Error: 未获取截图权限，请重启脚本并在系统弹窗中点「允许」'}
[2026-06-12 09:58:55] [hamibot] {'time': '9:58:55 上午 GMT+08:00', 'action': '[capture] page_capture: 完成 tree=true screenshot=false'}
[2026-06-12 09:58:59] [hamibot] {'time': '9:58:59 上午 GMT+08:00', 'action': 'debugPoller: 执行调试指令 [page_capture]'}
[2026-06-12 09:58:59] [hamibot] {'time': '9:58:59 上午 GMT+08:00', 'action': '[capture] page_capture: 开始'}
[2026-06-12 09:58:59] [hamibot] {'time': '9:58:59 上午 GMT+08:00', 'action': '[capture] page_capture: 开始'}
[2026-06-12 09:58:59] [hamibot] {'time': '9:58:59 上午 GMT+08:00', 'action': '[capture] page_capture: dump layout depth=30'}
[2026-06-12 09:58:59] [hamibot] {'time': '9:58:59 上午 GMT+08:00', 'action': '[capture] page_capture: dump layout depth=30'}
[2026-06-12 09:58:59] [hamibot] {'time': '9:58:59 上午 GMT+08:00', 'action': 'taskPoller: 无待执行任务，等待下次轮询'}
[2026-06-12 09:59:00] [hamibot] {'time': '9:59:00 上午 GMT+08:00', 'action': '[capture] page_capture: layout ok package=com.taobao.idlefish'}
[2026-06-12 09:59:00] [hamibot] {'time': '9:59:00 上午 GMT+08:00', 'action': '[capture] page_capture: layout ok package=com.taobao.idlefish'}
[2026-06-12 09:59:00] [hamibot] {'time': '9:59:00 上午 GMT+08:00', 'action': '[capture] page_capture: 截图失败 Error: 未获取截图权限，请重启脚本并在系统弹窗中点「允许」'}
[2026-06-12 09:59:00] [hamibot] {'time': '9:59:00 上午 GMT+08:00', 'action': '[capture] page_capture: 截图失败 Error: 未获取截图权限，请重启脚本并在系统弹窗中点「允许」'}
[2026-06-12 09:59:00] [hamibot] {'time': '9:59:00 上午 GMT+08:00', 'action': '[capture] page_capture: 完成 tree=true screenshot=false'}
[2026-06-12 09:59:00] [hamibot] {'time': '9:59:00 上午 GMT+08:00', 'action': '[capture] page_capture: 完成 tree=true screenshot=false'}
[2026-06-12 09:59:14] [hamibot] {'time': '9:59:15 上午 GMT+08:00', 'action': 'taskPoller: 无待执行任务，等待下次轮询'}
[2026-06-12 09:59:29] [hamibot] {'time': '9:59:30 上午 GMT+08:00', 'action': 'taskPoller: 无待执行任务，等待下次轮询'}
[2026-06-12 09:59:44] [hamibot] {'time': '9:59:45 上午 GMT+08:00', 'action': 'taskPoller: 无待执行任务，等待下次轮询'}
[2026-06-12 09:59:48] [hamibot] {'time': '9:59:48 上午 GMT+08:00', 'action': 'debugPoller: 执行调试指令 [page_capture]'}
[2026-06-12 09:59:48] [hamibot] {'time': '9:59:48 上午 GMT+08:00', 'action': '[capture] page_capture: 开始'}
[2026-06-12 09:59:48] [hamibot] {'time': '9:59:48 上午 GMT+08:00', 'action': '[capture] page_capture: 开始'}
[2026-06-12 09:59:48] [hamibot] {'time': '9:59:48 上午 GMT+08:00', 'action': '[capture] page_capture: dump layout depth=30'}
[2026-06-12 09:59:49] [hamibot] {'time': '9:59:49 上午 GMT+08:00', 'action': '[capture] page_capture: layout ok package=com.taobao.idlefish'}
[2026-06-12 09:59:49] [hamibot] {'time': '9:59:49 上午 GMT+08:00', 'action': '[capture] page_capture: 截图失败 Error: 未获取截图权限，请重启脚本并在系统弹窗中点「允许」'}
[2026-06-12 09:59:49] [hamibot] {'time': '9:59:49 上午 GMT+08:00', 'action': '[capture] page_capture: 截图失败 Error: 未获取截图权限，请重启脚本并在系统弹窗中点「允许」'}
[2026-06-12 09:59:49] [hamibot] {'time': '9:59:49 上午 GMT+08:00', 'action': '[capture] page_capture: 完成 tree=true screenshot=false'}
[2026-06-12 10:00:00] [hamibot] {'time': '10:00:00 上午 GMT+08:00', 'action': 'debugPoller: 执行调试指令 [page_capture]'}
[2026-06-12 10:00:00] [hamibot] {'time': '10:00:00 上午 GMT+08:00', 'action': '[capture] page_capture: 开始'}
[2026-06-12 10:00:00] [hamibot] {'time': '10:00:00 上午 GMT+08:00', 'action': '[capture] page_capture: 开始'}
[2026-06-12 10:00:00] [hamibot] {'time': '10:00:00 上午 GMT+08:00', 'action': 'taskPoller: 无待执行任务，等待下次轮询'}
[2026-06-12 10:00:00] [hamibot] {'time': '10:00:00 上午 GMT+08:00', 'action': '[capture] page_capture: dump layout depth=30'}
[2026-06-12 10:00:01] [hamibot] {'time': '10:00:02 上午 GMT+08:00', 'action': '[capture] page_capture: layout ok package=com.taobao.idlefish'}
[2026-06-12 10:00:01] [hamibot] {'time': '10:00:02 上午 GMT+08:00', 'action': '[capture] page_capture: layout ok package=com.taobao.idlefish'}
[2026-06-12 10:00:01] [hamibot] {'time': '10:00:02 上午 GMT+08:00', 'action': '[capture] page_capture: 截图失败 Error: 未获取截图权限，请重启脚本并在系统弹窗中点「允许」'}
[2026-06-12 10:00:01] [hamibot] {'time': '10:00:02 上午 GMT+08:00', 'action': '[capture] page_capture: 截图失败 Error: 未获取截图权限，请重启脚本并在系统弹窗中点「允许」'}
[2026-06-12 10:00:01] [hamibot] {'time': '10:00:02 上午 GMT+08:00', 'action': '[capture] page_capture: 完成 tree=true screenshot=false'}
[2026-06-12 10:00:01] [hamibot] {'time': '10:00:02 上午 GMT+08:00', 'action': '[capture] page_capture: 完成 tree=true screenshot=false'}
[2026-06-12 10:00:15] [hamibot] {'time': '10:00:16 上午 GMT+08:00', 'action': 'taskPoller: 无待执行任务，等待下次轮询'}
[2026-06-12 10:00:31] [hamibot] {'time': '10:00:31 上午 GMT+08:00', 'action': 'taskPoller: 无待执行任务，等待下次轮询'}
[2026-06-12 10:00:46] [hamibot] {'time': '10:00:46 上午 GMT+08:00', 'action': 'taskPoller: 无待执行任务，等待下次轮询'}
[2026-06-12 10:01:01] [hamibot] {'time': '10:01:01 上午 GMT+08:00', 'action': 'taskPoller: 无待执行任务，等待下次轮询'}
[2026-06-12 10:01:16] [hamibot] {'time': '10:01:16 上午 GMT+08:00', 'action': 'taskPoller: 无待执行任务，等待下次轮询'}
[2026-06-12 10:01:31] [hamibot] {'time': '10:01:31 上午 GMT+08:00', 'action': 'taskPoller: 无待执行任务，等待下次轮询'}
[2026-06-12 10:01:46] [hamibot] {'time': '10:01:46 上午 GMT+08:00', 'action': 'taskPoller: 无待执行任务，等待下次轮询'}
[2026-06-12 10:02:01] [hamibot] {'time': '10:02:01 上午 GMT+08:00', 'action': 'taskPoller: 无待执行任务，等待下次轮询'}
[2026-06-12 10:02:16] [hamibot] {'time': '10:02:17 上午 GMT+08:00', 'action': 'taskPoller: 无待执行任务，等待下次轮询'}
[2026-06-12 10:02:31] [hamibot] {'time': '10:02:32 上午 GMT+08:00', 'action': 'taskPoller: 无待执行任务，等待下次轮询'}
[2026-06-12 10:02:47] [hamibot] {'time': '10:02:47 上午 GMT+08:00', 'action': 'taskPoller: 无待执行任务，等待下次轮询'}
[2026-06-12 10:03:02] [hamibot] {'time': '10:03:02 上午 GMT+08:00', 'action': 'taskPoller: 无待执行任务，等待下次轮询'}
[2026-06-12 10:03:17] [hamibot] {'time': '10:03:17 上午 GMT+08:00', 'action': 'taskPoller: 无待执行任务，等待下次轮询'}
[2026-06-12 10:03:32] [hamibot] {'time': '10:03:32 上午 GMT+08:00', 'action': 'taskPoller: 无待执行任务，等待下次轮询'}
[2026-06-12 10:03:42] [hamibot] {'time': '10:03:42 上午 GMT+08:00', 'action': 'debugPoller: 执行调试指令 [page_capture]'}
[2026-06-12 10:03:42] [hamibot] {'time': '10:03:42 上午 GMT+08:00', 'action': '[capture] page_capture: 开始'}
[2026-06-12 10:03:42] [hamibot] {'time': '10:03:42 上午 GMT+08:00', 'action': '[capture] page_capture: 开始'}
[2026-06-12 10:03:42] [hamibot] {'time': '10:03:42 上午 GMT+08:00', 'action': '[capture] page_capture: dump layout depth=30'}
[2026-06-12 10:03:42] [hamibot] {'time': '10:03:42 上午 GMT+08:00', 'action': '[capture] page_capture: dump layout depth=30'}
[2026-06-12 10:03:43] [hamibot] {'time': '10:03:43 上午 GMT+08:00', 'action': '[capture] page_capture: layout ok package=com.taobao.idlefish'}
[2026-06-12 10:03:43] [hamibot] {'time': '10:03:43 上午 GMT+08:00', 'action': '[capture] page_capture: layout ok package=com.taobao.idlefish'}
[2026-06-12 10:03:43] [hamibot] {'time': '10:03:43 上午 GMT+08:00', 'action': '[capture] page_capture: 截图失败 Error: 未获取截图权限，请重启脚本并在系统弹窗中点「允许」'}
[2026-06-12 10:03:43] [hamibot] {'time': '10:03:43 上午 GMT+08:00', 'action': '[capture] page_capture: 截图失败 Error: 未获取截图权限，请重启脚本并在系统弹窗中点「允许」'}
[2026-06-12 10:03:43] [hamibot] {'time': '10:03:43 上午 GMT+08:00', 'action': '[capture] page_capture: 完成 tree=true screenshot=false'}
[2026-06-12 10:03:47] [hamibot] {'time': '10:03:48 上午 GMT+08:00', 'action': 'taskPoller: 无待执行任务，等待下次轮询'}
[2026-06-12 10:04:02] [hamibot] {'time': '10:04:03 上午 GMT+08:00', 'action': 'taskPoller: 无待执行任务，等待下次轮询'}
[2026-06-12 10:04:08] [hamibot] {'time': '10:04:08 上午 GMT+08:00', 'action': '[capture] startup: requestScreenCapture error JavaException: java.lang.RuntimeException: java.lang.InterruptedException'}
[2026-06-12 10:04:08] [hamibot] {'time': '10:04:08 上午 GMT+08:00', 'action': '主线程: 截图权限申请失败: JavaException: java.lang.RuntimeException: java.lang.InterruptedException'}
[2026-06-12 10:04:15] [hamibot] {'time': '10:04:15 上午 GMT+08:00', 'action': '子线程启动，开始初始化...'}
[2026-06-12 10:04:15] [hamibot] {'time': '10:04:15 上午 GMT+08:00', 'action': '主线程: 正在申请截图权限，请在弹窗中点击「允许」…'}
[2026-06-12 10:04:17] [hamibot] {'time': '10:04:17 上午 GMT+08:00', 'action': 'findDom 完成，创建悬浮窗...'}
[2026-06-12 10:04:17] [hamibot] {'time': '10:04:17 上午 GMT+08:00', 'action': 'taskPoller: 任务轮询已启动'}
[2026-06-12 10:04:17] [hamibot] {'time': '10:04:17 上午 GMT+08:00', 'action': 'debugPoller: 调试轮询已启动'}
[2026-06-12 10:04:17] [hamibot] {'time': '10:04:17 上午 GMT+08:00', 'action': 'taskPoller: 无待执行任务，等待下次轮询'}
[2026-06-12 10:04:26] [hamibot] {'time': '10:04:27 上午 GMT+08:00', 'action': 'debugPoller: 执行调试指令 [page_capture]'}
[2026-06-12 10:04:27] [hamibot] {'time': '10:04:27 上午 GMT+08:00', 'action': '[capture] page_capture: 开始'}
[2026-06-12 10:04:27] [hamibot] {'time': '10:04:27 上午 GMT+08:00', 'action': '[capture] page_capture: dump layout depth=30'}
[2026-06-12 10:04:28] [hamibot] {'time': '10:04:28 上午 GMT+08:00', 'action': '[capture] page_capture: layout ok package=com.taobao.idlefish'}
[2026-06-12 10:04:28] [hamibot] {'time': '10:04:28 上午 GMT+08:00', 'action': '[capture] page_capture: layout ok package=com.taobao.idlefish'}
[2026-06-12 10:04:28] [hamibot] {'time': '10:04:28 上午 GMT+08:00', 'action': '[capture] screenshot: 等待主线程完成权限申请…'}
[2026-06-12 10:04:28] [hamibot] {'time': '10:04:28 上午 GMT+08:00', 'action': '[capture] screenshot: 等待主线程完成权限申请…'}
[2026-06-12 10:04:32] [hamibot] {'time': '10:04:32 上午 GMT+08:00', 'action': 'taskPoller: 无待执行任务，等待下次轮询'}
[2026-06-12 10:04:47] [hamibot] {'time': '10:04:48 上午 GMT+08:00', 'action': 'taskPoller: 无待执行任务，等待下次轮询'}
[2026-06-12 10:05:03] [hamibot] {'time': '10:05:03 上午 GMT+08:00', 'action': 'taskPoller: 无待执行任务，等待下次轮询'}
[2026-06-12 10:05:18] [hamibot] {'time': '10:05:18 上午 GMT+08:00', 'action': 'taskPoller: 无待执行任务，等待下次轮询'}
[2026-06-12 10:05:33] [hamibot] {'time': '10:05:33 上午 GMT+08:00', 'action': 'taskPoller: 无待执行任务，等待下次轮询'}
[2026-06-12 10:05:48] [hamibot] {'time': '10:05:49 上午 GMT+08:00', 'action': 'taskPoller: 无待执行任务，等待下次轮询'}
[2026-06-12 10:06:04] [hamibot] {'time': '10:06:04 上午 GMT+08:00', 'action': 'taskPoller: 无待执行任务，等待下次轮询'}
[2026-06-12 10:06:19] [hamibot] {'time': '10:06:19 上午 GMT+08:00', 'action': 'taskPoller: 无待执行任务，等待下次轮询'}
[2026-06-12 10:06:28] [hamibot] {'time': '10:06:28 上午 GMT+08:00', 'action': '[capture] page_capture: 截图失败 Error: 等待截图权限超时，请确认已点「允许」后重试采集'}
[2026-06-12 10:06:28] [hamibot] {'time': '10:06:28 上午 GMT+08:00', 'action': '[capture] page_capture: 截图失败 Error: 等待截图权限超时，请确认已点「允许」后重试采集'}
[2026-06-12 10:06:28] [hamibot] {'time': '10:06:28 上午 GMT+08:00', 'action': '[capture] page_capture: 完成 tree=true screenshot=false'}
[2026-06-12 10:06:33] [hamibot] {'time': '10:06:33 上午 GMT+08:00', 'action': 'debugPoller: 执行调试指令 [page_capture]'}
[2026-06-12 10:06:33] [hamibot] {'time': '10:06:33 上午 GMT+08:00', 'action': '[capture] page_capture: 开始'}
[2026-06-12 10:06:33] [hamibot] {'time': '10:06:33 上午 GMT+08:00', 'action': '[capture] page_capture: 开始'}
[2026-06-12 10:06:33] [hamibot] {'time': '10:06:33 上午 GMT+08:00', 'action': '[capture] page_capture: dump layout depth=30'}
[2026-06-12 10:06:33] [hamibot] {'time': '10:06:33 上午 GMT+08:00', 'action': '[capture] page_capture: dump layout depth=30'}
[2026-06-12 10:06:34] [hamibot] {'time': '10:06:34 上午 GMT+08:00', 'action': '[capture] page_capture: layout ok package=com.taobao.idlefish'}
[2026-06-12 10:06:34] [hamibot] {'time': '10:06:34 上午 GMT+08:00', 'action': '[capture] page_capture: layout ok package=com.taobao.idlefish'}
[2026-06-12 10:06:34] [hamibot] {'time': '10:06:34 上午 GMT+08:00', 'action': 'taskPoller: 无待执行任务，等待下次轮询'}
[2026-06-12 10:06:34] [hamibot] {'time': '10:06:34 上午 GMT+08:00', 'action': '[capture] screenshot: 等待主线程完成权限申请…'}
[2026-06-12 10:06:49] [hamibot] {'time': '10:06:49 上午 GMT+08:00', 'action': 'taskPoller: 无待执行任务，等待下次轮询'}
[2026-06-12 10:07:04] [hamibot] {'time': '10:07:04 上午 GMT+08:00', 'action': 'taskPoller: 无待执行任务，等待下次轮询'}
[2026-06-12 10:07:19] [hamibot] {'time': '10:07:20 上午 GMT+08:00', 'action': 'taskPoller: 无待执行任务，等待下次轮询'}
[2026-06-12 10:07:35] [hamibot] {'time': '10:07:35 上午 GMT+08:00', 'action': 'taskPoller: 无待执行任务，等待下次轮询'}
[2026-06-12 10:07:50] [hamibot] {'time': '10:07:50 上午 GMT+08:00', 'action': 'taskPoller: 无待执行任务，等待下次轮询'}
[2026-06-12 10:08:07] [hamibot] {'time': '10:08:07 上午 GMT+08:00', 'action': 'taskPoller: 无待执行任务，等待下次轮询'}
[2026-06-12 10:08:22] [hamibot] {'time': '10:08:22 上午 GMT+08:00', 'action': 'taskPoller: 无待执行任务，等待下次轮询'}
[2026-06-12 10:08:34] [hamibot] {'time': '10:08:34 上午 GMT+08:00', 'action': '[capture] page_capture: 截图失败 Error: 等待截图权限超时，请确认已点「允许」后重试采集'}
[2026-06-12 10:08:34] [hamibot] {'time': '10:08:34 上午 GMT+08:00', 'action': '[capture] page_capture: 截图失败 Error: 等待截图权限超时，请确认已点「允许」后重试采集'}
[2026-06-12 10:08:34] [hamibot] {'time': '10:08:35 上午 GMT+08:00', 'action': '[capture] page_capture: 完成 tree=true screenshot=false'}
[2026-06-12 10:08:34] [hamibot] {'time': '10:08:35 上午 GMT+08:00', 'action': '[capture] page_capture: 完成 tree=true screenshot=false'}
[2026-06-12 10:08:37] [hamibot] {'time': '10:08:37 上午 GMT+08:00', 'action': 'taskPoller: 无待执行任务，等待下次轮询'}
[2026-06-12 10:08:52] [hamibot] {'time': '10:08:53 上午 GMT+08:00', 'action': 'taskPoller: 无待执行任务，等待下次轮询'}
[2026-06-12 10:09:11] [hamibot] {'time': '10:09:12 上午 GMT+08:00', 'action': 'taskPoller: 无待执行任务，等待下次轮询'}
[2026-06-12 10:09:26] [hamibot] {'time': '10:09:27 上午 GMT+08:00', 'action': 'taskPoller: 无待执行任务，等待下次轮询'}
[2026-06-12 10:09:41] [hamibot] {'time': '10:09:42 上午 GMT+08:00', 'action': 'taskPoller: 无待执行任务，等待下次轮询'}
[2026-06-12 10:09:58] [hamibot] {'time': '10:09:58 上午 GMT+08:00', 'action': 'taskPoller: 无待执行任务，等待下次轮询'}
[2026-06-12 10:09:58] [hamibot] {'time': '10:09:59 上午 GMT+08:00', 'action': '主线程: 截图权限申请失败: JavaException: java.lang.RuntimeException: java.lang.InterruptedException'}
[2026-06-12 10:09:58] [hamibot] {'time': '10:09:59 上午 GMT+08:00', 'action': '[capture] startup: requestScreenCapture error JavaException: java.lang.RuntimeException: java.lang.InterruptedException'}
[2026-06-12 10:10:05] [hamibot] {'time': '10:10:05 上午 GMT+08:00', 'action': '主线程: 正在申请截图权限，请在弹窗中点击「允许」…'}
[2026-06-12 10:10:05] [hamibot] {'time': '10:10:05 上午 GMT+08:00', 'action': '[capture] startup: requestScreenCapture begin'}
[2026-06-12 10:10:05] [hamibot] {'time': '10:10:05 上午 GMT+08:00', 'action': '[capture] startup: requestScreenCapture begin'}
[2026-06-12 10:26:39] [hamibot] {'time': '10:26:39 上午 GMT+08:00', 'action': '子线程启动，开始初始化...'}
[2026-06-12 10:26:40] [hamibot] {'time': '10:26:40 上午 GMT+08:00', 'action': '主线程: 正在申请截图权限，请在弹窗中点击「允许」…'}
[2026-06-12 10:26:41] [hamibot] {'time': '10:26:42 上午 GMT+08:00', 'action': 'findDom 完成，创建悬浮窗...'}
[2026-06-12 10:26:42] [hamibot] {'time': '10:26:42 上午 GMT+08:00', 'action': 'debugPoller: 调试轮询已启动'}
[2026-06-12 10:26:42] [hamibot] {'time': '10:26:42 上午 GMT+08:00', 'action': 'taskPoller: 任务轮询已启动'}
[2026-06-12 10:26:42] [hamibot] {'time': '10:26:42 上午 GMT+08:00', 'action': 'debugPoller: 收到指令 [page_capture] id=552c790c'}
[2026-06-12 10:26:42] [hamibot] {'time': '10:26:42 上午 GMT+08:00', 'action': '主线程: 截图权限已获取'}
ure ok'}
[2026-06-12 10:26:42] [hamibot] {'time': '10:26:42 上午 GMT+08:00', 'action': '[capture] startup: requestScreenCapture ok'}
[2026-06-12 10:26:42] [hamibot] {'time': '10:26:42 上午 GMT+08:00', 'action': 'debugPoller: 执行 [page_capture] id=552c790c'}
[2026-06-12 10:26:42] [hamibot] {'time': '10:26:43 上午 GMT+08:00', 'action': 'taskPoller: 无待执行任务，等待下次轮询'}
[2026-06-12 10:26:42] [hamibot] {'time': '10:26:43 上午 GMT+08:00', 'action': '[capture] page_capture: 开始'}
[2026-06-12 10:26:42] [hamibot] {'time': '10:26:43 上午 GMT+08:00', 'action': '[capture] page_capture: 开始'}
[2026-06-12 10:26:43] [hamibot] {'time': '10:26:43 上午 GMT+08:00', 'action': '[capture] page_capture: dump layout depth=30'}
[2026-06-12 10:26:43] [hamibot] {'time': '10:26:44 上午 GMT+08:00', 'action': '[capture] page_capture: layout ok package=com.taobao.idlefish'}
[2026-06-12 10:26:43] [hamibot] {'time': '10:26:44 上午 GMT+08:00', 'action': '[capture] page_capture: layout ok package=com.taobao.idlefish'}
[2026-06-12 10:26:43] [hamibot] {'time': '10:26:44 上午 GMT+08:00', 'action': '[capture] screenshot: begin state=granted'}
[2026-06-12 10:26:43] [hamibot] {'time': '10:26:44 上午 GMT+08:00', 'action': '[capture] screenshot: begin state=granted'}
[2026-06-12 10:26:44] [hamibot] {'time': '10:26:44 上午 GMT+08:00', 'action': '[capture] screenshot: ok bytes=421996'}
[2026-06-12 10:26:44] [hamibot] {'time': '10:26:44 上午 GMT+08:00', 'action': '[capture] page_capture: 完成 tree=true screenshot=true'}
[2026-06-12 10:26:44] [hamibot] {'time': '10:26:44 上午 GMT+08:00', 'action': '[capture] page_capture: 完成 tree=true screenshot=true'}
[2026-06-12 10:26:56] [hamibot] {'time': '10:26:55 上午 GMT+08:00', 'action': 'debugPoller: 收到指令 [page_capture] id=c30cd530'}
[2026-06-12 10:26:56] [hamibot] {'time': '10:26:55 上午 GMT+08:00', 'action': 'debugPoller: 执行 [page_capture] id=c30cd530'}
[2026-06-12 10:26:56] [hamibot] {'time': '10:26:56 上午 GMT+08:00', 'action': '[capture] page_capture: 开始'}
[2026-06-12 10:26:56] [hamibot] {'time': '10:26:57 上午 GMT+08:00', 'action': '[capture] page_capture: dump layout depth=30'}
[2026-06-12 10:26:56] [hamibot] {'time': '10:26:57 上午 GMT+08:00', 'action': '[capture] page_capture: dump layout depth=30'}
[2026-06-12 10:26:57] [hamibot] {'time': '10:26:57 上午 GMT+08:00', 'action': '[capture] page_capture: layout ok package=com.taobao.idlefish'}
[2026-06-12 10:26:58] [hamibot] {'time': '10:26:58 上午 GMT+08:00', 'action': '[capture] screenshot: begin state=granted'}
[2026-06-12 10:26:58] [hamibot] {'time': '10:26:58 上午 GMT+08:00', 'action': 'taskPoller: 无待执行任务，等待下次轮询'}
[2026-06-12 10:26:58] [hamibot] {'time': '10:26:58 上午 GMT+08:00', 'action': '[capture] screenshot: ok bytes=418992'}
[2026-06-12 10:26:58] [hamibot] {'time': '10:26:59 上午 GMT+08:00', 'action': '[capture] page_capture: 完成 tree=true screenshot=true'}
[2026-06-12 10:26:59] [hamibot] {'time': '10:26:59 上午 GMT+08:00', 'action': '[capture] page_capture: 完成 tree=true screenshot=true'}
[2026-06-12 10:27:14] [hamibot] {'time': '10:27:14 上午 GMT+08:00', 'action': 'taskPoller: 无待执行任务，等待下次轮询'}
[2026-06-12 10:27:29] [hamibot] {'time': '10:27:29 上午 GMT+08:00', 'action': 'taskPoller: 无待执行任务，等待下次轮询'}
[2026-06-12 10:27:44] [hamibot] {'time': '10:27:44 上午 GMT+08:00', 'action': 'taskPoller: 无待执行任务，等待下次轮询'}
[2026-06-12 10:28:03] [hamibot] {'time': '10:28:02 上午 GMT+08:00', 'action': 'taskPoller: 无待执行任务，等待下次轮询'}
[2026-06-12 10:28:18] [hamibot] {'time': '10:28:18 上午 GMT+08:00', 'action': 'taskPoller: 无待执行任务，等待下次轮询'}
[2026-06-12 10:28:33] [hamibot] {'time': '10:28:33 上午 GMT+08:00', 'action': 'taskPoller: 无待执行任务，等待下次轮询'}
[2026-06-12 10:28:48] [hamibot] {'time': '10:28:48 上午 GMT+08:00', 'action': 'taskPoller: 无待执行任务，等待下次轮询'}
[2026-06-12 10:29:03] [hamibot] {'time': '10:29:03 上午 GMT+08:00', 'action': 'taskPoller: 无待执行任务，等待下次轮询'}
[2026-06-12 10:29:18] [hamibot] {'time': '10:29:18 上午 GMT+08:00', 'action': 'taskPoller: 无待执行任务，等待下次轮询'}
[2026-06-12 10:29:34] [hamibot] {'time': '10:29:34 上午 GMT+08:00', 'action': 'taskPoller: 无待执行任务，等待下次轮询'}
[2026-06-12 10:29:49] [hamibot] {'time': '10:29:49 上午 GMT+08:00', 'action': 'taskPoller: 无待执行任务，等待下次轮询'}
[2026-06-12 10:30:04] [hamibot] {'time': '10:30:04 上午 GMT+08:00', 'action': 'taskPoller: 无待执行任务，等待下次轮询'}
[2026-06-12 10:30:19] [hamibot] {'time': '10:30:19 上午 GMT+08:00', 'action': 'taskPoller: 无待执行任务，等待下次轮询'}
[2026-06-12 10:30:37] [hamibot] {'time': '10:30:36 上午 GMT+08:00', 'action': 'taskPoller: 无待执行任务，等待下次轮询'}
[2026-06-12 10:30:52] [hamibot] {'time': '10:30:52 上午 GMT+08:00', 'action': 'taskPoller: 无待执行任务，等待下次轮询'}
[2026-06-12 10:31:07] [hamibot] {'time': '10:31:07 上午 GMT+08:00', 'action': 'taskPoller: 无待执行任务，等待下次轮询'}
[2026-06-12 10:31:22] [hamibot] {'time': '10:31:23 上午 GMT+08:00', 'action': 'taskPoller: 无待执行任务，等待下次轮询'}
[2026-06-12 10:31:38] [hamibot] {'time': '10:31:38 上午 GMT+08:00', 'action': 'taskPoller: 无待执行任务，等待下次轮询'}
[2026-06-12 10:31:53] [hamibot] {'time': '10:31:53 上午 GMT+08:00', 'action': 'taskPoller: 无待执行任务，等待下次轮询'}
[2026-06-12 10:32:08] [hamibot] {'time': '10:32:09 上午 GMT+08:00', 'action': 'taskPoller: 无待执行任务，等待下次轮询'}
[2026-06-12 10:32:23] [hamibot] {'time': '10:32:24 上午 GMT+08:00', 'action': 'taskPoller: 无待执行任务，等待下次轮询'}
[2026-06-12 10:32:38] [hamibot] {'time': '10:32:39 上午 GMT+08:00', 'action': 'taskPoller: 无待执行任务，等待下次轮询'}
[2026-06-12 10:32:53] [hamibot] {'time': '10:32:54 上午 GMT+08:00', 'action': 'taskPoller: 无待执行任务，等待下次轮询'}
[2026-06-12 10:33:08] [hamibot] {'time': '10:33:09 上午 GMT+08:00', 'action': 'taskPoller: 无待执行任务，等待下次轮询'}
[2026-06-12 10:33:23] [hamibot] {'time': '10:33:24 上午 GMT+08:00', 'action': 'taskPoller: 无待执行任务，等待下次轮询'}
[2026-06-12 10:33:39] [hamibot] {'time': '10:33:39 上午 GMT+08:00', 'action': 'taskPoller: 无待执行任务，等待下次轮询'}
[2026-06-12 10:33:54] [hamibot] {'time': '10:33:54 上午 GMT+08:00', 'action': 'taskPoller: 无待执行任务，等待下次轮询'}
[2026-06-12 10:34:09] [hamibot] {'time': '10:34:09 上午 GMT+08:00', 'action': 'taskPoller: 无待执行任务，等待下次轮询'}
[2026-06-12 10:34:24] [hamibot] {'time': '10:34:25 上午 GMT+08:00', 'action': 'taskPoller: 无待执行任务，等待下次轮询'}
[2026-06-12 10:34:39] [hamibot] {'time': '10:34:40 上午 GMT+08:00', 'action': 'taskPoller: 无待执行任务，等待下次轮询'}
[2026-06-12 10:34:55] [hamibot] {'time': '10:34:55 上午 GMT+08:00', 'action': 'taskPoller: 无待执行任务，等待下次轮询'}
[2026-06-12 10:35:11] [hamibot] {'time': '10:35:11 上午 GMT+08:00', 'action': 'taskPoller: 无待执行任务，等待下次轮询'}
[2026-06-12 10:35:29] [hamibot] {'time': '10:35:29 上午 GMT+08:00', 'action': 'taskPoller: 无待执行任务，等待下次轮询'}
[2026-06-12 10:35:44] [hamibot] {'time': '10:35:44 上午 GMT+08:00', 'action': 'taskPoller: 无待执行任务，等待下次轮询'}
[2026-06-12 10:36:00] [hamibot] {'time': '10:36:00 上午 GMT+08:00', 'action': 'taskPoller: 无待执行任务，等待下次轮询'}
[2026-06-12 10:36:14] [hamibot] {'time': '10:36:15 上午 GMT+08:00', 'action': 'taskPoller: 无待执行任务，等待下次轮询'}
[2026-06-12 10:36:30] [hamibot] {'time': '10:36:30 上午 GMT+08:00', 'action': 'taskPoller: 无待执行任务，等待下次轮询'}
[2026-06-12 10:36:46] [hamibot] {'time': '10:36:46 上午 GMT+08:00', 'action': 'taskPoller: 无待执行任务，等待下次轮询'}
[2026-06-12 10:37:01] [hamibot] {'time': '10:37:01 上午 GMT+08:00', 'action': 'taskPoller: 无待执行任务，等待下次轮询'}
[2026-06-12 10:37:17] [hamibot] {'time': '10:37:17 上午 GMT+08:00', 'action': 'taskPoller: 无待执行任务，等待下次轮询'}
[2026-06-12 10:37:32] [hamibot] {'time': '10:37:32 上午 GMT+08:00', 'action': 'taskPoller: 无待执行任务，等待下次轮询'}
[2026-06-12 10:37:47] [hamibot] {'time': '10:37:48 上午 GMT+08:00', 'action': 'taskPoller: 无待执行任务，等待下次轮询'}
[2026-06-12 10:38:03] [hamibot] {'time': '10:38:03 上午 GMT+08:00', 'action': 'taskPoller: 无待执行任务，等待下次轮询'}
[2026-06-12 10:38:18] [hamibot] {'time': '10:38:18 上午 GMT+08:00', 'action': 'taskPoller: 无待执行任务，等待下次轮询'}
[2026-06-12 10:38:33] [hamibot] {'time': '10:38:33 上午 GMT+08:00', 'action': 'taskPoller: 无待执行任务，等待下次轮询'}
[2026-06-12 10:38:52] [hamibot] {'time': '10:38:53 上午 GMT+08:00', 'action': 'taskPoller: 无待执行任务，等待下次轮询'}
[2026-06-12 10:39:09] [hamibot] {'time': '10:39:09 上午 GMT+08:00', 'action': 'taskPoller: 无待执行任务，等待下次轮询'}
[2026-06-12 10:39:24] [hamibot] {'time': '10:39:25 上午 GMT+08:00', 'action': 'taskPoller: 无待执行任务，等待下次轮询'}
[2026-06-12 10:39:39] [hamibot] {'time': '10:39:40 上午 GMT+08:00', 'action': 'taskPoller: 无待执行任务，等待下次轮询'}
[2026-06-12 10:39:55] [hamibot] {'time': '10:39:55 上午 GMT+08:00', 'action': 'taskPoller: 无待执行任务，等待下次轮询'}
[2026-06-12 10:40:11] [hamibot] {'time': '10:40:11 上午 GMT+08:00', 'action': 'taskPoller: 无待执行任务，等待下次轮询'}
[2026-06-12 10:40:26] [hamibot] {'time': '10:40:26 上午 GMT+08:00', 'action': 'taskPoller: 无待执行任务，等待下次轮询'}
[2026-06-12 10:40:41] [hamibot] {'time': '10:40:41 上午 GMT+08:00', 'action': 'taskPoller: 无待执行任务，等待下次轮询'}
[2026-06-12 10:40:56] [hamibot] {'time': '10:40:56 上午 GMT+08:00', 'action': 'taskPoller: 无待执行任务，等待下次轮询'}
[2026-06-12 10:41:12] [hamibot] {'time': '10:41:12 上午 GMT+08:00', 'action': 'taskPoller: 无待执行任务，等待下次轮询'}
[2026-06-12 10:41:27] [hamibot] {'time': '10:41:27 上午 GMT+08:00', 'action': 'taskPoller: 无待执行任务，等待下次轮询'}
[2026-06-12 10:41:44] [hamibot] {'time': '10:41:45 上午 GMT+08:00', 'action': 'taskPoller: 无待执行任务，等待下次轮询'}
[2026-06-12 10:41:59] [hamibot] {'time': '10:42:00 上午 GMT+08:00', 'action': 'taskPoller: 无待执行任务，等待下次轮询'}
[2026-06-12 10:42:15] [hamibot] {'time': '10:42:15 上午 GMT+08:00', 'action': 'taskPoller: 无待执行任务，等待下次轮询'}
[2026-06-12 10:42:30] [hamibot] {'time': '10:42:30 上午 GMT+08:00', 'action': 'taskPoller: 无待执行任务，等待下次轮询'}
[2026-06-12 10:42:45] [hamibot] {'time': '10:42:46 上午 GMT+08:00', 'action': 'taskPoller: 无待执行任务，等待下次轮询'}
[2026-06-12 10:43:03] [hamibot] {'time': '10:43:04 上午 GMT+08:00', 'action': 'taskPoller: 无待执行任务，等待下次轮询'}
[2026-06-12 10:43:19] [hamibot] {'time': '10:43:19 上午 GMT+08:00', 'action': 'taskPoller: 无待执行任务，等待下次轮询'}
[2026-06-12 10:43:34] [hamibot] {'time': '10:43:34 上午 GMT+08:00', 'action': 'taskPoller: 无待执行任务，等待下次轮询'}
[2026-06-12 10:43:49] [hamibot] {'time': '10:43:49 上午 GMT+08:00', 'action': 'taskPoller: 无待执行任务，等待下次轮询'}
[2026-06-12 10:44:04] [hamibot] {'time': '10:44:04 上午 GMT+08:00', 'action': 'taskPoller: 无待执行任务，等待下次轮询'}
[2026-06-12 10:44:19] [hamibot] {'time': '10:44:20 上午 GMT+08:00', 'action': 'taskPoller: 无待执行任务，等待下次轮询'}
[2026-06-12 10:44:34] [hamibot] {'time': '10:44:35 上午 GMT+08:00', 'action': 'taskPoller: 无待执行任务，等待下次轮询'}
[2026-06-12 10:44:50] [hamibot] {'time': '10:44:50 上午 GMT+08:00', 'action': 'taskPoller: 无待执行任务，等待下次轮询'}
[2026-06-12 10:45:05] [hamibot] {'time': '10:45:05 上午 GMT+08:00', 'action': 'taskPoller: 无待执行任务，等待下次轮询'}
[2026-06-12 10:45:21] [hamibot] {'time': '10:45:21 上午 GMT+08:00', 'action': 'taskPoller: 无待执行任务，等待下次轮询'}
[2026-06-12 10:45:36] [hamibot] {'time': '10:45:36 上午 GMT+08:00', 'action': 'taskPoller: 无待执行任务，等待下次轮询'}
[2026-06-12 10:45:51] [hamibot] {'time': '10:45:51 上午 GMT+08:00', 'action': 'taskPoller: 无待执行任务，等待下次轮询'}
[2026-06-12 10:46:06] [hamibot] {'time': '10:46:06 上午 GMT+08:00', 'action': 'taskPoller: 无待执行任务，等待下次轮询'}
[2026-06-12 10:46:21] [hamibot] {'time': '10:46:21 上午 GMT+08:00', 'action': 'taskPoller: 无待执行任务，等待下次轮询'}
[2026-06-12 10:46:36] [hamibot] {'time': '10:46:37 上午 GMT+08:00', 'action': 'taskPoller: 无待执行任务，等待下次轮询'}
[2026-06-12 10:46:51] [hamibot] {'time': '10:46:52 上午 GMT+08:00', 'action': 'taskPoller: 无待执行任务，等待下次轮询'}
[2026-06-12 10:47:06] [hamibot] {'time': '10:47:07 上午 GMT+08:00', 'action': 'taskPoller: 无待执行任务，等待下次轮询'}
[2026-06-12 10:47:22] [hamibot] {'time': '10:47:22 上午 GMT+08:00', 'action': 'taskPoller: 无待执行任务，等待下次轮询'}
[2026-06-12 10:47:37] [hamibot] {'time': '10:47:37 上午 GMT+08:00', 'action': 'taskPoller: 无待执行任务，等待下次轮询'}
[2026-06-12 10:47:52] [hamibot] {'time': '10:47:52 上午 GMT+08:00', 'action': 'taskPoller: 无待执行任务，等待下次轮询'}
[2026-06-12 10:48:07] [hamibot] {'time': '10:48:07 上午 GMT+08:00', 'action': 'taskPoller: 无待执行任务，等待下次轮询'}
[2026-06-12 10:48:23] [hamibot] {'time': '10:48:23 上午 GMT+08:00', 'action': 'taskPoller: 无待执行任务，等待下次轮询'}
[2026-06-12 10:48:38] [hamibot] {'time': '10:48:38 上午 GMT+08:00', 'action': 'taskPoller: 无待执行任务，等待下次轮询'}
[2026-06-12 10:48:53] [hamibot] {'time': '10:48:54 上午 GMT+08:00', 'action': 'taskPoller: 无待执行任务，等待下次轮询'}
[2026-06-12 10:49:08] [hamibot] {'time': '10:49:09 上午 GMT+08:00', 'action': 'taskPoller: 无待执行任务，等待下次轮询'}
[2026-06-12 10:49:23] [hamibot] {'time': '10:49:24 上午 GMT+08:00', 'action': 'taskPoller: 无待执行任务，等待下次轮询'}
[2026-06-12 10:49:40] [hamibot] {'time': '10:49:40 上午 GMT+08:00', 'action': 'taskPoller: 无待执行任务，等待下次轮询'}
[2026-06-12 10:49:55] [hamibot] {'time': '10:49:55 上午 GMT+08:00', 'action': 'taskPoller: 无待执行任务，等待下次轮询'}
[2026-06-12 10:50:10] [hamibot] {'time': '10:50:11 上午 GMT+08:00', 'action': 'taskPoller: 无待执行任务，等待下次轮询'}
[2026-06-12 10:50:26] [hamibot] {'time': '10:50:26 上午 GMT+08:00', 'action': 'taskPoller: 无待执行任务，等待下次轮询'}
[2026-06-12 10:50:41] [hamibot] {'time': '10:50:41 上午 GMT+08:00', 'action': 'taskPoller: 无待执行任务，等待下次轮询'}
[2026-06-12 10:50:56] [hamibot] {'time': '10:50:56 上午 GMT+08:00', 'action': 'taskPoller: 无待执行任务，等待下次轮询'}
[2026-06-12 10:51:11] [hamibot] {'time': '10:51:12 上午 GMT+08:00', 'action': 'taskPoller: 无待执行任务，等待下次轮询'}
[2026-06-12 10:51:27] [hamibot] {'time': '10:51:27 上午 GMT+08:00', 'action': 'taskPoller: 无待执行任务，等待下次轮询'}
[2026-06-12 10:51:42] [hamibot] {'time': '10:51:42 上午 GMT+08:00', 'action': 'taskPoller: 无待执行任务，等待下次轮询'}
[2026-06-12 10:51:57] [hamibot] {'time': '10:51:57 上午 GMT+08:00', 'action': 'taskPoller: 无待执行任务，等待下次轮询'}
[2026-06-12 10:52:12] [hamibot] {'time': '10:52:12 上午 GMT+08:00', 'action': 'taskPoller: 无待执行任务，等待下次轮询'}
[2026-06-12 10:52:27] [hamibot] {'time': '10:52:28 上午 GMT+08:00', 'action': 'taskPoller: 无待执行任务，等待下次轮询'}
[2026-06-12 10:52:42] [hamibot] {'time': '10:52:43 上午 GMT+08:00', 'action': 'taskPoller: 无待执行任务，等待下次轮询'}
[2026-06-12 10:52:58] [hamibot] {'time': '10:52:58 上午 GMT+08:00', 'action': 'taskPoller: 无待执行任务，等待下次轮询'}
[2026-06-12 10:53:13] [hamibot] {'time': '10:53:13 上午 GMT+08:00', 'action': 'taskPoller: 无待执行任务，等待下次轮询'}
[2026-06-12 10:53:28] [hamibot] {'time': '10:53:28 上午 GMT+08:00', 'action': 'taskPoller: 无待执行任务，等待下次轮询'}
[2026-06-12 10:53:43] [hamibot] {'time': '10:53:43 上午 GMT+08:00', 'action': 'taskPoller: 无待执行任务，等待下次轮询'}
[2026-06-12 10:53:58] [hamibot] {'time': '10:53:58 上午 GMT+08:00', 'action': 'taskPoller: 无待执行任务，等待下次轮询'}
[2026-06-12 10:54:13] [hamibot] {'time': '10:54:14 上午 GMT+08:00', 'action': 'taskPoller: 无待执行任务，等待下次轮询'}
[2026-06-12 10:54:29] [hamibot] {'time': '10:54:29 上午 GMT+08:00', 'action': 'taskPoller: 无待执行任务，等待下次轮询'}
[2026-06-12 10:54:44] [hamibot] {'time': '10:54:44 上午 GMT+08:00', 'action': 'taskPoller: 无待执行任务，等待下次轮询'}
[2026-06-12 10:54:59] [hamibot] {'time': '10:54:59 上午 GMT+08:00', 'action': 'taskPoller: 无待执行任务，等待下次轮询'}
[2026-06-12 10:55:14] [hamibot] {'time': '10:55:14 上午 GMT+08:00', 'action': 'taskPoller: 无待执行任务，等待下次轮询'}
[2026-06-12 10:55:29] [hamibot] {'time': '10:55:30 上午 GMT+08:00', 'action': 'taskPoller: 无待执行任务，等待下次轮询'}
[2026-06-12 10:55:45] [hamibot] {'time': '10:55:45 上午 GMT+08:00', 'action': 'taskPoller: 无待执行任务，等待下次轮询'}
[2026-06-12 10:56:00] [hamibot] {'time': '10:56:00 上午 GMT+08:00', 'action': 'taskPoller: 无待执行任务，等待下次轮询'}
[2026-06-12 10:56:16] [hamibot] {'time': '10:56:16 上午 GMT+08:00', 'action': 'taskPoller: 无待执行任务，等待下次轮询'}
[2026-06-12 10:56:31] [hamibot] {'time': '10:56:31 上午 GMT+08:00', 'action': 'taskPoller: 无待执行任务，等待下次轮询'}
[2026-06-12 10:56:46] [hamibot] {'time': '10:56:46 上午 GMT+08:00', 'action': 'taskPoller: 无待执行任务，等待下次轮询'}
[2026-06-12 10:57:01] [hamibot] {'time': '10:57:02 上午 GMT+08:00', 'action': 'taskPoller: 无待执行任务，等待下次轮询'}
[2026-06-12 10:57:17] [hamibot] {'time': '10:57:17 上午 GMT+08:00', 'action': 'taskPoller: 无待执行任务，等待下次轮询'}
[2026-06-12 10:57:32] [hamibot] {'time': '10:57:32 上午 GMT+08:00', 'action': 'taskPoller: 无待执行任务，等待下次轮询'}
[2026-06-12 10:57:47] [hamibot] {'time': '10:57:47 上午 GMT+08:00', 'action': 'taskPoller: 无待执行任务，等待下次轮询'}
[2026-06-12 10:58:02] [hamibot] {'time': '10:58:02 上午 GMT+08:00', 'action': 'taskPoller: 无待执行任务，等待下次轮询'}
[2026-06-12 10:58:17] [hamibot] {'time': '10:58:18 上午 GMT+08:00', 'action': 'taskPoller: 无待执行任务，等待下次轮询'}
[2026-06-12 10:58:33] [hamibot] {'time': '10:58:34 上午 GMT+08:00', 'action': 'taskPoller: 无待执行任务，等待下次轮询'}
[2026-06-12 10:58:49] [hamibot] {'time': '10:58:49 上午 GMT+08:00', 'action': 'taskPoller: 无待执行任务，等待下次轮询'}
[2026-06-12 10:59:04] [hamibot] {'time': '10:59:04 上午 GMT+08:00', 'action': 'taskPoller: 无待执行任务，等待下次轮询'}
[2026-06-12 10:59:19] [hamibot] {'time': '10:59:19 上午 GMT+08:00', 'action': 'taskPoller: 无待执行任务，等待下次轮询'}
[2026-06-12 10:59:34] [hamibot] {'time': '10:59:35 上午 GMT+08:00', 'action': 'taskPoller: 无待执行任务，等待下次轮询'}
[2026-06-12 10:59:49] [hamibot] {'time': '10:59:50 上午 GMT+08:00', 'action': 'taskPoller: 无待执行任务，等待下次轮询'}
[2026-06-12 11:00:05] [hamibot] {'time': '11:00:05 上午 GMT+08:00', 'action': 'taskPoller: 无待执行任务，等待下次轮询'}
[2026-06-12 11:00:21] [hamibot] {'time': '11:00:21 上午 GMT+08:00', 'action': 'taskPoller: 无待执行任务，等待下次轮询'}
[2026-06-12 11:00:36] [hamibot] {'time': '11:00:37 上午 GMT+08:00', 'action': 'taskPoller: 无待执行任务，等待下次轮询'}
[2026-06-12 11:00:52] [hamibot] {'time': '11:00:52 上午 GMT+08:00', 'action': 'taskPoller: 无待执行任务，等待下次轮询'}
[2026-06-12 11:01:07] [hamibot] {'time': '11:01:07 上午 GMT+08:00', 'action': 'taskPoller: 无待执行任务，等待下次轮询'}
[2026-06-12 11:01:23] [hamibot] {'time': '11:01:23 上午 GMT+08:00', 'action': 'taskPoller: 无待执行任务，等待下次轮询'}
[2026-06-12 11:01:39] [hamibot] {'time': '11:01:39 上午 GMT+08:00', 'action': 'taskPoller: 无待执行任务，等待下次轮询'}
[2026-06-12 11:01:54] [hamibot] {'time': '11:01:54 上午 GMT+08:00', 'action': 'taskPoller: 无待执行任务，等待下次轮询'}
[2026-06-12 11:02:10] [hamibot] {'time': '11:02:10 上午 GMT+08:00', 'action': 'taskPoller: 无待执行任务，等待下次轮询'}
[2026-06-12 11:02:27] [hamibot] {'time': '11:02:27 上午 GMT+08:00', 'action': 'taskPoller: 无待执行任务，等待下次轮询'}
[2026-06-12 11:02:42] [hamibot] {'time': '11:02:42 上午 GMT+08:00', 'action': 'taskPoller: 无待执行任务，等待下次轮询'}
[2026-06-12 11:02:58] [hamibot] {'time': '11:02:58 上午 GMT+08:00', 'action': 'taskPoller: 无待执行任务，等待下次轮询'}
[2026-06-12 11:03:14] [hamibot] {'time': '11:03:14 上午 GMT+08:00', 'action': 'taskPoller: 无待执行任务，等待下次轮询'}
[2026-06-12 11:03:30] [hamibot] {'time': '11:03:30 上午 GMT+08:00', 'action': 'taskPoller: 无待执行任务，等待下次轮询'}
[2026-06-12 11:03:46] [hamibot] {'time': '11:03:46 上午 GMT+08:00', 'action': 'taskPoller: 无待执行任务，等待下次轮询'}
[2026-06-12 11:04:03] [hamibot] {'time': '11:04:02 上午 GMT+08:00', 'action': 'taskPoller: 无待执行任务，等待下次轮询'}
[2026-06-12 11:04:17] [hamibot] {'time': '11:04:18 上午 GMT+08:00', 'action': 'taskPoller: 无待执行任务，等待下次轮询'}
[2026-06-12 11:04:33] [hamibot] {'time': '11:04:34 上午 GMT+08:00', 'action': 'taskPoller: 无待执行任务，等待下次轮询'}
[2026-06-12 11:04:52] [hamibot] {'time': '11:04:52 上午 GMT+08:00', 'action': 'taskPoller: 无待执行任务，等待下次轮询'}
[2026-06-12 11:05:10] [hamibot] {'time': '11:05:10 上午 GMT+08:00', 'action': 'taskPoller: 无待执行任务，等待下次轮询'}
[2026-06-12 11:05:25] [hamibot] {'time': '11:05:25 上午 GMT+08:00', 'action': 'taskPoller: 无待执行任务，等待下次轮询'}
[2026-06-12 11:05:40] [hamibot] {'time': '11:05:41 上午 GMT+08:00', 'action': 'taskPoller: 无待执行任务，等待下次轮询'}
[2026-06-12 11:05:55] [hamibot] {'time': '11:05:56 上午 GMT+08:00', 'action': 'taskPoller: 无待执行任务，等待下次轮询'}
[2026-06-12 11:06:11] [hamibot] {'time': '11:06:11 上午 GMT+08:00', 'action': 'taskPoller: 无待执行任务，等待下次轮询'}
[2026-06-12 11:06:27] [hamibot] {'time': '11:06:27 上午 GMT+08:00', 'action': 'taskPoller: 无待执行任务，等待下次轮询'}
[2026-06-12 11:06:42] [hamibot] {'time': '11:06:42 上午 GMT+08:00', 'action': 'taskPoller: 无待执行任务，等待下次轮询'}
[2026-06-12 11:06:58] [hamibot] {'time': '11:06:58 上午 GMT+08:00', 'action': 'taskPoller: 无待执行任务，等待下次轮询'}
[2026-06-12 11:07:14] [hamibot] {'time': '11:07:14 上午 GMT+08:00', 'action': 'taskPoller: 无待执行任务，等待下次轮询'}
[2026-06-12 11:07:28] [hamibot] {'time': '11:07:29 上午 GMT+08:00', 'action': 'taskPoller: 无待执行任务，等待下次轮询'}
[2026-06-12 11:07:44] [hamibot] {'time': '11:07:44 上午 GMT+08:00', 'action': 'taskPoller: 无待执行任务，等待下次轮询'}
[2026-06-12 11:07:59] [hamibot] {'time': '11:07:59 上午 GMT+08:00', 'action': 'taskPoller: 无待执行任务，等待下次轮询'}
[2026-06-12 11:08:15] [hamibot] {'time': '11:08:15 上午 GMT+08:00', 'action': 'taskPoller: 无待执行任务，等待下次轮询'}
[2026-06-12 11:08:30] [hamibot] {'time': '11:08:30 上午 GMT+08:00', 'action': 'taskPoller: 无待执行任务，等待下次轮询'}
[2026-06-12 11:08:45] [hamibot] {'time': '11:08:46 上午 GMT+08:00', 'action': 'taskPoller: 无待执行任务，等待下次轮询'}
[2026-06-12 11:09:01] [hamibot] {'time': '11:09:01 上午 GMT+08:00', 'action': 'taskPoller: 无待执行任务，等待下次轮询'}
[2026-06-12 11:09:17] [hamibot] {'time': '11:09:17 上午 GMT+08:00', 'action': 'taskPoller: 无待执行任务，等待下次轮询'}
[2026-06-12 11:09:32] [hamibot] {'time': '11:09:32 上午 GMT+08:00', 'action': 'taskPoller: 无待执行任务，等待下次轮询'}
[2026-06-12 11:09:55] [hamibot] {'time': '11:09:52 上午 GMT+08:00', 'action': 'taskPoller: 无待执行任务，等待下次轮询'}
[2026-06-12 11:10:09] [hamibot] {'time': '11:10:10 上午 GMT+08:00', 'action': 'taskPoller: 无待执行任务，等待下次轮询'}
[2026-06-12 11:10:27] [hamibot] {'time': '11:10:27 上午 GMT+08:00', 'action': 'taskPoller: 无待执行任务，等待下次轮询'}
[2026-06-12 11:10:43] [hamibot] {'time': '11:10:43 上午 GMT+08:00', 'action': 'taskPoller: 无待执行任务，等待下次轮询'}
[2026-06-12 11:10:58] [hamibot] {'time': '11:10:58 上午 GMT+08:00', 'action': 'taskPoller: 无待执行任务，等待下次轮询'}
[2026-06-12 11:11:14] [hamibot] {'time': '11:11:14 上午 GMT+08:00', 'action': 'taskPoller: 无待执行任务，等待下次轮询'}
[2026-06-12 11:11:32] [hamibot] {'time': '11:11:32 上午 GMT+08:00', 'action': 'taskPoller: 无待执行任务，等待下次轮询'}
[2026-06-12 11:11:47] [hamibot] {'time': '11:11:47 上午 GMT+08:00', 'action': 'taskPoller: 无待执行任务，等待下次轮询'}
[2026-06-12 11:12:02] [hamibot] {'time': '11:12:03 上午 GMT+08:00', 'action': 'taskPoller: 无待执行任务，等待下次轮询'}
[2026-06-12 11:12:18] [hamibot] {'time': '11:12:18 上午 GMT+08:00', 'action': 'taskPoller: 无待执行任务，等待下次轮询'}
[2026-06-12 11:12:36] [hamibot] {'time': '11:12:36 上午 GMT+08:00', 'action': 'taskPoller: 无待执行任务，等待下次轮询'}
[2026-06-12 11:12:51] [hamibot] {'time': '11:12:52 上午 GMT+08:00', 'action': 'taskPoller: 无待执行任务，等待下次轮询'}
[2026-06-12 11:13:07] [hamibot] {'time': '11:13:07 上午 GMT+08:00', 'action': 'taskPoller: 无待执行任务，等待下次轮询'}
[2026-06-12 11:13:24] [hamibot] {'time': '11:13:24 上午 GMT+08:00', 'action': 'taskPoller: 无待执行任务，等待下次轮询'}
[2026-06-12 11:13:39] [hamibot] {'time': '11:13:39 上午 GMT+08:00', 'action': 'taskPoller: 无待执行任务，等待下次轮询'}
[2026-06-12 11:13:54] [hamibot] {'time': '11:13:55 上午 GMT+08:00', 'action': 'taskPoller: 无待执行任务，等待下次轮询'}
[2026-06-12 11:14:09] [hamibot] {'time': '11:14:10 上午 GMT+08:00', 'action': 'taskPoller: 无待执行任务，等待下次轮询'}
[2026-06-12 11:14:25] [hamibot] {'time': '11:14:25 上午 GMT+08:00', 'action': 'taskPoller: 无待执行任务，等待下次轮询'}
[2026-06-12 11:14:40] [hamibot] {'time': '11:14:40 上午 GMT+08:00', 'action': 'taskPoller: 无待执行任务，等待下次轮询'}
[2026-06-12 11:14:55] [hamibot] {'time': '11:14:55 上午 GMT+08:00', 'action': 'taskPoller: 无待执行任务，等待下次轮询'}
[2026-06-12 11:15:10] [hamibot] {'time': '11:15:11 上午 GMT+08:00', 'action': 'taskPoller: 无待执行任务，等待下次轮询'}
[2026-06-12 11:15:26] [hamibot] {'time': '11:15:26 上午 GMT+08:00', 'action': 'taskPoller: 无待执行任务，等待下次轮询'}
[2026-06-12 11:15:41] [hamibot] {'time': '11:15:41 上午 GMT+08:00', 'action': 'taskPoller: 无待执行任务，等待下次轮询'}
[2026-06-12 11:15:56] [hamibot] {'time': '11:15:57 上午 GMT+08:00', 'action': 'taskPoller: 无待执行任务，等待下次轮询'}
[2026-06-12 11:16:12] [hamibot] {'time': '11:16:13 上午 GMT+08:00', 'action': 'taskPoller: 无待执行任务，等待下次轮询'}
[2026-06-12 11:16:27] [hamibot] {'time': '11:16:28 上午 GMT+08:00', 'action': 'taskPoller: 无待执行任务，等待下次轮询'}
[2026-06-12 11:16:43] [hamibot] {'time': '11:16:43 上午 GMT+08:00', 'action': 'taskPoller: 无待执行任务，等待下次轮询'}
[2026-06-12 11:16:58] [hamibot] {'time': '11:16:58 上午 GMT+08:00', 'action': 'taskPoller: 无待执行任务，等待下次轮询'}
[2026-06-12 11:17:13] [hamibot] {'time': '11:17:14 上午 GMT+08:00', 'action': 'taskPoller: 无待执行任务，等待下次轮询'}
[2026-06-12 11:17:28] [hamibot] {'time': '11:17:29 上午 GMT+08:00', 'action': 'taskPoller: 无待执行任务，等待下次轮询'}
[2026-06-12 11:17:43] [hamibot] {'time': '11:17:44 上午 GMT+08:00', 'action': 'taskPoller: 无待执行任务，等待下次轮询'}
[2026-06-12 11:17:59] [hamibot] {'time': '11:17:59 上午 GMT+08:00', 'action': 'taskPoller: 无待执行任务，等待下次轮询'}
[2026-06-12 11:18:14] [hamibot] {'time': '11:18:14 上午 GMT+08:00', 'action': 'taskPoller: 无待执行任务，等待下次轮询'}
[2026-06-12 11:18:29] [hamibot] {'time': '11:18:29 上午 GMT+08:00', 'action': 'taskPoller: 无待执行任务，等待下次轮询'}
[2026-06-12 11:18:44] [hamibot] {'time': '11:18:44 上午 GMT+08:00', 'action': 'taskPoller: 无待执行任务，等待下次轮询'}
[2026-06-12 11:18:59] [hamibot] {'time': '11:18:59 上午 GMT+08:00', 'action': 'taskPoller: 无待执行任务，等待下次轮询'}
[2026-06-12 11:19:14] [hamibot] {'time': '11:19:15 上午 GMT+08:00', 'action': 'taskPoller: 无待执行任务，等待下次轮询'}
[2026-06-12 11:19:30] [hamibot] {'time': '11:19:30 上午 GMT+08:00', 'action': 'taskPoller: 无待执行任务，等待下次轮询'}
[2026-06-12 11:19:45] [hamibot] {'time': '11:19:45 上午 GMT+08:00', 'action': 'taskPoller: 无待执行任务，等待下次轮询'}
[2026-06-12 11:20:00] [hamibot] {'time': '11:20:00 上午 GMT+08:00', 'action': 'taskPoller: 无待执行任务，等待下次轮询'}
[2026-06-12 11:20:15] [hamibot] {'time': '11:20:15 上午 GMT+08:00', 'action': 'taskPoller: 无待执行任务，等待下次轮询'}
[2026-06-12 11:20:31] [hamibot] {'time': '11:20:31 上午 GMT+08:00', 'action': 'taskPoller: 无待执行任务，等待下次轮询'}
[2026-06-12 11:20:45] [hamibot] {'time': '11:20:46 上午 GMT+08:00', 'action': 'taskPoller: 无待执行任务，等待下次轮询'}
[2026-06-12 11:21:01] [hamibot] {'time': '11:21:01 上午 GMT+08:00', 'action': 'taskPoller: 无待执行任务，等待下次轮询'}
[2026-06-12 11:21:16] [hamibot] {'time': '11:21:16 上午 GMT+08:00', 'action': 'taskPoller: 无待执行任务，等待下次轮询'}
[2026-06-12 11:21:31] [hamibot] {'time': '11:21:31 上午 GMT+08:00', 'action': 'taskPoller: 无待执行任务，等待下次轮询'}
[2026-06-12 11:21:47] [hamibot] {'time': '11:21:47 上午 GMT+08:00', 'action': 'taskPoller: 无待执行任务，等待下次轮询'}
[2026-06-12 11:22:02] [hamibot] {'time': '11:22:02 上午 GMT+08:00', 'action': 'taskPoller: 无待执行任务，等待下次轮询'}
[2026-06-12 11:22:19] [hamibot] {'time': '11:22:19 上午 GMT+08:00', 'action': 'taskPoller: 无待执行任务，等待下次轮询'}
[2026-06-12 11:22:34] [hamibot] {'time': '11:22:34 上午 GMT+08:00', 'action': 'taskPoller: 无待执行任务，等待下次轮询'}
[2026-06-12 11:22:49] [hamibot] {'time': '11:22:49 上午 GMT+08:00', 'action': 'taskPoller: 无待执行任务，等待下次轮询'}
[2026-06-12 11:23:05] [hamibot] {'time': '11:23:05 上午 GMT+08:00', 'action': 'taskPoller: 无待执行任务，等待下次轮询'}
[2026-06-12 11:23:20] [hamibot] {'time': '11:23:20 上午 GMT+08:00', 'action': 'taskPoller: 无待执行任务，等待下次轮询'}
[2026-06-12 11:23:36] [hamibot] {'time': '11:23:36 上午 GMT+08:00', 'action': 'taskPoller: 无待执行任务，等待下次轮询'}
[2026-06-12 11:23:52] [hamibot] {'time': '11:23:52 上午 GMT+08:00', 'action': 'taskPoller: 无待执行任务，等待下次轮询'}
[2026-06-12 11:24:07] [hamibot] {'time': '11:24:08 上午 GMT+08:00', 'action': 'taskPoller: 无待执行任务，等待下次轮询'}
[2026-06-12 11:24:23] [hamibot] {'time': '11:24:24 上午 GMT+08:00', 'action': 'taskPoller: 无待执行任务，等待下次轮询'}
[2026-06-12 11:24:39] [hamibot] {'time': '11:24:39 上午 GMT+08:00', 'action': 'taskPoller: 无待执行任务，等待下次轮询'}
[2026-06-12 11:24:55] [hamibot] {'time': '11:24:55 上午 GMT+08:00', 'action': 'taskPoller: 无待执行任务，等待下次轮询'}
[2026-06-12 11:25:10] [hamibot] {'time': '11:25:10 上午 GMT+08:00', 'action': 'taskPoller: 无待执行任务，等待下次轮询'}
[2026-06-12 11:25:25] [hamibot] {'time': '11:25:26 上午 GMT+08:00', 'action': 'taskPoller: 无待执行任务，等待下次轮询'}
[2026-06-12 11:25:41] [hamibot] {'time': '11:25:42 上午 GMT+08:00', 'action': 'taskPoller: 无待执行任务，等待下次轮询'}
[2026-06-12 11:25:57] [hamibot] {'time': '11:25:58 上午 GMT+08:00', 'action': 'taskPoller: 无待执行任务，等待下次轮询'}
[2026-06-12 11:26:13] [hamibot] {'time': '11:26:13 上午 GMT+08:00', 'action': 'taskPoller: 无待执行任务，等待下次轮询'}
[2026-06-12 11:26:28] [hamibot] {'time': '11:26:28 上午 GMT+08:00', 'action': 'taskPoller: 无待执行任务，等待下次轮询'}
[2026-06-12 11:26:44] [hamibot] {'time': '11:26:44 上午 GMT+08:00', 'action': 'taskPoller: 无待执行任务，等待下次轮询'}
[2026-06-12 11:26:59] [hamibot] {'time': '11:26:59 上午 GMT+08:00', 'action': 'taskPoller: 无待执行任务，等待下次轮询'}
[2026-06-12 11:27:14] [hamibot] {'time': '11:27:14 上午 GMT+08:00', 'action': 'taskPoller: 无待执行任务，等待下次轮询'}
[2026-06-12 11:27:30] [hamibot] {'time': '11:27:30 上午 GMT+08:00', 'action': 'taskPoller: 无待执行任务，等待下次轮询'}
[2026-06-12 11:27:45] [hamibot] {'time': '11:27:46 上午 GMT+08:00', 'action': 'taskPoller: 无待执行任务，等待下次轮询'}
[2026-06-12 11:28:03] [hamibot] {'time': '11:28:03 上午 GMT+08:00', 'action': 'taskPoller: 无待执行任务，等待下次轮询'}
[2026-06-12 11:28:18] [hamibot] {'time': '11:28:18 上午 GMT+08:00', 'action': 'taskPoller: 无待执行任务，等待下次轮询'}
[2026-06-12 11:28:33] [hamibot] {'time': '11:28:33 上午 GMT+08:00', 'action': 'taskPoller: 无待执行任务，等待下次轮询'}
[2026-06-12 11:28:49] [hamibot] {'time': '11:28:49 上午 GMT+08:00', 'action': 'taskPoller: 无待执行任务，等待下次轮询'}
[2026-06-12 11:29:04] [hamibot] {'time': '11:29:04 上午 GMT+08:00', 'action': 'taskPoller: 无待执行任务，等待下次轮询'}
[2026-06-12 11:29:19] [hamibot] {'time': '11:29:19 上午 GMT+08:00', 'action': 'taskPoller: 无待执行任务，等待下次轮询'}
[2026-06-12 11:29:35] [hamibot] {'time': '11:29:35 上午 GMT+08:00', 'action': 'taskPoller: 无待执行任务，等待下次轮询'}
[2026-06-12 11:29:50] [hamibot] {'time': '11:29:50 上午 GMT+08:00', 'action': 'taskPoller: 无待执行任务，等待下次轮询'}
[2026-06-12 11:30:07] [hamibot] {'time': '11:30:07 上午 GMT+08:00', 'action': 'taskPoller: 无待执行任务，等待下次轮询'}
[2026-06-12 11:30:23] [hamibot] {'time': '11:30:23 上午 GMT+08:00', 'action': 'taskPoller: 无待执行任务，等待下次轮询'}
[2026-06-12 11:30:38] [hamibot] {'time': '11:30:38 上午 GMT+08:00', 'action': 'taskPoller: 无待执行任务，等待下次轮询'}
[2026-06-12 11:30:53] [hamibot] {'time': '11:30:53 上午 GMT+08:00', 'action': 'taskPoller: 无待执行任务，等待下次轮询'}
[2026-06-12 11:31:08] [hamibot] {'time': '11:31:08 上午 GMT+08:00', 'action': 'taskPoller: 无待执行任务，等待下次轮询'}
[2026-06-12 11:31:23] [hamibot] {'time': '11:31:23 上午 GMT+08:00', 'action': 'taskPoller: 无待执行任务，等待下次轮询'}
[2026-06-12 11:31:39] [hamibot] {'time': '11:31:39 上午 GMT+08:00', 'action': 'taskPoller: 无待执行任务，等待下次轮询'}
[2026-06-12 11:31:54] [hamibot] {'time': '11:31:54 上午 GMT+08:00', 'action': 'taskPoller: 无待执行任务，等待下次轮询'}
[2026-06-12 11:32:09] [hamibot] {'time': '11:32:09 上午 GMT+08:00', 'action': 'taskPoller: 无待执行任务，等待下次轮询'}
[2026-06-12 11:32:25] [hamibot] {'time': '11:32:25 上午 GMT+08:00', 'action': 'taskPoller: 无待执行任务，等待下次轮询'}
[2026-06-12 11:32:44] [hamibot] {'time': '11:32:45 上午 GMT+08:00', 'action': 'taskPoller: 无待执行任务，等待下次轮询'}
[2026-06-12 11:33:04] [hamibot] {'time': '11:33:04 上午 GMT+08:00', 'action': 'taskPoller: 无待执行任务，等待下次轮询'}
[2026-06-12 11:33:53] [hamibot] {'time': '11:33:53 上午 GMT+08:00', 'action': 'taskPoller: 无待执行任务，等待下次轮询'}
[2026-06-12 11:34:08] [hamibot] {'time': '11:34:09 上午 GMT+08:00', 'action': 'taskPoller: 无待执行任务，等待下次轮询'}
[2026-06-12 11:34:24] [hamibot] {'time': '11:34:24 上午 GMT+08:00', 'action': 'taskPoller: 无待执行任务，等待下次轮询'}
[2026-06-12 11:34:39] [hamibot] {'time': '11:34:39 上午 GMT+08:00', 'action': 'taskPoller: 无待执行任务，等待下次轮询'}
[2026-06-12 11:34:54] [hamibot] {'time': '11:34:54 上午 GMT+08:00', 'action': 'taskPoller: 无待执行任务，等待下次轮询'}
[2026-06-12 11:35:10] [hamibot] {'time': '11:35:10 上午 GMT+08:00', 'action': 'taskPoller: 无待执行任务，等待下次轮询'}
[2026-06-12 11:35:25] [hamibot] {'time': '11:35:25 上午 GMT+08:00', 'action': 'taskPoller: 无待执行任务，等待下次轮询'}
[2026-06-12 11:35:41] [hamibot] {'time': '11:35:41 上午 GMT+08:00', 'action': 'taskPoller: 无待执行任务，等待下次轮询'}
[2026-06-12 11:35:56] [hamibot] {'time': '11:35:57 上午 GMT+08:00', 'action': 'taskPoller: 无待执行任务，等待下次轮询'}
[2026-06-12 11:36:12] [hamibot] {'time': '11:36:12 上午 GMT+08:00', 'action': 'taskPoller: 无待执行任务，等待下次轮询'}
[2026-06-12 11:36:28] [hamibot] {'time': '11:36:28 上午 GMT+08:00', 'action': 'taskPoller: 无待执行任务，等待下次轮询'}
[2026-06-12 11:36:43] [hamibot] {'time': '11:36:43 上午 GMT+08:00', 'action': 'taskPoller: 无待执行任务，等待下次轮询'}
[2026-06-12 11:36:59] [hamibot] {'time': '11:36:59 上午 GMT+08:00', 'action': 'taskPoller: 无待执行任务，等待下次轮询'}
[2026-06-12 11:37:14] [hamibot] {'time': '11:37:14 上午 GMT+08:00', 'action': 'taskPoller: 无待执行任务，等待下次轮询'}
[2026-06-12 11:37:29] [hamibot] {'time': '11:37:30 上午 GMT+08:00', 'action': 'taskPoller: 无待执行任务，等待下次轮询'}
[2026-06-12 11:37:45] [hamibot] {'time': '11:37:45 上午 GMT+08:00', 'action': 'taskPoller: 无待执行任务，等待下次轮询'}
[2026-06-12 11:38:01] [hamibot] {'time': '11:38:01 上午 GMT+08:00', 'action': 'taskPoller: 无待执行任务，等待下次轮询'}
[2026-06-12 11:38:16] [hamibot] {'time': '11:38:17 上午 GMT+08:00', 'action': 'taskPoller: 无待执行任务，等待下次轮询'}
[2026-06-12 11:38:31] [hamibot] {'time': '11:38:32 上午 GMT+08:00', 'action': 'taskPoller: 无待执行任务，等待下次轮询'}
[2026-06-12 11:38:48] [hamibot] {'time': '11:38:48 上午 GMT+08:00', 'action': 'taskPoller: 无待执行任务，等待下次轮询'}
[2026-06-12 11:39:08] [hamibot] {'time': '11:39:06 上午 GMT+08:00', 'action': 'taskPoller: 无待执行任务，等待下次轮询'}
[2026-06-12 11:39:23] [hamibot] {'time': '11:39:23 上午 GMT+08:00', 'action': 'taskPoller: 无待执行任务，等待下次轮询'}
[2026-06-12 11:39:48] [hamibot] {'time': '11:39:49 上午 GMT+08:00', 'action': 'taskPoller: 无待执行任务，等待下次轮询'}
[2026-06-12 11:40:05] [hamibot] {'time': '11:40:05 上午 GMT+08:00', 'action': 'taskPoller: 无待执行任务，等待下次轮询'}
[2026-06-12 11:40:24] [hamibot] {'time': '11:40:24 上午 GMT+08:00', 'action': 'taskPoller: 无待执行任务，等待下次轮询'}
[2026-06-12 11:40:48] [hamibot] {'time': '11:40:48 上午 GMT+08:00', 'action': 'taskPoller: 无待执行任务，等待下次轮询'}
[2026-06-12 11:41:05] [hamibot] {'time': '11:41:05 上午 GMT+08:00', 'action': 'taskPoller: 无待执行任务，等待下次轮询'}
[2026-06-12 11:41:23] [hamibot] {'time': '11:41:23 上午 GMT+08:00', 'action': 'taskPoller: 无待执行任务，等待下次轮询'}
[2026-06-12 11:41:45] [hamibot] {'time': '11:41:45 上午 GMT+08:00', 'action': 'taskPoller: 无待执行任务，等待下次轮询'}
[2026-06-12 11:42:01] [hamibot] {'time': '11:42:01 上午 GMT+08:00', 'action': 'taskPoller: 无待执行任务，等待下次轮询'}
[2026-06-12 11:42:20] [hamibot] {'time': '11:42:19 上午 GMT+08:00', 'action': 'taskPoller: 无待执行任务，等待下次轮询'}
[2026-06-12 11:42:37] [hamibot] {'time': '11:42:37 上午 GMT+08:00', 'action': 'taskPoller: 无待执行任务，等待下次轮询'}
[2026-06-12 11:42:53] [hamibot] {'time': '11:42:53 上午 GMT+08:00', 'action': 'taskPoller: 无待执行任务，等待下次轮询'}
[2026-06-12 11:43:09] [hamibot] {'time': '11:43:10 上午 GMT+08:00', 'action': 'taskPoller: 无待执行任务，等待下次轮询'}
[2026-06-12 11:43:44] [hamibot] {'time': '11:43:37 上午 GMT+08:00', 'action': 'taskPoller: 无待执行任务，等待下次轮询'}
[2026-06-12 11:43:56] [hamibot] {'time': '11:43:56 上午 GMT+08:00', 'action': 'taskPoller: 无待执行任务，等待下次轮询'}
[2026-06-12 11:44:13] [hamibot] {'time': '11:44:13 上午 GMT+08:00', 'action': 'taskPoller: 无待执行任务，等待下次轮询'}
[2026-06-12 11:44:32] [hamibot] {'time': '11:44:32 上午 GMT+08:00', 'action': 'taskPoller: 无待执行任务，等待下次轮询'}
[2026-06-12 11:44:53] [hamibot] {'time': '11:44:54 上午 GMT+08:00', 'action': 'taskPoller: 无待执行任务，等待下次轮询'}
[2026-06-12 11:45:09] [hamibot] {'time': '11:45:10 上午 GMT+08:00', 'action': 'taskPoller: 无待执行任务，等待下次轮询'}
[2026-06-12 11:45:26] [hamibot] {'time': '11:45:26 上午 GMT+08:00', 'action': 'taskPoller: 无待执行任务，等待下次轮询'}
[2026-06-12 11:45:41] [hamibot] {'time': '11:45:42 上午 GMT+08:00', 'action': 'taskPoller: 无待执行任务，等待下次轮询'}
[2026-06-12 11:46:00] [hamibot] {'time': '11:45:59 上午 GMT+08:00', 'action': 'taskPoller: 无待执行任务，等待下次轮询'}
[2026-06-12 11:46:17] [hamibot] {'time': '11:46:16 上午 GMT+08:00', 'action': 'taskPoller: 无待执行任务，等待下次轮询'}
[2026-06-12 11:46:32] [hamibot] {'time': '11:46:33 上午 GMT+08:00', 'action': 'taskPoller: 无待执行任务，等待下次轮询'}
[2026-06-12 11:46:49] [hamibot] {'time': '11:46:49 上午 GMT+08:00', 'action': 'taskPoller: 无待执行任务，等待下次轮询'}
[2026-06-12 11:47:05] [hamibot] {'time': '11:47:06 上午 GMT+08:00', 'action': 'taskPoller: 无待执行任务，等待下次轮询'}
[2026-06-12 11:47:22] [hamibot] {'time': '11:47:22 上午 GMT+08:00', 'action': 'taskPoller: 无待执行任务，等待下次轮询'}
[2026-06-12 11:47:38] [hamibot] {'time': '11:47:38 上午 GMT+08:00', 'action': 'taskPoller: 无待执行任务，等待下次轮询'}
[2026-06-12 11:47:54] [hamibot] {'time': '11:47:55 上午 GMT+08:00', 'action': 'taskPoller: 无待执行任务，等待下次轮询'}
[2026-06-12 11:48:10] [hamibot] {'time': '11:48:10 上午 GMT+08:00', 'action': 'taskPoller: 无待执行任务，等待下次轮询'}
[2026-06-12 11:48:25] [hamibot] {'time': '11:48:26 上午 GMT+08:00', 'action': 'taskPoller: 无待执行任务，等待下次轮询'}
[2026-06-12 11:48:42] [hamibot] {'time': '11:48:42 上午 GMT+08:00', 'action': 'taskPoller: 无待执行任务，等待下次轮询'}
[2026-06-12 11:48:59] [hamibot] {'time': '11:48:59 上午 GMT+08:00', 'action': 'taskPoller: 无待执行任务，等待下次轮询'}
[2026-06-12 11:49:15] [hamibot] {'time': '11:49:15 上午 GMT+08:00', 'action': 'taskPoller: 无待执行任务，等待下次轮询'}
[2026-06-12 11:49:30] [hamibot] {'time': '11:49:30 上午 GMT+08:00', 'action': 'taskPoller: 无待执行任务，等待下次轮询'}
[2026-06-12 11:49:45] [hamibot] {'time': '11:49:46 上午 GMT+08:00', 'action': 'taskPoller: 无待执行任务，等待下次轮询'}
[2026-06-12 11:50:01] [hamibot] {'time': '11:50:02 上午 GMT+08:00', 'action': 'taskPoller: 无待执行任务，等待下次轮询'}
[2026-06-12 11:50:16] [hamibot] {'time': '11:50:17 上午 GMT+08:00', 'action': 'taskPoller: 无待执行任务，等待下次轮询'}
[2026-06-12 11:50:33] [hamibot] {'time': '11:50:33 上午 GMT+08:00', 'action': 'taskPoller: 无待执行任务，等待下次轮询'}
[2026-06-12 11:50:48] [hamibot] {'time': '11:50:48 上午 GMT+08:00', 'action': 'taskPoller: 无待执行任务，等待下次轮询'}
[2026-06-12 11:51:06] [hamibot] {'time': '11:51:05 上午 GMT+08:00', 'action': 'taskPoller: 无待执行任务，等待下次轮询'}
[2026-06-12 11:51:22] [hamibot] {'time': '11:51:22 上午 GMT+08:00', 'action': 'taskPoller: 无待执行任务，等待下次轮询'}
[2026-06-12 11:51:37] [hamibot] {'time': '11:51:37 上午 GMT+08:00', 'action': 'taskPoller: 无待执行任务，等待下次轮询'}
[2026-06-12 11:51:52] [hamibot] {'time': '11:51:52 上午 GMT+08:00', 'action': 'taskPoller: 无待执行任务，等待下次轮询'}
[2026-06-12 11:52:07] [hamibot] {'time': '11:52:07 上午 GMT+08:00', 'action': 'taskPoller: 无待执行任务，等待下次轮询'}
[2026-06-12 11:52:22] [hamibot] {'time': '11:52:22 上午 GMT+08:00', 'action': 'taskPoller: 无待执行任务，等待下次轮询'}
[2026-06-12 11:52:37] [hamibot] {'time': '11:52:37 上午 GMT+08:00', 'action': 'taskPoller: 无待执行任务，等待下次轮询'}
[2026-06-12 11:52:53] [hamibot] {'time': '11:52:53 上午 GMT+08:00', 'action': 'taskPoller: 无待执行任务，等待下次轮询'}
[2026-06-12 11:53:08] [hamibot] {'time': '11:53:08 上午 GMT+08:00', 'action': 'taskPoller: 无待执行任务，等待下次轮询'}
[2026-06-12 11:53:23] [hamibot] {'time': '11:53:23 上午 GMT+08:00', 'action': 'taskPoller: 无待执行任务，等待下次轮询'}
[2026-06-12 11:53:38] [hamibot] {'time': '11:53:38 上午 GMT+08:00', 'action': 'taskPoller: 无待执行任务，等待下次轮询'}
[2026-06-12 11:53:53] [hamibot] {'time': '11:53:54 上午 GMT+08:00', 'action': 'taskPoller: 无待执行任务，等待下次轮询'}
[2026-06-12 11:54:08] [hamibot] {'time': '11:54:09 上午 GMT+08:00', 'action': 'taskPoller: 无待执行任务，等待下次轮询'}
[2026-06-12 11:54:23] [hamibot] {'time': '11:54:24 上午 GMT+08:00', 'action': 'taskPoller: 无待执行任务，等待下次轮询'}
[2026-06-12 11:54:39] [hamibot] {'time': '11:54:39 上午 GMT+08:00', 'action': 'taskPoller: 无待执行任务，等待下次轮询'}
[2026-06-12 11:54:54] [hamibot] {'time': '11:54:55 上午 GMT+08:00', 'action': 'taskPoller: 无待执行任务，等待下次轮询'}
[2026-06-12 11:55:09] [hamibot] {'time': '11:55:10 上午 GMT+08:00', 'action': 'taskPoller: 无待执行任务，等待下次轮询'}
[2026-06-12 11:55:24] [hamibot] {'time': '11:55:25 上午 GMT+08:00', 'action': 'taskPoller: 无待执行任务，等待下次轮询'}
[2026-06-12 11:55:39] [hamibot] {'time': '11:55:40 上午 GMT+08:00', 'action': 'taskPoller: 无待执行任务，等待下次轮询'}
[2026-06-12 11:55:55] [hamibot] {'time': '11:55:55 上午 GMT+08:00', 'action': 'taskPoller: 无待执行任务，等待下次轮询'}
[2026-06-12 11:56:10] [hamibot] {'time': '11:56:10 上午 GMT+08:00', 'action': 'taskPoller: 无待执行任务，等待下次轮询'}
[2026-06-12 11:56:25] [hamibot] {'time': '11:56:26 上午 GMT+08:00', 'action': 'taskPoller: 无待执行任务，等待下次轮询'}
[2026-06-12 11:56:40] [hamibot] {'time': '11:56:41 上午 GMT+08:00', 'action': 'taskPoller: 无待执行任务，等待下次轮询'}
[2026-06-12 11:56:55] [hamibot] {'time': '11:56:56 上午 GMT+08:00', 'action': 'taskPoller: 无待执行任务，等待下次轮询'}
[2026-06-12 11:57:10] [hamibot] {'time': '11:57:11 上午 GMT+08:00', 'action': 'taskPoller: 无待执行任务，等待下次轮询'}
[2026-06-12 11:57:26] [hamibot] {'time': '11:57:26 上午 GMT+08:00', 'action': 'taskPoller: 无待执行任务，等待下次轮询'}
[2026-06-12 11:57:42] [hamibot] {'time': '11:57:42 上午 GMT+08:00', 'action': 'taskPoller: 无待执行任务，等待下次轮询'}
[2026-06-12 11:57:57] [hamibot] {'time': '11:57:57 上午 GMT+08:00', 'action': 'taskPoller: 无待执行任务，等待下次轮询'}
[2026-06-12 11:58:12] [hamibot] {'time': '11:58:12 上午 GMT+08:00', 'action': 'taskPoller: 无待执行任务，等待下次轮询'}
[2026-06-12 11:58:28] [hamibot] {'time': '11:58:28 上午 GMT+08:00', 'action': 'taskPoller: 无待执行任务，等待下次轮询'}
[2026-06-12 11:58:44] [hamibot] {'time': '11:58:44 上午 GMT+08:00', 'action': 'taskPoller: 无待执行任务，等待下次轮询'}
[2026-06-12 11:59:00] [hamibot] {'time': '11:59:00 上午 GMT+08:00', 'action': 'taskPoller: 无待执行任务，等待下次轮询'}
[2026-06-12 11:59:15] [hamibot] {'time': '11:59:16 上午 GMT+08:00', 'action': 'taskPoller: 无待执行任务，等待下次轮询'}
[2026-06-12 11:59:33] [hamibot] {'time': '11:59:33 上午 GMT+08:00', 'action': 'taskPoller: 无待执行任务，等待下次轮询'}
[2026-06-12 11:59:49] [hamibot] {'time': '11:59:49 上午 GMT+08:00', 'action': 'taskPoller: 无待执行任务，等待下次轮询'}
[2026-06-12 12:00:05] [hamibot] {'time': '12:00:05 下午 GMT+08:00', 'action': 'taskPoller: 无待执行任务，等待下次轮询'}
[2026-06-12 12:00:20] [hamibot] {'time': '12:00:20 下午 GMT+08:00', 'action': 'taskPoller: 无待执行任务，等待下次轮询'}
[2026-06-12 12:00:35] [hamibot] {'time': '12:00:36 下午 GMT+08:00', 'action': 'taskPoller: 无待执行任务，等待下次轮询'}
[2026-06-12 12:00:51] [hamibot] {'time': '12:00:51 下午 GMT+08:00', 'action': 'taskPoller: 无待执行任务，等待下次轮询'}
[2026-06-12 12:01:06] [hamibot] {'time': '12:01:07 下午 GMT+08:00', 'action': 'taskPoller: 无待执行任务，等待下次轮询'}
[2026-06-12 12:01:22] [hamibot] {'time': '12:01:22 下午 GMT+08:00', 'action': 'taskPoller: 无待执行任务，等待下次轮询'}
[2026-06-12 12:01:37] [hamibot] {'time': '12:01:38 下午 GMT+08:00', 'action': 'taskPoller: 无待执行任务，等待下次轮询'}
[2026-06-12 12:01:53] [hamibot] {'time': '12:01:53 下午 GMT+08:00', 'action': 'taskPoller: 无待执行任务，等待下次轮询'}
[2026-06-12 12:02:08] [hamibot] {'time': '12:02:08 下午 GMT+08:00', 'action': 'taskPoller: 无待执行任务，等待下次轮询'}
[2026-06-12 12:02:23] [hamibot] {'time': '12:02:23 下午 GMT+08:00', 'action': 'taskPoller: 无待执行任务，等待下次轮询'}
[2026-06-12 12:02:38] [hamibot] {'time': '12:02:39 下午 GMT+08:00', 'action': 'taskPoller: 无待执行任务，等待下次轮询'}
[2026-06-12 12:02:53] [hamibot] {'time': '12:02:54 下午 GMT+08:00', 'action': 'taskPoller: 无待执行任务，等待下次轮询'}
[2026-06-12 12:03:09] [hamibot] {'time': '12:03:09 下午 GMT+08:00', 'action': 'taskPoller: 无待执行任务，等待下次轮询'}
[2026-06-12 12:03:24] [hamibot] {'time': '12:03:24 下午 GMT+08:00', 'action': 'taskPoller: 无待执行任务，等待下次轮询'}
[2026-06-12 12:03:39] [hamibot] {'time': '12:03:40 下午 GMT+08:00', 'action': 'taskPoller: 无待执行任务，等待下次轮询'}
[2026-06-12 12:03:56] [hamibot] {'time': '12:03:57 下午 GMT+08:00', 'action': 'taskPoller: 无待执行任务，等待下次轮询'}
[2026-06-12 12:04:12] [hamibot] {'time': '12:04:12 下午 GMT+08:00', 'action': 'taskPoller: 无待执行任务，等待下次轮询'}
[2026-06-12 12:04:27] [hamibot] {'time': '12:04:28 下午 GMT+08:00', 'action': 'taskPoller: 无待执行任务，等待下次轮询'}
[2026-06-12 12:04:44] [hamibot] {'time': '12:04:44 下午 GMT+08:00', 'action': 'taskPoller: 无待执行任务，等待下次轮询'}
[2026-06-12 12:04:59] [hamibot] {'time': '12:04:59 下午 GMT+08:00', 'action': 'taskPoller: 无待执行任务，等待下次轮询'}
[2026-06-12 12:05:14] [hamibot] {'time': '12:05:14 下午 GMT+08:00', 'action': 'taskPoller: 无待执行任务，等待下次轮询'}
[2026-06-12 12:05:29] [hamibot] {'time': '12:05:29 下午 GMT+08:00', 'action': 'taskPoller: 无待执行任务，等待下次轮询'}
[2026-06-12 12:05:46] [hamibot] {'time': '12:05:45 下午 GMT+08:00', 'action': 'taskPoller: 无待执行任务，等待下次轮询'}
[2026-06-12 12:06:01] [hamibot] {'time': '12:06:01 下午 GMT+08:00', 'action': 'taskPoller: 无待执行任务，等待下次轮询'}
[2026-06-12 12:06:16] [hamibot] {'time': '12:06:16 下午 GMT+08:00', 'action': 'taskPoller: 无待执行任务，等待下次轮询'}
[2026-06-12 12:06:31] [hamibot] {'time': '12:06:32 下午 GMT+08:00', 'action': 'taskPoller: 无待执行任务，等待下次轮询'}
[2026-06-12 12:06:46] [hamibot] {'time': '12:06:47 下午 GMT+08:00', 'action': 'taskPoller: 无待执行任务，等待下次轮询'}
[2026-06-12 12:07:01] [hamibot] {'time': '12:07:02 下午 GMT+08:00', 'action': 'taskPoller: 无待执行任务，等待下次轮询'}
[2026-06-12 12:07:16] [hamibot] {'time': '12:07:17 下午 GMT+08:00', 'action': 'taskPoller: 无待执行任务，等待下次轮询'}
[2026-06-12 12:07:32] [hamibot] {'time': '12:07:32 下午 GMT+08:00', 'action': 'taskPoller: 无待执行任务，等待下次轮询'}
[2026-06-12 12:07:47] [hamibot] {'time': '12:07:48 下午 GMT+08:00', 'action': 'taskPoller: 无待执行任务，等待下次轮询'}
[2026-06-12 12:08:03] [hamibot] {'time': '12:08:03 下午 GMT+08:00', 'action': 'taskPoller: 无待执行任务，等待下次轮询'}
[2026-06-12 12:08:18] [hamibot] {'time': '12:08:18 下午 GMT+08:00', 'action': 'taskPoller: 无待执行任务，等待下次轮询'}
[2026-06-12 12:08:33] [hamibot] {'time': '12:08:33 下午 GMT+08:00', 'action': 'taskPoller: 无待执行任务，等待下次轮询'}
[2026-06-12 12:08:48] [hamibot] {'time': '12:08:48 下午 GMT+08:00', 'action': 'taskPoller: 无待执行任务，等待下次轮询'}
[2026-06-12 12:09:03] [hamibot] {'time': '12:09:03 下午 GMT+08:00', 'action': 'taskPoller: 无待执行任务，等待下次轮询'}
[2026-06-12 12:09:18] [hamibot] {'time': '12:09:18 下午 GMT+08:00', 'action': 'taskPoller: 无待执行任务，等待下次轮询'}
[2026-06-12 12:09:34] [hamibot] {'time': '12:09:34 下午 GMT+08:00', 'action': 'taskPoller: 无待执行任务，等待下次轮询'}
[2026-06-12 12:09:49] [hamibot] {'time': '12:09:49 下午 GMT+08:00', 'action': 'taskPoller: 无待执行任务，等待下次轮询'}
[2026-06-12 12:10:04] [hamibot] {'time': '12:10:04 下午 GMT+08:00', 'action': 'taskPoller: 无待执行任务，等待下次轮询'}
[2026-06-12 12:10:19] [hamibot] {'time': '12:10:19 下午 GMT+08:00', 'action': 'taskPoller: 无待执行任务，等待下次轮询'}
[2026-06-12 12:10:34] [hamibot] {'time': '12:10:34 下午 GMT+08:00', 'action': 'taskPoller: 无待执行任务，等待下次轮询'}
[2026-06-12 12:10:50] [hamibot] {'time': '12:10:51 下午 GMT+08:00', 'action': 'taskPoller: 无待执行任务，等待下次轮询'}
[2026-06-12 12:11:36] [hamibot] {'time': '12:11:36 下午 GMT+08:00', 'action': 'taskPoller: 无待执行任务，等待下次轮询'}
[2026-06-12 12:11:51] [hamibot] {'time': '12:11:51 下午 GMT+08:00', 'action': 'taskPoller: 无待执行任务，等待下次轮询'}
[2026-06-12 12:12:06] [hamibot] {'time': '12:12:06 下午 GMT+08:00', 'action': 'taskPoller: 无待执行任务，等待下次轮询'}
[2026-06-12 12:12:22] [hamibot] {'time': '12:12:22 下午 GMT+08:00', 'action': 'taskPoller: 无待执行任务，等待下次轮询'}
[2026-06-12 12:12:37] [hamibot] {'time': '12:12:37 下午 GMT+08:00', 'action': 'taskPoller: 无待执行任务，等待下次轮询'}
[2026-06-12 12:12:53] [hamibot] {'time': '12:12:52 下午 GMT+08:00', 'action': 'taskPoller: 无待执行任务，等待下次轮询'}
[2026-06-12 12:13:07] [hamibot] {'time': '12:13:07 下午 GMT+08:00', 'action': 'taskPoller: 无待执行任务，等待下次轮询'}
[2026-06-12 12:13:22] [hamibot] {'time': '12:13:22 下午 GMT+08:00', 'action': 'taskPoller: 无待执行任务，等待下次轮询'}
[2026-06-12 12:13:37] [hamibot] {'time': '12:13:38 下午 GMT+08:00', 'action': 'taskPoller: 无待执行任务，等待下次轮询'}
[2026-06-12 12:13:52] [hamibot] {'time': '12:13:53 下午 GMT+08:00', 'action': 'taskPoller: 无待执行任务，等待下次轮询'}
[2026-06-12 12:14:07] [hamibot] {'time': '12:14:08 下午 GMT+08:00', 'action': 'taskPoller: 无待执行任务，等待下次轮询'}
[2026-06-12 12:14:23] [hamibot] {'time': '12:14:23 下午 GMT+08:00', 'action': 'taskPoller: 无待执行任务，等待下次轮询'}
[2026-06-12 12:14:38] [hamibot] {'time': '12:14:38 下午 GMT+08:00', 'action': 'taskPoller: 无待执行任务，等待下次轮询'}
[2026-06-12 12:14:53] [hamibot] {'time': '12:14:53 下午 GMT+08:00', 'action': 'taskPoller: 无待执行任务，等待下次轮询'}
[2026-06-12 12:15:08] [hamibot] {'time': '12:15:08 下午 GMT+08:00', 'action': 'taskPoller: 无待执行任务，等待下次轮询'}
[2026-06-12 12:15:23] [hamibot] {'time': '12:15:23 下午 GMT+08:00', 'action': 'taskPoller: 无待执行任务，等待下次轮询'}
[2026-06-12 12:15:38] [hamibot] {'time': '12:15:38 下午 GMT+08:00', 'action': 'taskPoller: 无待执行任务，等待下次轮询'}
[2026-06-12 12:15:53] [hamibot] {'time': '12:15:53 下午 GMT+08:00', 'action': 'taskPoller: 无待执行任务，等待下次轮询'}
[2026-06-12 12:16:09] [hamibot] {'time': '12:16:09 下午 GMT+08:00', 'action': 'taskPoller: 无待执行任务，等待下次轮询'}
[2026-06-12 12:16:24] [hamibot] {'time': '12:16:24 下午 GMT+08:00', 'action': 'taskPoller: 无待执行任务，等待下次轮询'}
[2026-06-12 12:16:39] [hamibot] {'time': '12:16:39 下午 GMT+08:00', 'action': 'taskPoller: 无待执行任务，等待下次轮询'}
[2026-06-12 12:16:54] [hamibot] {'time': '12:16:55 下午 GMT+08:00', 'action': 'taskPoller: 无待执行任务，等待下次轮询'}
[2026-06-12 12:17:10] [hamibot] {'time': '12:17:10 下午 GMT+08:00', 'action': 'taskPoller: 无待执行任务，等待下次轮询'}
[2026-06-12 12:17:25] [hamibot] {'time': '12:17:25 下午 GMT+08:00', 'action': 'taskPoller: 无待执行任务，等待下次轮询'}
[2026-06-12 12:17:40] [hamibot] {'time': '12:17:41 下午 GMT+08:00', 'action': 'taskPoller: 无待执行任务，等待下次轮询'}
[2026-06-12 12:17:55] [hamibot] {'time': '12:17:56 下午 GMT+08:00', 'action': 'taskPoller: 无待执行任务，等待下次轮询'}
[2026-06-12 12:18:11] [hamibot] {'time': '12:18:11 下午 GMT+08:00', 'action': 'taskPoller: 无待执行任务，等待下次轮询'}
[2026-06-12 12:18:26] [hamibot] {'time': '12:18:27 下午 GMT+08:00', 'action': 'taskPoller: 无待执行任务，等待下次轮询'}
[2026-06-12 12:18:42] [hamibot] {'time': '12:18:42 下午 GMT+08:00', 'action': 'taskPoller: 无待执行任务，等待下次轮询'}
[2026-06-12 12:18:57] [hamibot] {'time': '12:18:57 下午 GMT+08:00', 'action': 'taskPoller: 无待执行任务，等待下次轮询'}
[2026-06-12 12:19:12] [hamibot] {'time': '12:19:12 下午 GMT+08:00', 'action': 'taskPoller: 无待执行任务，等待下次轮询'}
[2026-06-12 12:19:27] [hamibot] {'time': '12:19:27 下午 GMT+08:00', 'action': 'taskPoller: 无待执行任务，等待下次轮询'}
[2026-06-12 12:19:43] [hamibot] {'time': '12:19:43 下午 GMT+08:00', 'action': 'taskPoller: 无待执行任务，等待下次轮询'}
[2026-06-12 12:19:58] [hamibot] {'time': '12:19:58 下午 GMT+08:00', 'action': 'taskPoller: 无待执行任务，等待下次轮询'}
[2026-06-12 12:20:13] [hamibot] {'time': '12:20:13 下午 GMT+08:00', 'action': 'taskPoller: 无待执行任务，等待下次轮询'}
[2026-06-12 12:20:28] [hamibot] {'time': '12:20:28 下午 GMT+08:00', 'action': 'taskPoller: 无待执行任务，等待下次轮询'}
[2026-06-12 12:20:43] [hamibot] {'time': '12:20:44 下午 GMT+08:00', 'action': 'taskPoller: 无待执行任务，等待下次轮询'}
[2026-06-12 12:20:58] [hamibot] {'time': '12:20:59 下午 GMT+08:00', 'action': 'taskPoller: 无待执行任务，等待下次轮询'}
[2026-06-12 12:21:13] [hamibot] {'time': '12:21:14 下午 GMT+08:00', 'action': 'taskPoller: 无待执行任务，等待下次轮询'}
[2026-06-12 12:21:28] [hamibot] {'time': '12:21:29 下午 GMT+08:00', 'action': 'taskPoller: 无待执行任务，等待下次轮询'}
[2026-06-12 12:21:44] [hamibot] {'time': '12:21:44 下午 GMT+08:00', 'action': 'taskPoller: 无待执行任务，等待下次轮询'}
[2026-06-12 12:22:00] [hamibot] {'time': '12:22:00 下午 GMT+08:00', 'action': 'taskPoller: 无待执行任务，等待下次轮询'}
[2026-06-12 12:22:15] [hamibot] {'time': '12:22:15 下午 GMT+08:00', 'action': 'taskPoller: 无待执行任务，等待下次轮询'}
[2026-06-12 12:22:31] [hamibot] {'time': '12:22:31 下午 GMT+08:00', 'action': 'taskPoller: 无待执行任务，等待下次轮询'}
[2026-06-12 12:22:46] [hamibot] {'time': '12:22:47 下午 GMT+08:00', 'action': 'taskPoller: 无待执行任务，等待下次轮询'}
[2026-06-12 12:23:01] [hamibot] {'time': '12:23:02 下午 GMT+08:00', 'action': 'taskPoller: 无待执行任务，等待下次轮询'}
[2026-06-12 12:23:17] [hamibot] {'time': '12:23:17 下午 GMT+08:00', 'action': 'taskPoller: 无待执行任务，等待下次轮询'}
[2026-06-12 12:23:32] [hamibot] {'time': '12:23:33 下午 GMT+08:00', 'action': 'taskPoller: 无待执行任务，等待下次轮询'}
[2026-06-12 12:23:47] [hamibot] {'time': '12:23:48 下午 GMT+08:00', 'action': 'taskPoller: 无待执行任务，等待下次轮询'}
[2026-06-12 12:24:02] [hamibot] {'time': '12:24:03 下午 GMT+08:00', 'action': 'taskPoller: 无待执行任务，等待下次轮询'}
[2026-06-12 12:24:17] [hamibot] {'time': '12:24:18 下午 GMT+08:00', 'action': 'taskPoller: 无待执行任务，等待下次轮询'}
[2026-06-12 12:24:33] [hamibot] {'time': '12:24:33 下午 GMT+08:00', 'action': 'taskPoller: 无待执行任务，等待下次轮询'}
[2026-06-12 12:24:48] [hamibot] {'time': '12:24:48 下午 GMT+08:00', 'action': 'taskPoller: 无待执行任务，等待下次轮询'}
[2026-06-12 12:25:03] [hamibot] {'time': '12:25:03 下午 GMT+08:00', 'action': 'taskPoller: 无待执行任务，等待下次轮询'}
[2026-06-12 12:25:18] [hamibot] {'time': '12:25:18 下午 GMT+08:00', 'action': 'taskPoller: 无待执行任务，等待下次轮询'}
[2026-06-12 12:25:34] [hamibot] {'time': '12:25:34 下午 GMT+08:00', 'action': 'taskPoller: 无待执行任务，等待下次轮询'}
[2026-06-12 12:25:49] [hamibot] {'time': '12:25:49 下午 GMT+08:00', 'action': 'taskPoller: 无待执行任务，等待下次轮询'}
[2026-06-12 12:26:04] [hamibot] {'time': '12:26:04 下午 GMT+08:00', 'action': 'taskPoller: 无待执行任务，等待下次轮询'}
[2026-06-12 12:26:19] [hamibot] {'time': '12:26:20 下午 GMT+08:00', 'action': 'taskPoller: 无待执行任务，等待下次轮询'}
[2026-06-12 12:26:34] [hamibot] {'time': '12:26:35 下午 GMT+08:00', 'action': 'taskPoller: 无待执行任务，等待下次轮询'}
[2026-06-12 12:26:49] [hamibot] {'time': '12:26:50 下午 GMT+08:00', 'action': 'taskPoller: 无待执行任务，等待下次轮询'}
[2026-06-12 12:27:04] [hamibot] {'time': '12:27:05 下午 GMT+08:00', 'action': 'taskPoller: 无待执行任务，等待下次轮询'}
[2026-06-12 12:27:20] [hamibot] {'time': '12:27:20 下午 GMT+08:00', 'action': 'taskPoller: 无待执行任务，等待下次轮询'}
[2026-06-12 12:27:35] [hamibot] {'time': '12:27:35 下午 GMT+08:00', 'action': 'taskPoller: 无待执行任务，等待下次轮询'}
[2026-06-12 12:27:50] [hamibot] {'time': '12:27:50 下午 GMT+08:00', 'action': 'taskPoller: 无待执行任务，等待下次轮询'}
[2026-06-12 12:28:05] [hamibot] {'time': '12:28:06 下午 GMT+08:00', 'action': 'taskPoller: 无待执行任务，等待下次轮询'}
[2026-06-12 12:28:21] [hamibot] {'time': '12:28:21 下午 GMT+08:00', 'action': 'taskPoller: 无待执行任务，等待下次轮询'}
[2026-06-12 12:28:36] [hamibot] {'time': '12:28:37 下午 GMT+08:00', 'action': 'taskPoller: 无待执行任务，等待下次轮询'}
[2026-06-12 12:28:52] [hamibot] {'time': '12:28:52 下午 GMT+08:00', 'action': 'taskPoller: 无待执行任务，等待下次轮询'}
[2026-06-12 12:29:07] [hamibot] {'time': '12:29:07 下午 GMT+08:00', 'action': 'taskPoller: 无待执行任务，等待下次轮询'}
[2026-06-12 12:29:22] [hamibot] {'time': '12:29:22 下午 GMT+08:00', 'action': 'taskPoller: 无待执行任务，等待下次轮询'}
[2026-06-12 12:29:37] [hamibot] {'time': '12:29:38 下午 GMT+08:00', 'action': 'taskPoller: 无待执行任务，等待下次轮询'}
[2026-06-12 12:29:52] [hamibot] {'time': '12:29:53 下午 GMT+08:00', 'action': 'taskPoller: 无待执行任务，等待下次轮询'}
[2026-06-12 12:30:07] [hamibot] {'time': '12:30:08 下午 GMT+08:00', 'action': 'taskPoller: 无待执行任务，等待下次轮询'}
[2026-06-12 12:30:22] [hamibot] {'time': '12:30:23 下午 GMT+08:00', 'action': 'taskPoller: 无待执行任务，等待下次轮询'}
[2026-06-12 12:30:37] [hamibot] {'time': '12:30:38 下午 GMT+08:00', 'action': 'taskPoller: 无待执行任务，等待下次轮询'}
[2026-06-12 12:30:53] [hamibot] {'time': '12:30:53 下午 GMT+08:00', 'action': 'taskPoller: 无待执行任务，等待下次轮询'}
[2026-06-12 12:31:08] [hamibot] {'time': '12:31:08 下午 GMT+08:00', 'action': 'taskPoller: 无待执行任务，等待下次轮询'}
[2026-06-12 12:31:23] [hamibot] {'time': '12:31:24 下午 GMT+08:00', 'action': 'taskPoller: 无待执行任务，等待下次轮询'}
[2026-06-12 12:31:38] [hamibot] {'time': '12:31:39 下午 GMT+08:00', 'action': 'taskPoller: 无待执行任务，等待下次轮询'}
[2026-06-12 12:31:54] [hamibot] {'time': '12:31:55 下午 GMT+08:00', 'action': 'taskPoller: 无待执行任务，等待下次轮询'}
[2026-06-12 12:32:09] [hamibot] {'time': '12:32:10 下午 GMT+08:00', 'action': 'taskPoller: 无待执行任务，等待下次轮询'}
[2026-06-12 12:32:25] [hamibot] {'time': '12:32:25 下午 GMT+08:00', 'action': 'taskPoller: 无待执行任务，等待下次轮询'}
[2026-06-12 12:32:40] [hamibot] {'time': '12:32:40 下午 GMT+08:00', 'action': 'taskPoller: 无待执行任务，等待下次轮询'}
[2026-06-12 12:32:55] [hamibot] {'time': '12:32:56 下午 GMT+08:00', 'action': 'taskPoller: 无待执行任务，等待下次轮询'}
[2026-06-12 12:33:10] [hamibot] {'time': '12:33:11 下午 GMT+08:00', 'action': 'taskPoller: 无待执行任务，等待下次轮询'}
[2026-06-12 12:33:25] [hamibot] {'time': '12:33:26 下午 GMT+08:00', 'action': 'taskPoller: 无待执行任务，等待下次轮询'}
[2026-06-12 12:33:40] [hamibot] {'time': '12:33:41 下午 GMT+08:00', 'action': 'taskPoller: 无待执行任务，等待下次轮询'}
[2026-06-12 12:33:59] [hamibot] {'time': '12:34:00 下午 GMT+08:00', 'action': 'taskPoller: 无待执行任务，等待下次轮询'}
[2026-06-12 12:35:23] [hamibot] {'time': '12:35:23 下午 GMT+08:00', 'action': 'taskPoller: 无待执行任务，等待下次轮询'}
[2026-06-12 12:36:03] [hamibot] {'time': '12:36:03 下午 GMT+08:00', 'action': 'taskPoller: 无待执行任务，等待下次轮询'}
[2026-06-12 12:36:18] [hamibot] {'time': '12:36:19 下午 GMT+08:00', 'action': 'taskPoller: 无待执行任务，等待下次轮询'}
[2026-06-12 12:36:33] [hamibot] {'time': '12:36:34 下午 GMT+08:00', 'action': 'taskPoller: 无待执行任务，等待下次轮询'}
[2026-06-12 12:36:49] [hamibot] {'time': '12:36:49 下午 GMT+08:00', 'action': 'taskPoller: 无待执行任务，等待下次轮询'}
[2026-06-12 12:37:04] [hamibot] {'time': '12:37:04 下午 GMT+08:00', 'action': 'taskPoller: 无待执行任务，等待下次轮询'}
[2026-06-12 12:37:19] [hamibot] {'time': '12:37:20 下午 GMT+08:00', 'action': 'taskPoller: 无待执行任务，等待下次轮询'}
[2026-06-12 12:37:36] [hamibot] {'time': '12:37:36 下午 GMT+08:00', 'action': 'taskPoller: 无待执行任务，等待下次轮询'}
[2026-06-12 12:37:50] [hamibot] {'time': '12:37:51 下午 GMT+08:00', 'action': 'taskPoller: 无待执行任务，等待下次轮询'}
[2026-06-12 12:38:06] [hamibot] {'time': '12:38:06 下午 GMT+08:00', 'action': 'taskPoller: 无待执行任务，等待下次轮询'}
[2026-06-12 12:38:21] [hamibot] {'time': '12:38:21 下午 GMT+08:00', 'action': 'taskPoller: 无待执行任务，等待下次轮询'}
[2026-06-12 12:38:36] [hamibot] {'time': '12:38:36 下午 GMT+08:00', 'action': 'taskPoller: 无待执行任务，等待下次轮询'}
[2026-06-12 12:38:53] [hamibot] {'time': '12:38:53 下午 GMT+08:00', 'action': 'taskPoller: 无待执行任务，等待下次轮询'}
[2026-06-12 12:39:07] [hamibot] {'time': '12:39:08 下午 GMT+08:00', 'action': 'taskPoller: 无待执行任务，等待下次轮询'}
[2026-06-12 12:39:23] [hamibot] {'time': '12:39:23 下午 GMT+08:00', 'action': 'taskPoller: 无待执行任务，等待下次轮询'}
[2026-06-12 12:39:38] [hamibot] {'time': '12:39:39 下午 GMT+08:00', 'action': 'taskPoller: 无待执行任务，等待下次轮询'}
[2026-06-12 12:39:53] [hamibot] {'time': '12:39:54 下午 GMT+08:00', 'action': 'taskPoller: 无待执行任务，等待下次轮询'}
[2026-06-12 12:40:09] [hamibot] {'time': '12:40:09 下午 GMT+08:00', 'action': 'taskPoller: 无待执行任务，等待下次轮询'}
[2026-06-12 12:40:24] [hamibot] {'time': '12:40:24 下午 GMT+08:00', 'action': 'taskPoller: 无待执行任务，等待下次轮询'}
[2026-06-12 12:40:39] [hamibot] {'time': '12:40:39 下午 GMT+08:00', 'action': 'taskPoller: 无待执行任务，等待下次轮询'}
[2026-06-12 12:40:54] [hamibot] {'time': '12:40:55 下午 GMT+08:00', 'action': 'taskPoller: 无待执行任务，等待下次轮询'}
[2026-06-12 12:41:09] [hamibot] {'time': '12:41:10 下午 GMT+08:00', 'action': 'taskPoller: 无待执行任务，等待下次轮询'}
[2026-06-12 12:41:24] [hamibot] {'time': '12:41:25 下午 GMT+08:00', 'action': 'taskPoller: 无待执行任务，等待下次轮询'}
[2026-06-12 12:41:40] [hamibot] {'time': '12:41:40 下午 GMT+08:00', 'action': 'taskPoller: 无待执行任务，等待下次轮询'}
[2026-06-12 12:41:55] [hamibot] {'time': '12:41:55 下午 GMT+08:00', 'action': 'taskPoller: 无待执行任务，等待下次轮询'}
[2026-06-12 12:42:10] [hamibot] {'time': '12:42:11 下午 GMT+08:00', 'action': 'taskPoller: 无待执行任务，等待下次轮询'}
[2026-06-12 12:42:25] [hamibot] {'time': '12:42:26 下午 GMT+08:00', 'action': 'taskPoller: 无待执行任务，等待下次轮询'}
[2026-06-12 12:42:40] [hamibot] {'time': '12:42:41 下午 GMT+08:00', 'action': 'taskPoller: 无待执行任务，等待下次轮询'}
[2026-06-12 12:42:56] [hamibot] {'time': '12:42:56 下午 GMT+08:00', 'action': 'taskPoller: 无待执行任务，等待下次轮询'}
[2026-06-12 12:43:12] [hamibot] {'time': '12:43:13 下午 GMT+08:00', 'action': 'taskPoller: 无待执行任务，等待下次轮询'}
[2026-06-12 12:43:27] [hamibot] {'time': '12:43:28 下午 GMT+08:00', 'action': 'taskPoller: 无待执行任务，等待下次轮询'}
[2026-06-12 12:43:43] [hamibot] {'time': '12:43:44 下午 GMT+08:00', 'action': 'taskPoller: 无待执行任务，等待下次轮询'}
[2026-06-12 12:43:58] [hamibot] {'time': '12:43:59 下午 GMT+08:00', 'action': 'taskPoller: 无待执行任务，等待下次轮询'}
[2026-06-12 12:44:14] [hamibot] {'time': '12:44:14 下午 GMT+08:00', 'action': 'taskPoller: 无待执行任务，等待下次轮询'}
[2026-06-12 12:44:29] [hamibot] {'time': '12:44:29 下午 GMT+08:00', 'action': 'taskPoller: 无待执行任务，等待下次轮询'}
[2026-06-12 12:44:44] [hamibot] {'time': '12:44:45 下午 GMT+08:00', 'action': 'taskPoller: 无待执行任务，等待下次轮询'}
[2026-06-12 12:45:00] [hamibot] {'time': '12:45:00 下午 GMT+08:00', 'action': 'taskPoller: 无待执行任务，等待下次轮询'}
[2026-06-12 12:45:15] [hamibot] {'time': '12:45:15 下午 GMT+08:00', 'action': 'taskPoller: 无待执行任务，等待下次轮询'}
[2026-06-12 12:45:30] [hamibot] {'time': '12:45:30 下午 GMT+08:00', 'action': 'taskPoller: 无待执行任务，等待下次轮询'}
[2026-06-12 12:45:45] [hamibot] {'time': '12:45:45 下午 GMT+08:00', 'action': 'taskPoller: 无待执行任务，等待下次轮询'}
[2026-06-12 12:46:01] [hamibot] {'time': '12:46:01 下午 GMT+08:00', 'action': 'taskPoller: 无待执行任务，等待下次轮询'}
[2026-06-12 12:46:16] [hamibot] {'time': '12:46:16 下午 GMT+08:00', 'action': 'taskPoller: 无待执行任务，等待下次轮询'}
[2026-06-12 12:46:31] [hamibot] {'time': '12:46:31 下午 GMT+08:00', 'action': 'taskPoller: 无待执行任务，等待下次轮询'}
[2026-06-12 12:46:46] [hamibot] {'time': '12:46:46 下午 GMT+08:00', 'action': 'taskPoller: 无待执行任务，等待下次轮询'}
[2026-06-12 12:47:01] [hamibot] {'time': '12:47:02 下午 GMT+08:00', 'action': 'taskPoller: 无待执行任务，等待下次轮询'}
[2026-06-12 12:47:16] [hamibot] {'time': '12:47:17 下午 GMT+08:00', 'action': 'taskPoller: 无待执行任务，等待下次轮询'}
[2026-06-12 12:47:31] [hamibot] {'time': '12:47:32 下午 GMT+08:00', 'action': 'taskPoller: 无待执行任务，等待下次轮询'}
[2026-06-12 12:47:46] [hamibot] {'time': '12:47:47 下午 GMT+08:00', 'action': 'taskPoller: 无待执行任务，等待下次轮询'}
[2026-06-12 12:48:02] [hamibot] {'time': '12:48:02 下午 GMT+08:00', 'action': 'taskPoller: 无待执行任务，等待下次轮询'}
[2026-06-12 12:48:17] [hamibot] {'time': '12:48:17 下午 GMT+08:00', 'action': 'taskPoller: 无待执行任务，等待下次轮询'}
[2026-06-12 12:48:32] [hamibot] {'time': '12:48:33 下午 GMT+08:00', 'action': 'taskPoller: 无待执行任务，等待下次轮询'}
[2026-06-12 12:48:47] [hamibot] {'time': '12:48:48 下午 GMT+08:00', 'action': 'taskPoller: 无待执行任务，等待下次轮询'}
[2026-06-12 12:49:02] [hamibot] {'time': '12:49:03 下午 GMT+08:00', 'action': 'taskPoller: 无待执行任务，等待下次轮询'}
[2026-06-12 12:49:17] [hamibot] {'time': '12:49:18 下午 GMT+08:00', 'action': 'taskPoller: 无待执行任务，等待下次轮询'}
[2026-06-12 12:49:32] [hamibot] {'time': '12:49:33 下午 GMT+08:00', 'action': 'taskPoller: 无待执行任务，等待下次轮询'}
[2026-06-12 12:49:48] [hamibot] {'time': '12:49:48 下午 GMT+08:00', 'action': 'taskPoller: 无待执行任务，等待下次轮询'}
[2026-06-12 12:50:04] [hamibot] {'time': '12:50:04 下午 GMT+08:00', 'action': 'taskPoller: 无待执行任务，等待下次轮询'}
[2026-06-12 12:50:19] [hamibot] {'time': '12:50:19 下午 GMT+08:00', 'action': 'taskPoller: 无待执行任务，等待下次轮询'}
[2026-06-12 12:50:34] [hamibot] {'time': '12:50:34 下午 GMT+08:00', 'action': 'taskPoller: 无待执行任务，等待下次轮询'}
[2026-06-12 12:50:51] [hamibot] {'time': '12:50:51 下午 GMT+08:00', 'action': 'taskPoller: 无待执行任务，等待下次轮询'}
[2026-06-12 12:51:05] [hamibot] {'time': '12:51:06 下午 GMT+08:00', 'action': 'taskPoller: 无待执行任务，等待下次轮询'}
[2026-06-12 12:51:21] [hamibot] {'time': '12:51:21 下午 GMT+08:00', 'action': 'taskPoller: 无待执行任务，等待下次轮询'}
[2026-06-12 12:51:36] [hamibot] {'time': '12:51:36 下午 GMT+08:00', 'action': 'taskPoller: 无待执行任务，等待下次轮询'}
[2026-06-12 12:51:51] [hamibot] {'time': '12:51:51 下午 GMT+08:00', 'action': 'taskPoller: 无待执行任务，等待下次轮询'}
[2026-06-12 12:52:06] [hamibot] {'time': '12:52:06 下午 GMT+08:00', 'action': 'taskPoller: 无待执行任务，等待下次轮询'}
[2026-06-12 12:52:21] [hamibot] {'time': '12:52:21 下午 GMT+08:00', 'action': 'taskPoller: 无待执行任务，等待下次轮询'}
[2026-06-12 12:52:36] [hamibot] {'time': '12:52:36 下午 GMT+08:00', 'action': 'taskPoller: 无待执行任务，等待下次轮询'}
[2026-06-12 12:52:52] [hamibot] {'time': '12:52:52 下午 GMT+08:00', 'action': 'taskPoller: 无待执行任务，等待下次轮询'}
[2026-06-12 12:53:07] [hamibot] {'time': '12:53:07 下午 GMT+08:00', 'action': 'taskPoller: 无待执行任务，等待下次轮询'}
[2026-06-12 12:53:22] [hamibot] {'time': '12:53:22 下午 GMT+08:00', 'action': 'taskPoller: 无待执行任务，等待下次轮询'}
[2026-06-12 12:53:37] [hamibot] {'time': '12:53:37 下午 GMT+08:00', 'action': 'taskPoller: 无待执行任务，等待下次轮询'}
[2026-06-12 12:53:52] [hamibot] {'time': '12:53:52 下午 GMT+08:00', 'action': 'taskPoller: 无待执行任务，等待下次轮询'}
[2026-06-12 12:54:07] [hamibot] {'time': '12:54:08 下午 GMT+08:00', 'action': 'taskPoller: 无待执行任务，等待下次轮询'}
[2026-06-12 12:54:22] [hamibot] {'time': '12:54:23 下午 GMT+08:00', 'action': 'taskPoller: 无待执行任务，等待下次轮询'}
[2026-06-12 12:54:38] [hamibot] {'time': '12:54:38 下午 GMT+08:00', 'action': 'taskPoller: 无待执行任务，等待下次轮询'}
[2026-06-12 12:54:53] [hamibot] {'time': '12:54:53 下午 GMT+08:00', 'action': 'taskPoller: 无待执行任务，等待下次轮询'}
[2026-06-12 12:55:08] [hamibot] {'time': '12:55:08 下午 GMT+08:00', 'action': 'taskPoller: 无待执行任务，等待下次轮询'}
[2026-06-12 12:55:23] [hamibot] {'time': '12:55:23 下午 GMT+08:00', 'action': 'taskPoller: 无待执行任务，等待下次轮询'}
[2026-06-12 12:55:38] [hamibot] {'time': '12:55:38 下午 GMT+08:00', 'action': 'taskPoller: 无待执行任务，等待下次轮询'}
[2026-06-12 12:55:53] [hamibot] {'time': '12:55:54 下午 GMT+08:00', 'action': 'taskPoller: 无待执行任务，等待下次轮询'}
[2026-06-12 12:56:08] [hamibot] {'time': '12:56:09 下午 GMT+08:00', 'action': 'taskPoller: 无待执行任务，等待下次轮询'}
[2026-06-12 12:56:23] [hamibot] {'time': '12:56:24 下午 GMT+08:00', 'action': 'taskPoller: 无待执行任务，等待下次轮询'}
[2026-06-12 12:56:38] [hamibot] {'time': '12:56:39 下午 GMT+08:00', 'action': 'taskPoller: 无待执行任务，等待下次轮询'}
[2026-06-12 12:56:54] [hamibot] {'time': '12:56:54 下午 GMT+08:00', 'action': 'taskPoller: 无待执行任务，等待下次轮询'}
[2026-06-12 12:57:09] [hamibot] {'time': '12:57:09 下午 GMT+08:00', 'action': 'taskPoller: 无待执行任务，等待下次轮询'}
[2026-06-12 12:57:24] [hamibot] {'time': '12:57:24 下午 GMT+08:00', 'action': 'taskPoller: 无待执行任务，等待下次轮询'}
[2026-06-12 12:57:39] [hamibot] {'time': '12:57:39 下午 GMT+08:00', 'action': 'taskPoller: 无待执行任务，等待下次轮询'}
[2026-06-12 12:57:54] [hamibot] {'time': '12:57:55 下午 GMT+08:00', 'action': 'taskPoller: 无待执行任务，等待下次轮询'}
[2026-06-12 12:58:09] [hamibot] {'time': '12:58:10 下午 GMT+08:00', 'action': 'taskPoller: 无待执行任务，等待下次轮询'}
[2026-06-12 12:58:24] [hamibot] {'time': '12:58:25 下午 GMT+08:00', 'action': 'taskPoller: 无待执行任务，等待下次轮询'}
[2026-06-12 12:58:39] [hamibot] {'time': '12:58:40 下午 GMT+08:00', 'action': 'taskPoller: 无待执行任务，等待下次轮询'}
[2026-06-12 12:58:55] [hamibot] {'time': '12:58:55 下午 GMT+08:00', 'action': 'taskPoller: 无待执行任务，等待下次轮询'}
[2026-06-12 12:59:10] [hamibot] {'time': '12:59:10 下午 GMT+08:00', 'action': 'taskPoller: 无待执行任务，等待下次轮询'}
[2026-06-12 12:59:25] [hamibot] {'time': '12:59:25 下午 GMT+08:00', 'action': 'taskPoller: 无待执行任务，等待下次轮询'}
[2026-06-12 12:59:40] [hamibot] {'time': '12:59:40 下午 GMT+08:00', 'action': 'taskPoller: 无待执行任务，等待下次轮询'}
[2026-06-12 12:59:55] [hamibot] {'time': '12:59:55 下午 GMT+08:00', 'action': 'taskPoller: 无待执行任务，等待下次轮询'}
[2026-06-12 13:00:10] [hamibot] {'time': '1:00:11 下午 GMT+08:00', 'action': 'taskPoller: 无待执行任务，等待下次轮询'}
[2026-06-12 13:00:25] [hamibot] {'time': '1:00:26 下午 GMT+08:00', 'action': 'taskPoller: 无待执行任务，等待下次轮询'}
[2026-06-12 13:00:42] [hamibot] {'time': '1:00:42 下午 GMT+08:00', 'action': 'taskPoller: 无待执行任务，等待下次轮询'}
[2026-06-12 13:00:58] [hamibot] {'time': '1:00:58 下午 GMT+08:00', 'action': 'taskPoller: 无待执行任务，等待下次轮询'}
[2026-06-12 13:01:13] [hamibot] {'time': '1:01:13 下午 GMT+08:00', 'action': 'taskPoller: 无待执行任务，等待下次轮询'}
[2026-06-12 13:01:28] [hamibot] {'time': '1:01:28 下午 GMT+08:00', 'action': 'taskPoller: 无待执行任务，等待下次轮询'}
[2026-06-12 13:01:43] [hamibot] {'time': '1:01:44 下午 GMT+08:00', 'action': 'taskPoller: 无待执行任务，等待下次轮询'}
[2026-06-12 13:01:59] [hamibot] {'time': '1:01:59 下午 GMT+08:00', 'action': 'taskPoller: 无待执行任务，等待下次轮询'}
[2026-06-12 13:02:15] [hamibot] {'time': '1:02:16 下午 GMT+08:00', 'action': 'taskPoller: 无待执行任务，等待下次轮询'}
[2026-06-12 13:02:30] [hamibot] {'time': '1:02:31 下午 GMT+08:00', 'action': 'taskPoller: 无待执行任务，等待下次轮询'}
[2026-06-12 13:02:45] [hamibot] {'time': '1:02:46 下午 GMT+08:00', 'action': 'taskPoller: 无待执行任务，等待下次轮询'}
[2026-06-12 13:03:01] [hamibot] {'time': '1:03:01 下午 GMT+08:00', 'action': 'taskPoller: 无待执行任务，等待下次轮询'}
[2026-06-12 13:03:16] [hamibot] {'time': '1:03:16 下午 GMT+08:00', 'action': 'taskPoller: 无待执行任务，等待下次轮询'}
[2026-06-12 13:03:31] [hamibot] {'time': '1:03:31 下午 GMT+08:00', 'action': 'taskPoller: 无待执行任务，等待下次轮询'}
[2026-06-12 13:03:46] [hamibot] {'time': '1:03:47 下午 GMT+08:00', 'action': 'taskPoller: 无待执行任务，等待下次轮询'}
[2026-06-12 13:04:01] [hamibot] {'time': '1:04:02 下午 GMT+08:00', 'action': 'taskPoller: 无待执行任务，等待下次轮询'}
[2026-06-12 13:04:16] [hamibot] {'time': '1:04:17 下午 GMT+08:00', 'action': 'taskPoller: 无待执行任务，等待下次轮询'}
[2026-06-12 13:04:31] [hamibot] {'time': '1:04:32 下午 GMT+08:00', 'action': 'taskPoller: 无待执行任务，等待下次轮询'}
[2026-06-12 13:04:46] [hamibot] {'time': '1:04:47 下午 GMT+08:00', 'action': 'taskPoller: 无待执行任务，等待下次轮询'}
[2026-06-12 13:05:02] [hamibot] {'time': '1:05:02 下午 GMT+08:00', 'action': 'taskPoller: 无待执行任务，等待下次轮询'}
[2026-06-12 13:05:17] [hamibot] {'time': '1:05:17 下午 GMT+08:00', 'action': 'taskPoller: 无待执行任务，等待下次轮询'}
[2026-06-12 13:05:32] [hamibot] {'time': '1:05:32 下午 GMT+08:00', 'action': 'taskPoller: 无待执行任务，等待下次轮询'}
[2026-06-12 13:05:47] [hamibot] {'time': '1:05:47 下午 GMT+08:00', 'action': 'taskPoller: 无待执行任务，等待下次轮询'}
[2026-06-12 13:06:02] [hamibot] {'time': '1:06:03 下午 GMT+08:00', 'action': 'taskPoller: 无待执行任务，等待下次轮询'}
[2026-06-12 13:06:17] [hamibot] {'time': '1:06:18 下午 GMT+08:00', 'action': 'taskPoller: 无待执行任务，等待下次轮询'}
[2026-06-12 13:06:32] [hamibot] {'time': '1:06:33 下午 GMT+08:00', 'action': 'taskPoller: 无待执行任务，等待下次轮询'}
[2026-06-12 13:06:47] [hamibot] {'time': '1:06:48 下午 GMT+08:00', 'action': 'taskPoller: 无待执行任务，等待下次轮询'}
[2026-06-12 13:07:02] [hamibot] {'time': '1:07:03 下午 GMT+08:00', 'action': 'taskPoller: 无待执行任务，等待下次轮询'}
[2026-06-12 13:07:18] [hamibot] {'time': '1:07:18 下午 GMT+08:00', 'action': 'taskPoller: 无待执行任务，等待下次轮询'}
[2026-06-12 13:07:33] [hamibot] {'time': '1:07:33 下午 GMT+08:00', 'action': 'taskPoller: 无待执行任务，等待下次轮询'}
[2026-06-12 13:07:48] [hamibot] {'time': '1:07:48 下午 GMT+08:00', 'action': 'taskPoller: 无待执行任务，等待下次轮询'}
[2026-06-12 13:08:03] [hamibot] {'time': '1:08:03 下午 GMT+08:00', 'action': 'taskPoller: 无待执行任务，等待下次轮询'}
[2026-06-12 13:08:18] [hamibot] {'time': '1:08:18 下午 GMT+08:00', 'action': 'taskPoller: 无待执行任务，等待下次轮询'}
[2026-06-12 13:08:33] [hamibot] {'time': '1:08:33 下午 GMT+08:00', 'action': 'taskPoller: 无待执行任务，等待下次轮询'}
[2026-06-12 13:08:48] [hamibot] {'time': '1:08:48 下午 GMT+08:00', 'action': 'taskPoller: 无待执行任务，等待下次轮询'}
[2026-06-12 13:09:03] [hamibot] {'time': '1:09:03 下午 GMT+08:00', 'action': 'taskPoller: 无待执行任务，等待下次轮询'}
[2026-06-12 13:09:18] [hamibot] {'time': '1:09:19 下午 GMT+08:00', 'action': 'taskPoller: 无待执行任务，等待下次轮询'}
[2026-06-12 13:09:34] [hamibot] {'time': '1:09:34 下午 GMT+08:00', 'action': 'taskPoller: 无待执行任务，等待下次轮询'}
[2026-06-12 13:09:49] [hamibot] {'time': '1:09:49 下午 GMT+08:00', 'action': 'taskPoller: 无待执行任务，等待下次轮询'}
[2026-06-12 13:10:04] [hamibot] {'time': '1:10:04 下午 GMT+08:00', 'action': 'taskPoller: 无待执行任务，等待下次轮询'}
[2026-06-12 13:10:19] [hamibot] {'time': '1:10:19 下午 GMT+08:00', 'action': 'taskPoller: 无待执行任务，等待下次轮询'}
[2026-06-12 13:10:34] [hamibot] {'time': '1:10:34 下午 GMT+08:00', 'action': 'taskPoller: 无待执行任务，等待下次轮询'}
[2026-06-12 13:10:49] [hamibot] {'time': '1:10:50 下午 GMT+08:00', 'action': 'taskPoller: 无待执行任务，等待下次轮询'}
[2026-06-12 13:11:04] [hamibot] {'time': '1:11:05 下午 GMT+08:00', 'action': 'taskPoller: 无待执行任务，等待下次轮询'}
[2026-06-12 13:11:19] [hamibot] {'time': '1:11:20 下午 GMT+08:00', 'action': 'taskPoller: 无待执行任务，等待下次轮询'}
[2026-06-12 13:11:34] [hamibot] {'time': '1:11:35 下午 GMT+08:00', 'action': 'taskPoller: 无待执行任务，等待下次轮询'}
[2026-06-12 13:11:50] [hamibot] {'time': '1:11:50 下午 GMT+08:00', 'action': 'taskPoller: 无待执行任务，等待下次轮询'}
[2026-06-12 13:12:05] [hamibot] {'time': '1:12:05 下午 GMT+08:00', 'action': 'taskPoller: 无待执行任务，等待下次轮询'}
[2026-06-12 13:12:20] [hamibot] {'time': '1:12:20 下午 GMT+08:00', 'action': 'taskPoller: 无待执行任务，等待下次轮询'}
[2026-06-12 13:12:35] [hamibot] {'time': '1:12:35 下午 GMT+08:00', 'action': 'taskPoller: 无待执行任务，等待下次轮询'}
[2026-06-12 13:12:50] [hamibot] {'time': '1:12:50 下午 GMT+08:00', 'action': 'taskPoller: 无待执行任务，等待下次轮询'}
[2026-06-12 13:13:05] [hamibot] {'time': '1:13:05 下午 GMT+08:00', 'action': 'taskPoller: 无待执行任务，等待下次轮询'}
[2026-06-12 13:13:20] [hamibot] {'time': '1:13:21 下午 GMT+08:00', 'action': 'taskPoller: 无待执行任务，等待下次轮询'}
[2026-06-12 13:13:35] [hamibot] {'time': '1:13:36 下午 GMT+08:00', 'action': 'taskPoller: 无待执行任务，等待下次轮询'}
[2026-06-12 13:13:50] [hamibot] {'time': '1:13:51 下午 GMT+08:00', 'action': 'taskPoller: 无待执行任务，等待下次轮询'}
[2026-06-12 13:14:05] [hamibot] {'time': '1:14:06 下午 GMT+08:00', 'action': 'taskPoller: 无待执行任务，等待下次轮询'}
[2026-06-12 13:14:20] [hamibot] {'time': '1:14:21 下午 GMT+08:00', 'action': 'taskPoller: 无待执行任务，等待下次轮询'}
[2026-06-12 13:14:35] [hamibot] {'time': '1:14:36 下午 GMT+08:00', 'action': 'taskPoller: 无待执行任务，等待下次轮询'}
[2026-06-12 13:14:51] [hamibot] {'time': '1:14:51 下午 GMT+08:00', 'action': 'taskPoller: 无待执行任务，等待下次轮询'}
[2026-06-12 13:15:06] [hamibot] {'time': '1:15:06 下午 GMT+08:00', 'action': 'taskPoller: 无待执行任务，等待下次轮询'}
[2026-06-12 13:15:21] [hamibot] {'time': '1:15:21 下午 GMT+08:00', 'action': 'taskPoller: 无待执行任务，等待下次轮询'}
[2026-06-12 13:15:36] [hamibot] {'time': '1:15:36 下午 GMT+08:00', 'action': 'taskPoller: 无待执行任务，等待下次轮询'}
[2026-06-12 13:15:51] [hamibot] {'time': '1:15:51 下午 GMT+08:00', 'action': 'taskPoller: 无待执行任务，等待下次轮询'}
[2026-06-12 13:16:06] [hamibot] {'time': '1:16:06 下午 GMT+08:00', 'action': 'taskPoller: 无待执行任务，等待下次轮询'}
[2026-06-12 13:16:21] [hamibot] {'time': '1:16:22 下午 GMT+08:00', 'action': 'taskPoller: 无待执行任务，等待下次轮询'}
[2026-06-12 13:16:36] [hamibot] {'time': '1:16:37 下午 GMT+08:00', 'action': 'taskPoller: 无待执行任务，等待下次轮询'}
[2026-06-12 13:16:51] [hamibot] {'time': '1:16:52 下午 GMT+08:00', 'action': 'taskPoller: 无待执行任务，等待下次轮询'}
[2026-06-12 13:17:06] [hamibot] {'time': '1:17:07 下午 GMT+08:00', 'action': 'taskPoller: 无待执行任务，等待下次轮询'}
[2026-06-12 13:17:21] [hamibot] {'time': '1:17:22 下午 GMT+08:00', 'action': 'taskPoller: 无待执行任务，等待下次轮询'}
[2026-06-12 13:17:37] [hamibot] {'time': '1:17:37 下午 GMT+08:00', 'action': 'taskPoller: 无待执行任务，等待下次轮询'}
[2026-06-12 13:17:52] [hamibot] {'time': '1:17:53 下午 GMT+08:00', 'action': 'taskPoller: 无待执行任务，等待下次轮询'}
[2026-06-12 13:18:07] [hamibot] {'time': '1:18:08 下午 GMT+08:00', 'action': 'taskPoller: 无待执行任务，等待下次轮询'}
[2026-06-12 13:18:22] [hamibot] {'time': '1:18:23 下午 GMT+08:00', 'action': 'taskPoller: 无待执行任务，等待下次轮询'}
[2026-06-12 13:18:38] [hamibot] {'time': '1:18:38 下午 GMT+08:00', 'action': 'taskPoller: 无待执行任务，等待下次轮询'}
[2026-06-12 13:18:53] [hamibot] {'time': '1:18:54 下午 GMT+08:00', 'action': 'taskPoller: 无待执行任务，等待下次轮询'}
[2026-06-12 13:19:08] [hamibot] {'time': '1:19:09 下午 GMT+08:00', 'action': 'taskPoller: 无待执行任务，等待下次轮询'}
[2026-06-12 13:19:23] [hamibot] {'time': '1:19:24 下午 GMT+08:00', 'action': 'taskPoller: 无待执行任务，等待下次轮询'}
[2026-06-12 13:19:38] [hamibot] {'time': '1:19:39 下午 GMT+08:00', 'action': 'taskPoller: 无待执行任务，等待下次轮询'}
[2026-06-12 13:19:53] [hamibot] {'time': '1:19:54 下午 GMT+08:00', 'action': 'taskPoller: 无待执行任务，等待下次轮询'}
[2026-06-12 13:20:08] [hamibot] {'time': '1:20:09 下午 GMT+08:00', 'action': 'taskPoller: 无待执行任务，等待下次轮询'}
[2026-06-12 13:20:23] [hamibot] {'time': '1:20:24 下午 GMT+08:00', 'action': 'taskPoller: 无待执行任务，等待下次轮询'}
[2026-06-12 13:20:39] [hamibot] {'time': '1:20:39 下午 GMT+08:00', 'action': 'taskPoller: 无待执行任务，等待下次轮询'}
[2026-06-12 13:20:54] [hamibot] {'time': '1:20:54 下午 GMT+08:00', 'action': 'taskPoller: 无待执行任务，等待下次轮询'}
[2026-06-12 13:21:09] [hamibot] {'time': '1:21:09 下午 GMT+08:00', 'action': 'taskPoller: 无待执行任务，等待下次轮询'}
[2026-06-12 13:21:24] [hamibot] {'time': '1:21:24 下午 GMT+08:00', 'action': 'taskPoller: 无待执行任务，等待下次轮询'}
[2026-06-12 13:21:39] [hamibot] {'time': '1:21:39 下午 GMT+08:00', 'action': 'taskPoller: 无待执行任务，等待下次轮询'}
[2026-06-12 13:21:54] [hamibot] {'time': '1:21:54 下午 GMT+08:00', 'action': 'taskPoller: 无待执行任务，等待下次轮询'}
[2026-06-12 13:22:09] [hamibot] {'time': '1:22:10 下午 GMT+08:00', 'action': 'taskPoller: 无待执行任务，等待下次轮询'}
[2026-06-12 13:22:24] [hamibot] {'time': '1:22:25 下午 GMT+08:00', 'action': 'taskPoller: 无待执行任务，等待下次轮询'}
[2026-06-12 13:22:39] [hamibot] {'time': '1:22:40 下午 GMT+08:00', 'action': 'taskPoller: 无待执行任务，等待下次轮询'}
[2026-06-12 13:22:54] [hamibot] {'time': '1:22:55 下午 GMT+08:00', 'action': 'taskPoller: 无待执行任务，等待下次轮询'}
[2026-06-12 13:23:09] [hamibot] {'time': '1:23:10 下午 GMT+08:00', 'action': 'taskPoller: 无待执行任务，等待下次轮询'}
[2026-06-12 13:23:24] [hamibot] {'time': '1:23:25 下午 GMT+08:00', 'action': 'taskPoller: 无待执行任务，等待下次轮询'}
[2026-06-12 13:23:40] [hamibot] {'time': '1:23:40 下午 GMT+08:00', 'action': 'taskPoller: 无待执行任务，等待下次轮询'}
[2026-06-12 13:23:55] [hamibot] {'time': '1:23:55 下午 GMT+08:00', 'action': 'taskPoller: 无待执行任务，等待下次轮询'}
[2026-06-12 13:24:10] [hamibot] {'time': '1:24:10 下午 GMT+08:00', 'action': 'taskPoller: 无待执行任务，等待下次轮询'}
[2026-06-12 13:24:25] [hamibot] {'time': '1:24:25 下午 GMT+08:00', 'action': 'taskPoller: 无待执行任务，等待下次轮询'}
[2026-06-12 13:24:40] [hamibot] {'time': '1:24:40 下午 GMT+08:00', 'action': 'taskPoller: 无待执行任务，等待下次轮询'}
[2026-06-12 13:24:55] [hamibot] {'time': '1:24:55 下午 GMT+08:00', 'action': 'taskPoller: 无待执行任务，等待下次轮询'}
[2026-06-12 13:25:10] [hamibot] {'time': '1:25:10 下午 GMT+08:00', 'action': 'taskPoller: 无待执行任务，等待下次轮询'}
[2026-06-12 13:25:25] [hamibot] {'time': '1:25:25 下午 GMT+08:00', 'action': 'taskPoller: 无待执行任务，等待下次轮询'}
[2026-06-12 13:25:40] [hamibot] {'time': '1:25:41 下午 GMT+08:00', 'action': 'taskPoller: 无待执行任务，等待下次轮询'}
[2026-06-12 13:25:55] [hamibot] {'time': '1:25:56 下午 GMT+08:00', 'action': 'taskPoller: 无待执行任务，等待下次轮询'}
[2026-06-12 13:26:10] [hamibot] {'time': '1:26:11 下午 GMT+08:00', 'action': 'taskPoller: 无待执行任务，等待下次轮询'}
[2026-06-12 13:26:25] [hamibot] {'time': '1:26:26 下午 GMT+08:00', 'action': 'taskPoller: 无待执行任务，等待下次轮询'}
[2026-06-12 13:26:40] [hamibot] {'time': '1:26:41 下午 GMT+08:00', 'action': 'taskPoller: 无待执行任务，等待下次轮询'}
[2026-06-12 13:26:55] [hamibot] {'time': '1:26:56 下午 GMT+08:00', 'action': 'taskPoller: 无待执行任务，等待下次轮询'}
[2026-06-12 13:27:11] [hamibot] {'time': '1:27:11 下午 GMT+08:00', 'action': 'taskPoller: 无待执行任务，等待下次轮询'}
[2026-06-12 13:27:26] [hamibot] {'time': '1:27:26 下午 GMT+08:00', 'action': 'taskPoller: 无待执行任务，等待下次轮询'}
[2026-06-12 13:27:41] [hamibot] {'time': '1:27:41 下午 GMT+08:00', 'action': 'taskPoller: 无待执行任务，等待下次轮询'}
[2026-06-12 13:27:56] [hamibot] {'time': '1:27:56 下午 GMT+08:00', 'action': 'taskPoller: 无待执行任务，等待下次轮询'}
[2026-06-12 13:28:11] [hamibot] {'time': '1:28:11 下午 GMT+08:00', 'action': 'taskPoller: 无待执行任务，等待下次轮询'}
[2026-06-12 13:28:26] [hamibot] {'time': '1:28:27 下午 GMT+08:00', 'action': 'taskPoller: 无待执行任务，等待下次轮询'}
[2026-06-12 13:28:41] [hamibot] {'time': '1:28:42 下午 GMT+08:00', 'action': 'taskPoller: 无待执行任务，等待下次轮询'}
[2026-06-12 13:28:56] [hamibot] {'time': '1:28:57 下午 GMT+08:00', 'action': 'taskPoller: 无待执行任务，等待下次轮询'}
[2026-06-12 13:29:11] [hamibot] {'time': '1:29:12 下午 GMT+08:00', 'action': 'taskPoller: 无待执行任务，等待下次轮询'}
[2026-06-12 13:29:27] [hamibot] {'time': '1:29:27 下午 GMT+08:00', 'action': 'taskPoller: 无待执行任务，等待下次轮询'}
[2026-06-12 13:29:42] [hamibot] {'time': '1:29:42 下午 GMT+08:00', 'action': 'taskPoller: 无待执行任务，等待下次轮询'}
[2026-06-12 13:29:57] [hamibot] {'time': '1:29:57 下午 GMT+08:00', 'action': 'taskPoller: 无待执行任务，等待下次轮询'}
[2026-06-12 13:30:12] [hamibot] {'time': '1:30:12 下午 GMT+08:00', 'action': 'taskPoller: 无待执行任务，等待下次轮询'}
[2026-06-12 13:30:27] [hamibot] {'time': '1:30:27 下午 GMT+08:00', 'action': 'taskPoller: 无待执行任务，等待下次轮询'}
[2026-06-12 13:30:42] [hamibot] {'time': '1:30:43 下午 GMT+08:00', 'action': 'taskPoller: 无待执行任务，等待下次轮询'}
[2026-06-12 13:30:57] [hamibot] {'time': '1:30:58 下午 GMT+08:00', 'action': 'taskPoller: 无待执行任务，等待下次轮询'}
[2026-06-12 13:31:12] [hamibot] {'time': '1:31:13 下午 GMT+08:00', 'action': 'taskPoller: 无待执行任务，等待下次轮询'}
[2026-06-12 13:31:27] [hamibot] {'time': '1:31:28 下午 GMT+08:00', 'action': 'taskPoller: 无待执行任务，等待下次轮询'}
[2026-06-12 13:31:42] [hamibot] {'time': '1:31:43 下午 GMT+08:00', 'action': 'taskPoller: 无待执行任务，等待下次轮询'}
[2026-06-12 13:31:58] [hamibot] {'time': '1:31:58 下午 GMT+08:00', 'action': 'taskPoller: 无待执行任务，等待下次轮询'}
[2026-06-12 13:32:13] [hamibot] {'time': '1:32:13 下午 GMT+08:00', 'action': 'taskPoller: 无待执行任务，等待下次轮询'}
[2026-06-12 13:32:28] [hamibot] {'time': '1:32:28 下午 GMT+08:00', 'action': 'taskPoller: 无待执行任务，等待下次轮询'}
[2026-06-12 13:32:43] [hamibot] {'time': '1:32:43 下午 GMT+08:00', 'action': 'taskPoller: 无待执行任务，等待下次轮询'}
[2026-06-12 13:32:58] [hamibot] {'time': '1:32:58 下午 GMT+08:00', 'action': 'taskPoller: 无待执行任务，等待下次轮询'}
[2026-06-12 13:33:13] [hamibot] {'time': '1:33:13 下午 GMT+08:00', 'action': 'taskPoller: 无待执行任务，等待下次轮询'}
[2026-06-12 13:33:28] [hamibot] {'time': '1:33:29 下午 GMT+08:00', 'action': 'taskPoller: 无待执行任务，等待下次轮询'}
[2026-06-12 13:33:43] [hamibot] {'time': '1:33:44 下午 GMT+08:00', 'action': 'taskPoller: 无待执行任务，等待下次轮询'}
[2026-06-12 13:33:59] [hamibot] {'time': '1:34:00 下午 GMT+08:00', 'action': 'taskPoller: 无待执行任务，等待下次轮询'}
[2026-06-12 13:34:14] [hamibot] {'time': '1:34:15 下午 GMT+08:00', 'action': 'taskPoller: 无待执行任务，等待下次轮询'}
[2026-06-12 13:34:29] [hamibot] {'time': '1:34:30 下午 GMT+08:00', 'action': 'taskPoller: 无待执行任务，等待下次轮询'}
[2026-06-12 13:34:44] [hamibot] {'time': '1:34:45 下午 GMT+08:00', 'action': 'taskPoller: 无待执行任务，等待下次轮询'}
[2026-06-12 13:34:59] [hamibot] {'time': '1:35:00 下午 GMT+08:00', 'action': 'taskPoller: 无待执行任务，等待下次轮询'}
[2026-06-12 13:35:15] [hamibot] {'time': '1:35:15 下午 GMT+08:00', 'action': 'taskPoller: 无待执行任务，等待下次轮询'}
[2026-06-12 13:35:30] [hamibot] {'time': '1:35:30 下午 GMT+08:00', 'action': 'taskPoller: 无待执行任务，等待下次轮询'}
[2026-06-12 13:35:45] [hamibot] {'time': '1:35:45 下午 GMT+08:00', 'action': 'taskPoller: 无待执行任务，等待下次轮询'}
[2026-06-12 13:36:08] [hamibot] {'time': '1:36:09 下午 GMT+08:00', 'action': 'taskPoller: 无待执行任务，等待下次轮询'}
[2026-06-12 13:36:57] [hamibot] {'time': '1:36:57 下午 GMT+08:00', 'action': 'taskPoller: 无待执行任务，等待下次轮询'}
[2026-06-12 13:37:12] [hamibot] {'time': '1:37:13 下午 GMT+08:00', 'action': 'taskPoller: 无待执行任务，等待下次轮询'}
[2026-06-12 13:37:27] [hamibot] {'time': '1:37:28 下午 GMT+08:00', 'action': 'taskPoller: 无待执行任务，等待下次轮询'}
[2026-06-12 13:37:42] [hamibot] {'time': '1:37:43 下午 GMT+08:00', 'action': 'taskPoller: 无待执行任务，等待下次轮询'}
[2026-06-12 13:37:59] [hamibot] {'time': '1:37:59 下午 GMT+08:00', 'action': 'taskPoller: 无待执行任务，等待下次轮询'}
[2026-06-12 13:38:14] [hamibot] {'time': '1:38:14 下午 GMT+08:00', 'action': 'taskPoller: 无待执行任务，等待下次轮询'}
[2026-06-12 13:38:29] [hamibot] {'time': '1:38:30 下午 GMT+08:00', 'action': 'taskPoller: 无待执行任务，等待下次轮询'}
[2026-06-12 13:38:45] [hamibot] {'time': '1:38:45 下午 GMT+08:00', 'action': 'taskPoller: 无待执行任务，等待下次轮询'}
[2026-06-12 13:39:00] [hamibot] {'time': '1:39:01 下午 GMT+08:00', 'action': 'taskPoller: 无待执行任务，等待下次轮询'}
[2026-06-12 13:39:15] [hamibot] {'time': '1:39:16 下午 GMT+08:00', 'action': 'taskPoller: 无待执行任务，等待下次轮询'}
[2026-06-12 13:39:30] [hamibot] {'time': '1:39:31 下午 GMT+08:00', 'action': 'taskPoller: 无待执行任务，等待下次轮询'}
[2026-06-12 13:39:46] [hamibot] {'time': '1:39:46 下午 GMT+08:00', 'action': 'taskPoller: 无待执行任务，等待下次轮询'}
[2026-06-12 13:40:01] [hamibot] {'time': '1:40:02 下午 GMT+08:00', 'action': 'taskPoller: 无待执行任务，等待下次轮询'}
[2026-06-12 13:40:17] [hamibot] {'time': '1:40:17 下午 GMT+08:00', 'action': 'taskPoller: 无待执行任务，等待下次轮询'}
[2026-06-12 13:40:32] [hamibot] {'time': '1:40:32 下午 GMT+08:00', 'action': 'taskPoller: 无待执行任务，等待下次轮询'}
[2026-06-12 13:40:47] [hamibot] {'time': '1:40:47 下午 GMT+08:00', 'action': 'taskPoller: 无待执行任务，等待下次轮询'}
[2026-06-12 13:41:02] [hamibot] {'time': '1:41:02 下午 GMT+08:00', 'action': 'taskPoller: 无待执行任务，等待下次轮询'}
[2026-06-12 13:41:17] [hamibot] {'time': '1:41:18 下午 GMT+08:00', 'action': 'taskPoller: 无待执行任务，等待下次轮询'}
[2026-06-12 13:41:32] [hamibot] {'time': '1:41:33 下午 GMT+08:00', 'action': 'taskPoller: 无待执行任务，等待下次轮询'}
[2026-06-12 13:41:48] [hamibot] {'time': '1:41:48 下午 GMT+08:00', 'action': 'taskPoller: 无待执行任务，等待下次轮询'}
[2026-06-12 13:42:03] [hamibot] {'time': '1:42:03 下午 GMT+08:00', 'action': 'taskPoller: 无待执行任务，等待下次轮询'}
[2026-06-12 13:42:18] [hamibot] {'time': '1:42:18 下午 GMT+08:00', 'action': 'taskPoller: 无待执行任务，等待下次轮询'}
[2026-06-12 13:42:33] [hamibot] {'time': '1:42:34 下午 GMT+08:00', 'action': 'taskPoller: 无待执行任务，等待下次轮询'}
[2026-06-12 13:42:48] [hamibot] {'time': '1:42:49 下午 GMT+08:00', 'action': 'taskPoller: 无待执行任务，等待下次轮询'}
[2026-06-12 13:43:04] [hamibot] {'time': '1:43:04 下午 GMT+08:00', 'action': 'taskPoller: 无待执行任务，等待下次轮询'}
[2026-06-12 13:43:19] [hamibot] {'time': '1:43:20 下午 GMT+08:00', 'action': 'taskPoller: 无待执行任务，等待下次轮询'}
[2026-06-12 13:43:36] [hamibot] {'time': '1:43:36 下午 GMT+08:00', 'action': 'taskPoller: 无待执行任务，等待下次轮询'}
[2026-06-12 13:43:50] [hamibot] {'time': '1:43:51 下午 GMT+08:00', 'action': 'taskPoller: 无待执行任务，等待下次轮询'}
[2026-06-12 13:44:06] [hamibot] {'time': '1:44:07 下午 GMT+08:00', 'action': 'taskPoller: 无待执行任务，等待下次轮询'}
[2026-06-12 13:44:21] [hamibot] {'time': '1:44:22 下午 GMT+08:00', 'action': 'taskPoller: 无待执行任务，等待下次轮询'}
[2026-06-12 13:44:39] [hamibot] {'time': '1:44:39 下午 GMT+08:00', 'action': 'taskPoller: 无待执行任务，等待下次轮询'}
[2026-06-12 13:44:54] [hamibot] {'time': '1:44:54 下午 GMT+08:00', 'action': 'taskPoller: 无待执行任务，等待下次轮询'}
[2026-06-12 13:45:09] [hamibot] {'time': '1:45:10 下午 GMT+08:00', 'action': 'taskPoller: 无待执行任务，等待下次轮询'}
[2026-06-12 13:45:25] [hamibot] {'time': '1:45:25 下午 GMT+08:00', 'action': 'taskPoller: 无待执行任务，等待下次轮询'}
[2026-06-12 13:45:40] [hamibot] {'time': '1:45:40 下午 GMT+08:00', 'action': 'taskPoller: 无待执行任务，等待下次轮询'}
[2026-06-12 13:46:00] [hamibot] {'time': '1:46:01 下午 GMT+08:00', 'action': 'taskPoller: 无待执行任务，等待下次轮询'}
[2026-06-12 13:46:16] [hamibot] {'time': '1:46:16 下午 GMT+08:00', 'action': 'taskPoller: 无待执行任务，等待下次轮询'}
[2026-06-12 13:46:31] [hamibot] {'time': '1:46:31 下午 GMT+08:00', 'action': 'taskPoller: 无待执行任务，等待下次轮询'}
[2026-06-12 13:46:46] [hamibot] {'time': '1:46:46 下午 GMT+08:00', 'action': 'taskPoller: 无待执行任务，等待下次轮询'}
[2026-06-12 13:47:02] [hamibot] {'time': '1:47:03 下午 GMT+08:00', 'action': 'taskPoller: 无待执行任务，等待下次轮询'}
[2026-06-12 13:47:18] [hamibot] {'time': '1:47:18 下午 GMT+08:00', 'action': 'taskPoller: 无待执行任务，等待下次轮询'}
[2026-06-12 13:47:44] [hamibot] {'time': '1:47:42 下午 GMT+08:00', 'action': 'taskPoller: 无待执行任务，等待下次轮询'}
[2026-06-12 13:48:00] [hamibot] {'time': '1:48:00 下午 GMT+08:00', 'action': 'taskPoller: 无待执行任务，等待下次轮询'}
[2026-06-12 13:48:23] [hamibot] {'time': '1:48:23 下午 GMT+08:00', 'action': 'taskPoller: 无待执行任务，等待下次轮询'}
[2026-06-12 13:48:38] [hamibot] {'time': '1:48:38 下午 GMT+08:00', 'action': 'taskPoller: 无待执行任务，等待下次轮询'}
[2026-06-12 13:48:53] [hamibot] {'time': '1:48:53 下午 GMT+08:00', 'action': 'taskPoller: 无待执行任务，等待下次轮询'}
[2026-06-12 13:49:08] [hamibot] {'time': '1:49:09 下午 GMT+08:00', 'action': 'taskPoller: 无待执行任务，等待下次轮询'}
[2026-06-12 13:49:23] [hamibot] {'time': '1:49:24 下午 GMT+08:00', 'action': 'taskPoller: 无待执行任务，等待下次轮询'}
[2026-06-12 13:49:40] [hamibot] {'time': '1:49:41 下午 GMT+08:00', 'action': 'taskPoller: 无待执行任务，等待下次轮询'}
[2026-06-12 13:49:55] [hamibot] {'time': '1:49:56 下午 GMT+08:00', 'action': 'taskPoller: 无待执行任务，等待下次轮询'}
[2026-06-12 13:50:12] [hamibot] {'time': '1:50:12 下午 GMT+08:00', 'action': 'taskPoller: 无待执行任务，等待下次轮询'}
[2026-06-12 13:50:27] [hamibot] {'time': '1:50:27 下午 GMT+08:00', 'action': 'taskPoller: 无待执行任务，等待下次轮询'}
[2026-06-12 13:50:43] [hamibot] {'time': '1:50:43 下午 GMT+08:00', 'action': 'taskPoller: 无待执行任务，等待下次轮询'}
[2026-06-12 13:50:58] [hamibot] {'time': '1:50:58 下午 GMT+08:00', 'action': 'taskPoller: 无待执行任务，等待下次轮询'}
[2026-06-12 13:51:13] [hamibot] {'time': '1:51:13 下午 GMT+08:00', 'action': 'taskPoller: 无待执行任务，等待下次轮询'}
[2026-06-12 13:51:28] [hamibot] {'time': '1:51:28 下午 GMT+08:00', 'action': 'taskPoller: 无待执行任务，等待下次轮询'}
[2026-06-12 13:51:43] [hamibot] {'time': '1:51:43 下午 GMT+08:00', 'action': 'taskPoller: 无待执行任务，等待下次轮询'}
[2026-06-12 13:51:59] [hamibot] {'time': '1:52:00 下午 GMT+08:00', 'action': 'taskPoller: 无待执行任务，等待下次轮询'}
[2026-06-12 13:52:15] [hamibot] {'time': '1:52:15 下午 GMT+08:00', 'action': 'taskPoller: 无待执行任务，等待下次轮询'}
[2026-06-12 13:52:31] [hamibot] {'time': '1:52:31 下午 GMT+08:00', 'action': 'taskPoller: 无待执行任务，等待下次轮询'}
[2026-06-12 13:52:46] [hamibot] {'time': '1:52:46 下午 GMT+08:00', 'action': 'taskPoller: 无待执行任务，等待下次轮询'}
[2026-06-12 13:53:02] [hamibot] {'time': '1:53:02 下午 GMT+08:00', 'action': 'taskPoller: 无待执行任务，等待下次轮询'}
[2026-06-12 13:53:17] [hamibot] {'time': '1:53:18 下午 GMT+08:00', 'action': 'taskPoller: 无待执行任务，等待下次轮询'}
[2026-06-12 13:53:32] [hamibot] {'time': '1:53:33 下午 GMT+08:00', 'action': 'taskPoller: 无待执行任务，等待下次轮询'}
[2026-06-12 13:53:47] [hamibot] {'time': '1:53:48 下午 GMT+08:00', 'action': 'taskPoller: 无待执行任务，等待下次轮询'}
[2026-06-12 13:54:03] [hamibot] {'time': '1:54:03 下午 GMT+08:00', 'action': 'taskPoller: 无待执行任务，等待下次轮询'}
[2026-06-12 13:54:18] [hamibot] {'time': '1:54:18 下午 GMT+08:00', 'action': 'taskPoller: 无待执行任务，等待下次轮询'}
[2026-06-12 13:54:33] [hamibot] {'time': '1:54:34 下午 GMT+08:00', 'action': 'taskPoller: 无待执行任务，等待下次轮询'}
[2026-06-12 13:54:48] [hamibot] {'time': '1:54:49 下午 GMT+08:00', 'action': 'taskPoller: 无待执行任务，等待下次轮询'}
[2026-06-12 13:55:03] [hamibot] {'time': '1:55:04 下午 GMT+08:00', 'action': 'taskPoller: 无待执行任务，等待下次轮询'}
[2026-06-12 13:55:18] [hamibot] {'time': '1:55:19 下午 GMT+08:00', 'action': 'taskPoller: 无待执行任务，等待下次轮询'}
[2026-06-12 13:55:34] [hamibot] {'time': '1:55:34 下午 GMT+08:00', 'action': 'taskPoller: 无待执行任务，等待下次轮询'}
[2026-06-12 13:55:49] [hamibot] {'time': '1:55:49 下午 GMT+08:00', 'action': 'taskPoller: 无待执行任务，等待下次轮询'}
[2026-06-12 13:56:04] [hamibot] {'time': '1:56:05 下午 GMT+08:00', 'action': 'taskPoller: 无待执行任务，等待下次轮询'}
[2026-06-12 13:56:20] [hamibot] {'time': '1:56:20 下午 GMT+08:00', 'action': 'taskPoller: 无待执行任务，等待下次轮询'}
[2026-06-12 13:56:35] [hamibot] {'time': '1:56:35 下午 GMT+08:00', 'action': 'taskPoller: 无待执行任务，等待下次轮询'}
[2026-06-12 13:56:51] [hamibot] {'time': '1:56:51 下午 GMT+08:00', 'action': 'taskPoller: 无待执行任务，等待下次轮询'}
[2026-06-12 13:57:06] [hamibot] {'time': '1:57:06 下午 GMT+08:00', 'action': 'taskPoller: 无待执行任务，等待下次轮询'}
[2026-06-12 13:57:21] [hamibot] {'time': '1:57:22 下午 GMT+08:00', 'action': 'taskPoller: 无待执行任务，等待下次轮询'}
[2026-06-12 13:57:36] [hamibot] {'time': '1:57:37 下午 GMT+08:00', 'action': 'taskPoller: 无待执行任务，等待下次轮询'}
[2026-06-12 13:57:51] [hamibot] {'time': '1:57:52 下午 GMT+08:00', 'action': 'taskPoller: 无待执行任务，等待下次轮询'}
[2026-06-12 13:58:07] [hamibot] {'time': '1:58:07 下午 GMT+08:00', 'action': 'taskPoller: 无待执行任务，等待下次轮询'}
[2026-06-12 13:58:22] [hamibot] {'time': '1:58:23 下午 GMT+08:00', 'action': 'taskPoller: 无待执行任务，等待下次轮询'}
[2026-06-12 13:58:38] [hamibot] {'time': '1:58:39 下午 GMT+08:00', 'action': 'taskPoller: 无待执行任务，等待下次轮询'}
[2026-06-12 13:58:53] [hamibot] {'time': '1:58:54 下午 GMT+08:00', 'action': 'taskPoller: 无待执行任务，等待下次轮询'}
[2026-06-12 13:59:09] [hamibot] {'time': '1:59:09 下午 GMT+08:00', 'action': 'taskPoller: 无待执行任务，等待下次轮询'}
[2026-06-12 13:59:24] [hamibot] {'time': '1:59:24 下午 GMT+08:00', 'action': 'taskPoller: 无待执行任务，等待下次轮询'}
[2026-06-12 13:59:39] [hamibot] {'time': '1:59:39 下午 GMT+08:00', 'action': 'taskPoller: 无待执行任务，等待下次轮询'}
[2026-06-12 13:59:54] [hamibot] {'time': '1:59:54 下午 GMT+08:00', 'action': 'taskPoller: 无待执行任务，等待下次轮询'}
[2026-06-12 14:00:09] [hamibot] {'time': '2:00:10 下午 GMT+08:00', 'action': 'taskPoller: 无待执行任务，等待下次轮询'}
[2026-06-12 14:00:25] [hamibot] {'time': '2:00:25 下午 GMT+08:00', 'action': 'taskPoller: 无待执行任务，等待下次轮询'}
[2026-06-12 14:00:41] [hamibot] {'time': '2:00:41 下午 GMT+08:00', 'action': 'taskPoller: 无待执行任务，等待下次轮询'}
[2026-06-12 14:00:56] [hamibot] {'time': '2:00:57 下午 GMT+08:00', 'action': 'taskPoller: 无待执行任务，等待下次轮询'}
[2026-06-12 14:01:11] [hamibot] {'time': '2:01:12 下午 GMT+08:00', 'action': 'taskPoller: 无待执行任务，等待下次轮询'}
[2026-06-12 14:01:27] [hamibot] {'time': '2:01:27 下午 GMT+08:00', 'action': 'taskPoller: 无待执行任务，等待下次轮询'}
[2026-06-12 14:01:43] [hamibot] {'time': '2:01:43 下午 GMT+08:00', 'action': 'taskPoller: 无待执行任务，等待下次轮询'}
[2026-06-12 14:01:59] [hamibot] {'time': '2:01:59 下午 GMT+08:00', 'action': 'taskPoller: 无待执行任务，等待下次轮询'}
[2026-06-12 14:02:14] [hamibot] {'time': '2:02:14 下午 GMT+08:00', 'action': 'taskPoller: 无待执行任务，等待下次轮询'}
[2026-06-12 14:02:29] [hamibot] {'time': '2:02:30 下午 GMT+08:00', 'action': 'taskPoller: 无待执行任务，等待下次轮询'}
[2026-06-12 14:02:45] [hamibot] {'time': '2:02:46 下午 GMT+08:00', 'action': 'taskPoller: 无待执行任务，等待下次轮询'}
[2026-06-12 14:03:00] [hamibot] {'time': '2:03:01 下午 GMT+08:00', 'action': 'taskPoller: 无待执行任务，等待下次轮询'}
[2026-06-12 14:03:16] [hamibot] {'time': '2:03:16 下午 GMT+08:00', 'action': 'taskPoller: 无待执行任务，等待下次轮询'}
[2026-06-12 14:03:32] [hamibot] {'time': '2:03:32 下午 GMT+08:00', 'action': 'taskPoller: 无待执行任务，等待下次轮询'}
[2026-06-12 14:03:47] [hamibot] {'time': '2:03:47 下午 GMT+08:00', 'action': 'taskPoller: 无待执行任务，等待下次轮询'}
[2026-06-12 14:04:04] [hamibot] {'time': '2:04:04 下午 GMT+08:00', 'action': 'taskPoller: 无待执行任务，等待下次轮询'}
[2026-06-12 14:04:20] [hamibot] {'time': '2:04:20 下午 GMT+08:00', 'action': 'taskPoller: 无待执行任务，等待下次轮询'}
[2026-06-12 14:04:34] [hamibot] {'time': '2:04:35 下午 GMT+08:00', 'action': 'taskPoller: 无待执行任务，等待下次轮询'}
[2026-06-12 14:04:50] [hamibot] {'time': '2:04:51 下午 GMT+08:00', 'action': 'taskPoller: 无待执行任务，等待下次轮询'}
[2026-06-12 14:05:05] [hamibot] {'time': '2:05:06 下午 GMT+08:00', 'action': 'taskPoller: 无待执行任务，等待下次轮询'}
[2026-06-12 14:05:21] [hamibot] {'time': '2:05:21 下午 GMT+08:00', 'action': 'taskPoller: 无待执行任务，等待下次轮询'}
[2026-06-12 14:05:36] [hamibot] {'time': '2:05:37 下午 GMT+08:00', 'action': 'taskPoller: 无待执行任务，等待下次轮询'}
[2026-06-12 14:05:51] [hamibot] {'time': '2:05:52 下午 GMT+08:00', 'action': 'taskPoller: 无待执行任务，等待下次轮询'}
[2026-06-12 14:06:07] [hamibot] {'time': '2:06:07 下午 GMT+08:00', 'action': 'taskPoller: 无待执行任务，等待下次轮询'}
[2026-06-12 14:06:22] [hamibot] {'time': '2:06:23 下午 GMT+08:00', 'action': 'taskPoller: 无待执行任务，等待下次轮询'}
[2026-06-12 14:06:37] [hamibot] {'time': '2:06:38 下午 GMT+08:00', 'action': 'taskPoller: 无待执行任务，等待下次轮询'}
[2026-06-12 14:06:55] [hamibot] {'time': '2:06:55 下午 GMT+08:00', 'action': 'taskPoller: 无待执行任务，等待下次轮询'}
[2026-06-12 14:07:10] [hamibot] {'time': '2:07:11 下午 GMT+08:00', 'action': 'taskPoller: 无待执行任务，等待下次轮询'}
[2026-06-12 14:07:25] [hamibot] {'time': '2:07:26 下午 GMT+08:00', 'action': 'taskPoller: 无待执行任务，等待下次轮询'}
[2026-06-12 14:07:40] [hamibot] {'time': '2:07:41 下午 GMT+08:00', 'action': 'taskPoller: 无待执行任务，等待下次轮询'}
[2026-06-12 14:07:56] [hamibot] {'time': '2:07:56 下午 GMT+08:00', 'action': 'taskPoller: 无待执行任务，等待下次轮询'}
[2026-06-12 14:08:11] [hamibot] {'time': '2:08:11 下午 GMT+08:00', 'action': 'taskPoller: 无待执行任务，等待下次轮询'}
[2026-06-12 14:08:26] [hamibot] {'time': '2:08:27 下午 GMT+08:00', 'action': 'taskPoller: 无待执行任务，等待下次轮询'}
[2026-06-12 14:08:41] [hamibot] {'time': '2:08:42 下午 GMT+08:00', 'action': 'taskPoller: 无待执行任务，等待下次轮询'}
[2026-06-12 14:08:56] [hamibot] {'time': '2:08:57 下午 GMT+08:00', 'action': 'taskPoller: 无待执行任务，等待下次轮询'}
[2026-06-12 14:09:12] [hamibot] {'time': '2:09:12 下午 GMT+08:00', 'action': 'taskPoller: 无待执行任务，等待下次轮询'}
[2026-06-12 14:09:27] [hamibot] {'time': '2:09:27 下午 GMT+08:00', 'action': 'taskPoller: 无待执行任务，等待下次轮询'}
[2026-06-12 14:09:42] [hamibot] {'time': '2:09:43 下午 GMT+08:00', 'action': 'taskPoller: 无待执行任务，等待下次轮询'}
[2026-06-12 14:09:57] [hamibot] {'time': '2:09:58 下午 GMT+08:00', 'action': 'taskPoller: 无待执行任务，等待下次轮询'}
[2026-06-12 14:10:12] [hamibot] {'time': '2:10:13 下午 GMT+08:00', 'action': 'taskPoller: 无待执行任务，等待下次轮询'}
[2026-06-12 14:10:27] [hamibot] {'time': '2:10:28 下午 GMT+08:00', 'action': 'taskPoller: 无待执行任务，等待下次轮询'}
[2026-06-12 14:10:42] [hamibot] {'time': '2:10:43 下午 GMT+08:00', 'action': 'taskPoller: 无待执行任务，等待下次轮询'}
[2026-06-12 14:10:58] [hamibot] {'time': '2:10:58 下午 GMT+08:00', 'action': 'taskPoller: 无待执行任务，等待下次轮询'}
[2026-06-12 14:11:13] [hamibot] {'time': '2:11:13 下午 GMT+08:00', 'action': 'taskPoller: 无待执行任务，等待下次轮询'}
[2026-06-12 14:11:28] [hamibot] {'time': '2:11:28 下午 GMT+08:00', 'action': 'taskPoller: 无待执行任务，等待下次轮询'}
[2026-06-12 14:11:43] [hamibot] {'time': '2:11:43 下午 GMT+08:00', 'action': 'taskPoller: 无待执行任务，等待下次轮询'}
[2026-06-12 14:11:58] [hamibot] {'time': '2:11:59 下午 GMT+08:00', 'action': 'taskPoller: 无待执行任务，等待下次轮询'}
[2026-06-12 14:12:14] [hamibot] {'time': '2:12:14 下午 GMT+08:00', 'action': 'taskPoller: 无待执行任务，等待下次轮询'}
[2026-06-12 14:12:29] [hamibot] {'time': '2:12:29 下午 GMT+08:00', 'action': 'taskPoller: 无待执行任务，等待下次轮询'}
[2026-06-12 14:12:44] [hamibot] {'time': '2:12:45 下午 GMT+08:00', 'action': 'taskPoller: 无待执行任务，等待下次轮询'}
[2026-06-12 14:12:59] [hamibot] {'time': '2:13:00 下午 GMT+08:00', 'action': 'taskPoller: 无待执行任务，等待下次轮询'}
[2026-06-12 14:13:14] [hamibot] {'time': '2:13:15 下午 GMT+08:00', 'action': 'taskPoller: 无待执行任务，等待下次轮询'}
[2026-06-12 14:13:30] [hamibot] {'time': '2:13:30 下午 GMT+08:00', 'action': 'taskPoller: 无待执行任务，等待下次轮询'}
[2026-06-12 14:13:45] [hamibot] {'time': '2:13:45 下午 GMT+08:00', 'action': 'taskPoller: 无待执行任务，等待下次轮询'}
[2026-06-12 14:14:00] [hamibot] {'time': '2:14:00 下午 GMT+08:00', 'action': 'taskPoller: 无待执行任务，等待下次轮询'}
[2026-06-12 14:14:15] [hamibot] {'time': '2:14:15 下午 GMT+08:00', 'action': 'taskPoller: 无待执行任务，等待下次轮询'}
[2026-06-12 14:14:30] [hamibot] {'time': '2:14:30 下午 GMT+08:00', 'action': 'taskPoller: 无待执行任务，等待下次轮询'}
[2026-06-12 14:14:45] [hamibot] {'time': '2:14:46 下午 GMT+08:00', 'action': 'taskPoller: 无待执行任务，等待下次轮询'}
[2026-06-12 14:15:01] [hamibot] {'time': '2:15:01 下午 GMT+08:00', 'action': 'taskPoller: 无待执行任务，等待下次轮询'}
[2026-06-12 14:15:15] [hamibot] {'time': '2:15:16 下午 GMT+08:00', 'action': 'taskPoller: 无待执行任务，等待下次轮询'}
[2026-06-12 14:15:30] [hamibot] {'time': '2:15:31 下午 GMT+08:00', 'action': 'taskPoller: 无待执行任务，等待下次轮询'}
[2026-06-12 14:15:46] [hamibot] {'time': '2:15:46 下午 GMT+08:00', 'action': 'taskPoller: 无待执行任务，等待下次轮询'}
[2026-06-12 14:16:01] [hamibot] {'time': '2:16:01 下午 GMT+08:00', 'action': 'taskPoller: 无待执行任务，等待下次轮询'}
[2026-06-12 14:16:16] [hamibot] {'time': '2:16:16 下午 GMT+08:00', 'action': 'taskPoller: 无待执行任务，等待下次轮询'}
[2026-06-12 14:16:31] [hamibot] {'time': '2:16:31 下午 GMT+08:00', 'action': 'taskPoller: 无待执行任务，等待下次轮询'}
[2026-06-12 14:16:46] [hamibot] {'time': '2:16:46 下午 GMT+08:00', 'action': 'taskPoller: 无待执行任务，等待下次轮询'}
[2026-06-12 14:17:01] [hamibot] {'time': '2:17:02 下午 GMT+08:00', 'action': 'taskPoller: 无待执行任务，等待下次轮询'}
[2026-06-12 14:17:16] [hamibot] {'time': '2:17:17 下午 GMT+08:00', 'action': 'taskPoller: 无待执行任务，等待下次轮询'}
[2026-06-12 14:17:31] [hamibot] {'time': '2:17:32 下午 GMT+08:00', 'action': 'taskPoller: 无待执行任务，等待下次轮询'}
[2026-06-12 14:17:47] [hamibot] {'time': '2:17:47 下午 GMT+08:00', 'action': 'taskPoller: 无待执行任务，等待下次轮询'}
[2026-06-12 14:18:02] [hamibot] {'time': '2:18:02 下午 GMT+08:00', 'action': 'taskPoller: 无待执行任务，等待下次轮询'}
[2026-06-12 14:18:17] [hamibot] {'time': '2:18:17 下午 GMT+08:00', 'action': 'taskPoller: 无待执行任务，等待下次轮询'}
[2026-06-12 14:18:32] [hamibot] {'time': '2:18:33 下午 GMT+08:00', 'action': 'taskPoller: 无待执行任务，等待下次轮询'}
[2026-06-12 14:18:48] [hamibot] {'time': '2:18:48 下午 GMT+08:00', 'action': 'taskPoller: 无待执行任务，等待下次轮询'}
[2026-06-12 14:19:03] [hamibot] {'time': '2:19:03 下午 GMT+08:00', 'action': 'taskPoller: 无待执行任务，等待下次轮询'}
[2026-06-12 14:19:19] [hamibot] {'time': '2:19:19 下午 GMT+08:00', 'action': 'taskPoller: 无待执行任务，等待下次轮询'}
[2026-06-12 14:19:34] [hamibot] {'time': '2:19:35 下午 GMT+08:00', 'action': 'taskPoller: 无待执行任务，等待下次轮询'}
[2026-06-12 14:19:49] [hamibot] {'time': '2:19:50 下午 GMT+08:00', 'action': 'taskPoller: 无待执行任务，等待下次轮询'}
[2026-06-12 14:20:04] [hamibot] {'time': '2:20:05 下午 GMT+08:00', 'action': 'taskPoller: 无待执行任务，等待下次轮询'}
[2026-06-12 14:20:21] [hamibot] {'time': '2:20:20 下午 GMT+08:00', 'action': 'taskPoller: 无待执行任务，等待下次轮询'}
[2026-06-12 14:20:35] [hamibot] {'time': '2:20:35 下午 GMT+08:00', 'action': 'taskPoller: 无待执行任务，等待下次轮询'}
[2026-06-12 14:20:50] [hamibot] {'time': '2:20:50 下午 GMT+08:00', 'action': 'taskPoller: 无待执行任务，等待下次轮询'}
[2026-06-12 14:21:05] [hamibot] {'time': '2:21:05 下午 GMT+08:00', 'action': 'taskPoller: 无待执行任务，等待下次轮询'}
[2026-06-12 14:21:20] [hamibot] {'time': '2:21:21 下午 GMT+08:00', 'action': 'taskPoller: 无待执行任务，等待下次轮询'}
[2026-06-12 14:21:35] [hamibot] {'time': '2:21:36 下午 GMT+08:00', 'action': 'taskPoller: 无待执行任务，等待下次轮询'}
[2026-06-12 14:21:51] [hamibot] {'time': '2:21:52 下午 GMT+08:00', 'action': 'taskPoller: 无待执行任务，等待下次轮询'}
[2026-06-12 14:22:06] [hamibot] {'time': '2:22:07 下午 GMT+08:00', 'action': 'taskPoller: 无待执行任务，等待下次轮询'}
[2026-06-12 14:22:21] [hamibot] {'time': '2:22:22 下午 GMT+08:00', 'action': 'taskPoller: 无待执行任务，等待下次轮询'}
[2026-06-12 14:22:37] [hamibot] {'time': '2:22:37 下午 GMT+08:00', 'action': 'taskPoller: 无待执行任务，等待下次轮询'}
[2026-06-12 14:22:52] [hamibot] {'time': '2:22:52 下午 GMT+08:00', 'action': 'taskPoller: 无待执行任务，等待下次轮询'}
[2026-06-12 14:23:07] [hamibot] {'time': '2:23:08 下午 GMT+08:00', 'action': 'taskPoller: 无待执行任务，等待下次轮询'}
[2026-06-12 14:23:22] [hamibot] {'time': '2:23:23 下午 GMT+08:00', 'action': 'taskPoller: 无待执行任务，等待下次轮询'}
[2026-06-12 14:23:38] [hamibot] {'time': '2:23:38 下午 GMT+08:00', 'action': 'taskPoller: 无待执行任务，等待下次轮询'}
[2026-06-12 14:23:53] [hamibot] {'time': '2:23:53 下午 GMT+08:00', 'action': 'taskPoller: 无待执行任务，等待下次轮询'}
[2026-06-12 14:24:08] [hamibot] {'time': '2:24:08 下午 GMT+08:00', 'action': 'taskPoller: 无待执行任务，等待下次轮询'}
[2026-06-12 14:24:23] [hamibot] {'time': '2:24:23 下午 GMT+08:00', 'action': 'taskPoller: 无待执行任务，等待下次轮询'}
[2026-06-12 14:24:38] [hamibot] {'time': '2:24:38 下午 GMT+08:00', 'action': 'taskPoller: 无待执行任务，等待下次轮询'}
[2026-06-12 14:24:54] [hamibot] {'time': '2:24:54 下午 GMT+08:00', 'action': 'taskPoller: 无待执行任务，等待下次轮询'}
[2026-06-12 14:25:09] [hamibot] {'time': '2:25:09 下午 GMT+08:00', 'action': 'taskPoller: 无待执行任务，等待下次轮询'}
[2026-06-12 14:25:24] [hamibot] {'time': '2:25:25 下午 GMT+08:00', 'action': 'taskPoller: 无待执行任务，等待下次轮询'}
[2026-06-12 14:25:41] [hamibot] {'time': '2:25:41 下午 GMT+08:00', 'action': 'taskPoller: 无待执行任务，等待下次轮询'}
[2026-06-12 14:25:56] [hamibot] {'time': '2:25:56 下午 GMT+08:00', 'action': 'taskPoller: 无待执行任务，等待下次轮询'}
[2026-06-12 14:26:11] [hamibot] {'time': '2:26:11 下午 GMT+08:00', 'action': 'taskPoller: 无待执行任务，等待下次轮询'}
[2026-06-12 14:26:26] [hamibot] {'time': '2:26:26 下午 GMT+08:00', 'action': 'taskPoller: 无待执行任务，等待下次轮询'}
[2026-06-12 14:26:41] [hamibot] {'time': '2:26:42 下午 GMT+08:00', 'action': 'taskPoller: 无待执行任务，等待下次轮询'}
[2026-06-12 14:26:56] [hamibot] {'time': '2:26:57 下午 GMT+08:00', 'action': 'taskPoller: 无待执行任务，等待下次轮询'}
[2026-06-12 14:27:12] [hamibot] {'time': '2:27:12 下午 GMT+08:00', 'action': 'taskPoller: 无待执行任务，等待下次轮询'}
[2026-06-12 14:27:27] [hamibot] {'time': '2:27:27 下午 GMT+08:00', 'action': 'taskPoller: 无待执行任务，等待下次轮询'}
[2026-06-12 14:27:42] [hamibot] {'time': '2:27:42 下午 GMT+08:00', 'action': 'taskPoller: 无待执行任务，等待下次轮询'}
[2026-06-12 14:27:57] [hamibot] {'time': '2:27:58 下午 GMT+08:00', 'action': 'taskPoller: 无待执行任务，等待下次轮询'}
[2026-06-12 14:28:13] [hamibot] {'time': '2:28:13 下午 GMT+08:00', 'action': 'taskPoller: 无待执行任务，等待下次轮询'}
[2026-06-12 14:28:29] [hamibot] {'time': '2:28:29 下午 GMT+08:00', 'action': 'taskPoller: 无待执行任务，等待下次轮询'}
[2026-06-12 14:28:44] [hamibot] {'time': '2:28:44 下午 GMT+08:00', 'action': 'taskPoller: 无待执行任务，等待下次轮询'}
[2026-06-12 14:29:00] [hamibot] {'time': '2:29:00 下午 GMT+08:00', 'action': 'taskPoller: 无待执行任务，等待下次轮询'}
[2026-06-12 14:29:15] [hamibot] {'time': '2:29:15 下午 GMT+08:00', 'action': 'taskPoller: 无待执行任务，等待下次轮询'}
[2026-06-12 14:29:30] [hamibot] {'time': '2:29:31 下午 GMT+08:00', 'action': 'taskPoller: 无待执行任务，等待下次轮询'}
[2026-06-12 14:29:46] [hamibot] {'time': '2:29:46 下午 GMT+08:00', 'action': 'taskPoller: 无待执行任务，等待下次轮询'}
[2026-06-12 14:30:01] [hamibot] {'time': '2:30:02 下午 GMT+08:00', 'action': 'taskPoller: 无待执行任务，等待下次轮询'}
[2026-06-12 14:30:20] [hamibot] {'time': '2:30:19 下午 GMT+08:00', 'action': 'taskPoller: 无待执行任务，等待下次轮询'}
[2026-06-12 14:30:35] [hamibot] {'time': '2:30:35 下午 GMT+08:00', 'action': 'taskPoller: 无待执行任务，等待下次轮询'}
[2026-06-12 14:30:50] [hamibot] {'time': '2:30:51 下午 GMT+08:00', 'action': 'taskPoller: 无待执行任务，等待下次轮询'}
[2026-06-12 14:31:06] [hamibot] {'time': '2:31:06 下午 GMT+08:00', 'action': 'taskPoller: 无待执行任务，等待下次轮询'}
[2026-06-12 14:31:21] [hamibot] {'time': '2:31:21 下午 GMT+08:00', 'action': 'taskPoller: 无待执行任务，等待下次轮询'}
[2026-06-12 14:31:37] [hamibot] {'time': '2:31:38 下午 GMT+08:00', 'action': 'taskPoller: 无待执行任务，等待下次轮询'}
[2026-06-12 14:31:54] [hamibot] {'time': '2:31:54 下午 GMT+08:00', 'action': 'taskPoller: 无待执行任务，等待下次轮询'}
[2026-06-12 14:32:11] [hamibot] {'time': '2:32:11 下午 GMT+08:00', 'action': 'taskPoller: 无待执行任务，等待下次轮询'}
[2026-06-12 14:32:26] [hamibot] {'time': '2:32:26 下午 GMT+08:00', 'action': 'taskPoller: 无待执行任务，等待下次轮询'}
[2026-06-12 14:32:45] [hamibot] {'time': '2:32:46 下午 GMT+08:00', 'action': 'taskPoller: 无待执行任务，等待下次轮询'}
[2026-06-12 14:33:00] [hamibot] {'time': '2:33:01 下午 GMT+08:00', 'action': 'taskPoller: 无待执行任务，等待下次轮询'}
[2026-06-12 14:33:16] [hamibot] {'time': '2:33:16 下午 GMT+08:00', 'action': 'taskPoller: 无待执行任务，等待下次轮询'}
[2026-06-12 14:33:33] [hamibot] {'time': '2:33:33 下午 GMT+08:00', 'action': 'taskPoller: 无待执行任务，等待下次轮询'}
[2026-06-12 14:33:48] [hamibot] {'time': '2:33:49 下午 GMT+08:00', 'action': 'taskPoller: 无待执行任务，等待下次轮询'}
[2026-06-12 14:34:03] [hamibot] {'time': '2:34:04 下午 GMT+08:00', 'action': 'taskPoller: 无待执行任务，等待下次轮询'}
[2026-06-12 14:34:18] [hamibot] {'time': '2:34:19 下午 GMT+08:00', 'action': 'taskPoller: 无待执行任务，等待下次轮询'}
[2026-06-12 14:34:34] [hamibot] {'time': '2:34:34 下午 GMT+08:00', 'action': 'taskPoller: 无待执行任务，等待下次轮询'}
[2026-06-12 14:34:49] [hamibot] {'time': '2:34:49 下午 GMT+08:00', 'action': 'taskPoller: 无待执行任务，等待下次轮询'}
[2026-06-12 14:35:04] [hamibot] {'time': '2:35:04 下午 GMT+08:00', 'action': 'taskPoller: 无待执行任务，等待下次轮询'}
[2026-06-12 14:35:19] [hamibot] {'time': '2:35:20 下午 GMT+08:00', 'action': 'taskPoller: 无待执行任务，等待下次轮询'}
[2026-06-12 14:35:34] [hamibot] {'time': '2:35:35 下午 GMT+08:00', 'action': 'taskPoller: 无待执行任务，等待下次轮询'}
[2026-06-12 14:35:49] [hamibot] {'time': '2:35:50 下午 GMT+08:00', 'action': 'taskPoller: 无待执行任务，等待下次轮询'}
[2026-06-12 14:36:04] [hamibot] {'time': '2:36:05 下午 GMT+08:00', 'action': 'taskPoller: 无待执行任务，等待下次轮询'}
[2026-06-12 14:36:20] [hamibot] {'time': '2:36:20 下午 GMT+08:00', 'action': 'taskPoller: 无待执行任务，等待下次轮询'}
[2026-06-12 14:36:35] [hamibot] {'time': '2:36:35 下午 GMT+08:00', 'action': 'taskPoller: 无待执行任务，等待下次轮询'}
[2026-06-12 14:36:50] [hamibot] {'time': '2:36:50 下午 GMT+08:00', 'action': 'taskPoller: 无待执行任务，等待下次轮询'}
[2026-06-12 14:37:07] [hamibot] {'time': '2:37:08 下午 GMT+08:00', 'action': 'taskPoller: 无待执行任务，等待下次轮询'}
[2026-06-12 14:37:22] [hamibot] {'time': '2:37:23 下午 GMT+08:00', 'action': 'taskPoller: 无待执行任务，等待下次轮询'}
[2026-06-12 14:37:37] [hamibot] {'time': '2:37:38 下午 GMT+08:00', 'action': 'taskPoller: 无待执行任务，等待下次轮询'}
[2026-06-12 14:37:53] [hamibot] {'time': '2:37:53 下午 GMT+08:00', 'action': 'taskPoller: 无待执行任务，等待下次轮询'}
[2026-06-12 14:38:08] [hamibot] {'time': '2:38:08 下午 GMT+08:00', 'action': 'taskPoller: 无待执行任务，等待下次轮询'}
[2026-06-12 14:38:23] [hamibot] {'time': '2:38:23 下午 GMT+08:00', 'action': 'taskPoller: 无待执行任务，等待下次轮询'}
[2026-06-12 14:38:38] [hamibot] {'time': '2:38:39 下午 GMT+08:00', 'action': 'taskPoller: 无待执行任务，等待下次轮询'}
[2026-06-12 14:38:54] [hamibot] {'time': '2:38:54 下午 GMT+08:00', 'action': 'taskPoller: 无待执行任务，等待下次轮询'}
[2026-06-12 14:39:09] [hamibot] {'time': '2:39:10 下午 GMT+08:00', 'action': 'taskPoller: 无待执行任务，等待下次轮询'}
[2026-06-12 14:39:24] [hamibot] {'time': '2:39:25 下午 GMT+08:00', 'action': 'taskPoller: 无待执行任务，等待下次轮询'}
[2026-06-12 14:39:39] [hamibot] {'time': '2:39:40 下午 GMT+08:00', 'action': 'taskPoller: 无待执行任务，等待下次轮询'}
[2026-06-12 14:39:54] [hamibot] {'time': '2:39:55 下午 GMT+08:00', 'action': 'taskPoller: 无待执行任务，等待下次轮询'}
[2026-06-12 14:40:09] [hamibot] {'time': '2:40:10 下午 GMT+08:00', 'action': 'taskPoller: 无待执行任务，等待下次轮询'}
[2026-06-12 14:40:25] [hamibot] {'time': '2:40:25 下午 GMT+08:00', 'action': 'taskPoller: 无待执行任务，等待下次轮询'}
[2026-06-12 14:40:40] [hamibot] {'time': '2:40:40 下午 GMT+08:00', 'action': 'taskPoller: 无待执行任务，等待下次轮询'}
[2026-06-12 14:40:55] [hamibot] {'time': '2:40:56 下午 GMT+08:00', 'action': 'taskPoller: 无待执行任务，等待下次轮询'}
[2026-06-12 14:41:10] [hamibot] {'time': '2:41:11 下午 GMT+08:00', 'action': 'taskPoller: 无待执行任务，等待下次轮询'}
[2026-06-12 14:41:26] [hamibot] {'time': '2:41:27 下午 GMT+08:00', 'action': 'taskPoller: 无待执行任务，等待下次轮询'}
[2026-06-12 14:41:41] [hamibot] {'time': '2:41:42 下午 GMT+08:00', 'action': 'taskPoller: 无待执行任务，等待下次轮询'}
[2026-06-12 14:41:56] [hamibot] {'time': '2:41:57 下午 GMT+08:00', 'action': 'taskPoller: 无待执行任务，等待下次轮询'}
[2026-06-12 14:42:11] [hamibot] {'time': '2:42:12 下午 GMT+08:00', 'action': 'taskPoller: 无待执行任务，等待下次轮询'}
[2026-06-12 14:42:27] [hamibot] {'time': '2:42:27 下午 GMT+08:00', 'action': 'taskPoller: 无待执行任务，等待下次轮询'}
[2026-06-12 14:42:42] [hamibot] {'time': '2:42:42 下午 GMT+08:00', 'action': 'taskPoller: 无待执行任务，等待下次轮询'}
[2026-06-12 14:42:57] [hamibot] {'time': '2:42:57 下午 GMT+08:00', 'action': 'taskPoller: 无待执行任务，等待下次轮询'}
[2026-06-12 14:43:12] [hamibot] {'time': '2:43:13 下午 GMT+08:00', 'action': 'taskPoller: 无待执行任务，等待下次轮询'}
[2026-06-12 14:43:27] [hamibot] {'time': '2:43:28 下午 GMT+08:00', 'action': 'taskPoller: 无待执行任务，等待下次轮询'}
[2026-06-12 14:43:43] [hamibot] {'time': '2:43:43 下午 GMT+08:00', 'action': 'taskPoller: 无待执行任务，等待下次轮询'}
[2026-06-12 14:43:58] [hamibot] {'time': '2:43:58 下午 GMT+08:00', 'action': 'taskPoller: 无待执行任务，等待下次轮询'}
[2026-06-12 14:44:19] [hamibot] {'time': '2:44:19 下午 GMT+08:00', 'action': 'taskPoller: 无待执行任务，等待下次轮询'}
[2026-06-12 14:44:54] [hamibot] {'time': '2:44:55 下午 GMT+08:00', 'action': 'taskPoller: 无待执行任务，等待下次轮询'}
[2026-06-12 14:45:10] [hamibot] {'time': '2:45:10 下午 GMT+08:00', 'action': 'taskPoller: 无待执行任务，等待下次轮询'}
[2026-06-12 14:45:25] [hamibot] {'time': '2:45:25 下午 GMT+08:00', 'action': 'taskPoller: 无待执行任务，等待下次轮询'}
[2026-06-12 14:45:40] [hamibot] {'time': '2:45:40 下午 GMT+08:00', 'action': 'taskPoller: 无待执行任务，等待下次轮询'}
[2026-06-12 14:45:55] [hamibot] {'time': '2:45:56 下午 GMT+08:00', 'action': 'taskPoller: 无待执行任务，等待下次轮询'}
[2026-06-12 14:46:10] [hamibot] {'time': '2:46:11 下午 GMT+08:00', 'action': 'taskPoller: 无待执行任务，等待下次轮询'}
[2026-06-12 14:46:25] [hamibot] {'time': '2:46:26 下午 GMT+08:00', 'action': 'taskPoller: 无待执行任务，等待下次轮询'}
[2026-06-12 14:46:40] [hamibot] {'time': '2:46:41 下午 GMT+08:00', 'action': 'taskPoller: 无待执行任务，等待下次轮询'}
[2026-06-12 14:46:56] [hamibot] {'time': '2:46:56 下午 GMT+08:00', 'action': 'taskPoller: 无待执行任务，等待下次轮询'}
[2026-06-12 14:47:11] [hamibot] {'time': '2:47:11 下午 GMT+08:00', 'action': 'taskPoller: 无待执行任务，等待下次轮询'}
[2026-06-12 14:47:26] [hamibot] {'time': '2:47:26 下午 GMT+08:00', 'action': 'taskPoller: 无待执行任务，等待下次轮询'}
[2026-06-12 14:47:41] [hamibot] {'time': '2:47:42 下午 GMT+08:00', 'action': 'taskPoller: 无待执行任务，等待下次轮询'}
[2026-06-12 14:47:56] [hamibot] {'time': '2:47:57 下午 GMT+08:00', 'action': 'taskPoller: 无待执行任务，等待下次轮询'}
[2026-06-12 14:48:11] [hamibot] {'time': '2:48:12 下午 GMT+08:00', 'action': 'taskPoller: 无待执行任务，等待下次轮询'}
[2026-06-12 14:48:27] [hamibot] {'time': '2:48:27 下午 GMT+08:00', 'action': 'taskPoller: 无待执行任务，等待下次轮询'}
[2026-06-12 14:48:42] [hamibot] {'time': '2:48:42 下午 GMT+08:00', 'action': 'taskPoller: 无待执行任务，等待下次轮询'}
[2026-06-12 14:48:57] [hamibot] {'time': '2:48:58 下午 GMT+08:00', 'action': 'taskPoller: 无待执行任务，等待下次轮询'}
[2026-06-12 14:49:12] [hamibot] {'time': '2:49:13 下午 GMT+08:00', 'action': 'taskPoller: 无待执行任务，等待下次轮询'}
[2026-06-12 14:49:28] [hamibot] {'time': '2:49:28 下午 GMT+08:00', 'action': 'taskPoller: 无待执行任务，等待下次轮询'}
[2026-06-12 14:49:43] [hamibot] {'time': '2:49:44 下午 GMT+08:00', 'action': 'taskPoller: 无待执行任务，等待下次轮询'}
[2026-06-12 14:49:58] [hamibot] {'time': '2:49:59 下午 GMT+08:00', 'action': 'taskPoller: 无待执行任务，等待下次轮询'}
[2026-06-12 14:50:14] [hamibot] {'time': '2:50:15 下午 GMT+08:00', 'action': 'taskPoller: 无待执行任务，等待下次轮询'}
[2026-06-12 14:50:29] [hamibot] {'time': '2:50:30 下午 GMT+08:00', 'action': 'taskPoller: 无待执行任务，等待下次轮询'}
[2026-06-12 14:50:44] [hamibot] {'time': '2:50:45 下午 GMT+08:00', 'action': 'taskPoller: 无待执行任务，等待下次轮询'}
[2026-06-12 14:51:00] [hamibot] {'time': '2:51:00 下午 GMT+08:00', 'action': 'taskPoller: 无待执行任务，等待下次轮询'}
[2026-06-12 14:51:15] [hamibot] {'time': '2:51:15 下午 GMT+08:00', 'action': 'taskPoller: 无待执行任务，等待下次轮询'}
[2026-06-12 14:51:31] [hamibot] {'time': '2:51:32 下午 GMT+08:00', 'action': 'taskPoller: 无待执行任务，等待下次轮询'}
[2026-06-12 14:51:47] [hamibot] {'time': '2:51:48 下午 GMT+08:00', 'action': 'taskPoller: 无待执行任务，等待下次轮询'}
[2026-06-12 14:52:03] [hamibot] {'time': '2:52:03 下午 GMT+08:00', 'action': 'taskPoller: 无待执行任务，等待下次轮询'}
[2026-06-12 14:52:19] [hamibot] {'time': '2:52:18 下午 GMT+08:00', 'action': 'taskPoller: 无待执行任务，等待下次轮询'}
[2026-06-12 14:52:35] [hamibot] {'time': '2:52:34 下午 GMT+08:00', 'action': 'taskPoller: 无待执行任务，等待下次轮询'}
[2026-06-12 14:52:52] [hamibot] {'time': '2:52:51 下午 GMT+08:00', 'action': 'taskPoller: 无待执行任务，等待下次轮询'}
[2026-06-12 14:53:06] [hamibot] {'time': '2:53:06 下午 GMT+08:00', 'action': 'taskPoller: 无待执行任务，等待下次轮询'}
[2026-06-12 14:53:22] [hamibot] {'time': '2:53:22 下午 GMT+08:00', 'action': 'taskPoller: 无待执行任务，等待下次轮询'}
[2026-06-12 14:53:37] [hamibot] {'time': '2:53:38 下午 GMT+08:00', 'action': 'taskPoller: 无待执行任务，等待下次轮询'}
[2026-06-12 14:53:54] [hamibot] {'time': '2:53:55 下午 GMT+08:00', 'action': 'taskPoller: 无待执行任务，等待下次轮询'}
[2026-06-12 14:54:09] [hamibot] {'time': '2:54:10 下午 GMT+08:00', 'action': 'taskPoller: 无待执行任务，等待下次轮询'}
[2026-06-12 14:54:25] [hamibot] {'time': '2:54:26 下午 GMT+08:00', 'action': 'taskPoller: 无待执行任务，等待下次轮询'}
[2026-06-12 14:54:40] [hamibot] {'time': '2:54:41 下午 GMT+08:00', 'action': 'taskPoller: 无待执行任务，等待下次轮询'}
[2026-06-12 14:54:55] [hamibot] {'time': '2:54:56 下午 GMT+08:00', 'action': 'taskPoller: 无待执行任务，等待下次轮询'}
[2026-06-12 14:55:11] [hamibot] {'time': '2:55:11 下午 GMT+08:00', 'action': 'taskPoller: 无待执行任务，等待下次轮询'}
[2026-06-12 14:55:29] [hamibot] {'time': '2:55:28 下午 GMT+08:00', 'action': 'taskPoller: 无待执行任务，等待下次轮询'}
[2026-06-12 14:55:44] [hamibot] {'time': '2:55:45 下午 GMT+08:00', 'action': 'taskPoller: 无待执行任务，等待下次轮询'}
[2026-06-12 14:56:00] [hamibot] {'time': '2:56:00 下午 GMT+08:00', 'action': 'taskPoller: 无待执行任务，等待下次轮询'}
[2026-06-12 14:56:18] [hamibot] {'time': '2:56:18 下午 GMT+08:00', 'action': 'taskPoller: 无待执行任务，等待下次轮询'}
[2026-06-12 14:56:36] [hamibot] {'time': '2:56:35 下午 GMT+08:00', 'action': 'taskPoller: 无待执行任务，等待下次轮询'}
[2026-06-12 14:56:52] [hamibot] {'time': '2:56:52 下午 GMT+08:00', 'action': 'taskPoller: 无待执行任务，等待下次轮询'}
[2026-06-12 14:57:07] [hamibot] {'time': '2:57:08 下午 GMT+08:00', 'action': 'taskPoller: 无待执行任务，等待下次轮询'}
[2026-06-12 14:57:23] [hamibot] {'time': '2:57:23 下午 GMT+08:00', 'action': 'taskPoller: 无待执行任务，等待下次轮询'}
[2026-06-12 14:57:39] [hamibot] {'time': '2:57:40 下午 GMT+08:00', 'action': 'taskPoller: 无待执行任务，等待下次轮询'}
[2026-06-12 14:57:55] [hamibot] {'time': '2:57:56 下午 GMT+08:00', 'action': 'taskPoller: 无待执行任务，等待下次轮询'}
[2026-06-12 14:58:11] [hamibot] {'time': '2:58:12 下午 GMT+08:00', 'action': 'taskPoller: 无待执行任务，等待下次轮询'}
[2026-06-12 14:58:27] [hamibot] {'time': '2:58:27 下午 GMT+08:00', 'action': 'taskPoller: 无待执行任务，等待下次轮询'}
[2026-06-12 14:58:42] [hamibot] {'time': '2:58:42 下午 GMT+08:00', 'action': 'taskPoller: 无待执行任务，等待下次轮询'}
[2026-06-12 14:59:00] [hamibot] {'time': '2:59:01 下午 GMT+08:00', 'action': 'taskPoller: 无待执行任务，等待下次轮询'}
[2026-06-12 14:59:16] [hamibot] {'time': '2:59:16 下午 GMT+08:00', 'action': 'taskPoller: 无待执行任务，等待下次轮询'}
[2026-06-12 14:59:36] [hamibot] {'time': '2:59:36 下午 GMT+08:00', 'action': 'taskPoller: 无待执行任务，等待下次轮询'}
[2026-06-12 14:59:52] [hamibot] {'time': '2:59:53 下午 GMT+08:00', 'action': 'taskPoller: 无待执行任务，等待下次轮询'}
[2026-06-12 15:00:12] [hamibot] {'time': '3:00:10 下午 GMT+08:00', 'action': 'taskPoller: 无待执行任务，等待下次轮询'}
[2026-06-12 15:00:25] [hamibot] {'time': '3:00:26 下午 GMT+08:00', 'action': 'taskPoller: 无待执行任务，等待下次轮询'}
[2026-06-12 15:00:40] [hamibot] {'time': '3:00:41 下午 GMT+08:00', 'action': 'taskPoller: 无待执行任务，等待下次轮询'}
[2026-06-12 15:00:57] [hamibot] {'time': '3:00:57 下午 GMT+08:00', 'action': 'taskPoller: 无待执行任务，等待下次轮询'}
[2026-06-12 15:01:12] [hamibot] {'time': '3:01:13 下午 GMT+08:00', 'action': 'taskPoller: 无待执行任务，等待下次轮询'}
[2026-06-12 15:01:28] [hamibot] {'time': '3:01:28 下午 GMT+08:00', 'action': 'taskPoller: 无待执行任务，等待下次轮询'}
[2026-06-12 15:01:43] [hamibot] {'time': '3:01:43 下午 GMT+08:00', 'action': 'taskPoller: 无待执行任务，等待下次轮询'}
[2026-06-12 15:01:58] [hamibot] {'time': '3:01:59 下午 GMT+08:00', 'action': 'taskPoller: 无待执行任务，等待下次轮询'}
[2026-06-12 15:02:13] [hamibot] {'time': '3:02:14 下午 GMT+08:00', 'action': 'taskPoller: 无待执行任务，等待下次轮询'}
[2026-06-12 15:02:28] [hamibot] {'time': '3:02:29 下午 GMT+08:00', 'action': 'taskPoller: 无待执行任务，等待下次轮询'}
[2026-06-12 15:02:43] [hamibot] {'time': '3:02:44 下午 GMT+08:00', 'action': 'taskPoller: 无待执行任务，等待下次轮询'}
[2026-06-12 15:02:58] [hamibot] {'time': '3:02:59 下午 GMT+08:00', 'action': 'taskPoller: 无待执行任务，等待下次轮询'}
[2026-06-12 15:03:14] [hamibot] {'time': '3:03:14 下午 GMT+08:00', 'action': 'taskPoller: 无待执行任务，等待下次轮询'}
[2026-06-12 15:03:29] [hamibot] {'time': '3:03:29 下午 GMT+08:00', 'action': 'taskPoller: 无待执行任务，等待下次轮询'}
[2026-06-12 15:03:44] [hamibot] {'time': '3:03:45 下午 GMT+08:00', 'action': 'taskPoller: 无待执行任务，等待下次轮询'}
[2026-06-12 15:04:00] [hamibot] {'time': '3:04:00 下午 GMT+08:00', 'action': 'taskPoller: 无待执行任务，等待下次轮询'}
[2026-06-12 15:04:15] [hamibot] {'time': '3:04:15 下午 GMT+08:00', 'action': 'taskPoller: 无待执行任务，等待下次轮询'}
[2026-06-12 15:04:30] [hamibot] {'time': '3:04:31 下午 GMT+08:00', 'action': 'taskPoller: 无待执行任务，等待下次轮询'}
[2026-06-12 15:04:45] [hamibot] {'time': '3:04:46 下午 GMT+08:00', 'action': 'taskPoller: 无待执行任务，等待下次轮询'}
[2026-06-12 15:05:00] [hamibot] {'time': '3:05:01 下午 GMT+08:00', 'action': 'taskPoller: 无待执行任务，等待下次轮询'}
[2026-06-12 15:05:15] [hamibot] {'time': '3:05:16 下午 GMT+08:00', 'action': 'taskPoller: 无待执行任务，等待下次轮询'}
[2026-06-12 15:05:30] [hamibot] {'time': '3:05:31 下午 GMT+08:00', 'action': 'taskPoller: 无待执行任务，等待下次轮询'}
[2026-06-12 15:05:46] [hamibot] {'time': '3:05:46 下午 GMT+08:00', 'action': 'taskPoller: 无待执行任务，等待下次轮询'}
[2026-06-12 15:06:01] [hamibot] {'time': '3:06:01 下午 GMT+08:00', 'action': 'taskPoller: 无待执行任务，等待下次轮询'}
[2026-06-12 15:06:16] [hamibot] {'time': '3:06:16 下午 GMT+08:00', 'action': 'taskPoller: 无待执行任务，等待下次轮询'}
[2026-06-12 15:06:31] [hamibot] {'time': '3:06:31 下午 GMT+08:00', 'action': 'taskPoller: 无待执行任务，等待下次轮询'}
[2026-06-12 15:06:46] [hamibot] {'time': '3:06:47 下午 GMT+08:00', 'action': 'taskPoller: 无待执行任务，等待下次轮询'}
[2026-06-12 15:07:01] [hamibot] {'time': '3:07:02 下午 GMT+08:00', 'action': 'taskPoller: 无待执行任务，等待下次轮询'}
[2026-06-12 15:07:17] [hamibot] {'time': '3:07:17 下午 GMT+08:00', 'action': 'taskPoller: 无待执行任务，等待下次轮询'}
[2026-06-12 15:07:32] [hamibot] {'time': '3:07:32 下午 GMT+08:00', 'action': 'taskPoller: 无待执行任务，等待下次轮询'}
[2026-06-12 15:07:47] [hamibot] {'time': '3:07:48 下午 GMT+08:00', 'action': 'taskPoller: 无待执行任务，等待下次轮询'}
[2026-06-12 15:08:02] [hamibot] {'time': '3:08:03 下午 GMT+08:00', 'action': 'taskPoller: 无待执行任务，等待下次轮询'}
[2026-06-12 15:08:17] [hamibot] {'time': '3:08:18 下午 GMT+08:00', 'action': 'taskPoller: 无待执行任务，等待下次轮询'}
[2026-06-12 15:08:33] [hamibot] {'time': '3:08:33 下午 GMT+08:00', 'action': 'taskPoller: 无待执行任务，等待下次轮询'}
[2026-06-12 15:08:48] [hamibot] {'time': '3:08:48 下午 GMT+08:00', 'action': 'taskPoller: 无待执行任务，等待下次轮询'}
[2026-06-12 15:09:03] [hamibot] {'time': '3:09:03 下午 GMT+08:00', 'action': 'taskPoller: 无待执行任务，等待下次轮询'}
[2026-06-12 15:09:18] [hamibot] {'time': '3:09:19 下午 GMT+08:00', 'action': 'taskPoller: 无待执行任务，等待下次轮询'}
[2026-06-12 15:09:33] [hamibot] {'time': '3:09:34 下午 GMT+08:00', 'action': 'taskPoller: 无待执行任务，等待下次轮询'}
[2026-06-12 15:09:48] [hamibot] {'time': '3:09:49 下午 GMT+08:00', 'action': 'taskPoller: 无待执行任务，等待下次轮询'}
[2026-06-12 15:10:04] [hamibot] {'time': '3:10:04 下午 GMT+08:00', 'action': 'taskPoller: 无待执行任务，等待下次轮询'}
[2026-06-12 15:10:19] [hamibot] {'time': '3:10:19 下午 GMT+08:00', 'action': 'taskPoller: 无待执行任务，等待下次轮询'}
[2026-06-12 15:10:34] [hamibot] {'time': '3:10:34 下午 GMT+08:00', 'action': 'taskPoller: 无待执行任务，等待下次轮询'}
[2026-06-12 15:10:49] [hamibot] {'time': '3:10:49 下午 GMT+08:00', 'action': 'taskPoller: 无待执行任务，等待下次轮询'}
[2026-06-12 15:11:04] [hamibot] {'time': '3:11:04 下午 GMT+08:00', 'action': 'taskPoller: 无待执行任务，等待下次轮询'}
[2026-06-12 15:11:19] [hamibot] {'time': '3:11:19 下午 GMT+08:00', 'action': 'taskPoller: 无待执行任务，等待下次轮询'}
[2026-06-12 15:11:34] [hamibot] {'time': '3:11:34 下午 GMT+08:00', 'action': 'taskPoller: 无待执行任务，等待下次轮询'}
[2026-06-12 15:11:49] [hamibot] {'time': '3:11:50 下午 GMT+08:00', 'action': 'taskPoller: 无待执行任务，等待下次轮询'}
[2026-06-12 15:12:04] [hamibot] {'time': '3:12:05 下午 GMT+08:00', 'action': 'taskPoller: 无待执行任务，等待下次轮询'}
[2026-06-12 15:12:19] [hamibot] {'time': '3:12:20 下午 GMT+08:00', 'action': 'taskPoller: 无待执行任务，等待下次轮询'}
[2026-06-12 15:12:34] [hamibot] {'time': '3:12:35 下午 GMT+08:00', 'action': 'taskPoller: 无待执行任务，等待下次轮询'}
[2026-06-12 15:12:50] [hamibot] {'time': '3:12:50 下午 GMT+08:00', 'action': 'taskPoller: 无待执行任务，等待下次轮询'}
[2026-06-12 15:13:05] [hamibot] {'time': '3:13:05 下午 GMT+08:00', 'action': 'taskPoller: 无待执行任务，等待下次轮询'}
[2026-06-12 15:13:20] [hamibot] {'time': '3:13:20 下午 GMT+08:00', 'action': 'taskPoller: 无待执行任务，等待下次轮询'}
[2026-06-12 15:13:35] [hamibot] {'time': '3:13:36 下午 GMT+08:00', 'action': 'taskPoller: 无待执行任务，等待下次轮询'}
[2026-06-12 15:13:51] [hamibot] {'time': '3:13:51 下午 GMT+08:00', 'action': 'taskPoller: 无待执行任务，等待下次轮询'}
[2026-06-12 15:14:06] [hamibot] {'time': '3:14:06 下午 GMT+08:00', 'action': 'taskPoller: 无待执行任务，等待下次轮询'}
[2026-06-12 15:14:21] [hamibot] {'time': '3:14:21 下午 GMT+08:00', 'action': 'taskPoller: 无待执行任务，等待下次轮询'}
[2026-06-12 15:14:36] [hamibot] {'time': '3:14:36 下午 GMT+08:00', 'action': 'taskPoller: 无待执行任务，等待下次轮询'}
[2026-06-12 15:14:51] [hamibot] {'time': '3:14:52 下午 GMT+08:00', 'action': 'taskPoller: 无待执行任务，等待下次轮询'}
[2026-06-12 15:15:06] [hamibot] {'time': '3:15:07 下午 GMT+08:00', 'action': 'taskPoller: 无待执行任务，等待下次轮询'}
[2026-06-12 15:15:22] [hamibot] {'time': '3:15:22 下午 GMT+08:00', 'action': 'taskPoller: 无待执行任务，等待下次轮询'}
[2026-06-12 15:15:37] [hamibot] {'time': '3:15:37 下午 GMT+08:00', 'action': 'taskPoller: 无待执行任务，等待下次轮询'}
[2026-06-12 15:15:52] [hamibot] {'time': '3:15:52 下午 GMT+08:00', 'action': 'taskPoller: 无待执行任务，等待下次轮询'}
[2026-06-12 15:16:07] [hamibot] {'time': '3:16:08 下午 GMT+08:00', 'action': 'taskPoller: 无待执行任务，等待下次轮询'}
[2026-06-12 15:16:22] [hamibot] {'time': '3:16:23 下午 GMT+08:00', 'action': 'taskPoller: 无待执行任务，等待下次轮询'}
[2026-06-12 15:16:38] [hamibot] {'time': '3:16:38 下午 GMT+08:00', 'action': 'taskPoller: 无待执行任务，等待下次轮询'}
[2026-06-12 15:16:53] [hamibot] {'time': '3:16:53 下午 GMT+08:00', 'action': 'taskPoller: 无待执行任务，等待下次轮询'}
[2026-06-12 15:17:08] [hamibot] {'time': '3:17:09 下午 GMT+08:00', 'action': 'taskPoller: 无待执行任务，等待下次轮询'}
[2026-06-12 15:17:23] [hamibot] {'time': '3:17:24 下午 GMT+08:00', 'action': 'taskPoller: 无待执行任务，等待下次轮询'}
[2026-06-12 15:17:39] [hamibot] {'time': '3:17:40 下午 GMT+08:00', 'action': 'taskPoller: 无待执行任务，等待下次轮询'}
[2026-06-12 15:17:54] [hamibot] {'time': '3:17:55 下午 GMT+08:00', 'action': 'taskPoller: 无待执行任务，等待下次轮询'}
[2026-06-12 15:18:10] [hamibot] {'time': '3:18:10 下午 GMT+08:00', 'action': 'taskPoller: 无待执行任务，等待下次轮询'}
[2026-06-12 15:18:25] [hamibot] {'time': '3:18:25 下午 GMT+08:00', 'action': 'taskPoller: 无待执行任务，等待下次轮询'}
[2026-06-12 15:18:40] [hamibot] {'time': '3:18:41 下午 GMT+08:00', 'action': 'taskPoller: 无待执行任务，等待下次轮询'}
[2026-06-12 15:18:56] [hamibot] {'time': '3:18:56 下午 GMT+08:00', 'action': 'taskPoller: 无待执行任务，等待下次轮询'}
[2026-06-12 15:19:11] [hamibot] {'time': '3:19:11 下午 GMT+08:00', 'action': 'taskPoller: 无待执行任务，等待下次轮询'}
[2026-06-12 15:19:26] [hamibot] {'time': '3:19:26 下午 GMT+08:00', 'action': 'taskPoller: 无待执行任务，等待下次轮询'}
[2026-06-12 15:19:41] [hamibot] {'time': '3:19:41 下午 GMT+08:00', 'action': 'taskPoller: 无待执行任务，等待下次轮询'}
[2026-06-12 15:19:56] [hamibot] {'time': '3:19:56 下午 GMT+08:00', 'action': 'taskPoller: 无待执行任务，等待下次轮询'}
[2026-06-12 15:20:12] [hamibot] {'time': '3:20:12 下午 GMT+08:00', 'action': 'taskPoller: 无待执行任务，等待下次轮询'}
[2026-06-12 15:20:27] [hamibot] {'time': '3:20:27 下午 GMT+08:00', 'action': 'taskPoller: 无待执行任务，等待下次轮询'}
[2026-06-12 15:20:42] [hamibot] {'time': '3:20:42 下午 GMT+08:00', 'action': 'taskPoller: 无待执行任务，等待下次轮询'}
[2026-06-12 15:20:58] [hamibot] {'time': '3:20:59 下午 GMT+08:00', 'action': 'taskPoller: 无待执行任务，等待下次轮询'}
[2026-06-12 15:21:13] [hamibot] {'time': '3:21:14 下午 GMT+08:00', 'action': 'taskPoller: 无待执行任务，等待下次轮询'}
[2026-06-12 15:21:29] [hamibot] {'time': '3:21:29 下午 GMT+08:00', 'action': 'taskPoller: 无待执行任务，等待下次轮询'}
[2026-06-12 15:21:44] [hamibot] {'time': '3:21:44 下午 GMT+08:00', 'action': 'taskPoller: 无待执行任务，等待下次轮询'}
[2026-06-12 15:21:59] [hamibot] {'time': '3:21:59 下午 GMT+08:00', 'action': 'taskPoller: 无待执行任务，等待下次轮询'}
[2026-06-12 15:22:14] [hamibot] {'time': '3:22:15 下午 GMT+08:00', 'action': 'taskPoller: 无待执行任务，等待下次轮询'}
[2026-06-12 15:22:29] [hamibot] {'time': '3:22:30 下午 GMT+08:00', 'action': 'taskPoller: 无待执行任务，等待下次轮询'}
[2026-06-12 15:22:44] [hamibot] {'time': '3:22:45 下午 GMT+08:00', 'action': 'taskPoller: 无待执行任务，等待下次轮询'}
[2026-06-12 15:22:59] [hamibot] {'time': '3:23:00 下午 GMT+08:00', 'action': 'taskPoller: 无待执行任务，等待下次轮询'}
[2026-06-12 15:23:14] [hamibot] {'time': '3:23:15 下午 GMT+08:00', 'action': 'taskPoller: 无待执行任务，等待下次轮询'}
[2026-06-12 15:23:30] [hamibot] {'time': '3:23:30 下午 GMT+08:00', 'action': 'taskPoller: 无待执行任务，等待下次轮询'}
[2026-06-12 15:23:45] [hamibot] {'time': '3:23:45 下午 GMT+08:00', 'action': 'taskPoller: 无待执行任务，等待下次轮询'}
[2026-06-12 15:24:00] [hamibot] {'time': '3:24:00 下午 GMT+08:00', 'action': 'taskPoller: 无待执行任务，等待下次轮询'}
[2026-06-12 15:24:15] [hamibot] {'time': '3:24:15 下午 GMT+08:00', 'action': 'taskPoller: 无待执行任务，等待下次轮询'}
[2026-06-12 15:24:30] [hamibot] {'time': '3:24:30 下午 GMT+08:00', 'action': 'taskPoller: 无待执行任务，等待下次轮询'}
[2026-06-12 15:24:45] [hamibot] {'time': '3:24:46 下午 GMT+08:00', 'action': 'taskPoller: 无待执行任务，等待下次轮询'}
[2026-06-12 15:25:00] [hamibot] {'time': '3:25:01 下午 GMT+08:00', 'action': 'taskPoller: 无待执行任务，等待下次轮询'}
[2026-06-12 15:25:16] [hamibot] {'time': '3:25:16 下午 GMT+08:00', 'action': 'taskPoller: 无待执行任务，等待下次轮询'}
[2026-06-12 15:25:31] [hamibot] {'time': '3:25:31 下午 GMT+08:00', 'action': 'taskPoller: 无待执行任务，等待下次轮询'}
[2026-06-12 15:25:46] [hamibot] {'time': '3:25:46 下午 GMT+08:00', 'action': 'taskPoller: 无待执行任务，等待下次轮询'}
[2026-06-12 15:26:02] [hamibot] {'time': '3:26:02 下午 GMT+08:00', 'action': 'taskPoller: 无待执行任务，等待下次轮询'}
[2026-06-12 15:26:17] [hamibot] {'time': '3:26:17 下午 GMT+08:00', 'action': 'taskPoller: 无待执行任务，等待下次轮询'}
[2026-06-12 15:26:32] [hamibot] {'time': '3:26:32 下午 GMT+08:00', 'action': 'taskPoller: 无待执行任务，等待下次轮询'}
[2026-06-12 15:26:47] [hamibot] {'time': '3:26:47 下午 GMT+08:00', 'action': 'taskPoller: 无待执行任务，等待下次轮询'}
[2026-06-12 15:27:02] [hamibot] {'time': '3:27:03 下午 GMT+08:00', 'action': 'taskPoller: 无待执行任务，等待下次轮询'}
[2026-06-12 15:27:17] [hamibot] {'time': '3:27:18 下午 GMT+08:00', 'action': 'taskPoller: 无待执行任务，等待下次轮询'}
[2026-06-12 15:27:32] [hamibot] {'time': '3:27:33 下午 GMT+08:00', 'action': 'taskPoller: 无待执行任务，等待下次轮询'}
[2026-06-12 15:27:47] [hamibot] {'time': '3:27:48 下午 GMT+08:00', 'action': 'taskPoller: 无待执行任务，等待下次轮询'}
[2026-06-12 15:28:02] [hamibot] {'time': '3:28:03 下午 GMT+08:00', 'action': 'taskPoller: 无待执行任务，等待下次轮询'}
[2026-06-12 15:28:18] [hamibot] {'time': '3:28:18 下午 GMT+08:00', 'action': 'taskPoller: 无待执行任务，等待下次轮询'}
[2026-06-12 15:28:33] [hamibot] {'time': '3:28:33 下午 GMT+08:00', 'action': 'taskPoller: 无待执行任务，等待下次轮询'}
[2026-06-12 15:28:48] [hamibot] {'time': '3:28:48 下午 GMT+08:00', 'action': 'taskPoller: 无待执行任务，等待下次轮询'}
[2026-06-12 15:29:04] [hamibot] {'time': '3:29:04 下午 GMT+08:00', 'action': 'taskPoller: 无待执行任务，等待下次轮询'}
[2026-06-12 15:29:19] [hamibot] {'time': '3:29:19 下午 GMT+08:00', 'action': 'taskPoller: 无待执行任务，等待下次轮询'}
[2026-06-12 15:29:34] [hamibot] {'time': '3:29:34 下午 GMT+08:00', 'action': 'taskPoller: 无待执行任务，等待下次轮询'}
[2026-06-12 15:29:49] [hamibot] {'time': '3:29:49 下午 GMT+08:00', 'action': 'taskPoller: 无待执行任务，等待下次轮询'}
[2026-06-12 15:30:04] [hamibot] {'time': '3:30:05 下午 GMT+08:00', 'action': 'taskPoller: 无待执行任务，等待下次轮询'}
[2026-06-12 15:30:19] [hamibot] {'time': '3:30:20 下午 GMT+08:00', 'action': 'taskPoller: 无待执行任务，等待下次轮询'}
[2026-06-12 15:30:35] [hamibot] {'time': '3:30:35 下午 GMT+08:00', 'action': 'taskPoller: 无待执行任务，等待下次轮询'}
[2026-06-12 15:30:50] [hamibot] {'time': '3:30:50 下午 GMT+08:00', 'action': 'taskPoller: 无待执行任务，等待下次轮询'}
[2026-06-12 15:31:05] [hamibot] {'time': '3:31:06 下午 GMT+08:00', 'action': 'taskPoller: 无待执行任务，等待下次轮询'}
[2026-06-12 15:31:20] [hamibot] {'time': '3:31:21 下午 GMT+08:00', 'action': 'taskPoller: 无待执行任务，等待下次轮询'}
[2026-06-12 15:31:36] [hamibot] {'time': '3:31:36 下午 GMT+08:00', 'action': 'taskPoller: 无待执行任务，等待下次轮询'}
[2026-06-12 15:31:51] [hamibot] {'time': '3:31:51 下午 GMT+08:00', 'action': 'taskPoller: 无待执行任务，等待下次轮询'}
[2026-06-12 15:32:06] [hamibot] {'time': '3:32:07 下午 GMT+08:00', 'action': 'taskPoller: 无待执行任务，等待下次轮询'}
[2026-06-12 15:32:21] [hamibot] {'time': '3:32:22 下午 GMT+08:00', 'action': 'taskPoller: 无待执行任务，等待下次轮询'}
[2026-06-12 15:32:36] [hamibot] {'time': '3:32:37 下午 GMT+08:00', 'action': 'taskPoller: 无待执行任务，等待下次轮询'}
[2026-06-12 15:32:51] [hamibot] {'time': '3:32:52 下午 GMT+08:00', 'action': 'taskPoller: 无待执行任务，等待下次轮询'}
[2026-06-12 15:33:07] [hamibot] {'time': '3:33:07 下午 GMT+08:00', 'action': 'taskPoller: 无待执行任务，等待下次轮询'}
[2026-06-12 15:33:22] [hamibot] {'time': '3:33:22 下午 GMT+08:00', 'action': 'taskPoller: 无待执行任务，等待下次轮询'}
[2026-06-12 15:33:37] [hamibot] {'time': '3:33:37 下午 GMT+08:00', 'action': 'taskPoller: 无待执行任务，等待下次轮询'}
[2026-06-12 15:33:52] [hamibot] {'time': '3:33:52 下午 GMT+08:00', 'action': 'taskPoller: 无待执行任务，等待下次轮询'}
[2026-06-12 15:34:07] [hamibot] {'time': '3:34:08 下午 GMT+08:00', 'action': 'taskPoller: 无待执行任务，等待下次轮询'}
[2026-06-12 15:34:22] [hamibot] {'time': '3:34:23 下午 GMT+08:00', 'action': 'taskPoller: 无待执行任务，等待下次轮询'}
[2026-06-12 15:34:37] [hamibot] {'time': '3:34:38 下午 GMT+08:00', 'action': 'taskPoller: 无待执行任务，等待下次轮询'}
[2026-06-12 15:34:53] [hamibot] {'time': '3:34:53 下午 GMT+08:00', 'action': 'taskPoller: 无待执行任务，等待下次轮询'}
[2026-06-12 15:35:08] [hamibot] {'time': '3:35:08 下午 GMT+08:00', 'action': 'taskPoller: 无待执行任务，等待下次轮询'}
[2026-06-12 15:35:23] [hamibot] {'time': '3:35:23 下午 GMT+08:00', 'action': 'taskPoller: 无待执行任务，等待下次轮询'}
[2026-06-12 15:35:38] [hamibot] {'time': '3:35:39 下午 GMT+08:00', 'action': 'taskPoller: 无待执行任务，等待下次轮询'}
[2026-06-12 15:35:53] [hamibot] {'time': '3:35:54 下午 GMT+08:00', 'action': 'taskPoller: 无待执行任务，等待下次轮询'}
[2026-06-12 15:36:09] [hamibot] {'time': '3:36:09 下午 GMT+08:00', 'action': 'taskPoller: 无待执行任务，等待下次轮询'}
[2026-06-12 15:36:25] [hamibot] {'time': '3:36:25 下午 GMT+08:00', 'action': 'taskPoller: 无待执行任务，等待下次轮询'}
[2026-06-12 15:36:40] [hamibot] {'time': '3:36:40 下午 GMT+08:00', 'action': 'taskPoller: 无待执行任务，等待下次轮询'}
[2026-06-12 15:36:55] [hamibot] {'time': '3:36:55 下午 GMT+08:00', 'action': 'taskPoller: 无待执行任务，等待下次轮询'}
[2026-06-12 15:37:10] [hamibot] {'time': '3:37:11 下午 GMT+08:00', 'action': 'taskPoller: 无待执行任务，等待下次轮询'}
[2026-06-12 15:37:25] [hamibot] {'time': '3:37:26 下午 GMT+08:00', 'action': 'taskPoller: 无待执行任务，等待下次轮询'}
[2026-06-12 15:37:41] [hamibot] {'time': '3:37:41 下午 GMT+08:00', 'action': 'taskPoller: 无待执行任务，等待下次轮询'}
[2026-06-12 15:37:56] [hamibot] {'time': '3:37:56 下午 GMT+08:00', 'action': 'taskPoller: 无待执行任务，等待下次轮询'}
[2026-06-12 15:38:12] [hamibot] {'time': '3:38:12 下午 GMT+08:00', 'action': 'taskPoller: 无待执行任务，等待下次轮询'}
[2026-06-12 15:38:27] [hamibot] {'time': '3:38:27 下午 GMT+08:00', 'action': 'taskPoller: 无待执行任务，等待下次轮询'}
[2026-06-12 15:38:42] [hamibot] {'time': '3:38:42 下午 GMT+08:00', 'action': 'taskPoller: 无待执行任务，等待下次轮询'}
[2026-06-12 15:38:58] [hamibot] {'time': '3:38:58 下午 GMT+08:00', 'action': 'taskPoller: 无待执行任务，等待下次轮询'}
[2026-06-12 15:39:13] [hamibot] {'time': '3:39:14 下午 GMT+08:00', 'action': 'taskPoller: 无待执行任务，等待下次轮询'}
[2026-06-12 15:39:28] [hamibot] {'time': '3:39:29 下午 GMT+08:00', 'action': 'taskPoller: 无待执行任务，等待下次轮询'}
[2026-06-12 15:39:43] [hamibot] {'time': '3:39:44 下午 GMT+08:00', 'action': 'taskPoller: 无待执行任务，等待下次轮询'}
[2026-06-12 15:39:58] [hamibot] {'time': '3:39:59 下午 GMT+08:00', 'action': 'taskPoller: 无待执行任务，等待下次轮询'}
[2026-06-12 15:40:14] [hamibot] {'time': '3:40:14 下午 GMT+08:00', 'action': 'taskPoller: 无待执行任务，等待下次轮询'}
[2026-06-12 15:40:29] [hamibot] {'time': '3:40:29 下午 GMT+08:00', 'action': 'taskPoller: 无待执行任务，等待下次轮询'}
[2026-06-12 15:40:44] [hamibot] {'time': '3:40:45 下午 GMT+08:00', 'action': 'taskPoller: 无待执行任务，等待下次轮询'}
[2026-06-12 15:40:59] [hamibot] {'time': '3:41:00 下午 GMT+08:00', 'action': 'taskPoller: 无待执行任务，等待下次轮询'}
[2026-06-12 15:41:14] [hamibot] {'time': '3:41:15 下午 GMT+08:00', 'action': 'taskPoller: 无待执行任务，等待下次轮询'}
[2026-06-12 15:41:29] [hamibot] {'time': '3:41:30 下午 GMT+08:00', 'action': 'taskPoller: 无待执行任务，等待下次轮询'}
[2026-06-12 15:41:45] [hamibot] {'time': '3:41:46 下午 GMT+08:00', 'action': 'taskPoller: 无待执行任务，等待下次轮询'}
[2026-06-12 15:42:01] [hamibot] {'time': '3:42:01 下午 GMT+08:00', 'action': 'taskPoller: 无待执行任务，等待下次轮询'}
[2026-06-12 15:42:18] [hamibot] {'time': '3:42:18 下午 GMT+08:00', 'action': 'taskPoller: 无待执行任务，等待下次轮询'}
[2026-06-12 15:42:33] [hamibot] {'time': '3:42:33 下午 GMT+08:00', 'action': 'taskPoller: 无待执行任务，等待下次轮询'}
[2026-06-12 15:42:49] [hamibot] {'time': '3:42:49 下午 GMT+08:00', 'action': 'taskPoller: 无待执行任务，等待下次轮询'}
[2026-06-12 15:43:04] [hamibot] {'time': '3:43:05 下午 GMT+08:00', 'action': 'taskPoller: 无待执行任务，等待下次轮询'}
[2026-06-12 15:43:21] [hamibot] {'time': '3:43:21 下午 GMT+08:00', 'action': 'taskPoller: 无待执行任务，等待下次轮询'}
[2026-06-12 15:43:36] [hamibot] {'time': '3:43:37 下午 GMT+08:00', 'action': 'taskPoller: 无待执行任务，等待下次轮询'}
[2026-06-12 15:43:54] [hamibot] {'time': '3:43:55 下午 GMT+08:00', 'action': 'taskPoller: 无待执行任务，等待下次轮询'}
[2026-06-12 15:44:10] [hamibot] {'time': '3:44:10 下午 GMT+08:00', 'action': 'taskPoller: 无待执行任务，等待下次轮询'}
[2026-06-12 15:44:25] [hamibot] {'time': '3:44:25 下午 GMT+08:00', 'action': 'taskPoller: 无待执行任务，等待下次轮询'}
[2026-06-12 15:44:40] [hamibot] {'time': '3:44:40 下午 GMT+08:00', 'action': 'taskPoller: 无待执行任务，等待下次轮询'}
[2026-06-12 15:44:56] [hamibot] {'time': '3:44:57 下午 GMT+08:00', 'action': 'taskPoller: 无待执行任务，等待下次轮询'}
[2026-06-12 15:45:11] [hamibot] {'time': '3:45:12 下午 GMT+08:00', 'action': 'taskPoller: 无待执行任务，等待下次轮询'}
[2026-06-12 15:45:27] [hamibot] {'time': '3:45:27 下午 GMT+08:00', 'action': 'taskPoller: 无待执行任务，等待下次轮询'}
[2026-06-12 15:45:42] [hamibot] {'time': '3:45:42 下午 GMT+08:00', 'action': 'taskPoller: 无待执行任务，等待下次轮询'}
[2026-06-12 15:45:59] [hamibot] {'time': '3:45:59 下午 GMT+08:00', 'action': 'taskPoller: 无待执行任务，等待下次轮询'}
[2026-06-12 15:46:14] [hamibot] {'time': '3:46:14 下午 GMT+08:00', 'action': 'taskPoller: 无待执行任务，等待下次轮询'}
[2026-06-12 15:46:29] [hamibot] {'time': '3:46:29 下午 GMT+08:00', 'action': 'taskPoller: 无待执行任务，等待下次轮询'}
[2026-06-12 15:46:44] [hamibot] {'time': '3:46:44 下午 GMT+08:00', 'action': 'taskPoller: 无待执行任务，等待下次轮询'}
[2026-06-12 15:46:59] [hamibot] {'time': '3:46:59 下午 GMT+08:00', 'action': 'taskPoller: 无待执行任务，等待下次轮询'}
[2026-06-12 15:47:14] [hamibot] {'time': '3:47:15 下午 GMT+08:00', 'action': 'taskPoller: 无待执行任务，等待下次轮询'}
[2026-06-12 15:47:29] [hamibot] {'time': '3:47:30 下午 GMT+08:00', 'action': 'taskPoller: 无待执行任务，等待下次轮询'}
[2026-06-12 15:47:44] [hamibot] {'time': '3:47:45 下午 GMT+08:00', 'action': 'taskPoller: 无待执行任务，等待下次轮询'}
[2026-06-12 15:47:59] [hamibot] {'time': '3:48:00 下午 GMT+08:00', 'action': 'taskPoller: 无待执行任务，等待下次轮询'}
[2026-06-12 15:48:14] [hamibot] {'time': '3:48:15 下午 GMT+08:00', 'action': 'taskPoller: 无待执行任务，等待下次轮询'}
[2026-06-12 15:48:29] [hamibot] {'time': '3:48:30 下午 GMT+08:00', 'action': 'taskPoller: 无待执行任务，等待下次轮询'}
[2026-06-12 15:48:45] [hamibot] {'time': '3:48:45 下午 GMT+08:00', 'action': 'taskPoller: 无待执行任务，等待下次轮询'}
[2026-06-12 15:49:00] [hamibot] {'time': '3:49:00 下午 GMT+08:00', 'action': 'taskPoller: 无待执行任务，等待下次轮询'}
[2026-06-12 15:49:15] [hamibot] {'time': '3:49:15 下午 GMT+08:00', 'action': 'taskPoller: 无待执行任务，等待下次轮询'}
[2026-06-12 15:49:30] [hamibot] {'time': '3:49:31 下午 GMT+08:00', 'action': 'taskPoller: 无待执行任务，等待下次轮询'}
[2026-06-12 15:49:45] [hamibot] {'time': '3:49:46 下午 GMT+08:00', 'action': 'taskPoller: 无待执行任务，等待下次轮询'}
[2026-06-12 15:50:00] [hamibot] {'time': '3:50:01 下午 GMT+08:00', 'action': 'taskPoller: 无待执行任务，等待下次轮询'}
[2026-06-12 15:50:16] [hamibot] {'time': '3:50:16 下午 GMT+08:00', 'action': 'taskPoller: 无待执行任务，等待下次轮询'}
[2026-06-12 15:50:31] [hamibot] {'time': '3:50:31 下午 GMT+08:00', 'action': 'taskPoller: 无待执行任务，等待下次轮询'}
[2026-06-12 15:50:46] [hamibot] {'time': '3:50:46 下午 GMT+08:00', 'action': 'taskPoller: 无待执行任务，等待下次轮询'}
[2026-06-12 15:51:01] [hamibot] {'time': '3:51:01 下午 GMT+08:00', 'action': 'taskPoller: 无待执行任务，等待下次轮询'}
[2026-06-12 15:51:16] [hamibot] {'time': '3:51:17 下午 GMT+08:00', 'action': 'taskPoller: 无待执行任务，等待下次轮询'}
[2026-06-12 15:51:31] [hamibot] {'time': '3:51:32 下午 GMT+08:00', 'action': 'taskPoller: 无待执行任务，等待下次轮询'}
[2026-06-12 15:51:47] [hamibot] {'time': '3:51:47 下午 GMT+08:00', 'action': 'taskPoller: 无待执行任务，等待下次轮询'}
[2026-06-12 15:52:02] [hamibot] {'time': '3:52:03 下午 GMT+08:00', 'action': 'taskPoller: 无待执行任务，等待下次轮询'}
[2026-06-12 15:52:17] [hamibot] {'time': '3:52:18 下午 GMT+08:00', 'action': 'taskPoller: 无待执行任务，等待下次轮询'}
[2026-06-12 15:52:32] [hamibot] {'time': '3:52:33 下午 GMT+08:00', 'action': 'taskPoller: 无待执行任务，等待下次轮询'}
[2026-06-12 15:52:47] [hamibot] {'time': '3:52:48 下午 GMT+08:00', 'action': 'taskPoller: 无待执行任务，等待下次轮询'}
[2026-06-12 15:53:02] [hamibot] {'time': '3:53:03 下午 GMT+08:00', 'action': 'taskPoller: 无待执行任务，等待下次轮询'}
[2026-06-12 15:53:18] [hamibot] {'time': '3:53:18 下午 GMT+08:00', 'action': 'taskPoller: 无待执行任务，等待下次轮询'}
[2026-06-12 15:53:33] [hamibot] {'time': '3:53:33 下午 GMT+08:00', 'action': 'taskPoller: 无待执行任务，等待下次轮询'}
[2026-06-12 15:53:48] [hamibot] {'time': '3:53:48 下午 GMT+08:00', 'action': 'taskPoller: 无待执行任务，等待下次轮询'}
[2026-06-12 15:54:03] [hamibot] {'time': '3:54:03 下午 GMT+08:00', 'action': 'taskPoller: 无待执行任务，等待下次轮询'}
[2026-06-12 15:54:18] [hamibot] {'time': '3:54:19 下午 GMT+08:00', 'action': 'taskPoller: 无待执行任务，等待下次轮询'}
[2026-06-12 15:54:33] [hamibot] {'time': '3:54:34 下午 GMT+08:00', 'action': 'taskPoller: 无待执行任务，等待下次轮询'}
[2026-06-12 15:54:49] [hamibot] {'time': '3:54:49 下午 GMT+08:00', 'action': 'taskPoller: 无待执行任务，等待下次轮询'}
[2026-06-12 15:55:04] [hamibot] {'time': '3:55:05 下午 GMT+08:00', 'action': 'taskPoller: 无待执行任务，等待下次轮询'}
[2026-06-12 15:55:19] [hamibot] {'time': '3:55:20 下午 GMT+08:00', 'action': 'taskPoller: 无待执行任务，等待下次轮询'}
[2026-06-12 15:55:34] [hamibot] {'time': '3:55:35 下午 GMT+08:00', 'action': 'taskPoller: 无待执行任务，等待下次轮询'}
[2026-06-12 15:55:49] [hamibot] {'time': '3:55:50 下午 GMT+08:00', 'action': 'taskPoller: 无待执行任务，等待下次轮询'}
[2026-06-12 15:56:04] [hamibot] {'time': '3:56:05 下午 GMT+08:00', 'action': 'taskPoller: 无待执行任务，等待下次轮询'}
[2026-06-12 15:56:20] [hamibot] {'time': '3:56:20 下午 GMT+08:00', 'action': 'taskPoller: 无待执行任务，等待下次轮询'}
[2026-06-12 15:56:36] [hamibot] {'time': '3:56:37 下午 GMT+08:00', 'action': 'taskPoller: 无待执行任务，等待下次轮询'}
[2026-06-12 15:56:52] [hamibot] {'time': '3:56:52 下午 GMT+08:00', 'action': 'taskPoller: 无待执行任务，等待下次轮询'}
[2026-06-12 15:57:07] [hamibot] {'time': '3:57:07 下午 GMT+08:00', 'action': 'taskPoller: 无待执行任务，等待下次轮询'}
[2026-06-12 15:57:22] [hamibot] {'time': '3:57:23 下午 GMT+08:00', 'action': 'taskPoller: 无待执行任务，等待下次轮询'}
[2026-06-12 15:57:38] [hamibot] {'time': '3:57:38 下午 GMT+08:00', 'action': 'taskPoller: 无待执行任务，等待下次轮询'}
[2026-06-12 15:57:53] [hamibot] {'time': '3:57:53 下午 GMT+08:00', 'action': 'taskPoller: 无待执行任务，等待下次轮询'}
[2026-06-12 15:58:08] [hamibot] {'time': '3:58:08 下午 GMT+08:00', 'action': 'taskPoller: 无待执行任务，等待下次轮询'}
[2026-06-12 15:58:23] [hamibot] {'time': '3:58:23 下午 GMT+08:00', 'action': 'taskPoller: 无待执行任务，等待下次轮询'}
[2026-06-12 15:58:38] [hamibot] {'time': '3:58:39 下午 GMT+08:00', 'action': 'taskPoller: 无待执行任务，等待下次轮询'}
[2026-06-12 15:58:54] [hamibot] {'time': '3:58:55 下午 GMT+08:00', 'action': 'taskPoller: 无待执行任务，等待下次轮询'}
[2026-06-12 15:59:09] [hamibot] {'time': '3:59:10 下午 GMT+08:00', 'action': 'taskPoller: 无待执行任务，等待下次轮询'}
[2026-06-12 15:59:24] [hamibot] {'time': '3:59:25 下午 GMT+08:00', 'action': 'taskPoller: 无待执行任务，等待下次轮询'}
[2026-06-12 15:59:40] [hamibot] {'time': '3:59:40 下午 GMT+08:00', 'action': 'taskPoller: 无待执行任务，等待下次轮询'}
[2026-06-12 15:59:55] [hamibot] {'time': '3:59:55 下午 GMT+08:00', 'action': 'taskPoller: 无待执行任务，等待下次轮询'}
[2026-06-12 16:00:10] [hamibot] {'time': '4:00:11 下午 GMT+08:00', 'action': 'taskPoller: 无待执行任务，等待下次轮询'}
[2026-06-12 16:00:26] [hamibot] {'time': '4:00:26 下午 GMT+08:00', 'action': 'taskPoller: 无待执行任务，等待下次轮询'}
[2026-06-12 16:00:41] [hamibot] {'time': '4:00:41 下午 GMT+08:00', 'action': 'taskPoller: 无待执行任务，等待下次轮询'}
[2026-06-12 16:00:57] [hamibot] {'time': '4:00:57 下午 GMT+08:00', 'action': 'taskPoller: 无待执行任务，等待下次轮询'}
[2026-06-12 16:01:12] [hamibot] {'time': '4:01:12 下午 GMT+08:00', 'action': 'taskPoller: 无待执行任务，等待下次轮询'}
[2026-06-12 16:01:27] [hamibot] {'time': '4:01:27 下午 GMT+08:00', 'action': 'taskPoller: 无待执行任务，等待下次轮询'}
[2026-06-12 16:01:42] [hamibot] {'time': '4:01:42 下午 GMT+08:00', 'action': 'taskPoller: 无待执行任务，等待下次轮询'}
[2026-06-12 16:01:57] [hamibot] {'time': '4:01:58 下午 GMT+08:00', 'action': 'taskPoller: 无待执行任务，等待下次轮询'}
[2026-06-12 16:02:12] [hamibot] {'time': '4:02:13 下午 GMT+08:00', 'action': 'taskPoller: 无待执行任务，等待下次轮询'}
[2026-06-12 16:02:28] [hamibot] {'time': '4:02:28 下午 GMT+08:00', 'action': 'taskPoller: 无待执行任务，等待下次轮询'}
[2026-06-12 16:02:43] [hamibot] {'time': '4:02:44 下午 GMT+08:00', 'action': 'taskPoller: 无待执行任务，等待下次轮询'}
[2026-06-12 16:02:58] [hamibot] {'time': '4:02:59 下午 GMT+08:00', 'action': 'taskPoller: 无待执行任务，等待下次轮询'}
[2026-06-12 16:03:13] [hamibot] {'time': '4:03:14 下午 GMT+08:00', 'action': 'taskPoller: 无待执行任务，等待下次轮询'}
[2026-06-12 16:03:29] [hamibot] {'time': '4:03:29 下午 GMT+08:00', 'action': 'taskPoller: 无待执行任务，等待下次轮询'}
[2026-06-12 16:03:44] [hamibot] {'time': '4:03:44 下午 GMT+08:00', 'action': 'taskPoller: 无待执行任务，等待下次轮询'}
[2026-06-12 16:03:59] [hamibot] {'time': '4:03:59 下午 GMT+08:00', 'action': 'taskPoller: 无待执行任务，等待下次轮询'}
[2026-06-12 16:04:15] [hamibot] {'time': '4:04:14 下午 GMT+08:00', 'action': 'taskPoller: 无待执行任务，等待下次轮询'}
[2026-06-12 16:04:30] [hamibot] {'time': '4:04:30 下午 GMT+08:00', 'action': 'taskPoller: 无待执行任务，等待下次轮询'}
[2026-06-12 16:04:45] [hamibot] {'time': '4:04:45 下午 GMT+08:00', 'action': 'taskPoller: 无待执行任务，等待下次轮询'}
[2026-06-12 16:05:00] [hamibot] {'time': '4:05:00 下午 GMT+08:00', 'action': 'taskPoller: 无待执行任务，等待下次轮询'}
[2026-06-12 16:05:15] [hamibot] {'time': '4:05:15 下午 GMT+08:00', 'action': 'taskPoller: 无待执行任务，等待下次轮询'}
[2026-06-12 16:05:30] [hamibot] {'time': '4:05:30 下午 GMT+08:00', 'action': 'taskPoller: 无待执行任务，等待下次轮询'}
[2026-06-12 16:05:45] [hamibot] {'time': '4:05:46 下午 GMT+08:00', 'action': 'taskPoller: 无待执行任务，等待下次轮询'}
[2026-06-12 16:06:00] [hamibot] {'time': '4:06:01 下午 GMT+08:00', 'action': 'taskPoller: 无待执行任务，等待下次轮询'}
[2026-06-12 16:06:15] [hamibot] {'time': '4:06:16 下午 GMT+08:00', 'action': 'taskPoller: 无待执行任务，等待下次轮询'}
[2026-06-12 16:06:31] [hamibot] {'time': '4:06:31 下午 GMT+08:00', 'action': 'taskPoller: 无待执行任务，等待下次轮询'}
[2026-06-12 16:06:46] [hamibot] {'time': '4:06:46 下午 GMT+08:00', 'action': 'taskPoller: 无待执行任务，等待下次轮询'}
[2026-06-12 16:07:01] [hamibot] {'time': '4:07:01 下午 GMT+08:00', 'action': 'taskPoller: 无待执行任务，等待下次轮询'}
[2026-06-12 16:07:16] [hamibot] {'time': '4:07:17 下午 GMT+08:00', 'action': 'taskPoller: 无待执行任务，等待下次轮询'}
[2026-06-12 16:07:31] [hamibot] {'time': '4:07:32 下午 GMT+08:00', 'action': 'taskPoller: 无待执行任务，等待下次轮询'}
[2026-06-12 16:07:46] [hamibot] {'time': '4:07:47 下午 GMT+08:00', 'action': 'taskPoller: 无待执行任务，等待下次轮询'}
[2026-06-12 16:08:01] [hamibot] {'time': '4:08:02 下午 GMT+08:00', 'action': 'taskPoller: 无待执行任务，等待下次轮询'}
[2026-06-12 16:08:17] [hamibot] {'time': '4:08:17 下午 GMT+08:00', 'action': 'taskPoller: 无待执行任务，等待下次轮询'}
[2026-06-12 16:08:32] [hamibot] {'time': '4:08:32 下午 GMT+08:00', 'action': 'taskPoller: 无待执行任务，等待下次轮询'}
[2026-06-12 16:08:47] [hamibot] {'time': '4:08:48 下午 GMT+08:00', 'action': 'taskPoller: 无待执行任务，等待下次轮询'}
[2026-06-12 16:09:02] [hamibot] {'time': '4:09:03 下午 GMT+08:00', 'action': 'taskPoller: 无待执行任务，等待下次轮询'}
[2026-06-12 16:09:17] [hamibot] {'time': '4:09:18 下午 GMT+08:00', 'action': 'taskPoller: 无待执行任务，等待下次轮询'}
[2026-06-12 16:09:32] [hamibot] {'time': '4:09:33 下午 GMT+08:00', 'action': 'taskPoller: 无待执行任务，等待下次轮询'}
[2026-06-12 16:09:48] [hamibot] {'time': '4:09:48 下午 GMT+08:00', 'action': 'taskPoller: 无待执行任务，等待下次轮询'}
[2026-06-12 16:10:03] [hamibot] {'time': '4:10:03 下午 GMT+08:00', 'action': 'taskPoller: 无待执行任务，等待下次轮询'}
[2026-06-12 16:10:18] [hamibot] {'time': '4:10:18 下午 GMT+08:00', 'action': 'taskPoller: 无待执行任务，等待下次轮询'}
[2026-06-12 16:10:33] [hamibot] {'time': '4:10:34 下午 GMT+08:00', 'action': 'taskPoller: 无待执行任务，等待下次轮询'}
[2026-06-12 16:10:49] [hamibot] {'time': '4:10:49 下午 GMT+08:00', 'action': 'taskPoller: 无待执行任务，等待下次轮询'}
[2026-06-12 16:11:04] [hamibot] {'time': '4:11:04 下午 GMT+08:00', 'action': 'taskPoller: 无待执行任务，等待下次轮询'}
[2026-06-12 16:11:19] [hamibot] {'time': '4:11:19 下午 GMT+08:00', 'action': 'taskPoller: 无待执行任务，等待下次轮询'}
[2026-06-12 16:11:34] [hamibot] {'time': '4:11:34 下午 GMT+08:00', 'action': 'taskPoller: 无待执行任务，等待下次轮询'}
[2026-06-12 16:11:49] [hamibot] {'time': '4:11:49 下午 GMT+08:00', 'action': 'taskPoller: 无待执行任务，等待下次轮询'}
[2026-06-12 16:12:04] [hamibot] {'time': '4:12:05 下午 GMT+08:00', 'action': 'taskPoller: 无待执行任务，等待下次轮询'}
[2026-06-12 16:12:20] [hamibot] {'time': '4:12:20 下午 GMT+08:00', 'action': 'taskPoller: 无待执行任务，等待下次轮询'}
[2026-06-12 16:12:35] [hamibot] {'time': '4:12:35 下午 GMT+08:00', 'action': 'taskPoller: 无待执行任务，等待下次轮询'}
[2026-06-12 16:12:50] [hamibot] {'time': '4:12:50 下午 GMT+08:00', 'action': 'taskPoller: 无待执行任务，等待下次轮询'}
[2026-06-12 16:13:05] [hamibot] {'time': '4:13:05 下午 GMT+08:00', 'action': 'taskPoller: 无待执行任务，等待下次轮询'}
[2026-06-12 16:13:20] [hamibot] {'time': '4:13:21 下午 GMT+08:00', 'action': 'taskPoller: 无待执行任务，等待下次轮询'}
[2026-06-12 16:13:35] [hamibot] {'time': '4:13:36 下午 GMT+08:00', 'action': 'taskPoller: 无待执行任务，等待下次轮询'}
[2026-06-12 16:13:51] [hamibot] {'time': '4:13:52 下午 GMT+08:00', 'action': 'taskPoller: 无待执行任务，等待下次轮询'}
[2026-06-12 16:14:06] [hamibot] {'time': '4:14:07 下午 GMT+08:00', 'action': 'taskPoller: 无待执行任务，等待下次轮询'}
[2026-06-12 16:14:24] [hamibot] {'time': '4:14:24 下午 GMT+08:00', 'action': 'taskPoller: 无待执行任务，等待下次轮询'}
[2026-06-12 16:15:26] [hamibot] {'time': '4:15:26 下午 GMT+08:00', 'action': 'taskPoller: 无待执行任务，等待下次轮询'}
[2026-06-12 16:17:36] [hamibot] {'time': '4:17:37 下午 GMT+08:00', 'action': 'taskPoller: 无待执行任务，等待下次轮询'}
[2026-06-12 16:17:51] [hamibot] {'time': '4:17:52 下午 GMT+08:00', 'action': 'taskPoller: 无待执行任务，等待下次轮询'}
[2026-06-12 16:18:07] [hamibot] {'time': '4:18:07 下午 GMT+08:00', 'action': 'taskPoller: 无待执行任务，等待下次轮询'}
[2026-06-12 16:18:22] [hamibot] {'time': '4:18:22 下午 GMT+08:00', 'action': 'taskPoller: 无待执行任务，等待下次轮询'}
[2026-06-12 16:18:37] [hamibot] {'time': '4:18:37 下午 GMT+08:00', 'action': 'taskPoller: 无待执行任务，等待下次轮询'}
[2026-06-12 16:18:52] [hamibot] {'time': '4:18:53 下午 GMT+08:00', 'action': 'taskPoller: 无待执行任务，等待下次轮询'}
[2026-06-12 16:19:08] [hamibot] {'time': '4:19:08 下午 GMT+08:00', 'action': 'taskPoller: 无待执行任务，等待下次轮询'}
[2026-06-12 16:19:23] [hamibot] {'time': '4:19:23 下午 GMT+08:00', 'action': 'taskPoller: 无待执行任务，等待下次轮询'}
[2026-06-12 16:19:39] [hamibot] {'time': '4:19:39 下午 GMT+08:00', 'action': 'taskPoller: 无待执行任务，等待下次轮询'}
[2026-06-12 16:19:53] [hamibot] {'time': '4:19:54 下午 GMT+08:00', 'action': 'taskPoller: 无待执行任务，等待下次轮询'}
[2026-06-12 16:20:08] [hamibot] {'time': '4:20:09 下午 GMT+08:00', 'action': 'taskPoller: 无待执行任务，等待下次轮询'}
[2026-06-12 16:20:24] [hamibot] {'time': '4:20:24 下午 GMT+08:00', 'action': 'taskPoller: 无待执行任务，等待下次轮询'}
[2026-06-12 16:20:39] [hamibot] {'time': '4:20:39 下午 GMT+08:00', 'action': 'taskPoller: 无待执行任务，等待下次轮询'}
[2026-06-12 16:20:54] [hamibot] {'time': '4:20:55 下午 GMT+08:00', 'action': 'taskPoller: 无待执行任务，等待下次轮询'}
[2026-06-12 16:21:09] [hamibot] {'time': '4:21:10 下午 GMT+08:00', 'action': 'taskPoller: 无待执行任务，等待下次轮询'}
[2026-06-12 16:21:24] [hamibot] {'time': '4:21:25 下午 GMT+08:00', 'action': 'taskPoller: 无待执行任务，等待下次轮询'}
[2026-06-12 16:21:39] [hamibot] {'time': '4:21:40 下午 GMT+08:00', 'action': 'taskPoller: 无待执行任务，等待下次轮询'}
[2026-06-12 16:21:55] [hamibot] {'time': '4:21:55 下午 GMT+08:00', 'action': 'taskPoller: 无待执行任务，等待下次轮询'}
[2026-06-12 16:22:10] [hamibot] {'time': '4:22:10 下午 GMT+08:00', 'action': 'taskPoller: 无待执行任务，等待下次轮询'}
[2026-06-12 16:22:25] [hamibot] {'time': '4:22:25 下午 GMT+08:00', 'action': 'taskPoller: 无待执行任务，等待下次轮询'}
[2026-06-12 16:22:40] [hamibot] {'time': '4:22:40 下午 GMT+08:00', 'action': 'taskPoller: 无待执行任务，等待下次轮询'}
[2026-06-12 16:22:55] [hamibot] {'time': '4:22:56 下午 GMT+08:00', 'action': 'taskPoller: 无待执行任务，等待下次轮询'}
[2026-06-12 16:23:11] [hamibot] {'time': '4:23:11 下午 GMT+08:00', 'action': 'taskPoller: 无待执行任务，等待下次轮询'}
[2026-06-12 16:23:26] [hamibot] {'time': '4:23:26 下午 GMT+08:00', 'action': 'taskPoller: 无待执行任务，等待下次轮询'}
[2026-06-12 16:23:41] [hamibot] {'time': '4:23:42 下午 GMT+08:00', 'action': 'taskPoller: 无待执行任务，等待下次轮询'}
[2026-06-12 16:23:58] [hamibot] {'time': '4:23:57 下午 GMT+08:00', 'action': 'taskPoller: 无待执行任务，等待下次轮询'}
[2026-06-12 16:24:12] [hamibot] {'time': '4:24:13 下午 GMT+08:00', 'action': 'taskPoller: 无待执行任务，等待下次轮询'}
[2026-06-12 16:24:27] [hamibot] {'time': '4:24:28 下午 GMT+08:00', 'action': 'taskPoller: 无待执行任务，等待下次轮询'}
[2026-06-12 16:24:43] [hamibot] {'time': '4:24:43 下午 GMT+08:00', 'action': 'taskPoller: 无待执行任务，等待下次轮询'}
[2026-06-12 16:24:58] [hamibot] {'time': '4:24:58 下午 GMT+08:00', 'action': 'taskPoller: 无待执行任务，等待下次轮询'}
[2026-06-12 16:25:13] [hamibot] {'time': '4:25:13 下午 GMT+08:00', 'action': 'taskPoller: 无待执行任务，等待下次轮询'}
[2026-06-12 16:25:28] [hamibot] {'time': '4:25:28 下午 GMT+08:00', 'action': 'taskPoller: 无待执行任务，等待下次轮询'}
[2026-06-12 16:25:43] [hamibot] {'time': '4:25:43 下午 GMT+08:00', 'action': 'taskPoller: 无待执行任务，等待下次轮询'}
[2026-06-12 16:25:58] [hamibot] {'time': '4:25:58 下午 GMT+08:00', 'action': 'taskPoller: 无待执行任务，等待下次轮询'}
[2026-06-12 16:26:13] [hamibot] {'time': '4:26:14 下午 GMT+08:00', 'action': 'taskPoller: 无待执行任务，等待下次轮询'}
[2026-06-12 16:26:28] [hamibot] {'time': '4:26:29 下午 GMT+08:00', 'action': 'taskPoller: 无待执行任务，等待下次轮询'}
[2026-06-12 16:26:44] [hamibot] {'time': '4:26:44 下午 GMT+08:00', 'action': 'taskPoller: 无待执行任务，等待下次轮询'}
[2026-06-12 16:27:00] [hamibot] {'time': '4:27:01 下午 GMT+08:00', 'action': 'taskPoller: 无待执行任务，等待下次轮询'}
[2026-06-12 16:27:16] [hamibot] {'time': '4:27:16 下午 GMT+08:00', 'action': 'taskPoller: 无待执行任务，等待下次轮询'}
[2026-06-12 16:27:31] [hamibot] {'time': '4:27:31 下午 GMT+08:00', 'action': 'taskPoller: 无待执行任务，等待下次轮询'}
[2026-06-12 16:27:46] [hamibot] {'time': '4:27:46 下午 GMT+08:00', 'action': 'taskPoller: 无待执行任务，等待下次轮询'}
[2026-06-12 16:28:01] [hamibot] {'time': '4:28:02 下午 GMT+08:00', 'action': 'taskPoller: 无待执行任务，等待下次轮询'}
[2026-06-12 16:28:16] [hamibot] {'time': '4:28:17 下午 GMT+08:00', 'action': 'taskPoller: 无待执行任务，等待下次轮询'}
[2026-06-12 16:28:32] [hamibot] {'time': '4:28:32 下午 GMT+08:00', 'action': 'taskPoller: 无待执行任务，等待下次轮询'}
[2026-06-12 16:28:47] [hamibot] {'time': '4:28:48 下午 GMT+08:00', 'action': 'taskPoller: 无待执行任务，等待下次轮询'}
[2026-06-12 16:29:02] [hamibot] {'time': '4:29:03 下午 GMT+08:00', 'action': 'taskPoller: 无待执行任务，等待下次轮询'}
[2026-06-12 16:29:18] [hamibot] {'time': '4:29:18 下午 GMT+08:00', 'action': 'taskPoller: 无待执行任务，等待下次轮询'}
[2026-06-12 16:29:33] [hamibot] {'time': '4:29:33 下午 GMT+08:00', 'action': 'taskPoller: 无待执行任务，等待下次轮询'}
[2026-06-12 16:29:48] [hamibot] {'time': '4:29:48 下午 GMT+08:00', 'action': 'taskPoller: 无待执行任务，等待下次轮询'}
[2026-06-12 16:30:03] [hamibot] {'time': '4:30:03 下午 GMT+08:00', 'action': 'taskPoller: 无待执行任务，等待下次轮询'}
[2026-06-12 16:30:18] [hamibot] {'time': '4:30:19 下午 GMT+08:00', 'action': 'taskPoller: 无待执行任务，等待下次轮询'}
[2026-06-12 16:30:33] [hamibot] {'time': '4:30:34 下午 GMT+08:00', 'action': 'taskPoller: 无待执行任务，等待下次轮询'}
[2026-06-12 16:30:48] [hamibot] {'time': '4:30:49 下午 GMT+08:00', 'action': 'taskPoller: 无待执行任务，等待下次轮询'}
[2026-06-12 16:31:03] [hamibot] {'time': '4:31:04 下午 GMT+08:00', 'action': 'taskPoller: 无待执行任务，等待下次轮询'}
[2026-06-12 16:31:18] [hamibot] {'time': '4:31:19 下午 GMT+08:00', 'action': 'taskPoller: 无待执行任务，等待下次轮询'}
[2026-06-12 16:31:33] [hamibot] {'time': '4:31:34 下午 GMT+08:00', 'action': 'taskPoller: 无待执行任务，等待下次轮询'}
[2026-06-12 16:31:49] [hamibot] {'time': '4:31:49 下午 GMT+08:00', 'action': 'taskPoller: 无待执行任务，等待下次轮询'}
[2026-06-12 16:32:04] [hamibot] {'time': '4:32:04 下午 GMT+08:00', 'action': 'taskPoller: 无待执行任务，等待下次轮询'}
[2026-06-12 16:32:19] [hamibot] {'time': '4:32:19 下午 GMT+08:00', 'action': 'taskPoller: 无待执行任务，等待下次轮询'}
[2026-06-12 16:32:34] [hamibot] {'time': '4:32:34 下午 GMT+08:00', 'action': 'taskPoller: 无待执行任务，等待下次轮询'}
[2026-06-12 16:32:49] [hamibot] {'time': '4:32:49 下午 GMT+08:00', 'action': 'taskPoller: 无待执行任务，等待下次轮询'}
[2026-06-12 16:33:04] [hamibot] {'time': '4:33:05 下午 GMT+08:00', 'action': 'taskPoller: 无待执行任务，等待下次轮询'}
[2026-06-12 16:33:20] [hamibot] {'time': '4:33:20 下午 GMT+08:00', 'action': 'taskPoller: 无待执行任务，等待下次轮询'}
[2026-06-12 16:33:35] [hamibot] {'time': '4:33:36 下午 GMT+08:00', 'action': 'taskPoller: 无待执行任务，等待下次轮询'}
[2026-06-12 16:33:50] [hamibot] {'time': '4:33:51 下午 GMT+08:00', 'action': 'taskPoller: 无待执行任务，等待下次轮询'}
[2026-06-12 16:34:06] [hamibot] {'time': '4:34:06 下午 GMT+08:00', 'action': 'taskPoller: 无待执行任务，等待下次轮询'}
[2026-06-12 16:34:21] [hamibot] {'time': '4:34:21 下午 GMT+08:00', 'action': 'taskPoller: 无待执行任务，等待下次轮询'}
[2026-06-12 16:34:36] [hamibot] {'time': '4:34:36 下午 GMT+08:00', 'action': 'taskPoller: 无待执行任务，等待下次轮询'}
[2026-06-12 16:34:51] [hamibot] {'time': '4:34:51 下午 GMT+08:00', 'action': 'taskPoller: 无待执行任务，等待下次轮询'}
[2026-06-12 16:35:06] [hamibot] {'time': '4:35:07 下午 GMT+08:00', 'action': 'taskPoller: 无待执行任务，等待下次轮询'}
[2026-06-12 16:35:21] [hamibot] {'time': '4:35:22 下午 GMT+08:00', 'action': 'taskPoller: 无待执行任务，等待下次轮询'}
[2026-06-12 16:35:36] [hamibot] {'time': '4:35:37 下午 GMT+08:00', 'action': 'taskPoller: 无待执行任务，等待下次轮询'}
[2026-06-12 16:35:51] [hamibot] {'time': '4:35:52 下午 GMT+08:00', 'action': 'taskPoller: 无待执行任务，等待下次轮询'}
[2026-06-12 16:36:07] [hamibot] {'time': '4:36:07 下午 GMT+08:00', 'action': 'taskPoller: 无待执行任务，等待下次轮询'}
[2026-06-12 16:36:22] [hamibot] {'time': '4:36:22 下午 GMT+08:00', 'action': 'taskPoller: 无待执行任务，等待下次轮询'}
[2026-06-12 16:36:37] [hamibot] {'time': '4:36:37 下午 GMT+08:00', 'action': 'taskPoller: 无待执行任务，等待下次轮询'}
[2026-06-12 16:36:52] [hamibot] {'time': '4:36:53 下午 GMT+08:00', 'action': 'taskPoller: 无待执行任务，等待下次轮询'}
[2026-06-12 16:37:07] [hamibot] {'time': '4:37:08 下午 GMT+08:00', 'action': 'taskPoller: 无待执行任务，等待下次轮询'}
[2026-06-12 16:37:22] [hamibot] {'time': '4:37:23 下午 GMT+08:00', 'action': 'taskPoller: 无待执行任务，等待下次轮询'}
[2026-06-12 16:37:38] [hamibot] {'time': '4:37:38 下午 GMT+08:00', 'action': 'taskPoller: 无待执行任务，等待下次轮询'}
[2026-06-12 16:37:53] [hamibot] {'time': '4:37:54 下午 GMT+08:00', 'action': 'taskPoller: 无待执行任务，等待下次轮询'}
[2026-06-12 16:38:08] [hamibot] {'time': '4:38:09 下午 GMT+08:00', 'action': 'taskPoller: 无待执行任务，等待下次轮询'}
[2026-06-12 16:38:23] [hamibot] {'time': '4:38:24 下午 GMT+08:00', 'action': 'taskPoller: 无待执行任务，等待下次轮询'}
[2026-06-12 16:38:39] [hamibot] {'time': '4:38:39 下午 GMT+08:00', 'action': 'taskPoller: 无待执行任务，等待下次轮询'}
[2026-06-12 16:38:54] [hamibot] {'time': '4:38:55 下午 GMT+08:00', 'action': 'taskPoller: 无待执行任务，等待下次轮询'}
[2026-06-12 16:39:09] [hamibot] {'time': '4:39:10 下午 GMT+08:00', 'action': 'taskPoller: 无待执行任务，等待下次轮询'}
[2026-06-12 16:39:24] [hamibot] {'time': '4:39:25 下午 GMT+08:00', 'action': 'taskPoller: 无待执行任务，等待下次轮询'}
[2026-06-12 16:39:39] [hamibot] {'time': '4:39:40 下午 GMT+08:00', 'action': 'taskPoller: 无待执行任务，等待下次轮询'}
[2026-06-12 16:39:54] [hamibot] {'time': '4:39:55 下午 GMT+08:00', 'action': 'taskPoller: 无待执行任务，等待下次轮询'}
[2026-06-12 16:40:10] [hamibot] {'time': '4:40:10 下午 GMT+08:00', 'action': 'taskPoller: 无待执行任务，等待下次轮询'}
[2026-06-12 16:40:25] [hamibot] {'time': '4:40:25 下午 GMT+08:00', 'action': 'taskPoller: 无待执行任务，等待下次轮询'}
[2026-06-12 16:40:40] [hamibot] {'time': '4:40:40 下午 GMT+08:00', 'action': 'taskPoller: 无待执行任务，等待下次轮询'}
[2026-06-12 16:40:55] [hamibot] {'time': '4:40:56 下午 GMT+08:00', 'action': 'taskPoller: 无待执行任务，等待下次轮询'}
[2026-06-12 16:41:10] [hamibot] {'time': '4:41:11 下午 GMT+08:00', 'action': 'taskPoller: 无待执行任务，等待下次轮询'}
[2026-06-12 16:41:25] [hamibot] {'time': '4:41:26 下午 GMT+08:00', 'action': 'taskPoller: 无待执行任务，等待下次轮询'}
[2026-06-12 16:41:40] [hamibot] {'time': '4:41:41 下午 GMT+08:00', 'action': 'taskPoller: 无待执行任务，等待下次轮询'}
[2026-06-12 16:41:56] [hamibot] {'time': '4:41:56 下午 GMT+08:00', 'action': 'taskPoller: 无待执行任务，等待下次轮询'}
[2026-06-12 16:42:11] [hamibot] {'time': '4:42:11 下午 GMT+08:00', 'action': 'taskPoller: 无待执行任务，等待下次轮询'}
[2026-06-12 16:42:26] [hamibot] {'time': '4:42:26 下午 GMT+08:00', 'action': 'taskPoller: 无待执行任务，等待下次轮询'}
[2026-06-12 16:42:41] [hamibot] {'time': '4:42:41 下午 GMT+08:00', 'action': 'taskPoller: 无待执行任务，等待下次轮询'}
[2026-06-12 16:42:57] [hamibot] {'time': '4:42:57 下午 GMT+08:00', 'action': 'taskPoller: 无待执行任务，等待下次轮询'}
[2026-06-12 16:43:12] [hamibot] {'time': '4:43:12 下午 GMT+08:00', 'action': 'taskPoller: 无待执行任务，等待下次轮询'}
[2026-06-12 16:43:27] [hamibot] {'time': '4:43:27 下午 GMT+08:00', 'action': 'taskPoller: 无待执行任务，等待下次轮询'}
[2026-06-12 16:43:42] [hamibot] {'time': '4:43:43 下午 GMT+08:00', 'action': 'taskPoller: 无待执行任务，等待下次轮询'}
[2026-06-12 16:43:57] [hamibot] {'time': '4:43:58 下午 GMT+08:00', 'action': 'taskPoller: 无待执行任务，等待下次轮询'}
[2026-06-12 16:44:12] [hamibot] {'time': '4:44:13 下午 GMT+08:00', 'action': 'taskPoller: 无待执行任务，等待下次轮询'}
[2026-06-12 16:44:28] [hamibot] {'time': '4:44:28 下午 GMT+08:00', 'action': 'taskPoller: 无待执行任务，等待下次轮询'}
[2026-06-12 16:44:43] [hamibot] {'time': '4:44:43 下午 GMT+08:00', 'action': 'taskPoller: 无待执行任务，等待下次轮询'}
[2026-06-12 16:44:58] [hamibot] {'time': '4:44:59 下午 GMT+08:00', 'action': 'taskPoller: 无待执行任务，等待下次轮询'}
[2026-06-12 16:45:13] [hamibot] {'time': '4:45:14 下午 GMT+08:00', 'action': 'taskPoller: 无待执行任务，等待下次轮询'}
[2026-06-12 16:45:28] [hamibot] {'time': '4:45:29 下午 GMT+08:00', 'action': 'taskPoller: 无待执行任务，等待下次轮询'}
[2026-06-12 16:45:43] [hamibot] {'time': '4:45:44 下午 GMT+08:00', 'action': 'taskPoller: 无待执行任务，等待下次轮询'}
[2026-06-12 16:45:59] [hamibot] {'time': '4:45:59 下午 GMT+08:00', 'action': 'taskPoller: 无待执行任务，等待下次轮询'}
[2026-06-12 16:46:14] [hamibot] {'time': '4:46:14 下午 GMT+08:00', 'action': 'taskPoller: 无待执行任务，等待下次轮询'}
[2026-06-12 16:46:29] [hamibot] {'time': '4:46:29 下午 GMT+08:00', 'action': 'taskPoller: 无待执行任务，等待下次轮询'}
[2026-06-12 16:46:44] [hamibot] {'time': '4:46:45 下午 GMT+08:00', 'action': 'taskPoller: 无待执行任务，等待下次轮询'}
[2026-06-12 16:46:59] [hamibot] {'time': '4:47:00 下午 GMT+08:00', 'action': 'taskPoller: 无待执行任务，等待下次轮询'}
[2026-06-12 16:47:14] [hamibot] {'time': '4:47:15 下午 GMT+08:00', 'action': 'taskPoller: 无待执行任务，等待下次轮询'}
[2026-06-12 16:47:29] [hamibot] {'time': '4:47:30 下午 GMT+08:00', 'action': 'taskPoller: 无待执行任务，等待下次轮询'}
[2026-06-12 16:47:45] [hamibot] {'time': '4:47:45 下午 GMT+08:00', 'action': 'taskPoller: 无待执行任务，等待下次轮询'}
[2026-06-12 16:48:00] [hamibot] {'time': '4:48:00 下午 GMT+08:00', 'action': 'taskPoller: 无待执行任务，等待下次轮询'}
[2026-06-12 16:48:15] [hamibot] {'time': '4:48:15 下午 GMT+08:00', 'action': 'taskPoller: 无待执行任务，等待下次轮询'}
[2026-06-12 16:48:30] [hamibot] {'time': '4:48:30 下午 GMT+08:00', 'action': 'taskPoller: 无待执行任务，等待下次轮询'}
[2026-06-12 16:48:45] [hamibot] {'time': '4:48:45 下午 GMT+08:00', 'action': 'taskPoller: 无待执行任务，等待下次轮询'}
[2026-06-12 16:49:00] [hamibot] {'time': '4:49:01 下午 GMT+08:00', 'action': 'taskPoller: 无待执行任务，等待下次轮询'}
[2026-06-12 16:49:15] [hamibot] {'time': '4:49:16 下午 GMT+08:00', 'action': 'taskPoller: 无待执行任务，等待下次轮询'}
[2026-06-12 16:49:30] [hamibot] {'time': '4:49:31 下午 GMT+08:00', 'action': 'taskPoller: 无待执行任务，等待下次轮询'}
[2026-06-12 16:49:45] [hamibot] {'time': '4:49:46 下午 GMT+08:00', 'action': 'taskPoller: 无待执行任务，等待下次轮询'}
[2026-06-12 16:50:00] [hamibot] {'time': '4:50:01 下午 GMT+08:00', 'action': 'taskPoller: 无待执行任务，等待下次轮询'}
[2026-06-12 16:50:16] [hamibot] {'time': '4:50:16 下午 GMT+08:00', 'action': 'taskPoller: 无待执行任务，等待下次轮询'}
[2026-06-12 16:50:31] [hamibot] {'time': '4:50:31 下午 GMT+08:00', 'action': 'taskPoller: 无待执行任务，等待下次轮询'}
[2026-06-12 16:50:46] [hamibot] {'time': '4:50:46 下午 GMT+08:00', 'action': 'taskPoller: 无待执行任务，等待下次轮询'}
[2026-06-12 16:51:01] [hamibot] {'time': '4:51:01 下午 GMT+08:00', 'action': 'taskPoller: 无待执行任务，等待下次轮询'}
[2026-06-12 16:51:16] [hamibot] {'time': '4:51:16 下午 GMT+08:00', 'action': 'taskPoller: 无待执行任务，等待下次轮询'}
[2026-06-12 16:51:31] [hamibot] {'time': '4:51:32 下午 GMT+08:00', 'action': 'taskPoller: 无待执行任务，等待下次轮询'}
[2026-06-12 16:51:46] [hamibot] {'time': '4:51:47 下午 GMT+08:00', 'action': 'taskPoller: 无待执行任务，等待下次轮询'}
[2026-06-12 16:52:02] [hamibot] {'time': '4:52:02 下午 GMT+08:00', 'action': 'taskPoller: 无待执行任务，等待下次轮询'}
[2026-06-12 16:52:17] [hamibot] {'time': '4:52:17 下午 GMT+08:00', 'action': 'taskPoller: 无待执行任务，等待下次轮询'}
[2026-06-12 16:52:32] [hamibot] {'time': '4:52:32 下午 GMT+08:00', 'action': 'taskPoller: 无待执行任务，等待下次轮询'}
[2026-06-12 16:52:47] [hamibot] {'time': '4:52:47 下午 GMT+08:00', 'action': 'taskPoller: 无待执行任务，等待下次轮询'}
[2026-06-12 16:53:02] [hamibot] {'time': '4:53:02 下午 GMT+08:00', 'action': 'taskPoller: 无待执行任务，等待下次轮询'}
[2026-06-12 16:53:17] [hamibot] {'time': '4:53:18 下午 GMT+08:00', 'action': 'taskPoller: 无待执行任务，等待下次轮询'}
[2026-06-12 16:53:32] [hamibot] {'time': '4:53:33 下午 GMT+08:00', 'action': 'taskPoller: 无待执行任务，等待下次轮询'}
[2026-06-12 16:53:47] [hamibot] {'time': '4:53:48 下午 GMT+08:00', 'action': 'taskPoller: 无待执行任务，等待下次轮询'}
[2026-06-12 16:54:02] [hamibot] {'time': '4:54:03 下午 GMT+08:00', 'action': 'taskPoller: 无待执行任务，等待下次轮询'}
[2026-06-12 16:54:18] [hamibot] {'time': '4:54:18 下午 GMT+08:00', 'action': 'taskPoller: 无待执行任务，等待下次轮询'}
[2026-06-12 16:54:33] [hamibot] {'time': '4:54:33 下午 GMT+08:00', 'action': 'taskPoller: 无待执行任务，等待下次轮询'}
[2026-06-12 16:54:48] [hamibot] {'time': '4:54:48 下午 GMT+08:00', 'action': 'taskPoller: 无待执行任务，等待下次轮询'}
[2026-06-12 16:55:03] [hamibot] {'time': '4:55:04 下午 GMT+08:00', 'action': 'taskPoller: 无待执行任务，等待下次轮询'}
[2026-06-12 16:55:19] [hamibot] {'time': '4:55:19 下午 GMT+08:00', 'action': 'taskPoller: 无待执行任务，等待下次轮询'}
[2026-06-12 16:55:34] [hamibot] {'time': '4:55:34 下午 GMT+08:00', 'action': 'taskPoller: 无待执行任务，等待下次轮询'}
[2026-06-12 16:55:49] [hamibot] {'time': '4:55:49 下午 GMT+08:00', 'action': 'taskPoller: 无待执行任务，等待下次轮询'}
[2026-06-12 16:56:04] [hamibot] {'time': '4:56:05 下午 GMT+08:00', 'action': 'taskPoller: 无待执行任务，等待下次轮询'}
[2026-06-12 16:56:20] [hamibot] {'time': '4:56:20 下午 GMT+08:00', 'action': 'taskPoller: 无待执行任务，等待下次轮询'}
[2026-06-12 16:56:35] [hamibot] {'time': '4:56:35 下午 GMT+08:00', 'action': 'taskPoller: 无待执行任务，等待下次轮询'}
[2026-06-12 16:56:50] [hamibot] {'time': '4:56:51 下午 GMT+08:00', 'action': 'taskPoller: 无待执行任务，等待下次轮询'}
[2026-06-12 16:57:06] [hamibot] {'time': '4:57:06 下午 GMT+08:00', 'action': 'taskPoller: 无待执行任务，等待下次轮询'}
[2026-06-12 16:57:21] [hamibot] {'time': '4:57:21 下午 GMT+08:00', 'action': 'taskPoller: 无待执行任务，等待下次轮询'}
[2026-06-12 16:57:37] [hamibot] {'time': '4:57:37 下午 GMT+08:00', 'action': 'taskPoller: 无待执行任务，等待下次轮询'}
[2026-06-12 16:57:52] [hamibot] {'time': '4:57:52 下午 GMT+08:00', 'action': 'taskPoller: 无待执行任务，等待下次轮询'}
[2026-06-12 16:58:07] [hamibot] {'time': '4:58:07 下午 GMT+08:00', 'action': 'taskPoller: 无待执行任务，等待下次轮询'}
[2026-06-12 16:58:22] [hamibot] {'time': '4:58:23 下午 GMT+08:00', 'action': 'taskPoller: 无待执行任务，等待下次轮询'}
[2026-06-12 16:58:37] [hamibot] {'time': '4:58:38 下午 GMT+08:00', 'action': 'taskPoller: 无待执行任务，等待下次轮询'}
[2026-06-12 16:58:53] [hamibot] {'time': '4:58:53 下午 GMT+08:00', 'action': 'taskPoller: 无待执行任务，等待下次轮询'}
[2026-06-12 16:59:08] [hamibot] {'time': '4:59:08 下午 GMT+08:00', 'action': 'taskPoller: 无待执行任务，等待下次轮询'}
[2026-06-12 16:59:23] [hamibot] {'time': '4:59:23 下午 GMT+08:00', 'action': 'taskPoller: 无待执行任务，等待下次轮询'}
[2026-06-12 16:59:38] [hamibot] {'time': '4:59:39 下午 GMT+08:00', 'action': 'taskPoller: 无待执行任务，等待下次轮询'}
[2026-06-12 16:59:53] [hamibot] {'time': '4:59:54 下午 GMT+08:00', 'action': 'taskPoller: 无待执行任务，等待下次轮询'}
[2026-06-12 17:00:09] [hamibot] {'time': '5:00:09 下午 GMT+08:00', 'action': 'taskPoller: 无待执行任务，等待下次轮询'}
[2026-06-12 17:00:24] [hamibot] {'time': '5:00:25 下午 GMT+08:00', 'action': 'taskPoller: 无待执行任务，等待下次轮询'}
[2026-06-12 17:00:39] [hamibot] {'time': '5:00:40 下午 GMT+08:00', 'action': 'taskPoller: 无待执行任务，等待下次轮询'}
[2026-06-12 17:00:55] [hamibot] {'time': '5:00:55 下午 GMT+08:00', 'action': 'taskPoller: 无待执行任务，等待下次轮询'}
[2026-06-12 17:01:10] [hamibot] {'time': '5:01:10 下午 GMT+08:00', 'action': 'taskPoller: 无待执行任务，等待下次轮询'}
[2026-06-12 17:01:25] [hamibot] {'time': '5:01:25 下午 GMT+08:00', 'action': 'taskPoller: 无待执行任务，等待下次轮询'}
[2026-06-12 17:01:40] [hamibot] {'time': '5:01:41 下午 GMT+08:00', 'action': 'taskPoller: 无待执行任务，等待下次轮询'}
[2026-06-12 17:01:57] [hamibot] {'time': '5:01:56 下午 GMT+08:00', 'action': 'taskPoller: 无待执行任务，等待下次轮询'}
[2026-06-12 17:02:12] [hamibot] {'time': '5:02:13 下午 GMT+08:00', 'action': 'taskPoller: 无待执行任务，等待下次轮询'}
[2026-06-12 17:02:28] [hamibot] {'time': '5:02:29 下午 GMT+08:00', 'action': 'taskPoller: 无待执行任务，等待下次轮询'}
[2026-06-12 17:02:44] [hamibot] {'time': '5:02:45 下午 GMT+08:00', 'action': 'taskPoller: 无待执行任务，等待下次轮询'}
[2026-06-12 17:02:59] [hamibot] {'time': '5:03:00 下午 GMT+08:00', 'action': 'taskPoller: 无待执行任务，等待下次轮询'}
[2026-06-12 17:03:15] [hamibot] {'time': '5:03:16 下午 GMT+08:00', 'action': 'taskPoller: 无待执行任务，等待下次轮询'}
[2026-06-12 17:03:30] [hamibot] {'time': '5:03:31 下午 GMT+08:00', 'action': 'taskPoller: 无待执行任务，等待下次轮询'}
[2026-06-12 17:03:46] [hamibot] {'time': '5:03:47 下午 GMT+08:00', 'action': 'taskPoller: 无待执行任务，等待下次轮询'}
[2026-06-12 17:04:01] [hamibot] {'time': '5:04:02 下午 GMT+08:00', 'action': 'taskPoller: 无待执行任务，等待下次轮询'}
[2026-06-12 17:04:16] [hamibot] {'time': '5:04:17 下午 GMT+08:00', 'action': 'taskPoller: 无待执行任务，等待下次轮询'}
[2026-06-12 17:04:32] [hamibot] {'time': '5:04:32 下午 GMT+08:00', 'action': 'taskPoller: 无待执行任务，等待下次轮询'}
[2026-06-12 17:04:47] [hamibot] {'time': '5:04:47 下午 GMT+08:00', 'action': 'taskPoller: 无待执行任务，等待下次轮询'}
[2026-06-12 17:05:02] [hamibot] {'time': '5:05:02 下午 GMT+08:00', 'action': 'taskPoller: 无待执行任务，等待下次轮询'}
[2026-06-12 17:05:17] [hamibot] {'time': '5:05:18 下午 GMT+08:00', 'action': 'taskPoller: 无待执行任务，等待下次轮询'}
[2026-06-12 17:05:32] [hamibot] {'time': '5:05:33 下午 GMT+08:00', 'action': 'taskPoller: 无待执行任务，等待下次轮询'}
[2026-06-12 17:05:47] [hamibot] {'time': '5:05:48 下午 GMT+08:00', 'action': 'taskPoller: 无待执行任务，等待下次轮询'}
[2026-06-12 17:06:03] [hamibot] {'time': '5:06:03 下午 GMT+08:00', 'action': 'taskPoller: 无待执行任务，等待下次轮询'}
[2026-06-12 17:06:18] [hamibot] {'time': '5:06:18 下午 GMT+08:00', 'action': 'taskPoller: 无待执行任务，等待下次轮询'}
[2026-06-12 17:06:38] [hamibot] {'time': '5:06:39 下午 GMT+08:00', 'action': 'taskPoller: 无待执行任务，等待下次轮询'}
[2026-06-12 17:06:53] [hamibot] {'time': '5:06:54 下午 GMT+08:00', 'action': 'taskPoller: 无待执行任务，等待下次轮询'}
[2026-06-12 17:07:08] [hamibot] {'time': '5:07:09 下午 GMT+08:00', 'action': 'taskPoller: 无待执行任务，等待下次轮询'}
[2026-06-12 17:07:24] [hamibot] {'time': '5:07:24 下午 GMT+08:00', 'action': 'taskPoller: 无待执行任务，等待下次轮询'}
[2026-06-12 17:07:39] [hamibot] {'time': '5:07:39 下午 GMT+08:00', 'action': 'taskPoller: 无待执行任务，等待下次轮询'}
[2026-06-12 17:07:54] [hamibot] {'time': '5:07:54 下午 GMT+08:00', 'action': 'taskPoller: 无待执行任务，等待下次轮询'}
[2026-06-12 17:08:09] [hamibot] {'time': '5:08:09 下午 GMT+08:00', 'action': 'taskPoller: 无待执行任务，等待下次轮询'}
[2026-06-12 17:08:24] [hamibot] {'time': '5:08:24 下午 GMT+08:00', 'action': 'taskPoller: 无待执行任务，等待下次轮询'}
[2026-06-12 17:08:39] [hamibot] {'time': '5:08:40 下午 GMT+08:00', 'action': 'taskPoller: 无待执行任务，等待下次轮询'}
[2026-06-12 17:08:55] [hamibot] {'time': '5:08:55 下午 GMT+08:00', 'action': 'taskPoller: 无待执行任务，等待下次轮询'}
[2026-06-12 17:09:10] [hamibot] {'time': '5:09:11 下午 GMT+08:00', 'action': 'taskPoller: 无待执行任务，等待下次轮询'}
[2026-06-12 17:09:25] [hamibot] {'time': '5:09:26 下午 GMT+08:00', 'action': 'taskPoller: 无待执行任务，等待下次轮询'}
[2026-06-12 17:09:41] [hamibot] {'time': '5:09:42 下午 GMT+08:00', 'action': 'taskPoller: 无待执行任务，等待下次轮询'}
[2026-06-12 17:09:58] [hamibot] {'time': '5:09:59 下午 GMT+08:00', 'action': 'taskPoller: 无待执行任务，等待下次轮询'}
[2026-06-12 17:10:14] [hamibot] {'time': '5:10:14 下午 GMT+08:00', 'action': 'taskPoller: 无待执行任务，等待下次轮询'}
[2026-06-12 17:10:29] [hamibot] {'time': '5:10:29 下午 GMT+08:00', 'action': 'taskPoller: 无待执行任务，等待下次轮询'}
[2026-06-12 17:10:44] [hamibot] {'time': '5:10:44 下午 GMT+08:00', 'action': 'taskPoller: 无待执行任务，等待下次轮询'}
[2026-06-12 17:10:59] [hamibot] {'time': '5:11:00 下午 GMT+08:00', 'action': 'taskPoller: 无待执行任务，等待下次轮询'}
[2026-06-12 17:11:14] [hamibot] {'time': '5:11:15 下午 GMT+08:00', 'action': 'taskPoller: 无待执行任务，等待下次轮询'}
[2026-06-12 17:11:29] [hamibot] {'time': '5:11:30 下午 GMT+08:00', 'action': 'taskPoller: 无待执行任务，等待下次轮询'}
[2026-06-12 17:11:44] [hamibot] {'time': '5:11:45 下午 GMT+08:00', 'action': 'taskPoller: 无待执行任务，等待下次轮询'}
[2026-06-12 17:11:59] [hamibot] {'time': '5:12:00 下午 GMT+08:00', 'action': 'taskPoller: 无待执行任务，等待下次轮询'}
[2026-06-12 17:12:15] [hamibot] {'time': '5:12:15 下午 GMT+08:00', 'action': 'taskPoller: 无待执行任务，等待下次轮询'}
[2026-06-12 17:12:30] [hamibot] {'time': '5:12:30 下午 GMT+08:00', 'action': 'taskPoller: 无待执行任务，等待下次轮询'}
[2026-06-12 17:12:45] [hamibot] {'time': '5:12:46 下午 GMT+08:00', 'action': 'taskPoller: 无待执行任务，等待下次轮询'}
[2026-06-12 17:13:00] [hamibot] {'time': '5:13:01 下午 GMT+08:00', 'action': 'taskPoller: 无待执行任务，等待下次轮询'}
[2026-06-12 17:13:15] [hamibot] {'time': '5:13:16 下午 GMT+08:00', 'action': 'taskPoller: 无待执行任务，等待下次轮询'}
[2026-06-12 17:13:31] [hamibot] {'time': '5:13:31 下午 GMT+08:00', 'action': 'taskPoller: 无待执行任务，等待下次轮询'}
[2026-06-12 17:13:46] [hamibot] {'time': '5:13:46 下午 GMT+08:00', 'action': 'taskPoller: 无待执行任务，等待下次轮询'}
[2026-06-12 17:14:01] [hamibot] {'time': '5:14:01 下午 GMT+08:00', 'action': 'taskPoller: 无待执行任务，等待下次轮询'}
[2026-06-12 17:14:17] [hamibot] {'time': '5:14:17 下午 GMT+08:00', 'action': 'taskPoller: 无待执行任务，等待下次轮询'}
[2026-06-12 17:14:32] [hamibot] {'time': '5:14:32 下午 GMT+08:00', 'action': 'taskPoller: 无待执行任务，等待下次轮询'}
[2026-06-12 17:14:47] [hamibot] {'time': '5:14:47 下午 GMT+08:00', 'action': 'taskPoller: 无待执行任务，等待下次轮询'}
[2026-06-12 17:15:02] [hamibot] {'time': '5:15:03 下午 GMT+08:00', 'action': 'taskPoller: 无待执行任务，等待下次轮询'}
[2026-06-12 17:15:17] [hamibot] {'time': '5:15:18 下午 GMT+08:00', 'action': 'taskPoller: 无待执行任务，等待下次轮询'}
[2026-06-12 17:15:32] [hamibot] {'time': '5:15:33 下午 GMT+08:00', 'action': 'taskPoller: 无待执行任务，等待下次轮询'}
[2026-06-12 17:15:47] [hamibot] {'time': '5:15:48 下午 GMT+08:00', 'action': 'taskPoller: 无待执行任务，等待下次轮询'}
[2026-06-12 17:16:03] [hamibot] {'time': '5:16:03 下午 GMT+08:00', 'action': 'taskPoller: 无待执行任务，等待下次轮询'}
[2026-06-12 17:16:18] [hamibot] {'time': '5:16:18 下午 GMT+08:00', 'action': 'taskPoller: 无待执行任务，等待下次轮询'}
[2026-06-12 17:16:33] [hamibot] {'time': '5:16:34 下午 GMT+08:00', 'action': 'taskPoller: 无待执行任务，等待下次轮询'}
[2026-06-12 17:16:48] [hamibot] {'time': '5:16:49 下午 GMT+08:00', 'action': 'taskPoller: 无待执行任务，等待下次轮询'}
[2026-06-12 17:17:03] [hamibot] {'time': '5:17:04 下午 GMT+08:00', 'action': 'taskPoller: 无待执行任务，等待下次轮询'}
[2026-06-12 17:17:18] [hamibot] {'time': '5:17:19 下午 GMT+08:00', 'action': 'taskPoller: 无待执行任务，等待下次轮询'}
[2026-06-12 17:17:43] [hamibot] {'time': '5:17:44 下午 GMT+08:00', 'action': 'taskPoller: 无待执行任务，等待下次轮询'}
[2026-06-12 17:19:03] [hamibot] {'time': '5:19:04 下午 GMT+08:00', 'action': 'taskPoller: 无待执行任务，等待下次轮询'}
[2026-06-12 17:19:18] [hamibot] {'time': '5:19:19 下午 GMT+08:00', 'action': 'taskPoller: 无待执行任务，等待下次轮询'}
[2026-06-12 17:19:33] [hamibot] {'time': '5:19:34 下午 GMT+08:00', 'action': 'taskPoller: 无待执行任务，等待下次轮询'}
[2026-06-12 17:19:48] [hamibot] {'time': '5:19:49 下午 GMT+08:00', 'action': 'taskPoller: 无待执行任务，等待下次轮询'}
[2026-06-12 17:20:03] [hamibot] {'time': '5:20:04 下午 GMT+08:00', 'action': 'taskPoller: 无待执行任务，等待下次轮询'}
[2026-06-12 17:20:19] [hamibot] {'time': '5:20:19 下午 GMT+08:00', 'action': 'taskPoller: 无待执行任务，等待下次轮询'}
[2026-06-12 17:20:34] [hamibot] {'time': '5:20:34 下午 GMT+08:00', 'action': 'taskPoller: 无待执行任务，等待下次轮询'}
[2026-06-12 17:20:49] [hamibot] {'time': '5:20:49 下午 GMT+08:00', 'action': 'taskPoller: 无待执行任务，等待下次轮询'}
[2026-06-12 17:21:04] [hamibot] {'time': '5:21:04 下午 GMT+08:00', 'action': 'taskPoller: 无待执行任务，等待下次轮询'}
[2026-06-12 17:21:19] [hamibot] {'time': '5:21:19 下午 GMT+08:00', 'action': 'taskPoller: 无待执行任务，等待下次轮询'}
[2026-06-12 17:21:34] [hamibot] {'time': '5:21:35 下午 GMT+08:00', 'action': 'taskPoller: 无待执行任务，等待下次轮询'}
[2026-06-12 17:21:49] [hamibot] {'time': '5:21:50 下午 GMT+08:00', 'action': 'taskPoller: 无待执行任务，等待下次轮询'}
[2026-06-12 17:22:04] [hamibot] {'time': '5:22:05 下午 GMT+08:00', 'action': 'taskPoller: 无待执行任务，等待下次轮询'}
[2026-06-12 17:22:19] [hamibot] {'time': '5:22:20 下午 GMT+08:00', 'action': 'taskPoller: 无待执行任务，等待下次轮询'}
[2026-06-12 17:22:34] [hamibot] {'time': '5:22:35 下午 GMT+08:00', 'action': 'taskPoller: 无待执行任务，等待下次轮询'}
[2026-06-12 17:22:49] [hamibot] {'time': '5:22:50 下午 GMT+08:00', 'action': 'taskPoller: 无待执行任务，等待下次轮询'}
[2026-06-12 17:23:05] [hamibot] {'time': '5:23:05 下午 GMT+08:00', 'action': 'taskPoller: 无待执行任务，等待下次轮询'}
[2026-06-12 17:23:20] [hamibot] {'time': '5:23:20 下午 GMT+08:00', 'action': 'taskPoller: 无待执行任务，等待下次轮询'}
[2026-06-12 17:23:35] [hamibot] {'time': '5:23:36 下午 GMT+08:00', 'action': 'taskPoller: 无待执行任务，等待下次轮询'}
[2026-06-12 17:23:50] [hamibot] {'time': '5:23:51 下午 GMT+08:00', 'action': 'taskPoller: 无待执行任务，等待下次轮询'}
[2026-06-12 17:24:05] [hamibot] {'time': '5:24:06 下午 GMT+08:00', 'action': 'taskPoller: 无待执行任务，等待下次轮询'}
[2026-06-12 17:24:20] [hamibot] {'time': '5:24:21 下午 GMT+08:00', 'action': 'taskPoller: 无待执行任务，等待下次轮询'}
[2026-06-12 17:24:35] [hamibot] {'time': '5:24:36 下午 GMT+08:00', 'action': 'taskPoller: 无待执行任务，等待下次轮询'}
[2026-06-12 17:24:50] [hamibot] {'time': '5:24:51 下午 GMT+08:00', 'action': 'taskPoller: 无待执行任务，等待下次轮询'}
[2026-06-12 17:25:06] [hamibot] {'time': '5:25:06 下午 GMT+08:00', 'action': 'taskPoller: 无待执行任务，等待下次轮询'}
[2026-06-12 17:25:21] [hamibot] {'time': '5:25:21 下午 GMT+08:00', 'action': 'taskPoller: 无待执行任务，等待下次轮询'}
[2026-06-12 17:25:36] [hamibot] {'time': '5:25:37 下午 GMT+08:00', 'action': 'taskPoller: 无待执行任务，等待下次轮询'}
[2026-06-12 17:25:51] [hamibot] {'time': '5:25:52 下午 GMT+08:00', 'action': 'taskPoller: 无待执行任务，等待下次轮询'}
[2026-06-12 17:26:06] [hamibot] {'time': '5:26:07 下午 GMT+08:00', 'action': 'taskPoller: 无待执行任务，等待下次轮询'}
[2026-06-12 17:26:21] [hamibot] {'time': '5:26:22 下午 GMT+08:00', 'action': 'taskPoller: 无待执行任务，等待下次轮询'}
[2026-06-12 17:26:36] [hamibot] {'time': '5:26:37 下午 GMT+08:00', 'action': 'taskPoller: 无待执行任务，等待下次轮询'}
[2026-06-12 17:26:52] [hamibot] {'time': '5:26:52 下午 GMT+08:00', 'action': 'taskPoller: 无待执行任务，等待下次轮询'}
[2026-06-12 17:27:07] [hamibot] {'time': '5:27:07 下午 GMT+08:00', 'action': 'taskPoller: 无待执行任务，等待下次轮询'}
[2026-06-12 17:27:22] [hamibot] {'time': '5:27:22 下午 GMT+08:00', 'action': 'taskPoller: 无待执行任务，等待下次轮询'}
[2026-06-12 17:27:38] [hamibot] {'time': '5:27:39 下午 GMT+08:00', 'action': 'taskPoller: 无待执行任务，等待下次轮询'}
[2026-06-12 17:27:54] [hamibot] {'time': '5:27:54 下午 GMT+08:00', 'action': 'taskPoller: 无待执行任务，等待下次轮询'}
[2026-06-12 17:28:09] [hamibot] {'time': '5:28:09 下午 GMT+08:00', 'action': 'taskPoller: 无待执行任务，等待下次轮询'}
[2026-06-12 17:28:24] [hamibot] {'time': '5:28:25 下午 GMT+08:00', 'action': 'taskPoller: 无待执行任务，等待下次轮询'}
[2026-06-12 17:28:39] [hamibot] {'time': '5:28:40 下午 GMT+08:00', 'action': 'taskPoller: 无待执行任务，等待下次轮询'}
[2026-06-12 17:28:54] [hamibot] {'time': '5:28:55 下午 GMT+08:00', 'action': 'taskPoller: 无待执行任务，等待下次轮询'}
[2026-06-12 17:29:10] [hamibot] {'time': '5:29:10 下午 GMT+08:00', 'action': 'taskPoller: 无待执行任务，等待下次轮询'}
[2026-06-12 17:29:25] [hamibot] {'time': '5:29:25 下午 GMT+08:00', 'action': 'taskPoller: 无待执行任务，等待下次轮询'}
[2026-06-12 17:29:41] [hamibot] {'time': '5:29:41 下午 GMT+08:00', 'action': 'taskPoller: 无待执行任务，等待下次轮询'}
[2026-06-12 17:29:56] [hamibot] {'time': '5:29:56 下午 GMT+08:00', 'action': 'taskPoller: 无待执行任务，等待下次轮询'}
[2026-06-12 17:30:11] [hamibot] {'time': '5:30:11 下午 GMT+08:00', 'action': 'taskPoller: 无待执行任务，等待下次轮询'}
[2026-06-12 17:30:26] [hamibot] {'time': '5:30:26 下午 GMT+08:00', 'action': 'taskPoller: 无待执行任务，等待下次轮询'}
[2026-06-12 17:30:42] [hamibot] {'time': '5:30:42 下午 GMT+08:00', 'action': 'taskPoller: 无待执行任务，等待下次轮询'}
[2026-06-12 17:30:57] [hamibot] {'time': '5:30:58 下午 GMT+08:00', 'action': 'taskPoller: 无待执行任务，等待下次轮询'}
[2026-06-12 17:31:12] [hamibot] {'time': '5:31:13 下午 GMT+08:00', 'action': 'taskPoller: 无待执行任务，等待下次轮询'}
[2026-06-12 17:31:27] [hamibot] {'time': '5:31:28 下午 GMT+08:00', 'action': 'taskPoller: 无待执行任务，等待下次轮询'}
[2026-06-12 17:31:42] [hamibot] {'time': '5:31:43 下午 GMT+08:00', 'action': 'taskPoller: 无待执行任务，等待下次轮询'}
[2026-06-12 17:31:57] [hamibot] {'time': '5:31:58 下午 GMT+08:00', 'action': 'taskPoller: 无待执行任务，等待下次轮询'}
[2026-06-12 17:32:12] [hamibot] {'time': '5:32:13 下午 GMT+08:00', 'action': 'taskPoller: 无待执行任务，等待下次轮询'}
[2026-06-12 17:32:28] [hamibot] {'time': '5:32:28 下午 GMT+08:00', 'action': 'taskPoller: 无待执行任务，等待下次轮询'}
[2026-06-12 17:32:43] [hamibot] {'time': '5:32:43 下午 GMT+08:00', 'action': 'taskPoller: 无待执行任务，等待下次轮询'}
[2026-06-12 17:32:58] [hamibot] {'time': '5:32:59 下午 GMT+08:00', 'action': 'taskPoller: 无待执行任务，等待下次轮询'}
[2026-06-12 17:33:13] [hamibot] {'time': '5:33:14 下午 GMT+08:00', 'action': 'taskPoller: 无待执行任务，等待下次轮询'}
[2026-06-12 17:33:28] [hamibot] {'time': '5:33:29 下午 GMT+08:00', 'action': 'taskPoller: 无待执行任务，等待下次轮询'}
[2026-06-12 17:33:43] [hamibot] {'time': '5:33:44 下午 GMT+08:00', 'action': 'taskPoller: 无待执行任务，等待下次轮询'}
[2026-06-12 17:33:58] [hamibot] {'time': '5:33:59 下午 GMT+08:00', 'action': 'taskPoller: 无待执行任务，等待下次轮询'}
[2026-06-12 17:34:13] [hamibot] {'time': '5:34:14 下午 GMT+08:00', 'action': 'taskPoller: 无待执行任务，等待下次轮询'}
[2026-06-12 17:34:28] [hamibot] {'time': '5:34:29 下午 GMT+08:00', 'action': 'taskPoller: 无待执行任务，等待下次轮询'}
[2026-06-12 17:34:44] [hamibot] {'time': '5:34:44 下午 GMT+08:00', 'action': 'taskPoller: 无待执行任务，等待下次轮询'}
[2026-06-12 17:34:59] [hamibot] {'time': '5:34:59 下午 GMT+08:00', 'action': 'taskPoller: 无待执行任务，等待下次轮询'}
[2026-06-12 17:35:14] [hamibot] {'time': '5:35:15 下午 GMT+08:00', 'action': 'taskPoller: 无待执行任务，等待下次轮询'}
[2026-06-12 17:35:29] [hamibot] {'time': '5:35:30 下午 GMT+08:00', 'action': 'taskPoller: 无待执行任务，等待下次轮询'}
[2026-06-12 17:35:44] [hamibot] {'time': '5:35:45 下午 GMT+08:00', 'action': 'taskPoller: 无待执行任务，等待下次轮询'}
[2026-06-12 17:35:59] [hamibot] {'time': '5:36:00 下午 GMT+08:00', 'action': 'taskPoller: 无待执行任务，等待下次轮询'}
[2026-06-12 17:36:14] [hamibot] {'time': '5:36:15 下午 GMT+08:00', 'action': 'taskPoller: 无待执行任务，等待下次轮询'}
[2026-06-12 17:36:29] [hamibot] {'time': '5:36:30 下午 GMT+08:00', 'action': 'taskPoller: 无待执行任务，等待下次轮询'}
[2026-06-12 17:36:45] [hamibot] {'time': '5:36:45 下午 GMT+08:00', 'action': 'taskPoller: 无待执行任务，等待下次轮询'}
[2026-06-12 17:37:00] [hamibot] {'time': '5:37:00 下午 GMT+08:00', 'action': 'taskPoller: 无待执行任务，等待下次轮询'}
[2026-06-12 17:37:15] [hamibot] {'time': '5:37:15 下午 GMT+08:00', 'action': 'taskPoller: 无待执行任务，等待下次轮询'}
[2026-06-12 17:37:30] [hamibot] {'time': '5:37:30 下午 GMT+08:00', 'action': 'taskPoller: 无待执行任务，等待下次轮询'}
[2026-06-12 17:37:45] [hamibot] {'time': '5:37:45 下午 GMT+08:00', 'action': 'taskPoller: 无待执行任务，等待下次轮询'}
[2026-06-12 17:38:00] [hamibot] {'time': '5:38:01 下午 GMT+08:00', 'action': 'taskPoller: 无待执行任务，等待下次轮询'}
[2026-06-12 17:38:15] [hamibot] {'time': '5:38:16 下午 GMT+08:00', 'action': 'taskPoller: 无待执行任务，等待下次轮询'}
[2026-06-12 17:38:30] [hamibot] {'time': '5:38:31 下午 GMT+08:00', 'action': 'taskPoller: 无待执行任务，等待下次轮询'}
[2026-06-12 17:38:45] [hamibot] {'time': '5:38:46 下午 GMT+08:00', 'action': 'taskPoller: 无待执行任务，等待下次轮询'}
[2026-06-12 17:39:00] [hamibot] {'time': '5:39:01 下午 GMT+08:00', 'action': 'taskPoller: 无待执行任务，等待下次轮询'}
[2026-06-12 17:39:15] [hamibot] {'time': '5:39:16 下午 GMT+08:00', 'action': 'taskPoller: 无待执行任务，等待下次轮询'}
[2026-06-12 17:39:31] [hamibot] {'time': '5:39:31 下午 GMT+08:00', 'action': 'taskPoller: 无待执行任务，等待下次轮询'}
[2026-06-12 17:39:46] [hamibot] {'time': '5:39:46 下午 GMT+08:00', 'action': 'taskPoller: 无待执行任务，等待下次轮询'}
[2026-06-12 17:40:01] [hamibot] {'time': '5:40:01 下午 GMT+08:00', 'action': 'taskPoller: 无待执行任务，等待下次轮询'}
[2026-06-12 17:40:16] [hamibot] {'time': '5:40:16 下午 GMT+08:00', 'action': 'taskPoller: 无待执行任务，等待下次轮询'}
[2026-06-12 17:40:31] [hamibot] {'time': '5:40:31 下午 GMT+08:00', 'action': 'taskPoller: 无待执行任务，等待下次轮询'}
[2026-06-12 17:40:46] [hamibot] {'time': '5:40:47 下午 GMT+08:00', 'action': 'taskPoller: 无待执行任务，等待下次轮询'}
[2026-06-12 17:41:01] [hamibot] {'time': '5:41:02 下午 GMT+08:00', 'action': 'taskPoller: 无待执行任务，等待下次轮询'}
[2026-06-12 17:41:17] [hamibot] {'time': '5:41:17 下午 GMT+08:00', 'action': 'taskPoller: 无待执行任务，等待下次轮询'}
[2026-06-12 17:41:32] [hamibot] {'time': '5:41:33 下午 GMT+08:00', 'action': 'taskPoller: 无待执行任务，等待下次轮询'}
[2026-06-12 17:41:47] [hamibot] {'time': '5:41:48 下午 GMT+08:00', 'action': 'taskPoller: 无待执行任务，等待下次轮询'}
[2026-06-12 17:42:02] [hamibot] {'time': '5:42:03 下午 GMT+08:00', 'action': 'taskPoller: 无待执行任务，等待下次轮询'}
[2026-06-12 17:42:18] [hamibot] {'time': '5:42:18 下午 GMT+08:00', 'action': 'taskPoller: 无待执行任务，等待下次轮询'}
[2026-06-12 17:42:33] [hamibot] {'time': '5:42:33 下午 GMT+08:00', 'action': 'taskPoller: 无待执行任务，等待下次轮询'}
[2026-06-12 17:42:48] [hamibot] {'time': '5:42:48 下午 GMT+08:00', 'action': 'taskPoller: 无待执行任务，等待下次轮询'}
[2026-06-12 17:43:03] [hamibot] {'time': '5:43:04 下午 GMT+08:00', 'action': 'taskPoller: 无待执行任务，等待下次轮询'}
[2026-06-12 17:43:18] [hamibot] {'time': '5:43:19 下午 GMT+08:00', 'action': 'taskPoller: 无待执行任务，等待下次轮询'}
[2026-06-12 17:43:33] [hamibot] {'time': '5:43:34 下午 GMT+08:00', 'action': 'taskPoller: 无待执行任务，等待下次轮询'}
[2026-06-12 17:43:48] [hamibot] {'time': '5:43:49 下午 GMT+08:00', 'action': 'taskPoller: 无待执行任务，等待下次轮询'}
[2026-06-12 17:44:04] [hamibot] {'time': '5:44:04 下午 GMT+08:00', 'action': 'taskPoller: 无待执行任务，等待下次轮询'}
[2026-06-12 17:44:19] [hamibot] {'time': '5:44:20 下午 GMT+08:00', 'action': 'taskPoller: 无待执行任务，等待下次轮询'}
[2026-06-12 17:44:34] [hamibot] {'time': '5:44:35 下午 GMT+08:00', 'action': 'taskPoller: 无待执行任务，等待下次轮询'}
[2026-06-12 17:44:49] [hamibot] {'time': '5:44:50 下午 GMT+08:00', 'action': 'taskPoller: 无待执行任务，等待下次轮询'}
[2026-06-12 17:45:04] [hamibot] {'time': '5:45:05 下午 GMT+08:00', 'action': 'taskPoller: 无待执行任务，等待下次轮询'}
[2026-06-12 17:45:19] [hamibot] {'time': '5:45:20 下午 GMT+08:00', 'action': 'taskPoller: 无待执行任务，等待下次轮询'}
[2026-06-12 17:45:35] [hamibot] {'time': '5:45:35 下午 GMT+08:00', 'action': 'taskPoller: 无待执行任务，等待下次轮询'}
[2026-06-12 17:45:50] [hamibot] {'time': '5:45:50 下午 GMT+08:00', 'action': 'taskPoller: 无待执行任务，等待下次轮询'}
[2026-06-12 17:46:05] [hamibot] {'time': '5:46:05 下午 GMT+08:00', 'action': 'taskPoller: 无待执行任务，等待下次轮询'}
[2026-06-12 17:46:20] [hamibot] {'time': '5:46:20 下午 GMT+08:00', 'action': 'taskPoller: 无待执行任务，等待下次轮询'}
[2026-06-12 17:46:35] [hamibot] {'time': '5:46:35 下午 GMT+08:00', 'action': 'taskPoller: 无待执行任务，等待下次轮询'}
[2026-06-12 17:46:50] [hamibot] {'time': '5:46:51 下午 GMT+08:00', 'action': 'taskPoller: 无待执行任务，等待下次轮询'}
[2026-06-12 17:47:05] [hamibot] {'time': '5:47:06 下午 GMT+08:00', 'action': 'taskPoller: 无待执行任务，等待下次轮询'}
[2026-06-12 17:47:20] [hamibot] {'time': '5:47:21 下午 GMT+08:00', 'action': 'taskPoller: 无待执行任务，等待下次轮询'}
[2026-06-12 17:47:36] [hamibot] {'time': '5:47:36 下午 GMT+08:00', 'action': 'taskPoller: 无待执行任务，等待下次轮询'}
[2026-06-12 17:47:51] [hamibot] {'time': '5:47:51 下午 GMT+08:00', 'action': 'taskPoller: 无待执行任务，等待下次轮询'}
[2026-06-12 17:48:06] [hamibot] {'time': '5:48:07 下午 GMT+08:00', 'action': 'taskPoller: 无待执行任务，等待下次轮询'}
[2026-06-12 17:48:21] [hamibot] {'time': '5:48:22 下午 GMT+08:00', 'action': 'taskPoller: 无待执行任务，等待下次轮询'}
[2026-06-12 17:48:36] [hamibot] {'time': '5:48:37 下午 GMT+08:00', 'action': 'taskPoller: 无待执行任务，等待下次轮询'}
[2026-06-12 17:48:52] [hamibot] {'time': '5:48:52 下午 GMT+08:00', 'action': 'taskPoller: 无待执行任务，等待下次轮询'}
[2026-06-12 17:49:07] [hamibot] {'time': '5:49:07 下午 GMT+08:00', 'action': 'taskPoller: 无待执行任务，等待下次轮询'}
[2026-06-12 17:49:22] [hamibot] {'time': '5:49:22 下午 GMT+08:00', 'action': 'taskPoller: 无待执行任务，等待下次轮询'}
[2026-06-12 17:49:37] [hamibot] {'time': '5:49:38 下午 GMT+08:00', 'action': 'taskPoller: 无待执行任务，等待下次轮询'}
[2026-06-12 17:49:52] [hamibot] {'time': '5:49:53 下午 GMT+08:00', 'action': 'taskPoller: 无待执行任务，等待下次轮询'}
[2026-06-12 17:50:07] [hamibot] {'time': '5:50:08 下午 GMT+08:00', 'action': 'taskPoller: 无待执行任务，等待下次轮询'}
[2026-06-12 17:50:22] [hamibot] {'time': '5:50:23 下午 GMT+08:00', 'action': 'taskPoller: 无待执行任务，等待下次轮询'}
[2026-06-12 17:50:38] [hamibot] {'time': '5:50:38 下午 GMT+08:00', 'action': 'taskPoller: 无待执行任务，等待下次轮询'}
[2026-06-12 17:50:53] [hamibot] {'time': '5:50:53 下午 GMT+08:00', 'action': 'taskPoller: 无待执行任务，等待下次轮询'}
[2026-06-12 17:51:08] [hamibot] {'time': '5:51:09 下午 GMT+08:00', 'action': 'taskPoller: 无待执行任务，等待下次轮询'}
[2026-06-12 17:51:23] [hamibot] {'time': '5:51:24 下午 GMT+08:00', 'action': 'taskPoller: 无待执行任务，等待下次轮询'}
[2026-06-12 17:51:38] [hamibot] {'time': '5:51:39 下午 GMT+08:00', 'action': 'taskPoller: 无待执行任务，等待下次轮询'}
[2026-06-12 17:51:53] [hamibot] {'time': '5:51:54 下午 GMT+08:00', 'action': 'taskPoller: 无待执行任务，等待下次轮询'}
[2026-06-12 17:52:08] [hamibot] {'time': '5:52:09 下午 GMT+08:00', 'action': 'taskPoller: 无待执行任务，等待下次轮询'}
[2026-06-12 17:52:24] [hamibot] {'time': '5:52:24 下午 GMT+08:00', 'action': 'taskPoller: 无待执行任务，等待下次轮询'}
[2026-06-12 17:52:39] [hamibot] {'time': '5:52:39 下午 GMT+08:00', 'action': 'taskPoller: 无待执行任务，等待下次轮询'}
[2026-06-12 17:52:54] [hamibot] {'time': '5:52:55 下午 GMT+08:00', 'action': 'taskPoller: 无待执行任务，等待下次轮询'}
[2026-06-12 17:53:09] [hamibot] {'time': '5:53:10 下午 GMT+08:00', 'action': 'taskPoller: 无待执行任务，等待下次轮询'}
[2026-06-12 17:53:25] [hamibot] {'time': '5:53:25 下午 GMT+08:00', 'action': 'taskPoller: 无待执行任务，等待下次轮询'}
[2026-06-12 17:53:40] [hamibot] {'time': '5:53:40 下午 GMT+08:00', 'action': 'taskPoller: 无待执行任务，等待下次轮询'}
[2026-06-12 17:53:55] [hamibot] {'time': '5:53:55 下午 GMT+08:00', 'action': 'taskPoller: 无待执行任务，等待下次轮询'}
[2026-06-12 17:54:10] [hamibot] {'time': '5:54:10 下午 GMT+08:00', 'action': 'taskPoller: 无待执行任务，等待下次轮询'}
[2026-06-12 17:54:25] [hamibot] {'time': '5:54:26 下午 GMT+08:00', 'action': 'taskPoller: 无待执行任务，等待下次轮询'}
[2026-06-12 17:54:40] [hamibot] {'time': '5:54:41 下午 GMT+08:00', 'action': 'taskPoller: 无待执行任务，等待下次轮询'}
[2026-06-12 17:54:55] [hamibot] {'time': '5:54:56 下午 GMT+08:00', 'action': 'taskPoller: 无待执行任务，等待下次轮询'}
[2026-06-12 17:55:10] [hamibot] {'time': '5:55:11 下午 GMT+08:00', 'action': 'taskPoller: 无待执行任务，等待下次轮询'}
[2026-06-12 17:55:25] [hamibot] {'time': '5:55:26 下午 GMT+08:00', 'action': 'taskPoller: 无待执行任务，等待下次轮询'}
[2026-06-12 17:55:41] [hamibot] {'time': '5:55:41 下午 GMT+08:00', 'action': 'taskPoller: 无待执行任务，等待下次轮询'}
[2026-06-12 17:55:56] [hamibot] {'time': '5:55:56 下午 GMT+08:00', 'action': 'taskPoller: 无待执行任务，等待下次轮询'}
[2026-06-12 17:56:11] [hamibot] {'time': '5:56:11 下午 GMT+08:00', 'action': 'taskPoller: 无待执行任务，等待下次轮询'}
[2026-06-12 17:56:26] [hamibot] {'time': '5:56:26 下午 GMT+08:00', 'action': 'taskPoller: 无待执行任务，等待下次轮询'}
[2026-06-12 17:56:41] [hamibot] {'time': '5:56:41 下午 GMT+08:00', 'action': 'taskPoller: 无待执行任务，等待下次轮询'}
[2026-06-12 17:56:56] [hamibot] {'time': '5:56:57 下午 GMT+08:00', 'action': 'taskPoller: 无待执行任务，等待下次轮询'}
[2026-06-12 17:57:11] [hamibot] {'time': '5:57:12 下午 GMT+08:00', 'action': 'taskPoller: 无待执行任务，等待下次轮询'}
[2026-06-12 17:57:26] [hamibot] {'time': '5:57:27 下午 GMT+08:00', 'action': 'taskPoller: 无待执行任务，等待下次轮询'}
[2026-06-12 17:57:41] [hamibot] {'time': '5:57:42 下午 GMT+08:00', 'action': 'taskPoller: 无待执行任务，等待下次轮询'}
[2026-06-12 17:57:56] [hamibot] {'time': '5:57:57 下午 GMT+08:00', 'action': 'taskPoller: 无待执行任务，等待下次轮询'}
[2026-06-12 17:58:11] [hamibot] {'time': '5:58:12 下午 GMT+08:00', 'action': 'taskPoller: 无待执行任务，等待下次轮询'}
[2026-06-12 17:58:27] [hamibot] {'time': '5:58:27 下午 GMT+08:00', 'action': 'taskPoller: 无待执行任务，等待下次轮询'}
[2026-06-12 17:58:42] [hamibot] {'time': '5:58:42 下午 GMT+08:00', 'action': 'taskPoller: 无待执行任务，等待下次轮询'}
[2026-06-12 17:58:58] [hamibot] {'time': '5:58:57 下午 GMT+08:00', 'action': 'taskPoller: 无待执行任务，等待下次轮询'}
[2026-06-12 17:59:12] [hamibot] {'time': '5:59:12 下午 GMT+08:00', 'action': 'taskPoller: 无待执行任务，等待下次轮询'}
[2026-06-12 17:59:27] [hamibot] {'time': '5:59:28 下午 GMT+08:00', 'action': 'taskPoller: 无待执行任务，等待下次轮询'}
[2026-06-12 17:59:43] [hamibot] {'time': '5:59:43 下午 GMT+08:00', 'action': 'taskPoller: 无待执行任务，等待下次轮询'}
[2026-06-12 17:59:58] [hamibot] {'time': '5:59:58 下午 GMT+08:00', 'action': 'taskPoller: 无待执行任务，等待下次轮询'}
[2026-06-12 18:00:14] [hamibot] {'time': '6:00:14 下午 GMT+08:00', 'action': 'taskPoller: 无待执行任务，等待下次轮询'}
[2026-06-12 18:00:29] [hamibot] {'time': '6:00:29 下午 GMT+08:00', 'action': 'taskPoller: 无待执行任务，等待下次轮询'}
[2026-06-12 18:00:44] [hamibot] {'time': '6:00:44 下午 GMT+08:00', 'action': 'taskPoller: 无待执行任务，等待下次轮询'}
[2026-06-12 18:00:59] [hamibot] {'time': '6:01:00 下午 GMT+08:00', 'action': 'taskPoller: 无待执行任务，等待下次轮询'}
[2026-06-12 18:01:14] [hamibot] {'time': '6:01:15 下午 GMT+08:00', 'action': 'taskPoller: 无待执行任务，等待下次轮询'}
[2026-06-12 18:01:29] [hamibot] {'time': '6:01:30 下午 GMT+08:00', 'action': 'taskPoller: 无待执行任务，等待下次轮询'}
[2026-06-12 18:01:45] [hamibot] {'time': '6:01:45 下午 GMT+08:00', 'action': 'taskPoller: 无待执行任务，等待下次轮询'}
[2026-06-12 18:02:02] [hamibot] {'time': '6:02:03 下午 GMT+08:00', 'action': 'taskPoller: 无待执行任务，等待下次轮询'}
[2026-06-12 18:02:17] [hamibot] {'time': '6:02:18 下午 GMT+08:00', 'action': 'taskPoller: 无待执行任务，等待下次轮询'}
[2026-06-12 18:02:33] [hamibot] {'time': '6:02:33 下午 GMT+08:00', 'action': 'taskPoller: 无待执行任务，等待下次轮询'}
[2026-06-12 18:02:48] [hamibot] {'time': '6:02:48 下午 GMT+08:00', 'action': 'taskPoller: 无待执行任务，等待下次轮询'}
[2026-06-12 18:03:03] [hamibot] {'time': '6:03:04 下午 GMT+08:00', 'action': 'taskPoller: 无待执行任务，等待下次轮询'}
[2026-06-12 18:03:18] [hamibot] {'time': '6:03:19 下午 GMT+08:00', 'action': 'taskPoller: 无待执行任务，等待下次轮询'}
[2026-06-12 18:03:34] [hamibot] {'time': '6:03:34 下午 GMT+08:00', 'action': 'taskPoller: 无待执行任务，等待下次轮询'}
[2026-06-12 18:03:49] [hamibot] {'time': '6:03:50 下午 GMT+08:00', 'action': 'taskPoller: 无待执行任务，等待下次轮询'}
[2026-06-12 18:04:04] [hamibot] {'time': '6:04:05 下午 GMT+08:00', 'action': 'taskPoller: 无待执行任务，等待下次轮询'}
[2026-06-12 18:04:19] [hamibot] {'time': '6:04:20 下午 GMT+08:00', 'action': 'taskPoller: 无待执行任务，等待下次轮询'}
[2026-06-12 18:04:34] [hamibot] {'time': '6:04:35 下午 GMT+08:00', 'action': 'taskPoller: 无待执行任务，等待下次轮询'}
[2026-06-12 18:04:49] [hamibot] {'time': '6:04:50 下午 GMT+08:00', 'action': 'taskPoller: 无待执行任务，等待下次轮询'}
[2026-06-12 18:05:04] [hamibot] {'time': '6:05:05 下午 GMT+08:00', 'action': 'taskPoller: 无待执行任务，等待下次轮询'}
[2026-06-12 18:05:19] [hamibot] {'time': '6:05:20 下午 GMT+08:00', 'action': 'taskPoller: 无待执行任务，等待下次轮询'}
[2026-06-12 18:05:35] [hamibot] {'time': '6:05:35 下午 GMT+08:00', 'action': 'taskPoller: 无待执行任务，等待下次轮询'}
[2026-06-12 18:05:50] [hamibot] {'time': '6:05:51 下午 GMT+08:00', 'action': 'taskPoller: 无待执行任务，等待下次轮询'}
[2026-06-12 18:06:05] [hamibot] {'time': '6:06:06 下午 GMT+08:00', 'action': 'taskPoller: 无待执行任务，等待下次轮询'}
[2026-06-12 18:06:20] [hamibot] {'time': '6:06:21 下午 GMT+08:00', 'action': 'taskPoller: 无待执行任务，等待下次轮询'}
[2026-06-12 18:06:36] [hamibot] {'time': '6:06:36 下午 GMT+08:00', 'action': 'taskPoller: 无待执行任务，等待下次轮询'}
[2026-06-12 18:06:51] [hamibot] {'time': '6:06:51 下午 GMT+08:00', 'action': 'taskPoller: 无待执行任务，等待下次轮询'}
[2026-06-12 18:07:06] [hamibot] {'time': '6:07:07 下午 GMT+08:00', 'action': 'taskPoller: 无待执行任务，等待下次轮询'}
[2026-06-12 18:07:21] [hamibot] {'time': '6:07:22 下午 GMT+08:00', 'action': 'taskPoller: 无待执行任务，等待下次轮询'}
[2026-06-12 18:07:36] [hamibot] {'time': '6:07:37 下午 GMT+08:00', 'action': 'taskPoller: 无待执行任务，等待下次轮询'}
[2026-06-12 18:07:51] [hamibot] {'time': '6:07:52 下午 GMT+08:00', 'action': 'taskPoller: 无待执行任务，等待下次轮询'}
[2026-06-12 18:08:07] [hamibot] {'time': '6:08:07 下午 GMT+08:00', 'action': 'taskPoller: 无待执行任务，等待下次轮询'}
[2026-06-12 18:08:22] [hamibot] {'time': '6:08:22 下午 GMT+08:00', 'action': 'taskPoller: 无待执行任务，等待下次轮询'}
[2026-06-12 18:08:37] [hamibot] {'time': '6:08:37 下午 GMT+08:00', 'action': 'taskPoller: 无待执行任务，等待下次轮询'}
[2026-06-12 18:08:52] [hamibot] {'time': '6:08:53 下午 GMT+08:00', 'action': 'taskPoller: 无待执行任务，等待下次轮询'}
[2026-06-12 18:09:07] [hamibot] {'time': '6:09:08 下午 GMT+08:00', 'action': 'taskPoller: 无待执行任务，等待下次轮询'}
[2026-06-12 18:09:23] [hamibot] {'time': '6:09:23 下午 GMT+08:00', 'action': 'taskPoller: 无待执行任务，等待下次轮询'}
[2026-06-12 18:09:38] [hamibot] {'time': '6:09:39 下午 GMT+08:00', 'action': 'taskPoller: 无待执行任务，等待下次轮询'}
[2026-06-12 18:09:53] [hamibot] {'time': '6:09:54 下午 GMT+08:00', 'action': 'taskPoller: 无待执行任务，等待下次轮询'}
[2026-06-12 18:10:08] [hamibot] {'time': '6:10:09 下午 GMT+08:00', 'action': 'taskPoller: 无待执行任务，等待下次轮询'}
